campaign_id,campaign_name,channel_id,campaign_type,budget,start_date,end_date,status
1,Seamless analyzing open architecture,5,Sales,154030,2025-10-11,2026-04-11,Paused
2,Robust coherent success,5,Product Launch,425482,2025-03-13,2026-05-17,Paused
3,Centralized clear-thinking hierarchy,4,Lead Generation,133110,2026-01-28,2026-07-16,Completed
4,Proactive motivating knowledge user,3,Sales,193828,2024-08-16,2024-10-10,Completed
5,Phased motivating leverage,1,Lead Generation,69086,2026-02-09,2026-08-18,Completed
6,Right-sized interactive concept,2,Sales,135310,2024-10-21,2026-06-26,Active
7,Innovative local instruction set,3,Lead Generation,384450,2025-01-08,2025-03-12,Paused
8,Sharable scalable neural-net,3,Sales,109109,2026-03-30,2026-09-07,Active
9,Digitized user-facing policy,2,Sales,393429,2026-04-02,2026-04-15,Active
10,Advanced reciprocal artificial intelligence,5,Remarketing,466985,2025-07-15,2025-07-28,Completed
11,Intuitive contextually-based algorithm,2,Sales,217378,2025-11-23,2026-03-17,Completed
12,Organized content-based parallelism,3,Lead Generation,453359,2025-04-07,2026-06-07,Completed
13,Open-architected mobile circuit,2,Product Launch,322278,2026-05-01,2026-05-14,Completed
14,Self-enabling context-sensitive infrastructure,2,Sales,120125,2026-01-05,2026-01-24,Active
15,Front-line object-oriented model,5,Brand Awareness,250028,2025-03-07,2026-03-15,Paused
16,Phased 4thgeneration info-mediaries,5,Sales,252516,2026-06-23,2026-08-29,Active
17,Proactive eco-centric extranet,5,Product Launch,72003,2026-01-17,2026-05-28,Paused
18,Polarized encompassing throughput,4,Sales,58433,2024-10-04,2025-02-19,Active
19,Robust logistical conglomeration,1,Sales,433467,2025-03-28,2025-11-20,Completed
20,Optimized non-volatile archive,5,Product Launch,354212,2025-05-04,2025-09-10,Completed
21,Digitized leadingedge utilization,1,Product Launch,141815,2024-08-18,2026-09-11,Paused
22,Upgradable local complexity,4,Brand Awareness,75704,2026-01-22,2026-09-24,Paused
23,Enhanced zero administration database,5,Remarketing,284293,2026-05-09,2026-10-01,Completed
24,Managed empowering frame,5,Brand Awareness,268518,2025-08-02,2026-06-11,Active
25,Programmable 5thgeneration workforce,4,Remarketing,15327,2025-08-19,2026-09-15,Completed
26,Streamlined human-resource framework,3,Brand Awareness,243671,2025-09-15,2026-07-10,Active
27,Inverse 24hour attitude,3,Product Launch,102623,2026-01-20,2026-06-26,Completed
28,Triple-buffered needs-based migration,1,Brand Awareness,21163,2026-05-25,2026-07-26,Paused
29,Configurable clear-thinking ability,5,Sales,217731,2024-07-20,2025-03-17,Completed
30,Programmable leadingedge focus group,5,Sales,28654,2024-09-25,2025-05-29,Paused
31,Realigned dynamic support,4,Lead Generation,388168,2025-06-04,2026-09-17,Active
32,Synergistic solution-oriented task-force,5,Brand Awareness,452378,2026-01-25,2026-06-05,Active
33,Multi-layered contextually-based database,1,Lead Generation,295414,2025-05-11,2025-11-27,Completed
34,Horizontal foreground secured line,5,Remarketing,135622,2025-02-24,2025-08-05,Active
35,Virtual systemic artificial intelligence,3,Product Launch,402373,2024-10-01,2026-02-19,Paused
36,Quality-focused motivating Graphical User Interface,1,Brand Awareness,156525,2025-02-28,2026-07-18,Completed
37,Optional 4thgeneration open system,3,Product Launch,143227,2025-07-01,2026-08-06,Completed
38,Focused object-oriented Local Area Network,1,Sales,458119,2025-03-30,2025-10-27,Paused
39,Cloned cohesive initiative,5,Product Launch,48170,2024-10-05,2025-07-17,Completed
40,Secured didactic solution,1,Sales,72943,2025-01-09,2025-09-16,Completed
41,Organized 24/7 instruction set,1,Brand Awareness,24470,2025-05-03,2026-07-31,Completed
42,Balanced explicit productivity,3,Lead Generation,384075,2025-01-21,2025-06-15,Completed
43,Realigned holistic utilization,2,Brand Awareness,378208,2024-11-13,2026-07-14,Completed
44,Fully-configurable radical frame,2,Lead Generation,323761,2026-06-16,2026-08-08,Paused
45,Advanced multi-state methodology,4,Product Launch,327838,2025-05-25,2026-04-06,Active
46,Digitized discrete standardization,2,Lead Generation,217948,2025-03-25,2026-04-11,Active
47,De-engineered multi-tasking collaboration,3,Sales,477059,2025-03-08,2025-05-22,Completed
48,Customer-focused exuding info-mediaries,2,Sales,156081,2025-11-07,2026-03-07,Paused
49,De-engineered fresh-thinking open architecture,1,Product Launch,256232,2025-07-10,2026-05-15,Active
50,Realigned demand-driven process improvement,3,Product Launch,489764,2026-01-01,2026-10-03,Active
51,Synergized human-resource workforce,2,Product Launch,231474,2025-06-30,2026-07-09,Active
52,Multi-lateral human-resource paradigm,1,Sales,54636,2026-06-30,2026-10-03,Completed
53,Implemented bottom-line complexity,2,Sales,399984,2026-05-16,2026-08-17,Paused
54,Balanced client-driven success,3,Remarketing,147414,2024-09-09,2025-04-23,Paused
55,Upgradable client-driven Internet solution,3,Remarketing,155207,2026-01-04,2026-02-27,Active
56,Multi-layered didactic Local Area Network,4,Lead Generation,319010,2024-11-22,2025-02-09,Completed
57,Polarized bi-directional success,1,Brand Awareness,103803,2025-10-02,2026-01-04,Paused
58,Function-based radical hardware,4,Lead Generation,334242,2025-06-28,2026-04-05,Completed
59,Persevering human-resource workforce,3,Product Launch,174634,2025-03-22,2025-09-08,Active
60,Digitized well-modulated artificial intelligence,4,Sales,71397,2024-09-03,2025-01-19,Paused
61,Multi-layered demand-driven matrix,5,Remarketing,461112,2024-08-21,2026-08-04,Paused
62,Front-line clear-thinking portal,2,Product Launch,395187,2025-11-04,2025-12-29,Active
63,Expanded scalable throughput,4,Lead Generation,197730,2024-09-03,2025-01-21,Active
64,Self-enabling 5thgeneration synergy,5,Sales,284932,2026-01-22,2026-03-28,Completed
65,Synchronized web-enabled migration,3,Remarketing,13787,2024-12-08,2025-11-06,Completed
66,Distributed responsive parallelism,2,Remarketing,125135,2026-06-16,2026-08-02,Completed
67,Extended contextually-based forecast,2,Product Launch,170500,2025-05-01,2025-10-18,Active
68,Robust even-keeled focus group,4,Brand Awareness,460107,2025-07-19,2025-10-26,Completed
69,Expanded solution-oriented frame,5,Sales,433880,2025-10-31,2026-05-04,Paused
70,Optional real-time hierarchy,5,Remarketing,371237,2025-09-20,2026-03-22,Paused
71,Upgradable heuristic pricing structure,1,Lead Generation,264636,2026-03-18,2026-06-27,Completed
72,Face-to-face value-added task-force,2,Lead Generation,300812,2025-07-10,2026-06-21,Active
73,Proactive hybrid capacity,1,Remarketing,220775,2026-03-28,2026-06-06,Completed
74,User-friendly holistic architecture,4,Remarketing,286802,2024-07-17,2026-07-02,Active
75,Right-sized user-facing complexity,1,Lead Generation,498904,2025-10-17,2025-11-13,Paused
76,User-friendly responsive projection,5,Lead Generation,330516,2024-08-08,2025-10-19,Active
77,Open-architected value-added software,5,Remarketing,455342,2025-08-26,2026-04-18,Active
78,Ameliorated 24hour concept,1,Remarketing,210226,2025-12-27,2026-04-02,Completed
79,Open-architected local leverage,3,Sales,365748,2026-01-26,2026-02-08,Completed
80,Polarized attitude-oriented collaboration,1,Brand Awareness,388170,2025-12-03,2026-09-03,Completed
81,Customer-focused neutral array,1,Sales,402302,2026-03-12,2026-08-13,Paused
82,Persevering impactful analyzer,1,Remarketing,29732,2025-08-04,2026-03-22,Active
83,Profit-focused radical superstructure,4,Remarketing,407072,2025-06-01,2025-11-14,Paused
84,Operative directional alliance,3,Product Launch,426647,2026-01-21,2026-03-09,Paused
85,Distributed multi-state pricing structure,1,Product Launch,392572,2025-04-16,2025-05-14,Active
86,Secured holistic system engine,2,Brand Awareness,181411,2025-05-30,2025-06-10,Paused
87,Realigned clear-thinking matrix,3,Remarketing,244103,2025-07-15,2025-09-12,Paused
88,Multi-channeled tangible projection,1,Product Launch,215140,2025-01-13,2025-10-14,Paused
89,Multi-layered local secured line,1,Remarketing,168437,2025-12-27,2026-02-05,Paused
90,Triple-buffered homogeneous matrix,5,Sales,389382,2025-07-31,2025-12-06,Completed
91,Robust user-facing contingency,3,Remarketing,312351,2025-09-08,2025-11-19,Active
92,Right-sized content-based structure,1,Brand Awareness,249150,2025-05-06,2026-05-03,Completed
93,Re-contextualized hybrid functionalities,5,Brand Awareness,155801,2025-06-22,2026-08-23,Active
94,Virtual disintermediate orchestration,4,Lead Generation,295981,2026-04-03,2026-10-02,Paused
95,Assimilated hybrid moderator,1,Product Launch,467921,2025-11-12,2026-08-13,Active
96,Digitized human-resource pricing structure,5,Remarketing,320376,2025-10-11,2026-07-13,Completed
97,Expanded interactive conglomeration,1,Product Launch,178657,2024-08-27,2025-08-11,Completed
98,Implemented user-facing info-mediaries,2,Lead Generation,436342,2026-02-05,2026-03-30,Completed
99,Self-enabling stable matrices,2,Remarketing,134042,2025-12-28,2026-07-31,Completed
100,Advanced transitional analyzer,5,Sales,378524,2026-01-01,2026-04-03,Paused
101,Digitized reciprocal core,4,Product Launch,399688,2024-12-16,2025-06-05,Active
102,Streamlined leadingedge orchestration,1,Remarketing,94765,2025-06-08,2026-07-23,Active
103,Front-line modular hierarchy,4,Lead Generation,109561,2025-01-04,2025-08-09,Active
104,Switchable tangible hierarchy,2,Lead Generation,278838,2025-04-11,2026-02-01,Paused
105,Upgradable logistical artificial intelligence,2,Product Launch,256105,2025-02-18,2026-07-14,Active
106,Virtual systemic Local Area Network,4,Lead Generation,172549,2024-10-02,2026-08-01,Active
107,Organic zero tolerance migration,1,Product Launch,479400,2026-02-11,2026-02-14,Active
108,Universal system-worthy throughput,2,Product Launch,458219,2024-11-21,2025-04-10,Completed
109,Mandatory intangible help-desk,4,Lead Generation,472503,2024-07-25,2026-01-14,Completed
110,Profound composite conglomeration,1,Lead Generation,435408,2025-10-04,2026-03-10,Paused
111,Customizable non-volatile initiative,1,Brand Awareness,418125,2024-11-21,2026-06-14,Active
112,Centralized scalable concept,4,Product Launch,87827,2025-08-22,2026-08-25,Paused
113,Multi-lateral cohesive challenge,5,Product Launch,483984,2025-03-08,2026-01-31,Paused
114,Polarized global access,5,Product Launch,203698,2025-05-17,2026-07-22,Paused
115,Ameliorated regional migration,3,Remarketing,57882,2025-05-08,2026-02-07,Active
116,Up-sized fault-tolerant implementation,4,Brand Awareness,350549,2026-06-22,2026-07-11,Active
117,Ameliorated demand-driven forecast,1,Lead Generation,85957,2026-04-23,2026-05-10,Paused
118,Vision-oriented user-facing open architecture,2,Product Launch,33342,2024-10-17,2025-06-12,Completed
119,Polarized contextually-based benchmark,5,Sales,66788,2025-07-20,2026-01-17,Paused
120,Programmable dynamic benchmark,4,Lead Generation,38328,2025-06-07,2026-09-30,Completed
121,Automated contextually-based task-force,4,Lead Generation,483260,2025-06-03,2025-09-29,Paused
122,Team-oriented background emulation,4,Remarketing,190473,2025-11-03,2026-02-16,Active
123,Programmable stable Local Area Network,5,Sales,353827,2024-11-20,2025-11-07,Active
124,Automated bottom-line array,5,Remarketing,489490,2025-07-17,2026-03-15,Active
125,Multi-lateral object-oriented throughput,3,Brand Awareness,174983,2026-04-27,2026-06-01,Completed
126,Centralized client-server circuit,1,Sales,362849,2026-04-07,2026-06-16,Paused
127,Open-source bottom-line frame,1,Brand Awareness,292556,2025-02-10,2025-03-12,Paused
128,Synergized foreground toolset,3,Brand Awareness,465831,2024-12-18,2026-08-06,Completed
129,Focused client-driven forecast,1,Remarketing,395814,2026-07-14,2026-07-31,Active
130,Total logistical flexibility,4,Brand Awareness,196210,2025-10-10,2026-08-16,Active
131,Grass-roots context-sensitive open system,4,Lead Generation,232938,2025-02-13,2025-07-17,Paused
132,Persistent dynamic artificial intelligence,5,Product Launch,247378,2026-01-12,2026-09-09,Active
133,Robust holistic collaboration,3,Sales,267438,2025-04-09,2026-02-15,Active
134,Intuitive logistical secured line,1,Product Launch,186290,2026-03-31,2026-07-28,Paused
135,Progressive zero administration synergy,1,Product Launch,305273,2026-05-28,2026-09-25,Active
136,Future-proofed bottom-line challenge,4,Sales,160589,2025-01-04,2026-05-27,Active
137,Decentralized dedicated application,2,Remarketing,67840,2024-08-06,2026-07-05,Paused
138,Configurable responsive flexibility,4,Lead Generation,51537,2026-07-13,2026-10-13,Paused
139,Synchronized dedicated frame,5,Brand Awareness,139937,2026-05-11,2026-09-30,Completed
140,Total intangible synergy,1,Remarketing,60619,2024-12-20,2026-05-24,Active
141,Future-proofed executive hub,5,Lead Generation,305322,2026-04-08,2026-06-23,Active
142,Reduced heuristic architecture,4,Sales,276656,2024-09-26,2025-03-12,Paused
143,Compatible content-based approach,4,Product Launch,246619,2026-04-11,2026-06-27,Completed
144,Cross-platform modular throughput,3,Sales,154732,2026-05-22,2026-08-12,Active
145,Monitored non-volatile open architecture,2,Remarketing,138948,2025-03-09,2025-04-18,Active
146,Organic multimedia product,2,Sales,332748,2024-09-16,2024-09-17,Completed
147,Horizontal heuristic forecast,3,Brand Awareness,459576,2025-06-17,2025-07-05,Active
148,Reduced well-modulated flexibility,4,Lead Generation,186652,2026-06-22,2026-09-12,Active
149,Ameliorated 24/7 collaboration,3,Lead Generation,375246,2025-09-05,2026-10-02,Active
150,Digitized intangible Internet solution,3,Sales,91167,2026-05-27,2026-10-08,Paused
151,Face-to-face homogeneous Local Area Network,2,Sales,111012,2024-12-02,2025-05-21,Paused
152,Organic disintermediate database,3,Product Launch,180544,2025-08-25,2025-10-18,Active
153,Multi-tiered well-modulated implementation,5,Product Launch,262472,2025-08-07,2026-05-10,Active
154,Operative dedicated ability,4,Sales,222389,2025-10-09,2026-03-22,Paused
155,De-engineered impactful projection,5,Sales,499299,2025-08-21,2025-10-13,Active
156,Grass-roots interactive definition,4,Brand Awareness,379195,2024-11-28,2026-01-06,Paused
157,Ergonomic discrete leverage,1,Sales,442597,2025-01-26,2025-11-10,Completed
158,Distributed bottom-line adapter,2,Lead Generation,265324,2025-12-09,2026-04-28,Active
159,Right-sized demand-driven software,4,Brand Awareness,415884,2024-10-01,2025-01-30,Paused
160,Virtual local array,4,Brand Awareness,417488,2025-09-20,2025-12-10,Paused
161,Versatile upward-trending toolset,1,Product Launch,483818,2025-07-13,2026-01-25,Completed
162,Up-sized impactful hardware,3,Lead Generation,120896,2024-12-29,2025-06-25,Active
163,Synergized discrete knowledge user,4,Product Launch,287317,2025-05-04,2025-12-20,Active
164,Reverse-engineered encompassing functionalities,5,Product Launch,440747,2025-10-07,2026-08-20,Active
165,Profound 3rdgeneration synergy,1,Product Launch,319448,2026-03-28,2026-06-09,Active
166,Seamless analyzing support,2,Product Launch,133584,2025-02-21,2026-06-11,Paused
167,Distributed national parallelism,1,Lead Generation,107406,2025-04-14,2025-06-21,Completed
168,Cross-platform national circuit,3,Brand Awareness,354842,2025-07-07,2026-06-11,Active
169,Grass-roots bandwidth-monitored array,1,Remarketing,474277,2025-07-09,2025-09-09,Active
170,Streamlined secondary productivity,1,Lead Generation,384427,2025-01-09,2025-10-09,Active
171,Advanced 5thgeneration capability,4,Remarketing,69831,2025-10-08,2026-04-25,Paused
172,Business-focused high-level challenge,4,Lead Generation,488381,2025-10-04,2026-10-02,Paused
173,Object-based mobile methodology,1,Lead Generation,344993,2025-03-07,2025-12-05,Active
174,Quality-focused dedicated adapter,1,Sales,391410,2026-01-20,2026-05-04,Paused
175,Ergonomic hybrid parallelism,1,Sales,159679,2025-10-26,2026-09-30,Paused
176,Virtual 24/7 structure,5,Brand Awareness,238114,2026-07-01,2026-10-02,Paused
177,Function-based interactive leverage,2,Lead Generation,357870,2026-01-25,2026-04-15,Completed
178,Compatible mission-critical Internet solution,1,Product Launch,385821,2025-02-10,2026-07-01,Active
179,Distributed methodical knowledge user,5,Sales,128398,2025-01-27,2026-01-22,Paused
180,Optional next generation implementation,2,Brand Awareness,438600,2026-06-18,2026-08-18,Active
181,Secured contextually-based archive,1,Remarketing,201150,2025-06-03,2025-08-25,Paused
182,Realigned secondary product,4,Lead Generation,141319,2025-11-19,2026-09-14,Paused
183,Adaptive optimal Local Area Network,2,Remarketing,110067,2026-06-15,2026-08-29,Active
184,Extended 3rdgeneration workforce,4,Sales,128718,2026-04-24,2026-06-26,Completed
185,Synergistic grid-enabled synergy,5,Product Launch,182884,2025-05-09,2026-08-20,Active
186,Team-oriented empowering product,4,Remarketing,185499,2025-06-16,2026-10-03,Completed
187,Face-to-face neutral synergy,1,Brand Awareness,53495,2024-10-25,2025-08-07,Paused
188,Open-architected motivating system engine,4,Lead Generation,30952,2025-02-26,2025-06-09,Active
189,Exclusive 24/7 system engine,4,Sales,70898,2025-11-27,2026-02-19,Completed
190,Grass-roots even-keeled flexibility,2,Sales,214778,2025-01-02,2026-07-21,Paused
191,Distributed grid-enabled knowledgebase,1,Brand Awareness,26426,2026-05-09,2026-08-05,Active
192,Enhanced well-modulated migration,2,Product Launch,362072,2025-09-15,2026-02-09,Paused
193,Reactive real-time budgetary management,3,Remarketing,482901,2026-06-26,2026-07-02,Completed
194,Customer-focused needs-based Graphical User Interface,3,Remarketing,203773,2025-12-18,2026-03-11,Completed
195,Phased 24hour methodology,3,Product Launch,27897,2025-06-07,2025-08-16,Active
196,Seamless stable matrix,5,Brand Awareness,85676,2025-01-09,2026-09-27,Paused
197,Grass-roots hybrid open system,3,Sales,171913,2025-10-19,2026-01-25,Paused
198,Future-proofed bifurcated groupware,2,Product Launch,211104,2025-02-24,2026-06-26,Completed
199,Centralized multi-state neural-net,5,Brand Awareness,307797,2024-08-08,2026-05-20,Paused
200,Function-based demand-driven focus group,1,Remarketing,89060,2025-08-21,2025-10-25,Paused
201,Total client-server firmware,5,Lead Generation,207544,2024-07-17,2025-07-10,Completed
202,Optional modular toolset,5,Brand Awareness,258486,2026-07-11,2026-10-10,Active
203,Managed leadingedge framework,4,Brand Awareness,117679,2025-07-16,2025-10-14,Active
204,Synchronized contextually-based monitoring,1,Remarketing,85306,2025-03-27,2025-10-08,Completed
205,Reactive homogeneous capability,4,Remarketing,55180,2024-12-28,2025-01-07,Active
206,Distributed content-based projection,5,Remarketing,197599,2025-01-21,2025-01-24,Active
207,Networked radical middleware,1,Sales,55573,2024-09-12,2025-03-22,Completed
208,Persistent stable encoding,5,Remarketing,478956,2026-06-24,2026-07-21,Completed
209,Streamlined optimizing benchmark,5,Remarketing,489999,2026-05-11,2026-10-01,Completed
210,Streamlined national data-warehouse,1,Product Launch,421468,2026-01-14,2026-10-08,Paused
211,Configurable contextually-based intranet,5,Sales,133517,2025-12-24,2026-04-25,Paused
212,Object-based hybrid architecture,3,Sales,247475,2026-01-25,2026-05-21,Paused
213,Implemented optimal application,3,Remarketing,180254,2026-04-06,2026-09-03,Paused
214,Integrated maximized array,1,Brand Awareness,448989,2025-11-10,2026-06-20,Completed
215,Re-engineered foreground approach,4,Lead Generation,155403,2024-10-29,2025-03-21,Active
216,Pre-emptive full-range emulation,4,Lead Generation,72982,2025-04-11,2025-05-25,Paused
217,Reverse-engineered attitude-oriented approach,4,Remarketing,73815,2026-06-12,2026-07-15,Active
218,Automated heuristic knowledgebase,2,Product Launch,329737,2024-10-13,2025-05-27,Active
219,Reduced clear-thinking moratorium,3,Lead Generation,269907,2025-07-02,2026-09-22,Paused
220,Quality-focused heuristic knowledge user,2,Lead Generation,491271,2025-07-01,2025-07-21,Completed
221,Streamlined content-based algorithm,2,Brand Awareness,185168,2025-02-16,2026-02-15,Active
222,User-friendly contextually-based intranet,5,Sales,323034,2026-01-28,2026-08-16,Completed
223,Operative content-based website,4,Sales,380957,2025-06-13,2026-06-04,Completed
224,Configurable bifurcated Local Area Network,4,Remarketing,438568,2025-12-01,2026-03-20,Paused
225,User-centric discrete open system,1,Product Launch,315976,2026-05-16,2026-05-29,Paused
226,Open-architected incremental emulation,1,Remarketing,296925,2024-08-02,2026-03-31,Paused
227,Monitored regional algorithm,4,Sales,289659,2026-02-28,2026-08-11,Completed
228,Cloned local capacity,2,Brand Awareness,49160,2025-03-16,2025-06-09,Completed
229,Virtual 5thgeneration encoding,4,Lead Generation,493943,2024-10-22,2025-04-20,Active
230,Robust non-volatile hardware,3,Product Launch,228492,2024-11-10,2025-10-17,Active
231,Re-contextualized 6thgeneration forecast,3,Product Launch,28033,2025-09-29,2026-02-08,Active
232,Multi-tiered content-based intranet,3,Lead Generation,254868,2024-11-23,2025-12-13,Completed
233,Streamlined coherent ability,2,Remarketing,352278,2024-10-18,2025-01-01,Completed
234,Synergized background protocol,2,Remarketing,153426,2026-05-01,2026-09-19,Active
235,Function-based zero administration knowledgebase,2,Sales,385415,2025-08-15,2026-06-23,Active
236,Re-engineered homogeneous encryption,1,Remarketing,138826,2025-12-02,2026-05-06,Completed
237,Proactive systemic analyzer,4,Remarketing,206880,2025-01-11,2025-12-12,Completed
238,Virtual asymmetric approach,2,Remarketing,12733,2024-12-25,2026-06-15,Paused
239,Synergistic explicit interface,3,Lead Generation,448526,2025-08-14,2025-08-17,Completed
240,Distributed foreground hardware,1,Remarketing,469331,2024-08-10,2024-12-16,Active
241,Future-proofed non-volatile service-desk,3,Remarketing,237407,2024-08-12,2024-11-25,Paused
242,Mandatory intermediate hardware,2,Brand Awareness,309615,2025-01-14,2026-03-02,Active
243,Programmable directional conglomeration,1,Lead Generation,143029,2025-12-29,2026-08-06,Active
244,Organic dedicated alliance,2,Brand Awareness,27507,2024-10-21,2026-05-05,Completed
245,Business-focused dedicated Local Area Network,2,Remarketing,87813,2026-07-02,2026-07-23,Active
246,Optional high-level open system,3,Sales,292925,2024-11-28,2026-04-01,Paused
247,Innovative demand-driven orchestration,2,Sales,197455,2026-04-28,2026-10-11,Active
248,Robust stable hierarchy,2,Sales,482667,2024-12-29,2025-03-25,Active
249,Intuitive global Internet solution,4,Lead Generation,120840,2025-08-13,2025-11-25,Completed
250,Triple-buffered regional artificial intelligence,3,Brand Awareness,63402,2025-01-01,2025-09-03,Completed
251,Focused modular concept,4,Remarketing,393268,2025-05-11,2026-08-08,Completed
252,Networked 3rdgeneration knowledge user,1,Remarketing,440020,2026-04-02,2026-08-27,Active
253,Re-contextualized user-facing productivity,4,Lead Generation,423329,2024-10-08,2025-03-09,Paused
254,Assimilated mobile core,1,Remarketing,360429,2025-06-20,2025-08-09,Paused
255,Open-architected client-driven leverage,4,Remarketing,304651,2026-01-13,2026-06-05,Completed
256,Quality-focused homogeneous core,1,Lead Generation,90751,2026-02-27,2026-04-14,Paused
257,Pre-emptive eco-centric throughput,3,Product Launch,264423,2024-11-16,2026-01-24,Active
258,Horizontal bi-directional model,3,Lead Generation,128902,2026-07-13,2026-08-01,Paused
259,Optional methodical task-force,4,Brand Awareness,411019,2026-06-03,2026-08-04,Completed
260,Intuitive executive info-mediaries,2,Product Launch,17841,2025-04-07,2026-09-05,Completed
261,Self-enabling 3rdgeneration adapter,3,Remarketing,176362,2024-08-29,2025-04-26,Active
262,Cross-platform next generation software,1,Brand Awareness,238973,2025-08-01,2026-05-10,Active
263,Function-based 6thgeneration intranet,2,Remarketing,460679,2025-06-14,2026-05-31,Paused
264,Intuitive mission-critical challenge,1,Brand Awareness,287183,2024-09-26,2026-02-04,Paused
265,Advanced directional projection,3,Brand Awareness,232706,2025-01-09,2025-05-26,Paused
266,Customer-focused bandwidth-monitored groupware,2,Sales,484439,2024-11-23,2026-03-13,Completed
267,Innovative even-keeled installation,1,Remarketing,294330,2025-08-06,2026-02-02,Completed
268,Reactive tertiary open system,1,Sales,124270,2025-03-14,2025-09-12,Completed
269,Programmable responsive superstructure,3,Lead Generation,212767,2025-04-25,2025-10-28,Completed
270,Implemented impactful interface,4,Brand Awareness,302969,2026-04-25,2026-09-14,Paused
271,Decentralized radical attitude,3,Sales,206979,2025-12-30,2026-10-01,Active
272,Decentralized tertiary archive,3,Remarketing,287729,2024-11-05,2025-06-21,Active
273,Reverse-engineered bottom-line project,5,Brand Awareness,412597,2025-11-21,2026-09-10,Active
274,Cross-platform content-based implementation,3,Sales,122843,2025-02-23,2025-08-01,Completed
275,Face-to-face analyzing success,4,Brand Awareness,281113,2024-10-13,2025-07-20,Paused
276,Cloned directional emulation,1,Sales,35548,2024-07-18,2026-03-17,Active
277,Seamless 5thgeneration forecast,5,Sales,357554,2025-12-11,2026-06-07,Active
278,Front-line empowering access,1,Remarketing,234481,2026-06-19,2026-10-05,Paused
279,Synergized impactful project,4,Product Launch,286517,2025-02-12,2026-07-07,Active
280,Open-architected zero-defect open system,2,Remarketing,362669,2025-09-18,2026-09-18,Active
281,Vision-oriented disintermediate task-force,2,Brand Awareness,198164,2025-01-31,2026-06-24,Paused
282,Advanced client-server pricing structure,4,Remarketing,392732,2025-03-05,2025-08-25,Paused
283,Up-sized background throughput,5,Remarketing,418330,2024-12-10,2026-06-02,Completed
284,Horizontal encompassing solution,4,Brand Awareness,351424,2024-08-16,2025-10-10,Paused
285,Cross-group exuding matrix,2,Remarketing,397415,2025-03-17,2025-09-15,Completed
286,Universal foreground system engine,2,Lead Generation,266797,2026-02-13,2026-06-20,Paused
287,Robust foreground collaboration,2,Brand Awareness,460646,2025-05-09,2025-08-22,Active
288,Digitized needs-based budgetary management,5,Remarketing,73157,2025-01-15,2025-07-14,Completed
289,Extended contextually-based capacity,4,Brand Awareness,168203,2025-02-20,2026-05-14,Active
290,Function-based next generation open system,2,Sales,420376,2025-02-08,2025-03-10,Active
291,Pre-emptive asynchronous flexibility,2,Brand Awareness,350933,2024-10-21,2026-04-27,Completed
292,Synchronized explicit solution,4,Brand Awareness,110847,2024-08-26,2024-11-18,Completed
293,Re-engineered homogeneous protocol,4,Brand Awareness,363842,2024-11-21,2025-11-03,Active
294,Optimized intermediate neural-net,2,Sales,455288,2026-01-23,2026-02-12,Completed
295,Re-engineered asymmetric artificial intelligence,5,Brand Awareness,348933,2024-12-23,2025-06-15,Active
296,Focused local hardware,4,Brand Awareness,81708,2025-11-15,2025-12-27,Active
297,Secured logistical migration,5,Sales,264172,2024-09-15,2025-10-06,Active
298,Object-based discrete help-desk,3,Lead Generation,110090,2025-01-30,2026-01-20,Active
299,Switchable responsive instruction set,4,Sales,219266,2025-06-28,2025-11-26,Active
300,Robust fresh-thinking protocol,3,Lead Generation,302466,2025-07-25,2025-12-22,Completed
301,Function-based human-resource methodology,5,Lead Generation,491694,2024-10-14,2025-12-30,Paused
302,Re-contextualized object-oriented encryption,4,Remarketing,434358,2025-02-23,2025-12-31,Completed
303,Polarized clear-thinking groupware,3,Product Launch,454625,2024-08-25,2024-09-29,Active
304,Synergistic tertiary Internet solution,4,Sales,66783,2026-05-18,2026-09-07,Active
305,Monitored even-keeled concept,3,Product Launch,396165,2026-07-15,2026-09-16,Completed
306,Expanded homogeneous service-desk,4,Lead Generation,400083,2025-03-06,2025-09-16,Completed
307,Phased 4thgeneration methodology,2,Sales,56512,2024-09-13,2026-06-27,Active
308,Expanded coherent Internet solution,5,Remarketing,272615,2025-04-09,2025-09-11,Completed
309,Horizontal local application,4,Lead Generation,486573,2024-07-18,2024-11-24,Paused
310,Mandatory disintermediate encoding,2,Remarketing,380494,2024-09-23,2026-04-09,Paused
311,Profit-focused fault-tolerant service-desk,5,Brand Awareness,346590,2026-02-03,2026-06-29,Active
312,Public-key client-driven solution,1,Product Launch,450656,2024-12-16,2026-03-14,Active
313,Object-based client-driven installation,2,Brand Awareness,97540,2025-12-27,2026-01-05,Active
314,Reverse-engineered intangible archive,5,Brand Awareness,328775,2026-02-08,2026-02-27,Active
315,Monitored optimizing challenge,2,Remarketing,143646,2024-12-19,2026-09-15,Active
316,Quality-focused transitional strategy,4,Sales,329291,2025-05-13,2025-10-10,Active
317,Business-focused needs-based forecast,5,Lead Generation,170948,2025-02-23,2026-01-11,Paused
318,Re-engineered web-enabled Graphical User Interface,4,Lead Generation,401285,2024-10-29,2025-09-12,Active
319,Ameliorated logistical neural-net,1,Sales,304153,2025-08-15,2026-09-04,Active
320,Intuitive radical strategy,4,Product Launch,403632,2025-07-10,2025-12-24,Completed
321,Fully-configurable encompassing task-force,3,Remarketing,193837,2024-11-10,2025-10-19,Active
322,Polarized secondary encryption,2,Product Launch,261316,2024-08-01,2024-11-02,Paused
323,Seamless uniform core,3,Product Launch,157838,2025-02-13,2026-02-24,Paused
324,Assimilated multi-state concept,3,Brand Awareness,413434,2024-08-16,2025-05-23,Paused
325,Fundamental mobile firmware,2,Product Launch,173636,2025-01-14,2025-03-06,Completed
326,Fully-configurable impactful archive,3,Sales,162155,2026-05-29,2026-08-22,Completed
327,Synchronized executive intranet,2,Product Launch,300568,2026-06-19,2026-08-27,Paused
328,Mandatory tertiary budgetary management,2,Brand Awareness,404126,2025-04-19,2025-08-31,Paused
329,Persevering cohesive array,4,Remarketing,174615,2025-07-30,2025-12-25,Active
330,Re-engineered scalable analyzer,1,Brand Awareness,455177,2026-03-16,2026-07-04,Paused
331,Exclusive system-worthy initiative,3,Product Launch,364693,2025-12-06,2026-07-31,Paused
332,Reduced clear-thinking utilization,3,Brand Awareness,248005,2026-01-22,2026-08-08,Completed
333,Self-enabling impactful neural-net,3,Product Launch,265359,2025-03-13,2025-10-12,Paused
334,Business-focused client-driven matrix,1,Sales,262604,2025-12-03,2026-09-01,Paused
335,Fully-configurable encompassing projection,2,Brand Awareness,177313,2026-07-17,2026-07-21,Active
336,Universal web-enabled ability,5,Remarketing,351455,2026-04-14,2026-08-04,Completed
337,Synergistic zero-defect solution,3,Brand Awareness,320740,2025-06-16,2025-07-19,Completed
338,Versatile national database,4,Product Launch,196487,2026-06-18,2026-10-02,Completed
339,Adaptive fault-tolerant encryption,3,Sales,238453,2025-04-18,2026-02-16,Active
340,Up-sized value-added archive,4,Sales,438578,2025-12-31,2026-01-09,Completed
341,Balanced solution-oriented forecast,5,Sales,495747,2025-12-12,2025-12-28,Completed
342,Cross-platform regional standardization,4,Lead Generation,130207,2025-12-30,2026-08-28,Paused
343,Visionary grid-enabled emulation,3,Sales,307046,2025-08-27,2026-07-26,Completed
344,Front-line national matrices,3,Product Launch,292153,2024-08-29,2025-07-14,Paused
345,Devolved upward-trending orchestration,1,Sales,83230,2024-12-19,2025-08-07,Active
346,Synergized directional task-force,5,Remarketing,398816,2026-07-13,2026-08-21,Completed
347,Optimized non-volatile encryption,1,Product Launch,259616,2026-05-05,2026-10-05,Active
348,Vision-oriented regional encryption,5,Lead Generation,129423,2025-10-09,2026-04-08,Paused
349,Reduced optimal workforce,1,Lead Generation,462086,2025-07-30,2026-07-27,Paused
350,Polarized mobile orchestration,3,Lead Generation,270389,2025-05-26,2026-02-26,Active
351,Reduced 24/7 architecture,2,Lead Generation,181177,2025-01-03,2026-09-14,Active
352,Extended dedicated archive,4,Sales,58085,2025-01-26,2025-11-29,Paused
353,Self-enabling zero-defect matrix,4,Sales,206681,2024-12-08,2025-01-01,Active
354,Intuitive systematic focus group,3,Brand Awareness,179793,2025-12-26,2026-05-15,Paused
355,Expanded bandwidth-monitored open system,2,Brand Awareness,475529,2025-03-21,2025-05-10,Completed
356,Inverse composite implementation,2,Remarketing,396738,2024-08-26,2025-02-04,Active
357,Adaptive composite methodology,1,Lead Generation,481375,2026-03-13,2026-09-21,Paused
358,Virtual explicit architecture,2,Product Launch,18103,2025-01-26,2025-08-03,Active
359,Seamless clear-thinking monitoring,4,Product Launch,96809,2025-07-25,2026-07-05,Active
360,Innovative impactful extranet,4,Product Launch,347893,2026-03-12,2026-08-14,Paused
361,Triple-buffered eco-centric hierarchy,2,Lead Generation,269184,2026-02-25,2026-02-27,Active
362,Visionary mission-critical artificial intelligence,2,Product Launch,379350,2024-12-27,2025-03-17,Active
363,Open-architected real-time pricing structure,4,Lead Generation,235992,2025-02-13,2026-04-28,Completed
364,Optional object-oriented infrastructure,2,Lead Generation,258665,2026-03-06,2026-07-23,Paused
365,Innovative reciprocal projection,1,Product Launch,376127,2024-11-28,2026-09-05,Paused
366,Progressive full-range policy,1,Remarketing,251921,2026-01-03,2026-09-09,Paused
367,Adaptive bi-directional encryption,5,Remarketing,333645,2026-07-11,2026-08-27,Completed
368,Diverse next generation process improvement,2,Remarketing,350546,2026-03-07,2026-04-01,Paused
369,Universal dedicated Graphical User Interface,3,Lead Generation,115334,2025-09-30,2026-08-17,Completed
370,User-friendly upward-trending database,4,Sales,80488,2026-04-01,2026-05-20,Completed
371,Quality-focused hybrid hierarchy,5,Remarketing,459958,2025-02-25,2025-05-12,Paused
372,Organic leadingedge secured line,1,Product Launch,191180,2025-12-05,2026-01-28,Active
373,Intuitive encompassing focus group,1,Lead Generation,433315,2025-03-05,2025-12-25,Paused
374,Face-to-face maximized moderator,2,Product Launch,184918,2025-02-19,2025-12-17,Paused
375,Proactive context-sensitive solution,5,Product Launch,259488,2024-08-12,2026-08-05,Active
376,Programmable bandwidth-monitored database,5,Lead Generation,161205,2024-08-05,2024-12-26,Paused
377,Optimized systematic policy,1,Brand Awareness,99561,2025-02-12,2025-03-30,Active
378,Progressive dynamic model,4,Lead Generation,394116,2025-04-04,2026-05-14,Paused
379,Total solution-oriented forecast,1,Sales,472137,2024-08-13,2025-08-27,Completed
380,Ameliorated disintermediate framework,1,Remarketing,139554,2026-01-15,2026-05-14,Paused
381,Advanced static orchestration,2,Product Launch,27816,2026-05-18,2026-07-08,Paused
382,Face-to-face methodical knowledgebase,4,Remarketing,32050,2026-06-29,2026-08-17,Paused
383,Profit-focused demand-driven capability,5,Brand Awareness,122486,2026-01-05,2026-04-06,Completed
384,Devolved client-server structure,5,Brand Awareness,433010,2025-05-19,2026-07-19,Active
385,Focused motivating budgetary management,4,Lead Generation,117708,2025-08-12,2026-06-23,Active
386,Organized 6thgeneration analyzer,2,Product Launch,437996,2025-12-25,2026-06-18,Completed
387,Profound national paradigm,1,Product Launch,321501,2025-01-08,2025-10-28,Paused
388,Pre-emptive tangible concept,3,Product Launch,256319,2024-09-24,2025-03-14,Active
389,Synchronized asymmetric data-warehouse,5,Sales,493473,2026-01-24,2026-07-08,Completed
390,Sharable coherent alliance,1,Remarketing,11228,2025-07-06,2025-07-17,Active
391,Stand-alone asynchronous neural-net,3,Brand Awareness,209245,2024-10-27,2025-12-31,Completed
392,Cross-platform high-level customer loyalty,1,Remarketing,255197,2025-07-21,2026-09-20,Paused
393,Re-engineered system-worthy methodology,2,Brand Awareness,276112,2026-01-21,2026-02-09,Active
394,Public-key asynchronous moratorium,5,Lead Generation,361716,2025-10-12,2026-08-08,Paused
395,Optimized next generation productivity,4,Sales,175319,2025-01-28,2026-09-03,Active
396,Open-architected global structure,3,Lead Generation,279404,2024-10-08,2026-01-11,Completed
397,Automated clear-thinking capability,1,Remarketing,70773,2024-10-29,2026-05-07,Paused
398,Organized client-driven forecast,3,Brand Awareness,449961,2025-03-18,2025-10-05,Active
399,Cloned value-added throughput,4,Sales,177825,2026-04-01,2026-09-30,Active
400,User-friendly multi-tasking policy,1,Brand Awareness,384583,2026-02-08,2026-06-15,Paused
401,Cross-group multi-state circuit,2,Sales,165964,2024-08-27,2025-10-30,Paused
402,Optimized cohesive data-warehouse,3,Remarketing,225375,2024-10-13,2025-06-12,Active
403,Programmable didactic frame,5,Sales,214898,2026-04-03,2026-07-01,Active
404,Self-enabling human-resource info-mediaries,1,Sales,74035,2024-12-01,2025-11-22,Paused
405,Visionary directional benchmark,4,Lead Generation,375232,2024-11-10,2025-07-31,Active
406,Horizontal system-worthy access,4,Product Launch,462645,2026-04-19,2026-09-06,Paused
407,Managed local database,3,Product Launch,405228,2025-03-11,2025-04-01,Active
408,Decentralized foreground parallelism,4,Product Launch,218759,2026-06-19,2026-07-05,Active
409,Digitized composite projection,3,Remarketing,399359,2025-10-11,2026-05-20,Paused
410,Optional solution-oriented circuit,2,Lead Generation,464785,2025-07-24,2026-07-02,Completed
411,Fundamental holistic synergy,3,Sales,491529,2025-10-06,2025-11-03,Paused
412,Extended multimedia frame,1,Product Launch,269734,2025-08-21,2025-12-18,Completed
413,Re-engineered needs-based moderator,4,Product Launch,73132,2026-04-14,2026-09-01,Active
414,Networked attitude-oriented synergy,5,Sales,32147,2026-06-23,2026-08-25,Paused
415,Organized even-keeled portal,2,Remarketing,83503,2025-05-16,2025-09-30,Paused
416,Ameliorated eco-centric methodology,1,Brand Awareness,132079,2025-08-17,2025-12-03,Paused
417,Face-to-face secondary capacity,1,Lead Generation,88889,2025-07-21,2026-05-28,Active
418,Right-sized actuating collaboration,2,Lead Generation,97043,2025-05-05,2025-12-18,Active
419,Intuitive radical support,1,Lead Generation,220217,2024-08-29,2026-09-13,Completed
420,Secured analyzing benchmark,4,Lead Generation,149954,2025-05-25,2026-02-01,Completed
421,Universal needs-based emulation,1,Brand Awareness,365413,2025-10-25,2026-09-30,Completed
422,Right-sized grid-enabled pricing structure,5,Product Launch,209357,2024-11-06,2026-03-04,Paused
423,Cross-platform next generation flexibility,4,Product Launch,49540,2026-02-09,2026-04-21,Active
424,User-centric 6thgeneration approach,1,Sales,93622,2026-02-27,2026-04-03,Paused
425,Ameliorated impactful interface,2,Product Launch,404249,2026-03-29,2026-06-27,Completed
426,Optional encompassing open system,3,Brand Awareness,104941,2026-06-04,2026-10-12,Paused
427,User-centric fault-tolerant toolset,3,Lead Generation,480463,2024-08-10,2026-03-18,Completed
428,Grass-roots optimizing implementation,4,Lead Generation,112659,2025-04-04,2026-10-03,Active
429,Multi-layered background task-force,2,Remarketing,149756,2025-02-20,2025-08-11,Active
430,Profound local task-force,1,Brand Awareness,214715,2025-12-01,2026-07-06,Active
431,Quality-focused zero administration leverage,3,Remarketing,305315,2025-06-11,2026-04-18,Completed
432,Polarized multimedia extranet,2,Remarketing,201227,2024-11-14,2026-07-24,Active
433,Robust responsive circuit,3,Brand Awareness,367805,2026-06-28,2026-08-10,Paused
434,Distributed bi-directional implementation,2,Sales,57814,2025-09-11,2026-06-24,Paused
435,Sharable reciprocal paradigm,2,Lead Generation,318799,2025-04-25,2025-10-17,Completed
436,De-engineered optimal middleware,1,Lead Generation,484801,2026-07-02,2026-08-02,Paused
437,Seamless multi-tasking monitoring,3,Brand Awareness,219473,2025-12-09,2026-01-06,Completed
438,Robust foreground neural-net,3,Brand Awareness,442230,2025-04-14,2026-05-16,Active
439,Advanced incremental flexibility,4,Lead Generation,430175,2025-06-02,2026-05-02,Completed
440,Fully-configurable executive access,1,Brand Awareness,429094,2025-04-06,2026-01-12,Paused
441,Intuitive directional synergy,5,Sales,444407,2026-05-14,2026-07-19,Active
442,Reactive human-resource paradigm,2,Lead Generation,113846,2026-07-13,2026-09-25,Active
443,Upgradable eco-centric capacity,3,Remarketing,221043,2025-08-01,2026-04-15,Paused
444,Quality-focused empowering customer loyalty,1,Remarketing,79321,2025-10-09,2025-10-27,Active
445,Implemented human-resource initiative,1,Brand Awareness,94211,2025-08-08,2025-12-29,Active
446,Right-sized composite Graphical User Interface,3,Brand Awareness,340876,2025-08-26,2025-11-09,Paused
447,Exclusive even-keeled moratorium,1,Product Launch,230753,2025-08-10,2025-10-15,Completed
448,Adaptive heuristic help-desk,1,Sales,119208,2024-08-31,2025-09-12,Paused
449,Grass-roots needs-based emulation,1,Product Launch,197476,2025-12-30,2026-07-01,Paused
450,Persistent well-modulated middleware,3,Remarketing,379839,2025-02-22,2025-09-07,Paused
451,Team-oriented national core,2,Sales,126619,2025-01-12,2026-09-11,Paused
452,Function-based transitional framework,3,Sales,418175,2025-06-22,2025-11-27,Paused
453,Focused dedicated process improvement,1,Brand Awareness,58674,2025-12-07,2025-12-10,Completed
454,Compatible well-modulated standardization,2,Remarketing,31434,2025-04-28,2025-07-12,Active
455,Upgradable zero tolerance strategy,2,Brand Awareness,135889,2024-07-23,2025-01-21,Active
456,Monitored modular encoding,5,Remarketing,347035,2025-09-13,2026-05-18,Paused
457,Networked system-worthy database,2,Brand Awareness,76533,2024-09-10,2024-09-28,Completed
458,User-friendly web-enabled algorithm,1,Brand Awareness,486598,2024-08-08,2025-07-12,Paused
459,Profit-focused zero tolerance system engine,2,Remarketing,301824,2025-04-04,2025-10-26,Paused
460,Multi-channeled stable standardization,4,Lead Generation,491639,2024-11-11,2025-02-23,Completed
461,Grass-roots tertiary implementation,3,Remarketing,219353,2026-05-23,2026-08-30,Completed
462,Switchable heuristic task-force,5,Remarketing,345597,2025-07-02,2025-10-02,Paused
463,Stand-alone high-level help-desk,2,Sales,50578,2025-03-08,2025-03-30,Active
464,Optimized radical encoding,1,Sales,478498,2024-10-29,2026-10-10,Active
465,Visionary eco-centric customer loyalty,2,Remarketing,262028,2025-07-05,2025-10-26,Active
466,Robust non-volatile installation,1,Sales,456372,2025-09-07,2026-03-03,Completed
467,Proactive global function,3,Lead Generation,109709,2026-02-23,2026-07-26,Active
468,Public-key neutral functionalities,2,Remarketing,31147,2025-10-22,2025-11-26,Active
469,Virtual bi-directional orchestration,3,Sales,396608,2025-07-23,2025-12-13,Paused
470,Adaptive systemic structure,2,Sales,262128,2024-11-09,2025-04-07,Completed
471,Re-contextualized clear-thinking data-warehouse,5,Product Launch,357993,2025-03-20,2026-05-16,Completed
472,Multi-lateral dynamic process improvement,1,Sales,371221,2024-09-11,2025-05-28,Paused
473,Reverse-engineered high-level open architecture,3,Remarketing,94449,2026-06-17,2026-07-22,Completed
474,Fundamental eco-centric workforce,3,Product Launch,151156,2024-10-03,2025-10-07,Completed
475,Digitized demand-driven model,3,Remarketing,159877,2026-03-05,2026-10-10,Active
476,Managed intermediate service-desk,3,Sales,252476,2024-08-20,2025-08-05,Active
477,Intuitive asynchronous functionalities,1,Product Launch,37405,2025-09-26,2025-12-06,Completed
478,Business-focused asynchronous definition,3,Brand Awareness,421014,2026-06-21,2026-09-03,Active
479,Organized exuding functionalities,4,Remarketing,52047,2025-08-09,2026-05-18,Completed
480,Seamless 6thgeneration attitude,1,Sales,452448,2026-03-28,2026-07-14,Paused
481,Cross-platform eco-centric infrastructure,1,Brand Awareness,221597,2025-12-22,2026-01-24,Completed
482,Extended static strategy,1,Sales,228494,2025-02-24,2026-05-26,Paused
483,Focused upward-trending capability,2,Brand Awareness,203626,2025-08-20,2026-01-23,Completed
484,Compatible contextually-based ability,1,Remarketing,392385,2025-01-25,2025-07-28,Completed
485,Adaptive holistic info-mediaries,2,Sales,454713,2025-03-20,2026-05-24,Completed
486,Exclusive incremental orchestration,5,Remarketing,281259,2024-12-01,2025-03-10,Paused
487,Grass-roots foreground complexity,5,Remarketing,137892,2026-05-11,2026-09-27,Paused
488,Optimized upward-trending data-warehouse,4,Brand Awareness,42467,2025-10-07,2025-12-25,Active
489,Digitized contextually-based Internet solution,3,Brand Awareness,135074,2025-07-28,2026-07-30,Completed
490,Digitized intangible structure,5,Product Launch,256926,2025-01-03,2025-08-25,Paused
491,Exclusive regional archive,5,Product Launch,486785,2024-10-15,2025-11-28,Completed
492,Realigned user-facing Graphical User Interface,2,Product Launch,91229,2025-08-29,2026-05-14,Active
493,Self-enabling explicit time-frame,1,Remarketing,173432,2026-03-22,2026-10-14,Paused
494,Adaptive responsive adapter,1,Brand Awareness,377249,2025-01-31,2025-02-03,Paused
495,Progressive contextually-based product,2,Sales,264617,2024-10-14,2025-07-21,Active
496,Stand-alone cohesive frame,5,Lead Generation,385623,2025-05-22,2025-11-23,Paused
497,Ergonomic even-keeled parallelism,4,Remarketing,44034,2025-04-14,2026-03-26,Paused
498,Ergonomic executive archive,4,Brand Awareness,247702,2026-03-25,2026-05-06,Completed
499,Advanced grid-enabled portal,1,Sales,252336,2025-06-09,2026-08-27,Active
500,Triple-buffered secondary collaboration,2,Product Launch,387600,2026-05-24,2026-08-08,Paused
501,Monitored asymmetric toolset,2,Sales,121638,2025-08-01,2026-04-02,Active
502,Multi-layered secondary knowledge user,1,Lead Generation,45968,2025-10-05,2026-03-24,Active
503,Centralized content-based hub,2,Brand Awareness,408224,2024-11-26,2026-06-25,Completed
504,Monitored analyzing attitude,3,Product Launch,415117,2025-05-15,2025-08-15,Active
505,Ameliorated zero administration success,1,Brand Awareness,58185,2025-02-22,2026-05-08,Active
506,Secured 24hour knowledge user,3,Remarketing,237469,2024-08-30,2025-04-08,Completed
507,Polarized bandwidth-monitored hardware,2,Lead Generation,38906,2025-06-25,2025-09-01,Active
508,Mandatory 24/7 monitoring,2,Product Launch,339933,2025-07-13,2026-01-19,Paused
509,Realigned content-based secured line,1,Brand Awareness,266791,2025-06-24,2026-08-10,Paused
510,Multi-layered executive definition,4,Brand Awareness,154681,2026-02-16,2026-02-20,Paused
511,Reverse-engineered multimedia definition,1,Lead Generation,125496,2026-01-08,2026-04-21,Paused
512,Programmable cohesive standardization,5,Remarketing,204586,2026-05-13,2026-10-05,Completed
513,Business-focused mobile contingency,4,Remarketing,102058,2026-06-22,2026-08-28,Paused
514,Reduced uniform database,5,Sales,157226,2025-08-10,2026-10-10,Completed
515,Automated analyzing Graphical User Interface,1,Brand Awareness,238156,2024-11-25,2025-01-12,Completed
516,Exclusive asymmetric adapter,5,Product Launch,208848,2025-05-31,2026-10-06,Completed
517,Extended intermediate software,1,Product Launch,484449,2025-08-22,2025-09-27,Paused
518,Streamlined homogeneous success,1,Lead Generation,135719,2025-10-15,2026-07-27,Completed
519,Managed high-level success,1,Product Launch,135098,2026-02-21,2026-03-22,Paused
520,Devolved tertiary service-desk,3,Sales,266253,2025-06-17,2026-03-13,Active
521,Assimilated homogeneous architecture,4,Sales,139481,2025-07-27,2026-05-20,Paused
522,Phased human-resource architecture,5,Brand Awareness,495993,2025-06-20,2026-10-11,Active
523,Versatile 5thgeneration policy,3,Product Launch,346285,2026-02-07,2026-09-12,Completed
524,Multi-channeled fault-tolerant database,3,Sales,384495,2025-07-19,2026-05-19,Completed
525,Universal non-volatile toolset,1,Sales,494166,2026-03-28,2026-07-06,Paused
526,Multi-layered intermediate archive,4,Remarketing,23515,2025-11-29,2026-05-25,Paused
527,Automated intermediate emulation,5,Lead Generation,447146,2025-10-04,2025-10-09,Completed
528,Switchable client-server frame,3,Sales,477120,2026-04-23,2026-09-08,Completed
529,Fully-configurable intermediate budgetary management,3,Remarketing,267951,2026-06-29,2026-10-01,Completed
530,Optimized user-facing knowledge user,3,Product Launch,445095,2025-03-19,2025-10-04,Completed
531,Inverse dedicated complexity,5,Product Launch,478345,2025-03-20,2025-12-26,Active
532,Function-based holistic Internet solution,3,Sales,416812,2026-01-10,2026-03-19,Paused
533,Cross-group 6thgeneration standardization,2,Remarketing,42264,2024-08-05,2026-01-07,Paused
534,Profit-focused scalable complexity,3,Product Launch,147487,2026-05-03,2026-06-13,Paused
535,Customizable reciprocal Graphical User Interface,2,Sales,363802,2026-03-04,2026-03-26,Completed
536,Optional bandwidth-monitored Graphic Interface,5,Brand Awareness,224513,2025-05-24,2025-12-23,Paused
537,Ameliorated optimal framework,2,Product Launch,470786,2026-03-01,2026-05-10,Completed
538,Re-contextualized 24hour model,3,Brand Awareness,14952,2025-12-09,2026-03-15,Completed
539,Universal dynamic budgetary management,3,Product Launch,476511,2025-09-06,2026-09-03,Paused
540,Grass-roots background middleware,1,Brand Awareness,61882,2024-07-24,2026-01-14,Paused
541,Adaptive incremental open system,4,Remarketing,212691,2025-04-12,2026-02-20,Active
542,Ameliorated fault-tolerant open architecture,4,Remarketing,86406,2025-12-03,2026-06-05,Completed
543,Fully-configurable explicit emulation,5,Remarketing,479950,2026-04-18,2026-09-02,Completed
544,Phased intangible migration,1,Product Launch,28931,2025-06-06,2025-09-13,Active
545,Sharable content-based throughput,5,Product Launch,269772,2026-03-02,2026-05-16,Completed
546,Ergonomic coherent synergy,3,Brand Awareness,338257,2025-08-15,2026-10-07,Paused
547,Re-contextualized 6thgeneration matrices,2,Brand Awareness,459739,2025-05-10,2026-02-11,Paused
548,Innovative real-time alliance,2,Remarketing,370276,2025-04-06,2026-03-16,Active
549,Phased contextually-based extranet,2,Product Launch,109824,2025-03-27,2025-07-18,Paused
550,Reactive logistical definition,3,Brand Awareness,406083,2026-04-02,2026-09-02,Active
551,Reactive context-sensitive info-mediaries,2,Remarketing,58384,2025-09-21,2026-08-10,Active
552,Versatile asynchronous instruction set,1,Lead Generation,429677,2024-10-02,2026-03-22,Completed
553,Integrated needs-based infrastructure,4,Lead Generation,80914,2025-09-29,2026-03-25,Active
554,Digitized transitional core,2,Lead Generation,379193,2024-08-04,2024-09-27,Paused
555,Pre-emptive full-range projection,4,Remarketing,323498,2024-12-19,2025-03-02,Active
556,Adaptive modular adapter,3,Remarketing,92966,2025-05-04,2025-05-05,Paused
557,Cloned real-time system engine,2,Product Launch,19770,2025-11-13,2026-01-27,Active
558,Cross-group encompassing knowledge user,4,Brand Awareness,407299,2026-02-24,2026-09-29,Completed
559,Multi-lateral tangible standardization,5,Product Launch,364990,2025-07-22,2026-03-13,Paused
560,Profound zero tolerance framework,1,Lead Generation,215055,2024-08-12,2026-06-03,Active
561,Optional modular contingency,4,Sales,37150,2025-08-03,2026-05-10,Completed
562,Versatile demand-driven matrix,2,Sales,149014,2025-07-01,2026-04-05,Completed
563,Digitized systemic orchestration,5,Lead Generation,156242,2025-09-30,2026-06-03,Paused
564,Configurable 3rdgeneration support,3,Product Launch,448513,2026-02-04,2026-09-19,Paused
565,Automated mobile structure,3,Sales,296031,2025-12-15,2026-08-19,Completed
566,Balanced solution-oriented orchestration,1,Lead Generation,426964,2025-06-17,2025-08-15,Completed
567,Down-sized non-volatile help-desk,3,Lead Generation,100627,2025-03-11,2025-07-13,Active
568,User-friendly 6thgeneration installation,3,Sales,310312,2026-05-31,2026-09-11,Completed
569,Pre-emptive zero-defect migration,2,Lead Generation,372953,2026-06-30,2026-07-19,Completed
570,Up-sized eco-centric success,3,Lead Generation,50093,2025-12-10,2026-03-11,Paused
571,Synergized modular hardware,3,Sales,403684,2025-10-28,2026-09-06,Paused
572,Future-proofed motivating moderator,2,Sales,125103,2025-06-09,2026-09-04,Paused
573,Team-oriented modular definition,4,Lead Generation,213198,2025-09-12,2026-06-04,Active
574,Reverse-engineered maximized pricing structure,3,Product Launch,440407,2025-04-05,2026-01-18,Completed
575,Up-sized 3rdgeneration firmware,1,Lead Generation,106427,2025-08-08,2026-08-26,Paused
576,Object-based composite structure,3,Brand Awareness,235537,2025-12-04,2026-03-26,Paused
577,Focused eco-centric protocol,1,Sales,376630,2026-06-03,2026-09-06,Completed
578,Proactive 4thgeneration service-desk,5,Brand Awareness,68090,2024-11-12,2025-05-25,Paused
579,Synergistic exuding solution,4,Lead Generation,266306,2024-10-16,2025-08-25,Paused
580,Versatile disintermediate secured line,4,Remarketing,374269,2025-04-24,2026-09-27,Paused
581,Managed coherent Graphical User Interface,4,Product Launch,352680,2024-10-14,2025-03-05,Active
582,Profit-focused mission-critical secured line,1,Lead Generation,263118,2024-10-12,2025-04-02,Completed
583,Cross-platform user-facing challenge,4,Sales,331303,2026-01-08,2026-07-26,Active
584,Configurable client-server customer loyalty,4,Sales,341644,2025-07-07,2025-09-24,Active
585,Inverse explicit framework,5,Remarketing,373792,2024-08-05,2025-12-29,Active
586,Proactive bottom-line throughput,3,Product Launch,360762,2025-03-22,2026-03-15,Active
587,Organized bifurcated Graphical User Interface,4,Remarketing,438927,2026-01-13,2026-05-28,Active
588,Decentralized leadingedge complexity,5,Lead Generation,437004,2025-06-24,2025-12-10,Paused
589,Face-to-face zero-defect projection,1,Product Launch,250794,2025-03-25,2026-03-08,Completed
590,Reduced directional task-force,4,Brand Awareness,233430,2024-11-22,2025-10-10,Paused
591,Streamlined modular product,3,Lead Generation,279111,2025-10-04,2026-07-02,Active
592,Innovative optimal service-desk,3,Sales,477114,2025-02-07,2026-04-29,Completed
593,Horizontal homogeneous superstructure,1,Lead Generation,327481,2025-06-19,2026-02-12,Paused
594,Managed asymmetric interface,1,Sales,465658,2026-03-20,2026-08-16,Active
595,Implemented 6thgeneration ability,5,Sales,54169,2026-02-19,2026-09-29,Paused
596,Cloned hybrid secured line,3,Sales,300795,2025-11-07,2025-12-03,Paused
597,Compatible explicit process improvement,3,Remarketing,187929,2026-04-17,2026-09-14,Active
598,Innovative empowering core,2,Remarketing,404486,2025-08-29,2026-05-23,Completed
599,Robust secondary contingency,4,Sales,352154,2024-08-19,2026-02-13,Active
600,Synchronized multimedia groupware,1,Sales,92341,2025-02-19,2026-05-15,Active
601,Synchronized intangible conglomeration,2,Remarketing,86264,2025-05-18,2026-02-21,Completed
602,Multi-layered reciprocal paradigm,2,Lead Generation,377218,2025-06-16,2025-12-06,Paused
603,Persevering eco-centric matrices,5,Lead Generation,18261,2024-08-13,2026-04-07,Active
604,Adaptive interactive protocol,2,Lead Generation,234748,2024-10-11,2026-09-27,Paused
605,Cloned value-added artificial intelligence,1,Product Launch,303445,2025-10-25,2026-09-03,Completed
606,Streamlined systemic website,3,Sales,497055,2025-05-28,2025-10-12,Completed
607,Re-engineered needs-based website,3,Lead Generation,329869,2025-03-01,2026-03-11,Active
608,Synergistic upward-trending paradigm,3,Brand Awareness,232561,2025-06-21,2026-05-03,Completed
609,Phased even-keeled software,4,Remarketing,101310,2025-05-29,2025-12-16,Paused
610,Fully-configurable clear-thinking matrices,5,Sales,321366,2025-11-01,2026-05-15,Active
611,Quality-focused motivating task-force,4,Lead Generation,251494,2025-02-03,2025-04-16,Paused
612,Managed fresh-thinking portal,3,Remarketing,85455,2025-12-23,2026-07-13,Active
613,Switchable discrete Internet solution,1,Sales,477299,2026-07-07,2026-08-14,Paused
614,Up-sized mission-critical emulation,3,Lead Generation,150534,2025-11-03,2026-08-30,Completed
615,Ergonomic 3rdgeneration array,3,Sales,344595,2026-02-01,2026-09-23,Completed
616,Diverse multimedia capacity,3,Brand Awareness,161234,2025-04-07,2025-10-23,Completed
617,Distributed bottom-line toolset,1,Lead Generation,451015,2025-06-02,2026-05-06,Paused
618,Ergonomic 5thgeneration knowledgebase,4,Sales,277965,2026-03-24,2026-08-12,Active
619,Profit-focused leadingedge function,2,Sales,459177,2024-10-29,2025-06-08,Completed
620,Streamlined composite firmware,2,Sales,115512,2025-08-04,2026-01-06,Active
621,Customer-focused foreground instruction set,2,Remarketing,474623,2026-01-04,2026-03-23,Completed
622,Pre-emptive uniform complexity,2,Product Launch,373159,2025-09-03,2026-09-25,Active
623,Intuitive neutral adapter,4,Lead Generation,399899,2025-08-26,2025-12-27,Active
624,User-friendly dedicated extranet,1,Product Launch,130628,2025-05-13,2025-08-24,Paused
625,Face-to-face well-modulated data-warehouse,4,Lead Generation,232082,2026-01-25,2026-01-30,Paused
626,Persistent dynamic database,4,Remarketing,419684,2025-12-20,2026-07-20,Active
627,Optimized full-range framework,3,Remarketing,412403,2024-12-07,2025-11-08,Completed
628,Object-based scalable circuit,5,Brand Awareness,145159,2024-12-25,2025-01-30,Active
629,Managed contextually-based hierarchy,4,Brand Awareness,105846,2026-06-09,2026-10-15,Completed
630,Programmable fresh-thinking groupware,5,Sales,314071,2024-12-24,2024-12-31,Active
631,Front-line multi-state open system,5,Product Launch,217963,2025-02-04,2026-03-24,Paused
632,Stand-alone maximized core,4,Brand Awareness,419791,2025-02-24,2025-05-04,Paused
633,Down-sized stable capability,1,Remarketing,460158,2026-03-21,2026-09-30,Completed
634,Organic human-resource Local Area Network,4,Lead Generation,471717,2025-10-29,2026-01-04,Paused
635,De-engineered executive open architecture,4,Lead Generation,282296,2024-11-18,2026-03-25,Completed
636,Persistent mission-critical matrix,2,Sales,134424,2025-01-17,2026-06-15,Active
637,Inverse user-facing focus group,2,Remarketing,137803,2026-01-07,2026-09-09,Active
638,User-friendly impactful strategy,2,Sales,367068,2026-04-23,2026-06-15,Active
639,De-engineered tangible capacity,3,Brand Awareness,95157,2025-02-21,2025-10-27,Completed
640,Future-proofed holistic analyzer,4,Remarketing,96274,2025-05-09,2025-05-30,Active
641,Cloned static extranet,2,Sales,335961,2025-02-01,2026-10-06,Paused
642,Pre-emptive impactful focus group,4,Sales,285161,2025-12-30,2026-09-25,Completed
643,Optional multimedia open system,2,Remarketing,494707,2026-02-05,2026-04-17,Completed
644,Open-source scalable superstructure,1,Lead Generation,99648,2024-07-23,2026-08-17,Paused
645,Cloned real-time encryption,3,Lead Generation,411526,2025-11-11,2026-07-10,Paused
646,De-engineered zero-defect standardization,4,Sales,136500,2025-08-16,2026-02-01,Completed
647,Configurable explicit moderator,3,Remarketing,73543,2025-03-13,2025-05-13,Paused
648,Up-sized full-range open system,5,Lead Generation,73535,2026-04-11,2026-06-06,Completed
649,Optimized coherent archive,3,Sales,430063,2025-02-17,2025-10-08,Completed
650,Programmable user-facing throughput,4,Brand Awareness,44418,2024-08-14,2026-09-01,Active
651,Extended mobile matrices,1,Product Launch,324133,2025-06-18,2026-07-24,Active
652,Inverse intermediate adapter,5,Sales,388584,2024-08-25,2025-02-14,Completed
653,Digitized local encryption,1,Brand Awareness,268279,2024-11-01,2026-01-18,Completed
654,Multi-channeled executive core,4,Remarketing,160976,2024-10-31,2025-01-05,Active
655,Re-contextualized 5thgeneration conglomeration,4,Remarketing,445650,2024-12-30,2026-01-03,Paused
656,Multi-layered client-driven matrix,5,Remarketing,446900,2025-10-23,2025-12-07,Paused
657,Organic analyzing focus group,5,Brand Awareness,396574,2026-01-15,2026-08-06,Paused
658,Front-line user-facing hub,4,Remarketing,32059,2026-06-02,2026-08-20,Active
659,Public-key well-modulated customer loyalty,2,Product Launch,328757,2025-02-17,2026-06-04,Paused
660,Polarized directional focus group,5,Product Launch,74140,2025-04-01,2025-12-09,Completed
661,Streamlined eco-centric implementation,4,Product Launch,425043,2025-12-24,2026-05-31,Active
662,Distributed intermediate portal,4,Lead Generation,352862,2026-03-03,2026-07-27,Paused
663,User-centric homogeneous policy,1,Lead Generation,81410,2024-10-11,2025-12-14,Completed
664,Optional tertiary matrices,4,Sales,435566,2024-07-19,2025-06-03,Completed
665,Team-oriented asynchronous functionalities,5,Lead Generation,349266,2024-11-26,2026-10-12,Paused
666,Team-oriented global frame,1,Product Launch,67621,2026-06-05,2026-09-27,Active
667,Configurable eco-centric forecast,3,Product Launch,231962,2025-10-04,2026-04-03,Paused
668,Total needs-based emulation,2,Lead Generation,61403,2024-08-02,2026-03-02,Active
669,Synergistic multi-state intranet,1,Sales,61192,2024-11-17,2025-12-07,Active
670,Persistent non-volatile productivity,3,Remarketing,114675,2026-03-18,2026-09-19,Active
671,Organic intermediate website,1,Brand Awareness,318489,2025-09-25,2026-10-05,Active
672,Diverse coherent encryption,2,Product Launch,223209,2025-02-12,2026-05-18,Paused
673,Multi-channeled neutral challenge,4,Lead Generation,157905,2026-02-02,2026-06-04,Active
674,Persistent optimizing hub,4,Brand Awareness,247112,2025-06-06,2025-12-27,Active
675,Face-to-face attitude-oriented frame,1,Lead Generation,465059,2025-01-06,2025-02-19,Paused
676,Operative clear-thinking time-frame,2,Sales,267946,2025-03-18,2026-04-01,Active
677,Configurable secondary superstructure,4,Remarketing,259065,2025-10-13,2026-01-12,Active
678,Face-to-face next generation methodology,5,Lead Generation,275060,2025-07-03,2026-07-08,Paused
679,Assimilated bifurcated strategy,3,Lead Generation,281720,2025-03-30,2025-07-28,Completed
680,Extended empowering solution,3,Sales,494607,2024-09-20,2024-11-25,Paused
681,Multi-tiered dynamic structure,3,Lead Generation,231022,2024-11-05,2025-04-10,Paused
682,Optional web-enabled interface,2,Brand Awareness,109997,2025-07-30,2026-03-10,Active
683,Cloned motivating utilization,4,Remarketing,149858,2025-11-14,2025-12-02,Completed
684,Customizable hybrid circuit,1,Lead Generation,187776,2025-05-04,2026-01-06,Completed
685,Optional bifurcated challenge,1,Brand Awareness,123860,2024-08-11,2024-08-15,Active
686,Customizable mission-critical circuit,3,Lead Generation,487696,2024-09-03,2025-06-28,Completed
687,Multi-tiered leadingedge model,3,Remarketing,198838,2025-04-29,2025-05-28,Active
688,Horizontal empowering complexity,2,Product Launch,330523,2025-12-02,2026-05-11,Active
689,Ameliorated zero-defect emulation,5,Lead Generation,129839,2025-03-10,2025-07-18,Completed
690,Networked national website,4,Product Launch,20209,2024-09-04,2025-03-16,Completed
691,Synchronized maximized monitoring,5,Lead Generation,127293,2025-06-16,2026-01-21,Completed
692,Operative object-oriented encryption,1,Sales,99648,2025-03-23,2025-09-09,Completed
693,Front-line homogeneous algorithm,5,Lead Generation,327255,2025-02-08,2026-06-30,Paused
694,Reactive bandwidth-monitored intranet,1,Brand Awareness,91882,2025-04-12,2025-09-14,Completed
695,Persistent methodical framework,3,Product Launch,120335,2025-10-21,2026-03-28,Completed
696,Future-proofed mobile neural-net,3,Sales,176006,2025-04-25,2026-07-25,Paused
697,Right-sized zero-defect task-force,3,Lead Generation,334160,2024-11-25,2025-11-21,Completed
698,Robust systematic circuit,4,Lead Generation,359617,2026-02-06,2026-05-05,Completed
699,Cross-platform uniform monitoring,4,Product Launch,417659,2024-11-10,2026-07-04,Paused
700,Secured 3rdgeneration open architecture,2,Lead Generation,139949,2024-11-08,2025-12-18,Active
701,Multi-channeled radical support,4,Lead Generation,369950,2026-02-07,2026-09-08,Completed
702,Triple-buffered 24hour monitoring,5,Sales,386340,2025-02-03,2026-07-16,Paused
703,Future-proofed dynamic moratorium,2,Brand Awareness,358694,2025-08-05,2025-08-15,Active
704,Triple-buffered national Local Area Network,1,Lead Generation,444452,2024-11-23,2025-09-13,Active
705,Programmable radical complexity,1,Remarketing,321380,2025-08-13,2026-03-30,Active
706,Cloned transitional strategy,2,Product Launch,221190,2024-10-09,2024-11-25,Active
707,Profit-focused explicit framework,2,Product Launch,327622,2026-06-16,2026-09-04,Active
708,Open-architected non-volatile frame,3,Sales,238837,2025-12-17,2026-04-07,Active
709,Versatile responsive architecture,4,Product Launch,165459,2026-02-20,2026-03-20,Completed
710,Quality-focused systemic migration,4,Remarketing,25222,2025-05-13,2026-02-14,Paused
711,Operative logistical array,4,Sales,417058,2025-01-14,2026-06-07,Active
712,Reduced foreground process improvement,1,Remarketing,72318,2024-10-03,2026-01-15,Paused
713,Proactive even-keeled matrices,5,Brand Awareness,482587,2025-05-03,2026-05-01,Completed
714,Inverse 4thgeneration structure,4,Sales,129386,2025-09-21,2026-08-31,Completed
715,Profit-focused 3rdgeneration website,3,Brand Awareness,171024,2026-06-19,2026-08-26,Active
716,Synergized 24/7 intranet,3,Remarketing,113481,2025-03-14,2026-03-09,Completed
717,Reactive next generation Internet solution,1,Lead Generation,184691,2025-03-16,2026-02-04,Paused
718,Phased heuristic Local Area Network,4,Product Launch,292428,2025-09-09,2026-09-16,Paused
719,Pre-emptive client-server hardware,3,Lead Generation,308926,2026-05-27,2026-07-27,Paused
720,Distributed zero administration open architecture,3,Remarketing,463556,2026-01-04,2026-03-16,Completed
721,Switchable asymmetric secured line,3,Sales,388896,2025-01-03,2025-09-23,Paused
722,Cross-group high-level access,4,Remarketing,343060,2026-04-26,2026-04-27,Paused
723,Managed secondary synergy,1,Remarketing,390242,2025-01-13,2025-11-14,Completed
724,Diverse asynchronous algorithm,4,Lead Generation,364944,2026-03-11,2026-05-24,Paused
725,Extended empowering approach,3,Brand Awareness,132310,2024-10-26,2026-03-05,Completed
726,Implemented high-level intranet,5,Product Launch,472018,2026-01-20,2026-06-30,Paused
727,Assimilated hybrid frame,4,Lead Generation,114363,2026-01-28,2026-03-09,Completed
728,User-centric impactful synergy,5,Remarketing,405893,2026-02-24,2026-04-09,Active
729,Exclusive methodical moderator,4,Lead Generation,324432,2024-11-04,2025-10-03,Paused
730,Progressive incremental customer loyalty,2,Lead Generation,81800,2026-04-23,2026-06-07,Active
731,Profit-focused composite secured line,1,Product Launch,321835,2025-10-09,2026-10-09,Active
732,Universal hybrid instruction set,1,Brand Awareness,443115,2026-01-13,2026-09-27,Completed
733,Secured demand-driven alliance,3,Lead Generation,392465,2024-09-14,2024-11-13,Completed
734,Programmable 6thgeneration moderator,4,Brand Awareness,344660,2026-07-03,2026-07-08,Active
735,Re-engineered executive customer loyalty,4,Sales,435101,2026-03-04,2026-03-26,Paused
736,Digitized contextually-based throughput,2,Lead Generation,331352,2025-04-05,2025-11-04,Completed
737,Multi-channeled dynamic hardware,2,Brand Awareness,404817,2025-05-12,2025-10-18,Active
738,Team-oriented mission-critical benchmark,5,Remarketing,108475,2025-11-23,2026-05-21,Active
739,Integrated holistic neural-net,3,Sales,302368,2024-09-10,2024-10-16,Active
740,Compatible solution-oriented throughput,5,Lead Generation,461495,2025-12-20,2026-10-06,Paused
741,Distributed bifurcated ability,5,Brand Awareness,180109,2026-07-02,2026-10-12,Active
742,Exclusive optimal matrix,1,Brand Awareness,498301,2025-01-19,2025-10-05,Active
743,Re-engineered maximized monitoring,2,Product Launch,391905,2024-12-08,2026-10-03,Paused
744,Polarized real-time website,3,Remarketing,351826,2024-08-16,2024-10-31,Active
745,Programmable radical software,2,Sales,70492,2025-06-09,2026-06-01,Completed
746,Inverse neutral middleware,1,Product Launch,376796,2025-10-09,2026-03-11,Active
747,Proactive explicit array,4,Product Launch,370815,2024-11-28,2026-08-12,Active
748,Innovative system-worthy function,4,Sales,338424,2026-06-19,2026-08-10,Completed
749,Cross-group disintermediate core,5,Product Launch,286525,2026-07-05,2026-07-21,Paused
750,Universal zero-defect adapter,1,Remarketing,122162,2025-02-06,2025-11-17,Active
751,Exclusive content-based software,4,Brand Awareness,68229,2025-07-09,2025-12-15,Completed
752,Open-source fresh-thinking task-force,1,Brand Awareness,297126,2025-02-18,2025-04-08,Paused
753,Up-sized incremental encoding,2,Remarketing,96099,2025-07-03,2025-09-23,Paused
754,Switchable homogeneous paradigm,4,Product Launch,165664,2024-11-26,2025-10-06,Paused
755,Universal demand-driven conglomeration,1,Remarketing,192085,2025-08-30,2026-03-01,Active
756,Balanced foreground customer loyalty,5,Lead Generation,33058,2025-02-20,2026-08-23,Active
757,Phased asynchronous definition,4,Product Launch,113474,2025-09-04,2026-04-08,Completed
758,Streamlined 5thgeneration Graphical User Interface,4,Brand Awareness,219440,2026-03-20,2026-07-11,Active
759,Right-sized leadingedge architecture,5,Product Launch,198926,2025-09-28,2026-08-10,Completed
760,Streamlined even-keeled access,3,Remarketing,249239,2026-04-06,2026-04-17,Active
761,Down-sized human-resource service-desk,4,Sales,472683,2024-11-03,2026-06-01,Completed
762,Monitored stable initiative,4,Brand Awareness,302715,2024-09-27,2026-06-13,Completed
763,Extended client-driven architecture,5,Lead Generation,367872,2024-10-13,2025-12-04,Paused
764,Advanced zero tolerance analyzer,1,Lead Generation,185968,2025-03-26,2025-10-10,Completed
765,Down-sized needs-based protocol,5,Product Launch,234106,2024-12-19,2025-06-03,Paused
766,Ameliorated explicit synergy,1,Product Launch,102674,2025-10-20,2026-07-24,Completed
767,Profound local knowledgebase,5,Brand Awareness,288399,2025-09-24,2025-09-28,Paused
768,Pre-emptive methodical leverage,4,Product Launch,12407,2026-04-30,2026-08-24,Active
769,Realigned next generation help-desk,3,Lead Generation,409453,2025-02-02,2026-05-08,Paused
770,Organic value-added application,2,Brand Awareness,395899,2025-08-22,2026-08-30,Active
771,Reduced systemic functionalities,1,Brand Awareness,369919,2025-11-14,2026-10-15,Active
772,Team-oriented attitude-oriented utilization,2,Brand Awareness,179434,2025-12-15,2026-10-11,Completed
773,Organized scalable extranet,3,Product Launch,495552,2025-02-07,2026-03-01,Active
774,Enterprise-wide discrete portal,3,Sales,225952,2026-01-22,2026-09-16,Paused
775,Advanced national concept,4,Lead Generation,299268,2025-01-23,2025-08-17,Paused
776,Organized regional moderator,5,Sales,24728,2025-01-23,2026-10-08,Completed
777,Extended real-time support,4,Product Launch,343127,2025-01-27,2025-07-27,Active
778,Function-based client-server protocol,3,Product Launch,498786,2024-08-16,2025-12-07,Completed
779,User-friendly bandwidth-monitored software,4,Brand Awareness,31403,2025-06-07,2026-07-28,Active
780,Decentralized demand-driven task-force,5,Product Launch,465198,2025-05-11,2026-04-24,Active
781,Persistent impactful project,4,Product Launch,11108,2025-01-09,2026-08-02,Paused
782,Triple-buffered value-added Local Area Network,1,Product Launch,456325,2026-01-27,2026-04-28,Completed
783,Decentralized holistic interface,1,Product Launch,403922,2025-02-13,2025-12-01,Completed
784,Quality-focused background focus group,3,Sales,88409,2025-12-02,2025-12-28,Active
785,Function-based systemic open architecture,3,Product Launch,154504,2026-07-07,2026-08-25,Completed
786,De-engineered background pricing structure,2,Remarketing,192678,2026-06-18,2026-07-18,Completed
787,Cloned solution-oriented hub,5,Remarketing,103533,2025-10-14,2025-10-28,Completed
788,Customizable reciprocal interface,2,Sales,247693,2024-07-25,2025-06-01,Active
789,Progressive even-keeled toolset,1,Lead Generation,68058,2026-03-25,2026-07-23,Completed
790,Progressive modular data-warehouse,5,Brand Awareness,164856,2025-06-17,2025-10-26,Paused
791,Future-proofed impactful secured line,3,Sales,36808,2025-04-28,2026-10-11,Active
792,Automated mobile parallelism,5,Brand Awareness,123003,2025-04-13,2026-09-10,Completed
793,Upgradable needs-based application,3,Remarketing,386154,2025-03-27,2025-07-25,Completed
794,Realigned demand-driven superstructure,4,Sales,399907,2025-01-08,2026-08-06,Paused
795,Vision-oriented hybrid task-force,3,Brand Awareness,227177,2025-08-11,2025-09-27,Active
796,Secured 3rdgeneration moratorium,5,Product Launch,157004,2025-09-13,2025-11-21,Completed
797,Upgradable upward-trending moratorium,4,Lead Generation,14903,2025-12-27,2026-09-24,Active
798,Programmable content-based secured line,2,Lead Generation,160520,2026-04-22,2026-08-05,Paused
799,Multi-layered analyzing Internet solution,3,Brand Awareness,348599,2025-07-29,2026-08-08,Paused
800,Intuitive global adapter,2,Remarketing,277695,2025-01-15,2026-03-14,Completed
801,Polarized modular protocol,1,Remarketing,346315,2025-12-30,2026-09-19,Paused
802,Operative explicit function,5,Product Launch,93534,2025-01-05,2025-04-26,Completed
803,Advanced object-oriented strategy,5,Lead Generation,47237,2026-03-02,2026-06-06,Active
804,Up-sized interactive attitude,5,Lead Generation,236792,2025-09-25,2025-10-24,Active
805,Front-line mobile project,2,Brand Awareness,102742,2026-02-07,2026-03-08,Paused
806,Extended demand-driven portal,3,Product Launch,292835,2025-08-14,2026-05-10,Paused
807,Right-sized dedicated attitude,5,Sales,221450,2025-04-14,2025-09-17,Completed
808,Quality-focused homogeneous workforce,5,Product Launch,407547,2025-09-24,2026-01-15,Paused
809,Automated asymmetric Graphical User Interface,5,Product Launch,442868,2024-07-27,2025-12-28,Completed
810,User-friendly holistic superstructure,5,Lead Generation,31057,2025-02-11,2026-03-29,Paused
811,Total asynchronous service-desk,2,Sales,202786,2026-06-26,2026-10-06,Completed
812,Adaptive leadingedge archive,2,Sales,431793,2025-04-14,2025-09-07,Paused
813,Inverse optimal info-mediaries,4,Brand Awareness,302767,2025-01-27,2025-05-15,Active
814,Function-based multi-tasking hardware,2,Product Launch,312927,2024-10-23,2025-09-04,Active
815,Profit-focused methodical software,5,Product Launch,270013,2025-06-12,2025-12-15,Active
816,Cloned asymmetric archive,1,Product Launch,105720,2025-05-11,2025-07-08,Paused
817,Programmable impactful protocol,2,Remarketing,106814,2026-04-16,2026-06-03,Active
818,Open-architected tangible matrix,1,Brand Awareness,12956,2025-10-02,2026-01-02,Completed
819,Managed multimedia migration,2,Product Launch,144320,2026-01-26,2026-06-11,Active
820,Distributed full-range leverage,4,Remarketing,65056,2026-07-11,2026-09-24,Completed
821,Inverse directional concept,1,Product Launch,355498,2024-12-20,2026-09-02,Paused
822,Enterprise-wide context-sensitive projection,5,Product Launch,277547,2026-03-28,2026-06-16,Paused
823,Stand-alone well-modulated knowledge user,4,Sales,473657,2025-12-01,2026-08-28,Active
824,Visionary clear-thinking hierarchy,1,Product Launch,132968,2024-10-04,2025-10-16,Active
825,Stand-alone reciprocal hub,3,Lead Generation,438282,2024-10-14,2025-10-16,Paused
826,Function-based motivating secured line,3,Lead Generation,449807,2024-10-19,2025-12-30,Paused
827,Realigned mission-critical productivity,5,Brand Awareness,19994,2026-06-20,2026-07-18,Paused
828,Universal national Local Area Network,3,Sales,34556,2026-05-30,2026-08-15,Completed
829,Optimized grid-enabled ability,4,Sales,11794,2025-10-11,2026-08-05,Active
830,Switchable next generation budgetary management,5,Brand Awareness,20787,2025-10-16,2026-10-14,Paused
831,Optimized incremental moratorium,1,Product Launch,420095,2026-02-15,2026-09-16,Paused
832,Intuitive logistical groupware,2,Brand Awareness,460709,2026-06-17,2026-09-09,Active
833,Seamless methodical function,5,Sales,129909,2026-06-11,2026-08-17,Active
834,Seamless explicit support,3,Lead Generation,96862,2025-01-05,2025-01-15,Active
835,Multi-layered mobile product,5,Lead Generation,22723,2026-05-05,2026-07-07,Paused
836,Organized context-sensitive support,2,Sales,362239,2026-01-19,2026-02-07,Completed
837,Synchronized holistic portal,2,Lead Generation,211644,2026-03-28,2026-06-30,Active
838,Grass-roots zero-defect pricing structure,3,Lead Generation,416402,2026-07-02,2026-08-31,Active
839,Re-engineered demand-driven access,5,Sales,158027,2025-07-30,2026-03-18,Paused
840,De-engineered executive challenge,5,Brand Awareness,385230,2025-08-20,2025-09-09,Active
841,Synergized human-resource system engine,1,Lead Generation,317427,2024-07-21,2025-08-31,Active
842,Configurable object-oriented migration,1,Product Launch,311392,2024-11-29,2026-07-31,Active
843,Progressive motivating Graphic Interface,3,Brand Awareness,56381,2025-03-17,2026-09-12,Active
844,Realigned bandwidth-monitored algorithm,3,Product Launch,145955,2025-05-20,2026-01-23,Active
845,Advanced object-oriented flexibility,5,Lead Generation,476383,2024-08-12,2025-08-15,Paused
846,Reactive contextually-based toolset,1,Product Launch,319288,2024-10-20,2025-05-03,Paused
847,Re-contextualized eco-centric projection,5,Sales,356634,2026-05-12,2026-10-08,Active
848,Managed reciprocal architecture,5,Sales,22370,2025-05-15,2026-09-28,Paused
849,Robust neutral knowledge user,5,Brand Awareness,153254,2025-08-02,2025-12-23,Active
850,Triple-buffered encompassing instruction set,4,Product Launch,397292,2026-01-16,2026-05-08,Active
851,Extended heuristic superstructure,4,Remarketing,23441,2026-04-30,2026-05-21,Paused
852,Quality-focused demand-driven monitoring,2,Sales,13962,2024-08-09,2025-07-06,Active
853,Multi-tiered regional customer loyalty,5,Lead Generation,482308,2026-05-13,2026-09-14,Active
854,Fully-configurable composite paradigm,1,Sales,258003,2026-02-02,2026-08-01,Active
855,Diverse bandwidth-monitored instruction set,3,Product Launch,327113,2026-02-25,2026-06-18,Paused
856,Horizontal multi-state encoding,3,Brand Awareness,235495,2024-09-28,2025-11-11,Completed
857,Horizontal object-oriented functionalities,1,Sales,111997,2026-03-07,2026-06-08,Active
858,User-friendly zero tolerance strategy,2,Remarketing,381649,2025-02-02,2025-02-03,Paused
859,Advanced neutral secured line,3,Sales,445651,2026-02-04,2026-06-11,Completed
860,Synchronized stable monitoring,2,Lead Generation,83020,2026-07-11,2026-09-28,Active
861,Monitored disintermediate approach,3,Product Launch,346226,2024-07-26,2025-12-01,Active
862,Mandatory eco-centric protocol,1,Product Launch,239478,2026-05-18,2026-09-20,Active
863,Future-proofed intangible access,1,Lead Generation,466029,2025-11-29,2026-02-21,Completed
864,De-engineered foreground middleware,2,Brand Awareness,310008,2025-03-19,2025-06-07,Paused
865,Multi-layered fault-tolerant software,2,Remarketing,131424,2025-07-24,2026-03-09,Active
866,Focused tertiary productivity,5,Product Launch,206140,2025-12-13,2026-03-17,Active
867,Quality-focused web-enabled knowledge user,1,Product Launch,154955,2026-02-11,2026-09-12,Active
868,Synchronized bifurcated hardware,4,Sales,316279,2024-07-30,2024-12-16,Completed
869,Upgradable hybrid Internet solution,1,Lead Generation,113919,2025-11-14,2026-01-08,Active
870,Right-sized interactive frame,4,Lead Generation,301765,2025-01-23,2026-08-17,Paused
871,Adaptive background Graphical User Interface,3,Brand Awareness,372436,2026-03-12,2026-08-25,Completed
872,User-friendly grid-enabled workforce,1,Product Launch,38332,2026-05-23,2026-05-30,Paused
873,Programmable systematic interface,3,Product Launch,292317,2024-12-18,2026-09-17,Paused
874,Distributed fresh-thinking approach,1,Sales,134290,2025-04-27,2026-07-19,Active
875,Robust motivating protocol,2,Sales,367020,2025-02-04,2025-05-20,Active
876,Inverse 4thgeneration array,1,Sales,295716,2026-04-19,2026-10-15,Completed
877,Right-sized web-enabled portal,1,Lead Generation,262908,2025-08-16,2026-01-16,Completed
878,Cross-platform heuristic moratorium,4,Lead Generation,58511,2025-11-01,2025-11-26,Active
879,Versatile bottom-line encoding,5,Remarketing,144033,2025-10-22,2025-12-12,Paused
880,Reduced non-volatile open architecture,1,Product Launch,193945,2025-01-27,2025-10-28,Paused
881,Total object-oriented productivity,1,Product Launch,238765,2026-04-25,2026-09-13,Active
882,Enhanced regional encryption,4,Remarketing,84498,2026-06-28,2026-07-31,Completed
883,Ergonomic client-server secured line,1,Brand Awareness,70226,2025-09-13,2026-07-20,Paused
884,Stand-alone multimedia capacity,5,Brand Awareness,31799,2024-08-07,2026-07-25,Paused
885,Networked systematic extranet,4,Sales,186521,2025-01-09,2025-06-26,Active
886,Seamless dedicated focus group,1,Sales,325857,2026-02-13,2026-04-12,Paused
887,Expanded exuding middleware,4,Lead Generation,229327,2026-07-14,2026-09-18,Completed
888,Reactive composite middleware,4,Brand Awareness,261339,2025-06-12,2026-10-08,Completed
889,Advanced well-modulated productivity,2,Brand Awareness,253979,2026-06-17,2026-09-24,Paused
890,Cloned needs-based installation,3,Lead Generation,76797,2025-12-27,2026-03-09,Completed
891,Cloned background firmware,1,Product Launch,410022,2025-03-02,2025-08-27,Paused
892,Reverse-engineered demand-driven project,5,Remarketing,178409,2024-09-10,2026-09-28,Active
893,Compatible eco-centric monitoring,1,Brand Awareness,474985,2024-08-08,2024-11-10,Paused
894,Synergistic 4thgeneration orchestration,1,Product Launch,164420,2024-10-22,2026-08-13,Active
895,Mandatory stable info-mediaries,5,Lead Generation,462935,2026-02-18,2026-05-14,Paused
896,Visionary responsive hierarchy,2,Product Launch,49987,2026-05-21,2026-09-23,Active
897,Open-source stable adapter,4,Sales,325118,2026-07-12,2026-07-31,Completed
898,Synergistic transitional portal,1,Sales,50226,2025-03-23,2025-06-12,Active
899,Triple-buffered non-volatile capability,3,Sales,432966,2026-05-05,2026-07-31,Completed
900,Cross-group secondary knowledge user,3,Product Launch,267791,2024-11-05,2025-08-06,Active
901,Phased 3rdgeneration help-desk,4,Sales,247171,2025-01-25,2025-02-26,Active
902,Synchronized solution-oriented strategy,3,Lead Generation,13402,2024-09-18,2025-03-05,Active
903,Digitized hybrid benchmark,2,Brand Awareness,109804,2025-08-05,2026-05-07,Completed
904,Down-sized uniform complexity,3,Remarketing,119981,2025-02-27,2026-04-28,Active
905,Persevering optimal concept,2,Sales,109971,2026-07-11,2026-07-24,Active
906,Future-proofed interactive infrastructure,2,Remarketing,114390,2024-09-06,2024-09-27,Active
907,Sharable foreground service-desk,2,Lead Generation,29372,2024-11-10,2025-09-23,Active
908,Polarized fault-tolerant contingency,5,Lead Generation,159877,2026-02-09,2026-06-12,Active
909,Object-based asymmetric collaboration,3,Brand Awareness,201560,2026-06-13,2026-06-13,Active
910,Proactive eco-centric circuit,2,Remarketing,247648,2025-01-25,2026-01-07,Paused
911,Reactive directional pricing structure,5,Lead Generation,156324,2025-04-17,2025-11-20,Completed
912,Virtual systematic capacity,2,Brand Awareness,360676,2026-03-31,2026-09-16,Active
913,Multi-lateral static time-frame,4,Product Launch,381754,2026-05-18,2026-05-25,Completed
914,Business-focused explicit artificial intelligence,2,Sales,424904,2025-03-03,2025-04-17,Paused
915,Multi-layered multi-tasking software,5,Brand Awareness,425715,2024-09-21,2026-05-19,Active
916,Automated exuding alliance,5,Brand Awareness,314468,2024-10-17,2025-05-03,Paused
917,Pre-emptive intermediate task-force,4,Lead Generation,41153,2024-12-06,2026-04-30,Paused
918,Innovative contextually-based solution,1,Lead Generation,236712,2025-04-26,2025-06-28,Paused
919,Adaptive attitude-oriented matrix,2,Sales,68486,2026-01-14,2026-07-01,Active
920,Cloned 24/7 info-mediaries,3,Remarketing,52710,2024-08-02,2025-03-23,Active
921,Multi-lateral composite alliance,5,Remarketing,431233,2025-03-17,2025-12-18,Active
922,Function-based composite projection,3,Brand Awareness,157583,2024-08-18,2026-03-03,Completed
923,Organic high-level matrices,1,Sales,176910,2025-04-01,2025-04-26,Completed
924,Fully-configurable optimal process improvement,3,Lead Generation,295124,2026-03-13,2026-09-18,Active
925,Horizontal contextually-based knowledge user,5,Remarketing,246392,2025-08-27,2026-05-08,Paused
926,Mandatory next generation framework,4,Lead Generation,403946,2025-05-21,2025-11-21,Active
927,Right-sized uniform ability,4,Sales,176438,2024-11-15,2026-03-25,Paused
928,Right-sized national model,3,Lead Generation,149383,2024-08-01,2026-01-17,Active
929,Front-line maximized monitoring,1,Product Launch,266894,2026-05-24,2026-07-23,Active
930,Right-sized tertiary budgetary management,4,Lead Generation,363218,2026-06-12,2026-09-22,Active
931,Extended zero-defect policy,3,Sales,250683,2025-11-11,2026-05-27,Completed
932,Vision-oriented fresh-thinking service-desk,3,Remarketing,36587,2026-06-07,2026-07-24,Paused
933,Implemented systemic encryption,5,Product Launch,294162,2024-10-16,2025-11-19,Completed
934,Organized tertiary data-warehouse,4,Brand Awareness,198801,2024-08-12,2026-09-11,Completed
935,Digitized maximized task-force,4,Product Launch,64378,2026-05-01,2026-07-25,Active
936,Robust 24hour standardization,1,Lead Generation,454399,2025-04-14,2025-05-29,Completed
937,Innovative web-enabled application,4,Sales,17553,2025-09-07,2026-01-03,Paused
938,Cloned interactive approach,5,Product Launch,392992,2024-10-30,2026-04-03,Completed
939,Business-focused national migration,2,Brand Awareness,422788,2025-09-19,2026-02-17,Paused
940,Diverse encompassing matrix,1,Brand Awareness,130768,2024-09-21,2026-01-19,Active
941,Profound solution-oriented groupware,3,Brand Awareness,135307,2026-03-22,2026-07-29,Active
942,Face-to-face attitude-oriented model,1,Remarketing,486538,2025-04-14,2026-03-25,Active
943,Multi-layered didactic policy,3,Remarketing,214745,2025-05-22,2025-09-19,Completed
944,Grass-roots bandwidth-monitored leverage,1,Sales,182303,2025-12-17,2026-09-07,Completed
945,Proactive logistical Graphical User Interface,5,Lead Generation,356015,2025-11-14,2026-06-12,Active
946,Persistent discrete functionalities,3,Lead Generation,351947,2025-11-28,2026-07-04,Active
947,Phased system-worthy help-desk,5,Sales,449910,2025-02-07,2025-11-30,Paused
948,Enterprise-wide secondary pricing structure,5,Sales,394357,2025-04-19,2025-07-27,Paused
949,Stand-alone bifurcated hub,1,Brand Awareness,236287,2026-06-21,2026-06-29,Active
950,Secured tertiary hub,4,Product Launch,238239,2025-05-08,2025-08-31,Paused
951,Visionary neutral knowledgebase,1,Product Launch,229256,2025-05-16,2026-10-15,Completed
952,Assimilated methodical process improvement,5,Sales,403889,2025-10-14,2026-09-30,Completed
953,Face-to-face discrete extranet,5,Sales,407366,2024-12-31,2026-01-06,Completed
954,Innovative web-enabled knowledgebase,4,Sales,314530,2025-05-27,2025-11-18,Active
955,Future-proofed neutral matrices,5,Brand Awareness,153321,2024-12-07,2026-03-26,Completed
956,Realigned discrete moderator,4,Product Launch,76624,2025-07-30,2026-03-27,Active
957,Virtual foreground data-warehouse,5,Remarketing,217336,2026-03-04,2026-08-16,Active
958,Down-sized global intranet,2,Product Launch,295108,2024-10-24,2025-09-04,Completed
959,Enterprise-wide local secured line,4,Sales,382581,2026-06-06,2026-08-02,Completed
960,Centralized intermediate core,2,Lead Generation,105165,2025-11-15,2026-05-22,Paused
961,Operative motivating system engine,4,Product Launch,369100,2025-04-08,2025-07-31,Paused
962,Mandatory demand-driven product,1,Sales,481526,2024-09-29,2025-11-21,Active
963,Upgradable fault-tolerant database,3,Sales,456415,2026-05-14,2026-09-04,Paused
964,Up-sized intangible hub,4,Sales,74726,2025-06-20,2025-07-07,Active
965,Down-sized mission-critical artificial intelligence,5,Product Launch,408904,2026-05-01,2026-08-12,Paused
966,Optimized zero administration interface,2,Brand Awareness,280447,2026-01-28,2026-10-08,Paused
967,Synergized mission-critical protocol,1,Product Launch,70710,2025-08-29,2026-03-02,Active
968,Universal full-range process improvement,4,Lead Generation,41542,2024-12-24,2025-09-08,Completed
969,Face-to-face even-keeled benchmark,1,Remarketing,242147,2026-05-11,2026-07-11,Active
970,Optional logistical leverage,2,Product Launch,213960,2025-12-02,2026-06-12,Completed
971,De-engineered modular software,1,Brand Awareness,381084,2026-05-20,2026-07-13,Completed
972,Switchable logistical array,2,Remarketing,102201,2025-04-15,2026-08-12,Completed
973,Advanced zero tolerance contingency,4,Sales,189276,2025-05-10,2026-04-25,Completed
974,Implemented analyzing ability,1,Lead Generation,111833,2025-07-22,2026-06-20,Paused
975,Integrated human-resource emulation,1,Sales,480005,2024-11-18,2025-11-27,Paused
976,Persistent well-modulated secured line,1,Lead Generation,200967,2024-11-14,2026-01-25,Active
977,Secured asynchronous knowledge user,4,Remarketing,113729,2025-05-31,2026-08-06,Completed
978,Intuitive human-resource implementation,1,Brand Awareness,461853,2025-03-24,2026-03-10,Active
979,Versatile demand-driven middleware,2,Brand Awareness,60521,2025-06-16,2026-03-30,Active
980,Diverse bifurcated installation,5,Product Launch,286436,2026-05-11,2026-08-06,Active
981,Multi-lateral demand-driven core,5,Product Launch,359883,2024-09-21,2026-04-28,Active
982,Digitized composite benchmark,2,Brand Awareness,340288,2025-05-10,2026-08-22,Completed
983,Switchable exuding approach,3,Product Launch,90192,2024-09-03,2025-08-01,Completed
984,Focused content-based application,2,Sales,364025,2025-07-22,2025-10-03,Completed
985,Up-sized scalable definition,5,Remarketing,60196,2024-11-05,2025-02-20,Paused
986,Total value-added strategy,3,Brand Awareness,375687,2025-11-21,2025-12-04,Paused
987,Phased analyzing time-frame,5,Remarketing,195736,2025-11-06,2026-03-20,Paused
988,Multi-channeled intangible solution,3,Remarketing,249974,2025-12-24,2026-07-07,Completed
989,Team-oriented well-modulated leverage,5,Lead Generation,266906,2025-02-03,2026-04-28,Completed
990,Reduced impactful utilization,5,Brand Awareness,442531,2024-10-10,2025-03-03,Completed
991,Future-proofed actuating architecture,5,Sales,332467,2025-09-11,2025-12-18,Active
992,Business-focused multi-state database,1,Sales,166585,2026-01-22,2026-08-06,Active
993,Secured reciprocal product,3,Sales,92861,2025-07-28,2026-07-29,Active
994,Organized dynamic model,3,Lead Generation,214605,2025-10-03,2026-01-11,Paused
995,Fundamental neutral complexity,2,Remarketing,480841,2025-11-06,2025-12-04,Completed
996,Total modular monitoring,3,Lead Generation,434347,2026-04-28,2026-08-13,Paused
997,Assimilated actuating software,1,Product Launch,175932,2026-07-03,2026-08-26,Paused
998,Devolved 4thgeneration access,2,Brand Awareness,467750,2024-12-18,2026-04-06,Active
999,Centralized context-sensitive firmware,1,Lead Generation,399533,2025-06-04,2026-04-22,Paused
1000,Cross-group intangible encryption,3,Product Launch,308313,2026-01-15,2026-07-07,Completed
1001,Configurable regional interface,4,Product Launch,39904,2024-07-31,2025-09-09,Completed
1002,Public-key mobile structure,2,Lead Generation,386735,2025-03-28,2025-09-27,Active
1003,Organized bi-directional middleware,2,Sales,17401,2025-12-25,2026-05-26,Paused
1004,Team-oriented discrete project,3,Remarketing,47375,2026-06-26,2026-09-17,Paused
1005,Assimilated radical system engine,4,Lead Generation,100521,2025-04-28,2026-03-04,Paused
1006,Digitized logistical extranet,4,Remarketing,389760,2026-05-19,2026-06-01,Completed
1007,Exclusive content-based conglomeration,3,Sales,439996,2026-03-22,2026-07-31,Paused
1008,Seamless static portal,4,Brand Awareness,280017,2025-08-13,2025-12-02,Completed
1009,Monitored background capability,2,Remarketing,394061,2026-04-05,2026-09-20,Paused
1010,Robust tertiary structure,5,Remarketing,223544,2025-08-19,2026-09-23,Paused
1011,Programmable 24hour strategy,2,Remarketing,283918,2024-09-14,2026-02-13,Paused
1012,Realigned cohesive complexity,4,Brand Awareness,435963,2025-03-07,2025-09-18,Completed
1013,Pre-emptive even-keeled capability,3,Lead Generation,412622,2025-08-27,2026-06-23,Completed
1014,User-centric zero-defect encoding,1,Sales,134121,2026-03-02,2026-04-29,Paused
1015,Enterprise-wide didactic moratorium,3,Sales,339220,2026-04-25,2026-07-12,Paused
1016,Open-source zero-defect structure,3,Brand Awareness,396999,2026-04-09,2026-05-10,Paused
1017,Open-architected composite alliance,4,Brand Awareness,393592,2025-11-12,2026-04-12,Completed
1018,Operative intangible attitude,2,Remarketing,283062,2026-05-26,2026-06-21,Active
1019,Persevering needs-based help-desk,5,Remarketing,237536,2024-08-09,2025-01-24,Completed
1020,Pre-emptive system-worthy help-desk,4,Sales,472973,2025-10-30,2026-10-07,Completed
1021,User-friendly bandwidth-monitored projection,4,Lead Generation,178140,2026-05-14,2026-08-22,Paused
1022,Streamlined 5thgeneration moderator,1,Sales,344466,2025-09-14,2026-07-07,Completed
1023,Re-contextualized high-level moratorium,5,Brand Awareness,376800,2025-09-07,2026-09-27,Paused
1024,Balanced 24hour emulation,4,Product Launch,295000,2024-12-13,2026-02-28,Active
1025,Synchronized cohesive matrix,4,Sales,344979,2026-07-11,2026-07-21,Active
1026,Centralized grid-enabled matrices,2,Brand Awareness,329752,2025-11-25,2026-08-05,Completed
1027,Synergistic didactic core,5,Remarketing,219091,2025-06-30,2025-07-21,Paused
1028,Multi-channeled well-modulated function,3,Brand Awareness,75272,2025-01-01,2026-08-23,Completed
1029,Networked bi-directional interface,4,Brand Awareness,445541,2024-11-30,2026-08-25,Paused
1030,Centralized bi-directional methodology,3,Lead Generation,262359,2024-12-15,2025-12-09,Paused
1031,Adaptive even-keeled knowledgebase,5,Lead Generation,471637,2024-09-13,2026-03-13,Paused
1032,Centralized regional toolset,1,Lead Generation,144878,2026-02-28,2026-08-05,Paused
1033,Cross-group exuding encoding,1,Product Launch,134937,2025-02-22,2026-04-24,Completed
1034,Self-enabling national alliance,2,Remarketing,55682,2025-06-18,2026-09-10,Active
1035,Focused multi-state complexity,5,Product Launch,32115,2026-06-28,2026-09-10,Completed
1036,Front-line empowering methodology,2,Lead Generation,306196,2025-06-23,2026-02-25,Completed
1037,Phased tertiary website,1,Brand Awareness,213381,2024-11-10,2025-08-30,Active
1038,Robust fresh-thinking analyzer,4,Remarketing,481367,2026-02-16,2026-04-21,Paused
1039,Down-sized contextually-based approach,5,Brand Awareness,191104,2026-04-01,2026-07-13,Active
1040,Upgradable bi-directional data-warehouse,4,Sales,246760,2025-02-27,2026-09-17,Completed
1041,Customer-focused cohesive support,4,Sales,175120,2025-05-29,2026-05-20,Completed
1042,Enhanced non-volatile monitoring,3,Brand Awareness,383021,2026-07-08,2026-08-12,Paused
1043,Profound mission-critical product,3,Lead Generation,438269,2024-12-25,2025-12-19,Active
1044,De-engineered bottom-line success,4,Brand Awareness,364526,2025-07-15,2025-10-28,Active
1045,Team-oriented logistical core,3,Brand Awareness,195844,2026-02-18,2026-07-18,Completed
1046,Open-source maximized service-desk,3,Sales,317407,2026-01-30,2026-07-12,Active
1047,Configurable high-level database,4,Brand Awareness,257534,2025-04-11,2026-01-02,Paused
1048,Expanded multi-state Graphic Interface,1,Lead Generation,442153,2025-02-20,2025-11-19,Active
1049,Compatible secondary artificial intelligence,2,Lead Generation,413998,2026-06-13,2026-08-07,Active
1050,Customizable cohesive project,4,Product Launch,250342,2026-03-01,2026-04-20,Paused
1051,Integrated object-oriented middleware,4,Sales,379676,2026-02-07,2026-06-01,Completed
1052,Integrated maximized capability,4,Sales,135467,2026-02-09,2026-02-21,Completed
1053,Cross-group global installation,3,Sales,479137,2025-06-16,2026-03-22,Active
1054,Balanced global methodology,5,Remarketing,146460,2026-06-26,2026-09-19,Active
1055,Configurable systemic analyzer,2,Product Launch,458180,2025-04-23,2026-01-08,Completed
1056,Enterprise-wide transitional capability,4,Lead Generation,161083,2025-12-14,2026-06-04,Active
1057,Visionary optimizing interface,5,Remarketing,120164,2025-03-03,2025-11-25,Paused
1058,Total value-added moratorium,2,Product Launch,348754,2026-06-25,2026-10-04,Completed
1059,Multi-layered heuristic orchestration,2,Brand Awareness,451983,2024-10-22,2025-07-08,Paused
1060,Persistent holistic process improvement,4,Lead Generation,374952,2025-07-25,2026-08-25,Active
1061,Synchronized bottom-line knowledgebase,2,Product Launch,147296,2026-03-25,2026-09-16,Completed
1062,Centralized neutral standardization,3,Product Launch,432564,2026-05-27,2026-06-23,Active
1063,Cross-group leadingedge time-frame,4,Lead Generation,357232,2025-04-03,2026-07-12,Paused
1064,Reduced impactful hub,4,Lead Generation,458312,2026-04-19,2026-09-08,Completed
1065,Integrated logistical methodology,2,Brand Awareness,262534,2025-01-08,2025-11-19,Paused
1066,Advanced zero-defect initiative,5,Product Launch,81479,2026-01-21,2026-05-31,Paused
1067,Multi-layered context-sensitive approach,2,Brand Awareness,343252,2025-03-13,2025-08-15,Completed
1068,Persevering empowering hub,2,Lead Generation,147382,2024-09-03,2025-08-25,Completed
1069,Realigned zero administration workforce,2,Remarketing,13317,2025-01-04,2025-02-04,Paused
1070,Distributed 5thgeneration artificial intelligence,3,Sales,391118,2024-10-25,2026-04-28,Active
1071,Switchable secondary matrix,2,Product Launch,270487,2026-06-20,2026-07-15,Paused
1072,Multi-channeled foreground policy,2,Remarketing,280352,2026-05-27,2026-09-20,Active
1073,Digitized even-keeled secured line,4,Lead Generation,203535,2025-10-10,2026-10-10,Active
1074,Networked zero administration toolset,5,Brand Awareness,266383,2025-12-10,2026-10-02,Completed
1075,Sharable tertiary artificial intelligence,5,Brand Awareness,301638,2026-03-02,2026-07-10,Completed
1076,Sharable well-modulated artificial intelligence,1,Brand Awareness,391588,2026-02-17,2026-03-29,Active
1077,Right-sized asymmetric architecture,5,Sales,359855,2025-03-10,2026-06-14,Paused
1078,De-engineered empowering solution,4,Remarketing,118853,2025-06-09,2025-09-29,Active
1079,Optimized 6thgeneration benchmark,2,Lead Generation,98829,2025-01-30,2026-04-12,Paused
1080,Exclusive local firmware,2,Remarketing,320005,2024-09-27,2024-12-04,Paused
1081,Innovative needs-based info-mediaries,1,Product Launch,79259,2025-03-19,2025-12-26,Paused
1082,Cloned regional access,2,Product Launch,58500,2025-06-10,2026-10-12,Active
1083,Seamless scalable instruction set,5,Product Launch,89200,2025-07-10,2026-09-16,Active
1084,Organic discrete adapter,3,Sales,21613,2025-05-18,2025-12-11,Active
1085,Right-sized 24/7 service-desk,4,Sales,110043,2024-09-15,2026-07-13,Paused
1086,Operative zero administration methodology,4,Product Launch,444128,2026-04-26,2026-05-22,Active
1087,Networked value-added paradigm,4,Product Launch,225284,2026-07-03,2026-09-27,Active
1088,Sharable object-oriented installation,1,Remarketing,335209,2026-01-18,2026-03-02,Paused
1089,Optimized national monitoring,1,Sales,364892,2026-02-10,2026-06-28,Completed
1090,Cross-group eco-centric protocol,3,Remarketing,106892,2024-10-15,2024-12-04,Active
1091,User-centric mobile algorithm,3,Brand Awareness,31788,2024-12-17,2025-12-24,Completed
1092,Multi-layered non-volatile website,3,Sales,189879,2026-06-07,2026-08-02,Active
1093,Synergized foreground customer loyalty,4,Lead Generation,497154,2026-04-09,2026-09-25,Paused
1094,Customizable system-worthy policy,5,Brand Awareness,159402,2024-12-07,2025-11-04,Active
1095,Intuitive hybrid functionalities,3,Sales,58841,2025-09-18,2025-10-17,Completed
1096,Optimized 4thgeneration knowledge user,2,Remarketing,155956,2026-06-16,2026-10-04,Completed
1097,Persistent attitude-oriented array,2,Sales,466977,2025-03-21,2026-04-12,Paused
1098,Enhanced contextually-based toolset,5,Product Launch,345351,2025-02-22,2026-08-03,Completed
1099,Business-focused holistic installation,5,Product Launch,295832,2025-03-26,2026-02-26,Paused
1100,Cross-platform solution-oriented methodology,5,Brand Awareness,107520,2026-06-16,2026-10-04,Active
1101,Reduced zero administration installation,5,Product Launch,131258,2024-08-17,2025-09-02,Active
1102,Vision-oriented scalable focus group,3,Product Launch,101891,2025-01-15,2026-09-02,Paused
1103,Phased context-sensitive ability,4,Sales,20896,2026-03-03,2026-09-15,Paused
1104,Advanced logistical leverage,4,Product Launch,243305,2024-12-06,2026-02-28,Completed
1105,Total neutral analyzer,4,Remarketing,56479,2026-06-10,2026-09-26,Active
1106,Re-engineered asynchronous moratorium,2,Sales,184421,2026-03-12,2026-05-17,Completed
1107,Self-enabling 3rdgeneration array,4,Remarketing,230666,2026-01-05,2026-10-11,Completed
1108,Self-enabling user-facing process improvement,2,Sales,367328,2025-12-12,2026-01-14,Completed
1109,Virtual secondary info-mediaries,1,Remarketing,92063,2026-05-09,2026-08-10,Paused
1110,Managed secondary complexity,1,Remarketing,217207,2024-09-04,2024-09-13,Paused
1111,Mandatory well-modulated access,1,Product Launch,149400,2025-02-01,2025-02-11,Active
1112,Function-based composite flexibility,1,Product Launch,396060,2025-03-13,2025-03-16,Paused
1113,Synchronized local challenge,1,Product Launch,472581,2024-11-30,2026-03-15,Paused
1114,Pre-emptive tertiary Internet solution,2,Lead Generation,50191,2026-02-20,2026-09-23,Active
1115,Future-proofed impactful open architecture,5,Product Launch,35667,2025-08-16,2026-08-04,Completed
1116,Total modular intranet,1,Remarketing,366188,2024-07-25,2025-01-18,Completed
1117,Self-enabling heuristic standardization,2,Product Launch,226799,2025-04-28,2025-10-31,Completed
1118,Universal bi-directional toolset,2,Remarketing,101274,2024-09-24,2026-06-19,Completed
1119,Integrated hybrid array,5,Sales,277040,2026-04-07,2026-07-04,Completed
1120,Switchable hybrid infrastructure,5,Brand Awareness,434802,2026-01-21,2026-08-29,Active
1121,Public-key executive open system,1,Sales,228146,2025-07-17,2025-10-18,Active
1122,Digitized leadingedge product,1,Lead Generation,12143,2025-05-29,2026-04-10,Completed
1123,Monitored impactful groupware,1,Product Launch,240818,2025-04-16,2025-12-01,Completed
1124,Decentralized demand-driven open architecture,2,Brand Awareness,435364,2025-04-24,2026-07-04,Paused
1125,Multi-channeled fresh-thinking parallelism,4,Remarketing,202417,2024-10-23,2025-11-06,Active
1126,Progressive discrete hierarchy,4,Lead Generation,47532,2025-11-17,2026-08-11,Active
1127,Re-engineered tangible artificial intelligence,1,Brand Awareness,246224,2025-12-28,2026-03-11,Paused
1128,Face-to-face bottom-line budgetary management,1,Product Launch,91513,2026-06-09,2026-08-20,Active
1129,Persistent background standardization,5,Remarketing,29978,2024-07-22,2025-06-07,Active
1130,Digitized well-modulated productivity,3,Lead Generation,76646,2025-12-28,2026-09-23,Completed
1131,Extended human-resource hub,3,Brand Awareness,230418,2025-09-09,2026-03-13,Paused
1132,Reverse-engineered intermediate implementation,3,Sales,490740,2025-09-23,2025-09-26,Paused
1133,Face-to-face cohesive architecture,1,Remarketing,174994,2025-10-01,2026-05-20,Completed
1134,Automated cohesive complexity,2,Product Launch,194614,2026-07-16,2026-07-21,Active
1135,Synergized solution-oriented complexity,3,Remarketing,432603,2025-04-25,2026-09-22,Paused
1136,Intuitive methodical knowledge user,5,Remarketing,288986,2024-10-23,2025-07-22,Active
1137,Front-line real-time budgetary management,4,Product Launch,139766,2024-11-17,2026-06-27,Paused
1138,Diverse intermediate collaboration,5,Product Launch,461500,2025-02-17,2026-06-18,Paused
1139,Adaptive multimedia encryption,5,Sales,100514,2026-03-24,2026-06-14,Completed
1140,Distributed tertiary solution,3,Remarketing,162162,2025-08-29,2026-06-02,Completed
1141,Vision-oriented hybrid adapter,5,Remarketing,153727,2026-05-19,2026-09-03,Completed
1142,Optimized neutral info-mediaries,2,Brand Awareness,125771,2025-05-18,2025-07-14,Active
1143,Implemented 24/7 circuit,3,Brand Awareness,327449,2026-02-02,2026-03-16,Active
1144,Switchable grid-enabled implementation,5,Sales,349840,2025-11-14,2026-05-23,Completed
1145,Integrated context-sensitive contingency,5,Remarketing,385620,2025-09-07,2026-03-02,Paused
1146,Inverse multi-state customer loyalty,2,Product Launch,451223,2025-01-18,2025-08-14,Active
1147,User-centric impactful customer loyalty,3,Remarketing,380016,2026-03-01,2026-07-06,Completed
1148,Vision-oriented neutral portal,1,Product Launch,464410,2025-08-16,2026-07-07,Active
1149,Assimilated attitude-oriented workforce,2,Product Launch,40083,2026-06-19,2026-08-09,Paused
1150,Enterprise-wide asynchronous archive,4,Brand Awareness,421712,2025-10-22,2026-09-02,Completed
1151,Switchable discrete projection,1,Remarketing,403842,2024-09-05,2024-12-06,Completed
1152,Decentralized bifurcated flexibility,5,Sales,210660,2026-05-31,2026-09-12,Active
1153,Fully-configurable heuristic challenge,3,Brand Awareness,451912,2025-04-12,2025-07-04,Active
1154,Distributed 5thgeneration hub,3,Remarketing,164354,2024-12-23,2026-08-15,Paused
1155,Expanded full-range application,3,Brand Awareness,165226,2025-05-25,2026-03-08,Active
1156,Universal demand-driven knowledge user,5,Remarketing,274170,2024-12-02,2026-02-25,Paused
1157,Open-source object-oriented structure,2,Lead Generation,105634,2025-10-08,2026-10-07,Paused
1158,Reduced eco-centric initiative,5,Lead Generation,18346,2025-04-15,2026-02-22,Active
1159,Optional optimizing project,4,Product Launch,283446,2025-10-18,2025-11-20,Paused
1160,Organic heuristic knowledgebase,2,Lead Generation,278455,2025-06-26,2026-06-08,Completed
1161,Seamless 24hour task-force,5,Brand Awareness,112260,2025-06-12,2025-12-25,Completed
1162,Profit-focused incremental algorithm,1,Product Launch,245713,2026-01-09,2026-09-16,Paused
1163,Focused well-modulated access,3,Sales,332355,2025-08-08,2026-04-21,Paused
1164,Open-architected executive core,4,Remarketing,398833,2026-03-19,2026-09-16,Active
1165,Cloned web-enabled customer loyalty,1,Sales,240813,2025-10-07,2026-02-11,Completed
1166,Optional bifurcated process improvement,1,Remarketing,213449,2025-07-16,2025-08-24,Paused
1167,Polarized 5thgeneration structure,4,Brand Awareness,79375,2026-04-06,2026-06-03,Completed
1168,Future-proofed user-facing functionalities,4,Lead Generation,181545,2025-03-22,2025-09-11,Paused
1169,Extended zero administration alliance,4,Sales,460664,2026-02-26,2026-03-07,Active
1170,Pre-emptive impactful portal,1,Remarketing,40014,2025-07-06,2026-05-06,Completed
1171,Enhanced didactic model,2,Lead Generation,333063,2025-07-26,2026-04-30,Completed
1172,Extended national flexibility,1,Brand Awareness,400997,2025-10-09,2026-01-18,Completed
1173,Profound executive forecast,2,Product Launch,165497,2025-08-28,2026-02-25,Completed
1174,Advanced 24/7 architecture,1,Sales,472325,2024-11-06,2025-10-21,Completed
1175,Extended client-driven parallelism,3,Brand Awareness,252863,2025-01-10,2026-09-19,Active
1176,Innovative asymmetric open system,2,Remarketing,160373,2024-08-29,2026-09-13,Active
1177,Networked national infrastructure,1,Brand Awareness,186716,2026-01-30,2026-02-03,Completed
1178,Phased non-volatile customer loyalty,2,Brand Awareness,222671,2026-05-23,2026-07-31,Completed
1179,Diverse multimedia attitude,2,Sales,481122,2025-04-01,2025-06-14,Completed
1180,Open-source web-enabled matrix,5,Remarketing,358295,2025-10-05,2025-11-23,Active
1181,Intuitive zero administration hub,3,Brand Awareness,301365,2025-05-31,2026-06-12,Completed
1182,Team-oriented composite application,2,Brand Awareness,489802,2026-03-02,2026-09-24,Paused
1183,Right-sized neutral functionalities,4,Sales,416679,2026-04-26,2026-08-23,Active
1184,Triple-buffered 6thgeneration orchestration,3,Brand Awareness,145897,2024-12-13,2025-09-05,Paused
1185,Automated responsive secured line,1,Remarketing,352242,2026-02-19,2026-08-17,Completed
1186,Multi-channeled responsive Graphic Interface,4,Lead Generation,262760,2026-06-05,2026-08-25,Completed
1187,Reverse-engineered hybrid standardization,1,Brand Awareness,95851,2025-10-14,2026-10-06,Completed
1188,Optimized radical open architecture,2,Sales,415633,2025-05-13,2026-09-10,Paused
1189,Multi-channeled intangible website,4,Sales,246263,2025-09-12,2026-05-20,Completed
1190,Quality-focused methodical moratorium,2,Product Launch,253496,2025-12-17,2026-07-05,Active
1191,Versatile exuding data-warehouse,3,Brand Awareness,268785,2024-10-14,2026-01-23,Paused
1192,Front-line directional firmware,2,Sales,32295,2026-06-10,2026-09-01,Paused
1193,Enhanced coherent circuit,2,Product Launch,394655,2025-02-09,2026-07-19,Completed
1194,Multi-tiered fault-tolerant framework,1,Lead Generation,142103,2025-12-23,2026-09-30,Completed
1195,Customizable holistic projection,3,Product Launch,492179,2025-12-23,2026-09-04,Paused
1196,Customizable optimal analyzer,1,Remarketing,410111,2026-02-16,2026-07-31,Paused
1197,Open-source 24hour leverage,5,Product Launch,443615,2026-06-18,2026-10-02,Active
1198,Multi-lateral user-facing functionalities,4,Lead Generation,380717,2024-08-06,2026-02-24,Completed
1199,Customer-focused fresh-thinking conglomeration,2,Brand Awareness,229094,2024-09-07,2026-01-04,Active
1200,Re-contextualized transitional collaboration,3,Sales,288778,2025-03-07,2026-01-04,Paused
1201,Horizontal multi-tasking analyzer,3,Remarketing,471551,2026-02-21,2026-08-13,Completed
1202,Managed 5thgeneration architecture,4,Sales,239815,2024-07-23,2025-11-09,Paused
1203,Organic reciprocal budgetary management,2,Brand Awareness,460242,2025-01-30,2026-03-23,Active
1204,Realigned zero tolerance Internet solution,4,Sales,35701,2026-06-16,2026-08-02,Active
1205,Mandatory 4thgeneration definition,1,Brand Awareness,178694,2025-12-19,2026-03-31,Paused
1206,Extended optimizing function,5,Brand Awareness,278608,2025-07-06,2026-02-11,Active
1207,Upgradable value-added algorithm,2,Product Launch,122156,2026-02-15,2026-07-06,Completed
1208,Progressive methodical strategy,5,Lead Generation,407888,2026-06-12,2026-08-02,Paused
1209,Phased grid-enabled portal,5,Sales,190832,2024-11-10,2026-03-09,Paused
1210,User-centric even-keeled alliance,1,Product Launch,236586,2025-08-06,2026-08-30,Paused
1211,Customer-focused contextually-based solution,2,Brand Awareness,140487,2025-11-14,2026-04-26,Active
1212,Ergonomic static software,2,Sales,474869,2026-01-07,2026-01-15,Active
1213,Total solution-oriented complexity,2,Remarketing,76385,2025-07-27,2026-06-23,Completed
1214,Horizontal optimizing access,5,Remarketing,71177,2025-06-17,2025-06-18,Paused
1215,Organic didactic Graphical User Interface,3,Product Launch,225741,2025-04-07,2026-02-15,Active
1216,Triple-buffered web-enabled superstructure,4,Product Launch,128517,2025-04-10,2026-09-01,Paused
1217,Automated content-based strategy,3,Product Launch,372901,2025-04-08,2026-07-30,Paused
1218,Seamless human-resource functionalities,3,Brand Awareness,321849,2025-02-24,2025-06-19,Active
1219,Down-sized systemic attitude,1,Remarketing,400061,2024-08-07,2024-08-28,Active
1220,Visionary didactic info-mediaries,1,Lead Generation,406943,2026-04-21,2026-07-04,Completed
1221,Virtual user-facing application,1,Product Launch,478796,2024-08-05,2026-04-01,Active
1222,Synergized methodical customer loyalty,2,Sales,140446,2025-01-30,2025-11-21,Paused
1223,Cross-group eco-centric protocol,5,Sales,190634,2025-12-10,2026-04-18,Completed
1224,Upgradable homogeneous Internet solution,5,Product Launch,486345,2025-02-06,2025-02-10,Active
1225,Managed discrete Graphical User Interface,1,Brand Awareness,438058,2024-12-28,2025-02-08,Completed
1226,Robust maximized help-desk,2,Brand Awareness,477314,2026-07-16,2026-08-29,Completed
1227,Devolved full-range architecture,1,Lead Generation,140602,2025-12-21,2026-03-08,Active
1228,Total content-based artificial intelligence,2,Sales,193465,2024-09-19,2025-07-27,Paused
1229,Customer-focused full-range monitoring,1,Brand Awareness,388891,2025-08-30,2026-06-16,Completed
1230,Intuitive bottom-line matrix,1,Brand Awareness,417849,2026-02-04,2026-07-24,Active
1231,Programmable asymmetric focus group,5,Sales,151604,2025-02-21,2025-09-06,Paused
1232,Profit-focused 4thgeneration groupware,3,Brand Awareness,71695,2025-10-04,2026-06-26,Active
1233,Cloned hybrid alliance,5,Brand Awareness,22891,2025-12-14,2026-06-08,Completed
1234,Cross-platform dynamic capability,5,Brand Awareness,24891,2025-05-13,2025-12-23,Active
1235,Compatible 24/7 algorithm,1,Remarketing,224156,2025-03-09,2025-06-28,Completed
1236,Synchronized tangible complexity,1,Remarketing,443158,2025-03-28,2026-03-19,Paused
1237,Intuitive mission-critical middleware,1,Sales,171801,2025-09-29,2025-12-27,Paused
1238,Customizable heuristic moderator,5,Lead Generation,415108,2026-01-24,2026-03-08,Paused
1239,Open-source composite standardization,1,Product Launch,145754,2024-08-16,2025-05-28,Completed
1240,Polarized clear-thinking capability,1,Product Launch,499394,2025-05-29,2026-06-14,Paused
1241,Self-enabling value-added architecture,2,Lead Generation,248357,2025-06-21,2025-07-18,Paused
1242,Fundamental 6thgeneration hub,4,Sales,415292,2026-02-20,2026-05-23,Paused
1243,Centralized holistic hub,5,Brand Awareness,97743,2025-03-14,2025-06-19,Paused
1244,Universal hybrid open architecture,2,Remarketing,355724,2024-08-01,2025-02-14,Paused
1245,User-centric hybrid protocol,5,Product Launch,260913,2026-02-23,2026-05-07,Completed
1246,Expanded interactive hierarchy,2,Lead Generation,483894,2024-12-09,2026-03-08,Paused
1247,Reduced next generation open architecture,2,Product Launch,329699,2025-01-26,2026-07-11,Active
1248,Diverse bandwidth-monitored functionalities,4,Lead Generation,382403,2026-03-24,2026-05-08,Active
1249,Horizontal multi-state groupware,4,Sales,476392,2026-04-18,2026-07-16,Active
1250,Compatible multi-state project,3,Brand Awareness,110650,2026-06-01,2026-09-17,Completed
1251,Compatible tertiary infrastructure,5,Lead Generation,418669,2025-06-03,2025-07-19,Active
1252,Mandatory mobile moderator,3,Sales,58023,2026-05-23,2026-07-10,Completed
1253,Synergized content-based ability,4,Brand Awareness,33664,2025-03-16,2026-05-23,Active
1254,Persistent web-enabled capability,2,Sales,267653,2026-05-08,2026-08-26,Completed
1255,Robust leadingedge matrix,1,Lead Generation,474839,2025-04-17,2025-10-28,Active
1256,Down-sized didactic migration,4,Remarketing,463984,2025-11-23,2026-03-08,Active
1257,Automated client-server Internet solution,2,Sales,205911,2025-02-13,2025-05-19,Paused
1258,Public-key bi-directional synergy,1,Lead Generation,215070,2024-10-07,2026-07-28,Paused
1259,Multi-channeled 3rdgeneration open architecture,3,Lead Generation,281918,2024-09-01,2025-09-11,Paused
1260,Multi-channeled zero-defect hub,1,Product Launch,245195,2025-04-25,2025-08-10,Active
1261,Synergized neutral matrices,5,Lead Generation,356972,2025-09-15,2026-03-15,Active
1262,Up-sized user-facing extranet,3,Remarketing,76746,2024-12-06,2026-02-28,Paused
1263,Persevering secondary analyzer,2,Sales,17943,2025-03-06,2025-07-19,Completed
1264,Persistent didactic implementation,1,Product Launch,294525,2026-03-20,2026-04-08,Completed
1265,Re-engineered mobile help-desk,4,Brand Awareness,40191,2024-10-23,2026-05-20,Paused
1266,Multi-channeled multi-tasking parallelism,1,Lead Generation,469531,2025-03-26,2026-10-02,Active
1267,Down-sized didactic moderator,1,Sales,385927,2025-01-01,2025-10-23,Completed
1268,Synergistic maximized focus group,1,Brand Awareness,165667,2026-03-09,2026-03-17,Active
1269,Reactive eco-centric paradigm,2,Sales,23068,2025-03-31,2025-11-11,Completed
1270,Business-focused disintermediate system engine,5,Sales,353155,2024-09-30,2025-09-26,Active
1271,Cloned intermediate forecast,4,Remarketing,79451,2024-07-30,2025-03-01,Paused
1272,Switchable eco-centric core,1,Lead Generation,407698,2026-03-09,2026-05-01,Active
1273,Optimized incremental ability,1,Brand Awareness,409634,2024-08-04,2025-08-16,Active
1274,Open-architected full-range installation,2,Brand Awareness,194429,2026-04-21,2026-05-24,Paused
1275,Reactive multi-state help-desk,5,Brand Awareness,164335,2026-03-15,2026-07-04,Completed
1276,Right-sized logistical benchmark,1,Sales,19807,2026-05-15,2026-08-30,Paused
1277,Seamless needs-based hierarchy,4,Remarketing,250941,2025-01-27,2025-04-07,Completed
1278,Advanced actuating archive,2,Remarketing,230017,2026-03-20,2026-08-31,Active
1279,Streamlined executive encryption,2,Lead Generation,237336,2025-06-03,2026-10-08,Active
1280,Multi-layered interactive website,2,Brand Awareness,302592,2025-12-21,2026-07-05,Active
1281,Balanced transitional installation,2,Product Launch,322492,2024-08-14,2026-10-11,Paused
1282,Vision-oriented holistic strategy,5,Brand Awareness,302474,2024-11-25,2025-02-12,Paused
1283,Exclusive system-worthy open architecture,2,Sales,96648,2025-10-07,2025-11-22,Completed
1284,De-engineered regional framework,4,Remarketing,148959,2025-01-28,2026-04-11,Completed
1285,Monitored discrete hardware,4,Sales,123626,2026-05-19,2026-06-27,Active
1286,Polarized foreground knowledge user,4,Lead Generation,99618,2026-06-26,2026-10-07,Completed
1287,Distributed bottom-line projection,3,Remarketing,162173,2025-01-19,2025-11-10,Active
1288,User-centric bi-directional pricing structure,3,Brand Awareness,384321,2024-07-30,2025-12-29,Completed
1289,Front-line 3rdgeneration projection,2,Remarketing,240163,2026-06-08,2026-09-22,Paused
1290,Balanced bandwidth-monitored open system,2,Remarketing,458007,2025-12-08,2026-04-26,Active
1291,User-friendly leadingedge strategy,4,Product Launch,282610,2024-09-23,2025-09-22,Active
1292,Universal client-server help-desk,5,Lead Generation,429814,2025-10-30,2026-08-30,Active
1293,Pre-emptive context-sensitive support,2,Lead Generation,390110,2025-11-15,2026-03-20,Completed
1294,Pre-emptive user-facing superstructure,2,Product Launch,180975,2025-09-11,2025-10-19,Paused
1295,Grass-roots mobile moratorium,3,Remarketing,23134,2024-10-12,2025-02-20,Paused
1296,Fundamental context-sensitive data-warehouse,5,Product Launch,336705,2025-12-01,2026-09-06,Active
1297,Profit-focused tangible time-frame,5,Brand Awareness,481618,2025-04-24,2026-05-29,Active
1298,Reduced full-range model,2,Product Launch,78046,2026-02-14,2026-07-19,Active
1299,Seamless client-server contingency,5,Product Launch,469161,2025-11-10,2026-02-18,Paused
1300,De-engineered transitional secured line,1,Lead Generation,474787,2025-09-05,2026-02-06,Completed
1301,Implemented bi-directional monitoring,2,Remarketing,14042,2025-08-08,2026-02-23,Paused
1302,Future-proofed client-server moderator,4,Brand Awareness,416535,2026-06-07,2026-06-23,Paused
1303,Versatile asymmetric Graphical User Interface,4,Brand Awareness,186294,2024-09-16,2026-06-22,Completed
1304,Multi-channeled fault-tolerant paradigm,3,Lead Generation,32245,2024-12-03,2025-07-11,Completed
1305,Pre-emptive next generation encryption,2,Remarketing,305466,2025-02-23,2026-09-19,Active
1306,Ameliorated value-added toolset,5,Remarketing,143663,2025-03-05,2026-04-07,Completed
1307,Intuitive systematic analyzer,1,Brand Awareness,131292,2025-10-22,2026-09-09,Paused
1308,Realigned composite knowledge user,5,Sales,145426,2024-11-21,2026-06-18,Paused
1309,Extended mobile Local Area Network,2,Remarketing,127932,2025-02-06,2025-11-03,Completed
1310,Intuitive asynchronous benchmark,4,Sales,334693,2025-05-16,2026-03-31,Paused
1311,Triple-buffered methodical attitude,3,Product Launch,498630,2025-04-24,2025-05-02,Completed
1312,Cloned composite neural-net,5,Lead Generation,308845,2025-04-28,2026-04-27,Paused
1313,Inverse bifurcated moderator,3,Sales,261551,2026-02-03,2026-02-12,Paused
1314,Implemented directional intranet,4,Lead Generation,347253,2025-08-09,2025-11-09,Active
1315,Open-source well-modulated Graphical User Interface,1,Lead Generation,289239,2025-04-01,2025-05-09,Paused
1316,Organized logistical success,4,Sales,291495,2025-12-05,2026-07-31,Completed
1317,Optimized holistic model,4,Sales,459378,2026-01-15,2026-09-23,Paused
1318,Fully-configurable disintermediate standardization,2,Sales,312347,2025-09-09,2026-08-17,Paused
1319,Reactive actuating secured line,4,Product Launch,379377,2025-03-03,2026-07-09,Completed
1320,Ameliorated 4thgeneration focus group,1,Product Launch,452661,2026-02-03,2026-06-13,Completed
1321,Cross-platform full-range focus group,3,Sales,276569,2024-08-11,2025-02-02,Active
1322,Customer-focused maximized parallelism,3,Brand Awareness,229213,2025-01-12,2026-03-08,Completed
1323,Horizontal impactful help-desk,4,Remarketing,36745,2024-08-23,2025-05-10,Completed
1324,Versatile regional core,3,Lead Generation,196831,2026-02-06,2026-09-01,Paused
1325,Visionary encompassing architecture,5,Brand Awareness,148578,2025-08-28,2025-09-15,Active
1326,Compatible impactful migration,1,Remarketing,493287,2025-10-29,2026-10-06,Active
1327,Secured multi-state capability,2,Sales,495616,2026-04-30,2026-07-16,Active
1328,Balanced coherent initiative,3,Product Launch,294327,2026-04-11,2026-06-30,Paused
1329,Upgradable 6thgeneration standardization,3,Remarketing,218797,2024-12-13,2025-12-31,Active
1330,Profound eco-centric utilization,2,Product Launch,374749,2026-01-12,2026-05-11,Paused
1331,Profit-focused bifurcated installation,4,Lead Generation,288049,2025-09-13,2026-05-27,Active
1332,Vision-oriented interactive workforce,2,Sales,40016,2025-05-11,2025-07-03,Active
1333,Assimilated impactful projection,3,Product Launch,432080,2024-10-18,2026-04-13,Active
1334,Phased solution-oriented protocol,5,Lead Generation,18873,2024-12-26,2026-01-05,Paused
1335,Team-oriented hybrid artificial intelligence,3,Lead Generation,113517,2026-05-19,2026-08-31,Active
1336,Streamlined local hierarchy,1,Brand Awareness,281370,2026-05-30,2026-08-16,Completed
1337,Reverse-engineered fresh-thinking benchmark,2,Sales,201211,2025-08-02,2026-02-02,Active
1338,Exclusive fresh-thinking conglomeration,1,Brand Awareness,476839,2026-01-30,2026-10-04,Completed
1339,Quality-focused optimizing definition,3,Product Launch,55096,2025-03-10,2026-08-19,Paused
1340,Vision-oriented non-volatile moderator,5,Remarketing,492486,2026-04-27,2026-09-15,Paused
1341,Re-contextualized explicit website,5,Brand Awareness,72581,2024-09-21,2026-04-16,Paused
1342,Multi-layered systemic success,3,Lead Generation,408205,2026-01-01,2026-04-24,Paused
1343,User-friendly client-server synergy,2,Product Launch,23143,2025-07-25,2026-02-12,Completed
1344,Business-focused encompassing synergy,4,Brand Awareness,352026,2024-09-28,2025-07-05,Completed
1345,Persevering 6thgeneration encryption,4,Sales,60477,2026-03-25,2026-05-14,Completed
1346,Right-sized maximized software,4,Lead Generation,44379,2026-01-08,2026-03-06,Paused
1347,Quality-focused stable protocol,3,Brand Awareness,274846,2024-08-13,2024-09-24,Active
1348,Total local strategy,2,Product Launch,364005,2026-05-22,2026-05-31,Paused
1349,Profit-focused content-based data-warehouse,3,Remarketing,236830,2024-11-22,2025-03-08,Paused
1350,Horizontal intangible solution,5,Remarketing,279555,2024-12-10,2026-03-01,Completed
1351,Decentralized object-oriented synergy,1,Brand Awareness,47025,2025-08-06,2025-11-17,Completed
1352,Advanced responsive hub,1,Product Launch,83620,2026-03-09,2026-05-02,Active
1353,Operative cohesive monitoring,4,Sales,320905,2024-09-11,2024-11-23,Completed
1354,Compatible contextually-based knowledge user,1,Product Launch,230228,2025-02-21,2025-05-07,Paused
1355,Multi-channeled actuating database,1,Sales,101266,2026-07-05,2026-07-15,Completed
1356,Cross-platform composite Graphic Interface,3,Lead Generation,281147,2025-01-24,2025-11-01,Paused
1357,Secured scalable project,2,Remarketing,187550,2025-01-07,2025-07-30,Paused
1358,Progressive heuristic pricing structure,2,Brand Awareness,127044,2026-06-08,2026-08-31,Active
1359,Seamless context-sensitive approach,1,Remarketing,253768,2025-09-27,2026-07-07,Completed
1360,Optional maximized strategy,2,Brand Awareness,483603,2025-06-22,2026-02-04,Completed
1361,Assimilated zero administration software,5,Brand Awareness,315404,2024-11-09,2026-02-28,Active
1362,Public-key tangible conglomeration,2,Remarketing,411153,2024-11-26,2025-11-21,Active
1363,Reactive exuding installation,2,Product Launch,350054,2026-06-07,2026-08-23,Active
1364,Multi-channeled bifurcated moratorium,3,Remarketing,207836,2025-12-04,2026-01-06,Completed
1365,Centralized real-time functionalities,5,Lead Generation,214546,2025-01-13,2026-06-03,Active
1366,Organized mission-critical paradigm,4,Lead Generation,269662,2025-11-12,2026-07-25,Active
1367,Ergonomic hybrid archive,1,Lead Generation,171282,2025-03-15,2026-10-04,Completed
1368,Cloned motivating capability,2,Lead Generation,408665,2026-03-12,2026-05-14,Active
1369,Customer-focused national database,3,Product Launch,485543,2025-09-02,2025-12-12,Completed
1370,Visionary content-based approach,3,Sales,412397,2026-04-19,2026-07-03,Active
1371,Upgradable regional support,1,Remarketing,428073,2026-04-24,2026-06-26,Paused
1372,Implemented 6thgeneration pricing structure,1,Sales,126035,2026-01-21,2026-06-28,Completed
1373,Digitized national challenge,4,Remarketing,251716,2025-02-25,2025-07-12,Paused
1374,Enhanced zero-defect toolset,5,Sales,457724,2025-02-14,2025-02-23,Active
1375,Up-sized directional functionalities,3,Lead Generation,374948,2025-11-18,2026-04-04,Active
1376,Reactive web-enabled utilization,4,Lead Generation,468657,2026-04-21,2026-06-21,Paused
1377,Team-oriented didactic website,5,Product Launch,481142,2025-01-07,2025-08-04,Active
1378,Business-focused holistic capability,2,Remarketing,268390,2024-12-01,2025-07-24,Completed
1379,Business-focused real-time data-warehouse,3,Product Launch,165669,2025-11-24,2026-02-21,Active
1380,Universal web-enabled concept,4,Product Launch,28830,2025-06-20,2026-09-07,Completed
1381,Visionary methodical focus group,2,Lead Generation,297673,2025-06-20,2025-10-29,Active
1382,Ameliorated 5thgeneration archive,3,Lead Generation,458033,2025-12-25,2026-03-06,Completed
1383,Re-contextualized global Local Area Network,1,Lead Generation,14481,2026-05-16,2026-05-17,Active
1384,Synergistic exuding matrix,5,Remarketing,292807,2025-06-01,2026-03-12,Active
1385,Streamlined radical instruction set,2,Product Launch,32823,2024-08-27,2025-03-15,Paused
1386,Digitized encompassing ability,2,Brand Awareness,178839,2025-12-18,2026-04-05,Active
1387,Grass-roots maximized interface,2,Sales,184173,2026-03-21,2026-08-05,Active
1388,Seamless executive core,2,Remarketing,212649,2025-02-26,2026-08-17,Completed
1389,Ergonomic coherent forecast,4,Brand Awareness,286314,2025-04-26,2025-10-18,Active
1390,Multi-tiered non-volatile Local Area Network,5,Remarketing,142978,2026-03-10,2026-10-09,Paused
1391,Optimized 6thgeneration definition,1,Product Launch,10061,2024-11-20,2025-12-14,Active
1392,Realigned tertiary encryption,2,Remarketing,236296,2024-09-03,2025-06-18,Paused
1393,Function-based interactive monitoring,5,Lead Generation,345877,2024-09-04,2026-10-06,Paused
1394,Open-source intangible help-desk,2,Sales,116565,2025-06-17,2026-04-07,Paused
1395,Fundamental radical superstructure,3,Product Launch,210544,2025-06-23,2026-07-26,Paused
1396,Extended zero tolerance software,2,Remarketing,374725,2026-03-31,2026-08-26,Active
1397,Managed multimedia archive,5,Lead Generation,54844,2026-02-23,2026-07-26,Active
1398,Self-enabling multi-tasking architecture,4,Product Launch,488890,2025-06-03,2025-07-26,Active
1399,Virtual regional conglomeration,5,Remarketing,203684,2024-08-06,2026-01-28,Completed
1400,Reduced needs-based Graphic Interface,1,Product Launch,74084,2025-05-22,2025-06-21,Paused
1401,Horizontal static superstructure,1,Product Launch,478018,2025-08-14,2025-11-24,Paused
1402,Multi-tiered hybrid Internet solution,2,Remarketing,365655,2025-09-01,2025-12-30,Completed
1403,Upgradable needs-based methodology,3,Sales,432073,2026-05-23,2026-09-01,Completed
1404,Virtual multi-tasking collaboration,2,Sales,363461,2025-05-31,2025-11-17,Active
1405,Object-based empowering utilization,3,Product Launch,100124,2025-07-19,2026-03-25,Paused
1406,Horizontal 24/7 website,4,Lead Generation,117007,2024-08-29,2025-01-29,Completed
1407,Universal upward-trending superstructure,5,Lead Generation,173391,2025-11-20,2026-01-30,Paused
1408,Upgradable 4thgeneration portal,4,Sales,436494,2025-06-29,2026-02-24,Completed
1409,Seamless client-server hardware,5,Remarketing,76426,2024-08-13,2025-09-05,Paused
1410,Mandatory secondary archive,1,Sales,189629,2025-01-04,2026-09-10,Completed
1411,Optimized bottom-line definition,3,Sales,313355,2025-01-13,2025-08-02,Completed
1412,Programmable disintermediate middleware,3,Brand Awareness,190311,2025-09-25,2025-12-03,Paused
1413,Right-sized interactive service-desk,4,Lead Generation,140824,2026-01-16,2026-06-07,Completed
1414,Vision-oriented actuating policy,4,Lead Generation,122624,2024-07-30,2026-06-12,Paused
1415,Business-focused 24hour migration,3,Lead Generation,176957,2024-09-25,2025-01-17,Completed
1416,Intuitive holistic capability,2,Product Launch,303682,2025-06-12,2026-09-17,Completed
1417,Persevering content-based data-warehouse,4,Brand Awareness,180383,2025-08-03,2026-05-15,Paused
1418,Distributed bifurcated neural-net,2,Product Launch,117682,2025-04-01,2025-11-25,Paused
1419,Mandatory encompassing process improvement,5,Brand Awareness,380729,2024-12-03,2025-06-01,Active
1420,De-engineered bi-directional throughput,3,Lead Generation,128041,2026-06-27,2026-07-18,Active
1421,Pre-emptive object-oriented model,4,Lead Generation,218136,2025-10-26,2026-01-19,Completed
1422,Quality-focused client-driven infrastructure,4,Lead Generation,468686,2024-11-02,2025-02-27,Active
1423,Vision-oriented content-based extranet,2,Product Launch,37050,2024-12-18,2025-03-20,Active
1424,Mandatory even-keeled implementation,5,Product Launch,244032,2025-10-22,2026-04-25,Paused
1425,Digitized intangible capability,5,Remarketing,132650,2025-07-20,2026-07-05,Active
1426,Self-enabling local framework,4,Sales,245559,2025-03-31,2025-11-20,Active
1427,Centralized discrete collaboration,2,Brand Awareness,446401,2024-12-23,2025-07-03,Completed
1428,Face-to-face hybrid encryption,3,Lead Generation,302788,2025-12-27,2026-03-08,Paused
1429,Progressive interactive ability,1,Brand Awareness,228244,2026-01-01,2026-09-26,Completed
1430,Team-oriented heuristic architecture,3,Product Launch,240279,2025-02-07,2026-03-02,Paused
1431,Customer-focused foreground secured line,1,Lead Generation,270085,2025-09-30,2026-05-26,Completed
1432,Up-sized static info-mediaries,5,Product Launch,106256,2026-03-30,2026-05-03,Active
1433,Right-sized dynamic neural-net,2,Remarketing,190734,2025-02-11,2026-06-06,Completed
1434,De-engineered directional encryption,1,Lead Generation,456071,2026-02-14,2026-03-12,Paused
1435,Automated mission-critical algorithm,5,Remarketing,454229,2026-05-15,2026-10-03,Active
1436,Enterprise-wide secondary paradigm,4,Sales,444913,2025-05-28,2026-08-12,Active
1437,Diverse 24hour secured line,1,Product Launch,349892,2026-06-15,2026-08-22,Completed
1438,Self-enabling actuating paradigm,2,Brand Awareness,17264,2025-06-23,2025-08-24,Paused
1439,Fundamental bandwidth-monitored workforce,5,Sales,463974,2025-09-20,2026-02-01,Active
1440,Versatile cohesive website,2,Remarketing,263718,2026-04-08,2026-08-12,Active
1441,Customizable multi-tasking instruction set,3,Product Launch,212004,2025-11-16,2026-02-20,Paused
1442,Advanced 4thgeneration circuit,5,Sales,412328,2025-05-02,2026-06-08,Active
1443,Operative 24hour infrastructure,5,Brand Awareness,137584,2026-04-12,2026-06-18,Completed
1444,Networked didactic intranet,5,Brand Awareness,10547,2024-12-10,2024-12-26,Paused
1445,Profit-focused executive initiative,1,Sales,80366,2024-10-18,2026-06-26,Completed
1446,Implemented interactive migration,5,Remarketing,142563,2025-03-17,2026-10-07,Completed
1447,Centralized even-keeled array,2,Lead Generation,150772,2026-06-20,2026-08-05,Active
1448,Realigned impactful budgetary management,3,Lead Generation,146970,2024-11-29,2026-06-28,Active
1449,Profit-focused grid-enabled model,2,Product Launch,403510,2025-02-28,2025-08-04,Paused
1450,Organized static contingency,2,Remarketing,94831,2025-09-25,2026-06-03,Paused
1451,Public-key transitional archive,5,Brand Awareness,115550,2025-12-25,2026-10-12,Paused
1452,Multi-lateral zero-defect challenge,3,Brand Awareness,170280,2025-08-12,2025-10-06,Completed
1453,Switchable explicit moderator,1,Product Launch,229140,2025-11-02,2026-08-20,Paused
1454,Integrated fault-tolerant time-frame,4,Sales,407019,2025-06-05,2026-01-12,Active
1455,Pre-emptive exuding data-warehouse,2,Sales,78028,2025-09-20,2026-06-17,Active
1456,Enhanced even-keeled software,1,Product Launch,64969,2025-08-03,2026-05-03,Active
1457,Up-sized global artificial intelligence,4,Lead Generation,113970,2025-01-31,2026-07-19,Active
1458,Reactive modular Internet solution,3,Brand Awareness,107451,2024-08-24,2026-08-15,Completed
1459,Virtual object-oriented time-frame,3,Lead Generation,95559,2026-05-06,2026-08-07,Completed
1460,User-friendly cohesive strategy,5,Brand Awareness,383106,2025-10-14,2026-03-07,Completed
1461,Centralized needs-based moderator,1,Lead Generation,99443,2025-07-13,2026-05-25,Paused
1462,Horizontal uniform alliance,4,Sales,415703,2025-01-13,2025-08-22,Active
1463,Self-enabling cohesive framework,1,Product Launch,368941,2025-11-23,2026-03-27,Paused
1464,Assimilated actuating leverage,1,Remarketing,321828,2024-09-09,2025-10-16,Paused
1465,Horizontal foreground database,2,Product Launch,127068,2024-12-30,2026-01-13,Completed
1466,Upgradable responsive open architecture,2,Remarketing,310530,2026-05-06,2026-06-05,Completed
1467,Sharable static collaboration,3,Remarketing,305762,2025-06-29,2026-05-23,Active
1468,Multi-lateral didactic forecast,4,Remarketing,331506,2025-11-30,2026-09-03,Completed
1469,Assimilated composite Local Area Network,4,Sales,122607,2025-07-26,2026-05-24,Active
1470,Inverse bifurcated implementation,4,Brand Awareness,251087,2025-09-28,2026-09-04,Paused
1471,Diverse radical conglomeration,5,Brand Awareness,305361,2025-09-18,2026-07-05,Completed
1472,Inverse context-sensitive benchmark,1,Brand Awareness,433966,2026-06-06,2026-10-01,Completed
1473,Horizontal exuding benchmark,3,Remarketing,419283,2025-12-17,2026-04-27,Active
1474,Switchable maximized complexity,3,Lead Generation,251412,2025-03-19,2025-03-30,Active
1475,Optional dedicated contingency,2,Remarketing,482702,2025-07-24,2025-11-18,Paused
1476,Down-sized maximized system engine,5,Lead Generation,158963,2025-10-01,2025-10-05,Paused
1477,Re-engineered eco-centric productivity,2,Sales,497288,2025-02-01,2025-11-12,Active
1478,Re-contextualized didactic open architecture,1,Brand Awareness,283725,2025-02-24,2026-01-17,Paused
1479,User-centric human-resource array,3,Product Launch,404636,2025-08-20,2026-09-25,Paused
1480,Visionary grid-enabled interface,2,Product Launch,113575,2025-04-24,2025-12-19,Active
1481,Customizable hybrid conglomeration,2,Remarketing,412013,2024-12-06,2026-01-22,Paused
1482,Function-based regional alliance,4,Lead Generation,176977,2025-04-26,2025-10-11,Completed
1483,Public-key leadingedge focus group,2,Sales,344722,2025-03-07,2026-01-07,Completed
1484,Cross-platform empowering alliance,4,Remarketing,31327,2025-01-15,2026-08-25,Active
1485,Intuitive needs-based flexibility,2,Brand Awareness,60273,2026-05-24,2026-10-05,Completed
1486,Re-engineered impactful adapter,3,Sales,461306,2026-02-02,2026-02-27,Completed
1487,User-centric analyzing moderator,2,Brand Awareness,395112,2024-09-09,2026-06-05,Paused
1488,Compatible leadingedge middleware,2,Remarketing,39372,2026-02-14,2026-04-01,Paused
1489,Profit-focused non-volatile implementation,2,Lead Generation,347595,2025-07-22,2025-08-02,Paused
1490,Networked analyzing hardware,2,Brand Awareness,329072,2026-05-21,2026-05-27,Active
1491,Exclusive multi-state system engine,4,Sales,412254,2026-02-26,2026-04-17,Active
1492,Operative bi-directional throughput,2,Product Launch,419555,2025-10-24,2026-03-30,Completed
1493,Adaptive directional emulation,5,Brand Awareness,198174,2026-01-19,2026-09-04,Paused
1494,Diverse tertiary synergy,1,Remarketing,124531,2024-09-23,2025-05-28,Active
1495,Inverse 4thgeneration product,4,Sales,113698,2024-10-02,2026-01-14,Completed
1496,Exclusive responsive focus group,5,Lead Generation,412518,2026-06-07,2026-07-24,Active
1497,Polarized stable functionalities,1,Lead Generation,452377,2025-05-29,2026-06-24,Active
1498,Multi-tiered grid-enabled analyzer,3,Remarketing,335902,2024-10-15,2026-05-16,Active
1499,Public-key context-sensitive solution,5,Product Launch,321565,2025-12-10,2026-09-04,Active
1500,Compatible responsive time-frame,2,Sales,32348,2025-08-22,2025-09-29,Paused
1501,Down-sized client-server superstructure,1,Brand Awareness,259481,2025-09-01,2025-10-13,Completed
1502,Reduced stable workforce,4,Product Launch,411564,2025-08-16,2025-10-23,Active
1503,Object-based bifurcated knowledgebase,3,Remarketing,331149,2025-11-01,2026-04-19,Active
1504,User-centric exuding focus group,4,Brand Awareness,187307,2025-06-17,2025-06-26,Active
1505,Programmable 24hour matrices,5,Brand Awareness,495206,2026-06-05,2026-09-25,Paused
1506,Enhanced fresh-thinking customer loyalty,3,Product Launch,202485,2026-03-15,2026-04-27,Paused
1507,Realigned value-added Local Area Network,3,Product Launch,495307,2026-01-16,2026-09-08,Active
1508,Self-enabling dedicated matrix,2,Brand Awareness,264983,2025-02-22,2025-07-09,Active
1509,Re-contextualized local core,1,Product Launch,431858,2025-10-07,2026-06-12,Completed
1510,Focused reciprocal moderator,2,Lead Generation,39338,2025-06-28,2026-02-23,Paused
1511,Universal disintermediate complexity,3,Product Launch,297475,2025-06-17,2026-08-03,Active
1512,Intuitive 6thgeneration paradigm,3,Product Launch,60048,2025-06-01,2026-05-18,Paused
1513,Organized modular architecture,2,Sales,22929,2024-10-04,2025-10-22,Active
1514,Implemented radical project,3,Sales,44623,2024-10-28,2025-09-09,Active
1515,Re-engineered encompassing superstructure,4,Brand Awareness,12317,2025-03-26,2025-07-29,Active
1516,Decentralized content-based firmware,4,Lead Generation,85097,2025-12-23,2026-07-25,Paused
1517,Organic next generation structure,3,Product Launch,360200,2024-11-04,2025-03-14,Paused
1518,Expanded neutral productivity,1,Remarketing,219475,2024-08-28,2025-07-06,Active
1519,Fully-configurable systematic Internet solution,2,Sales,89222,2025-05-17,2026-09-09,Active
1520,Diverse transitional model,1,Lead Generation,304898,2025-12-11,2026-10-13,Active
1521,Cloned motivating extranet,2,Lead Generation,441943,2024-11-16,2025-11-15,Active
1522,Decentralized object-oriented customer loyalty,2,Brand Awareness,472473,2025-06-07,2026-01-04,Active
1523,Fundamental analyzing pricing structure,5,Product Launch,143068,2025-10-02,2026-03-31,Paused
1524,Multi-channeled zero tolerance migration,3,Product Launch,227959,2025-12-31,2026-06-16,Completed
1525,Optional context-sensitive definition,3,Brand Awareness,327310,2026-05-10,2026-05-25,Active
1526,Implemented zero-defect Graphical User Interface,5,Remarketing,197498,2025-11-13,2026-09-04,Paused
1527,Pre-emptive foreground moratorium,5,Sales,471845,2024-11-21,2025-06-15,Completed
1528,Organized content-based hub,4,Product Launch,486911,2024-11-20,2025-05-03,Completed
1529,Switchable discrete initiative,1,Lead Generation,290054,2025-02-01,2025-04-24,Active
1530,Compatible systematic neural-net,5,Product Launch,400337,2024-12-16,2026-04-25,Paused
1531,Pre-emptive heuristic neural-net,3,Sales,465665,2025-06-12,2025-11-19,Paused
1532,Robust web-enabled interface,5,Remarketing,181408,2026-07-08,2026-09-30,Completed
1533,Visionary human-resource help-desk,1,Brand Awareness,59472,2025-05-15,2025-09-27,Completed
1534,Adaptive dynamic capacity,4,Lead Generation,342658,2024-11-17,2025-03-25,Paused
1535,Versatile object-oriented application,1,Sales,289481,2024-07-30,2025-03-06,Active
1536,Enterprise-wide contextually-based implementation,3,Sales,429443,2025-07-20,2025-12-08,Paused
1537,Open-source 4thgeneration synergy,4,Remarketing,53818,2026-01-30,2026-08-30,Completed
1538,Versatile directional secured line,5,Lead Generation,148689,2025-12-20,2026-02-07,Paused
1539,Virtual real-time migration,1,Lead Generation,55214,2025-07-03,2026-07-23,Paused
1540,Robust impactful neural-net,5,Brand Awareness,354906,2026-01-24,2026-07-21,Completed
1541,Virtual intangible knowledgebase,3,Remarketing,299542,2024-07-22,2025-03-16,Active
1542,Intuitive demand-driven service-desk,4,Brand Awareness,179536,2024-08-23,2026-08-19,Paused
1543,Persistent context-sensitive focus group,1,Sales,383523,2024-12-14,2026-06-15,Completed
1544,Sharable reciprocal matrix,4,Sales,474527,2025-05-03,2025-07-08,Active
1545,Exclusive attitude-oriented system engine,5,Lead Generation,103537,2026-05-14,2026-09-13,Completed
1546,Focused fresh-thinking adapter,5,Sales,102808,2025-03-15,2025-05-10,Paused
1547,Exclusive methodical system engine,4,Product Launch,159379,2025-12-09,2026-02-10,Completed
1548,Horizontal intermediate utilization,1,Product Launch,124783,2026-02-18,2026-06-24,Active
1549,Distributed mission-critical synergy,3,Product Launch,106400,2025-12-11,2026-09-04,Active
1550,Centralized coherent Local Area Network,3,Product Launch,114214,2025-06-03,2025-11-13,Active
1551,Operative multi-tasking implementation,2,Remarketing,79931,2026-03-29,2026-09-29,Paused
1552,De-engineered cohesive forecast,5,Sales,299583,2025-07-10,2025-08-13,Completed
1553,Focused radical challenge,4,Brand Awareness,469965,2025-02-12,2026-03-07,Paused
1554,Re-contextualized bifurcated benchmark,4,Sales,273528,2025-07-23,2026-06-24,Active
1555,Multi-layered dedicated secured line,4,Lead Generation,246327,2025-06-04,2025-11-04,Paused
1556,Visionary fresh-thinking matrix,4,Product Launch,189912,2025-05-24,2026-09-01,Paused
1557,Persevering zero-defect orchestration,2,Sales,420907,2026-06-19,2026-10-15,Completed
1558,Re-engineered hybrid knowledgebase,2,Brand Awareness,456264,2025-07-09,2026-10-02,Completed
1559,Customer-focused asymmetric standardization,3,Remarketing,257513,2025-01-17,2025-05-11,Active
1560,Stand-alone responsive complexity,5,Product Launch,442279,2025-07-24,2026-08-31,Completed
1561,Virtual 3rdgeneration data-warehouse,1,Brand Awareness,298443,2024-09-14,2025-06-15,Paused
1562,Customizable mission-critical service-desk,2,Brand Awareness,388643,2026-06-07,2026-08-07,Completed
1563,Up-sized exuding hierarchy,3,Sales,189164,2025-10-29,2026-07-24,Completed
1564,Extended system-worthy alliance,2,Sales,126283,2024-09-09,2024-11-18,Completed
1565,Reduced stable contingency,2,Brand Awareness,55582,2025-03-30,2026-01-17,Active
1566,Robust foreground moderator,5,Product Launch,401277,2025-05-30,2025-08-26,Active
1567,Upgradable disintermediate moratorium,4,Sales,498497,2026-06-09,2026-09-09,Paused
1568,Future-proofed zero-defect utilization,4,Lead Generation,32822,2024-07-31,2026-07-17,Active
1569,Exclusive systematic capability,4,Product Launch,24155,2026-05-12,2026-05-21,Completed
1570,Organized bandwidth-monitored forecast,1,Lead Generation,397684,2025-11-15,2026-07-08,Completed
1571,Function-based content-based infrastructure,1,Sales,344627,2025-11-01,2026-07-14,Active
1572,Persevering next generation pricing structure,4,Remarketing,186938,2025-05-05,2025-10-30,Completed
1573,Compatible intangible encryption,2,Sales,281616,2025-04-29,2026-03-12,Active
1574,Progressive encompassing installation,5,Sales,23384,2026-04-14,2026-10-12,Active
1575,Object-based bifurcated initiative,1,Sales,380605,2025-04-17,2026-03-25,Active
1576,Digitized grid-enabled benchmark,1,Brand Awareness,489312,2026-03-15,2026-09-02,Completed
1577,Diverse executive collaboration,5,Brand Awareness,87812,2024-10-04,2024-10-31,Completed
1578,Stand-alone executive synergy,2,Product Launch,201921,2024-08-12,2025-11-30,Completed
1579,Enhanced methodical forecast,3,Sales,341540,2025-10-29,2025-12-27,Completed
1580,Versatile system-worthy analyzer,4,Sales,423108,2025-05-21,2026-01-28,Active
1581,Cross-platform non-volatile secured line,2,Brand Awareness,349088,2025-08-16,2025-08-23,Active
1582,Persevering composite encryption,4,Product Launch,463723,2025-09-13,2026-08-04,Completed
1583,Operative cohesive synergy,2,Product Launch,274327,2025-11-04,2026-02-14,Paused
1584,Robust real-time open architecture,2,Product Launch,47540,2026-03-02,2026-04-07,Paused
1585,Front-line neutral array,4,Brand Awareness,96169,2025-06-15,2026-05-02,Active
1586,Secured interactive budgetary management,1,Remarketing,27951,2025-03-25,2025-07-09,Paused
1587,Balanced dedicated contingency,2,Product Launch,334826,2025-06-07,2026-07-06,Paused
1588,Phased optimal Local Area Network,1,Brand Awareness,193888,2025-11-01,2026-06-19,Completed
1589,Assimilated scalable paradigm,1,Lead Generation,23068,2025-08-28,2026-01-13,Paused
1590,Realigned optimal projection,4,Lead Generation,179045,2025-11-04,2026-03-16,Paused
1591,Monitored directional benchmark,1,Remarketing,364907,2026-07-13,2026-08-19,Paused
1592,Profit-focused bandwidth-monitored time-frame,1,Product Launch,110787,2025-01-01,2025-02-06,Completed
1593,Self-enabling neutral forecast,4,Lead Generation,354056,2025-11-07,2026-09-12,Active
1594,Programmable interactive contingency,1,Product Launch,300834,2025-08-22,2026-10-15,Active
1595,Persevering needs-based protocol,2,Brand Awareness,83751,2024-09-30,2025-01-28,Active
1596,Centralized uniform neural-net,1,Product Launch,24791,2026-01-08,2026-01-30,Paused
1597,Monitored modular contingency,5,Lead Generation,117451,2025-06-29,2025-08-26,Completed
1598,Devolved hybrid Local Area Network,3,Product Launch,157159,2025-02-21,2026-03-31,Completed
1599,Optimized system-worthy paradigm,3,Lead Generation,143286,2025-09-25,2026-05-17,Active
1600,Programmable foreground emulation,5,Remarketing,215910,2026-03-18,2026-08-27,Active
1601,Customizable context-sensitive project,4,Brand Awareness,463589,2026-04-11,2026-09-04,Completed
1602,Triple-buffered global leverage,4,Lead Generation,392109,2025-12-14,2026-03-23,Completed
1603,Stand-alone grid-enabled knowledge user,2,Sales,188127,2025-03-04,2026-06-03,Completed
1604,Advanced mission-critical productivity,5,Sales,159366,2025-02-26,2025-10-20,Completed
1605,Organized object-oriented policy,2,Lead Generation,10205,2025-06-29,2025-11-26,Active
1606,Digitized user-facing product,3,Sales,342612,2024-12-14,2026-06-03,Completed
1607,Centralized scalable software,1,Brand Awareness,157161,2025-11-19,2026-05-19,Completed
1608,Diverse dedicated alliance,5,Brand Awareness,434366,2024-07-25,2026-06-03,Active
1609,Innovative exuding support,5,Remarketing,179401,2026-06-21,2026-07-12,Completed
1610,Up-sized bifurcated matrices,1,Sales,178399,2025-11-11,2026-03-05,Active
1611,Multi-tiered demand-driven system engine,3,Sales,104571,2025-10-01,2025-11-20,Active
1612,Proactive upward-trending Local Area Network,2,Remarketing,285937,2025-03-12,2025-07-31,Active
1613,Grass-roots full-range productivity,3,Product Launch,49247,2025-03-23,2026-02-11,Paused
1614,Down-sized global methodology,2,Remarketing,17731,2025-10-30,2026-05-12,Paused
1615,Function-based client-driven initiative,4,Product Launch,321657,2026-03-03,2026-05-18,Completed
1616,Operative local orchestration,4,Sales,175796,2024-10-10,2026-06-08,Active
1617,Monitored logistical concept,2,Product Launch,133522,2026-05-11,2026-05-28,Completed
1618,Fundamental bandwidth-monitored matrix,3,Lead Generation,430378,2025-08-22,2026-01-31,Completed
1619,Focused eco-centric portal,3,Brand Awareness,187104,2025-06-11,2025-11-04,Active
1620,Vision-oriented background hierarchy,2,Lead Generation,375829,2025-09-16,2026-07-17,Completed
1621,Multi-channeled secondary structure,5,Lead Generation,262969,2026-02-20,2026-08-07,Paused
1622,Automated coherent forecast,2,Brand Awareness,402949,2024-09-02,2026-06-15,Active
1623,Advanced high-level monitoring,5,Remarketing,111272,2025-09-12,2026-06-19,Paused
1624,Business-focused fault-tolerant customer loyalty,3,Remarketing,430731,2024-08-19,2025-04-17,Active
1625,Configurable dedicated info-mediaries,4,Brand Awareness,251235,2026-06-02,2026-08-24,Completed
1626,Optional intermediate knowledge user,1,Product Launch,295052,2026-07-06,2026-07-31,Paused
1627,Customer-focused clear-thinking emulation,3,Lead Generation,396788,2024-12-20,2026-08-24,Active
1628,Innovative local customer loyalty,2,Remarketing,41203,2025-03-04,2025-03-17,Paused
1629,Progressive mobile migration,4,Remarketing,167323,2026-04-03,2026-06-13,Paused
1630,Intuitive zero tolerance projection,4,Product Launch,422293,2024-11-29,2024-12-15,Active
1631,Enhanced full-range product,4,Product Launch,310468,2025-05-10,2026-06-22,Active
1632,Devolved dynamic methodology,3,Sales,194475,2024-07-28,2025-08-27,Active
1633,Programmable uniform workforce,5,Sales,36162,2024-10-12,2025-03-11,Paused
1634,Open-source value-added structure,3,Lead Generation,423843,2025-03-22,2026-09-03,Completed
1635,Fundamental scalable circuit,3,Remarketing,10178,2025-05-16,2026-03-25,Completed
1636,Proactive 24/7 installation,2,Lead Generation,76511,2026-05-25,2026-06-09,Completed
1637,Versatile national structure,2,Product Launch,396039,2025-05-07,2025-07-06,Paused
1638,Vision-oriented mission-critical instruction set,3,Product Launch,126997,2025-11-21,2026-08-16,Active
1639,Intuitive asymmetric forecast,5,Lead Generation,118285,2026-07-12,2026-07-13,Paused
1640,Horizontal 6thgeneration matrices,5,Brand Awareness,285490,2025-01-22,2025-11-25,Active
1641,Decentralized reciprocal Internet solution,2,Product Launch,366302,2025-04-19,2026-04-15,Completed
1642,Fully-configurable fault-tolerant array,1,Product Launch,153368,2025-09-04,2026-04-23,Active
1643,Synergized uniform hardware,5,Brand Awareness,464000,2025-02-20,2025-11-28,Paused
1644,Universal cohesive time-frame,1,Sales,94738,2026-03-04,2026-03-19,Paused
1645,User-centric foreground alliance,2,Sales,490918,2026-04-29,2026-08-24,Active
1646,Synergistic disintermediate forecast,2,Brand Awareness,243983,2025-08-23,2026-09-13,Paused
1647,Versatile multimedia time-frame,3,Remarketing,247755,2024-11-17,2026-01-27,Active
1648,Inverse homogeneous hub,5,Lead Generation,377958,2025-09-27,2025-10-16,Active
1649,Decentralized systemic hardware,1,Sales,237577,2025-10-17,2026-05-22,Paused
1650,Re-engineered directional moratorium,2,Sales,216374,2024-10-31,2025-06-29,Completed
1651,Pre-emptive uniform customer loyalty,3,Lead Generation,254193,2026-04-19,2026-06-08,Completed
1652,User-friendly secondary success,2,Brand Awareness,213595,2024-09-04,2026-08-05,Paused
1653,Implemented zero administration function,5,Remarketing,79410,2025-10-06,2025-12-26,Active
1654,Profound explicit portal,5,Remarketing,199457,2024-10-14,2026-09-22,Active
1655,Digitized 6thgeneration application,5,Sales,19537,2026-05-09,2026-09-25,Completed
1656,Optional 4thgeneration middleware,5,Sales,444398,2025-03-28,2026-07-28,Active
1657,Adaptive directional functionalities,1,Lead Generation,206337,2026-05-03,2026-06-15,Paused
1658,Advanced static hierarchy,4,Lead Generation,266893,2025-12-23,2026-02-14,Paused
1659,Public-key local solution,3,Lead Generation,198142,2024-08-21,2025-07-01,Active
1660,Horizontal next generation implementation,3,Lead Generation,205774,2025-01-14,2026-06-14,Paused
1661,Vision-oriented dynamic product,5,Product Launch,311982,2025-02-08,2026-07-22,Completed
1662,Streamlined intangible support,1,Remarketing,246799,2026-03-29,2026-08-10,Paused
1663,Horizontal scalable functionalities,1,Remarketing,463466,2024-09-14,2025-04-16,Paused
1664,Open-source well-modulated hardware,1,Sales,271476,2026-07-04,2026-09-19,Active
1665,Polarized asynchronous contingency,1,Remarketing,109419,2025-07-28,2026-03-08,Paused
1666,Open-source zero administration flexibility,1,Sales,404351,2025-10-19,2026-09-18,Paused
1667,Progressive empowering array,1,Sales,250219,2024-09-28,2026-06-16,Completed
1668,Synergistic multi-tasking open system,2,Sales,356584,2026-01-04,2026-01-12,Active
1669,Grass-roots radical hardware,4,Lead Generation,354395,2025-02-25,2026-03-31,Paused
1670,Decentralized radical neural-net,3,Lead Generation,235680,2026-04-06,2026-04-28,Active
1671,Secured non-volatile firmware,4,Brand Awareness,105237,2025-07-07,2025-11-07,Active
1672,Total 4thgeneration migration,2,Product Launch,202094,2025-12-22,2026-08-08,Completed
1673,Seamless web-enabled info-mediaries,5,Lead Generation,355011,2025-10-07,2026-08-01,Active
1674,Team-oriented discrete standardization,5,Lead Generation,365026,2025-06-11,2026-02-25,Active
1675,User-friendly executive database,1,Product Launch,99553,2026-06-11,2026-08-09,Completed
1676,Centralized tertiary solution,5,Remarketing,187906,2025-09-10,2026-01-08,Completed
1677,Profound motivating functionalities,1,Remarketing,491298,2026-07-10,2026-08-24,Paused
1678,Triple-buffered static toolset,2,Product Launch,364397,2025-08-11,2026-08-18,Paused
1679,Streamlined asynchronous open architecture,3,Lead Generation,482054,2025-08-16,2025-09-13,Completed
1680,Open-source scalable knowledge user,2,Lead Generation,423723,2025-06-08,2026-08-06,Completed
1681,Down-sized contextually-based pricing structure,3,Brand Awareness,219644,2025-11-17,2026-09-21,Completed
1682,Ameliorated contextually-based methodology,3,Lead Generation,217005,2025-11-19,2026-04-26,Paused
1683,Total contextually-based groupware,4,Product Launch,320037,2024-11-04,2025-07-03,Paused
1684,Upgradable bottom-line productivity,2,Sales,193805,2026-04-01,2026-09-17,Completed
1685,Inverse web-enabled strategy,2,Sales,221226,2025-11-15,2026-06-22,Paused
1686,De-engineered mission-critical encoding,3,Remarketing,220570,2025-07-24,2026-01-15,Active
1687,Synchronized web-enabled utilization,1,Brand Awareness,101420,2026-03-10,2026-05-11,Completed
1688,Virtual needs-based portal,1,Product Launch,195630,2025-01-16,2025-04-26,Paused
1689,Horizontal reciprocal algorithm,2,Remarketing,469974,2026-01-07,2026-07-15,Completed
1690,Exclusive empowering emulation,5,Brand Awareness,259098,2025-04-05,2025-06-02,Completed
1691,Innovative coherent protocol,1,Product Launch,88380,2024-08-24,2026-01-21,Paused
1692,Programmable executive algorithm,2,Remarketing,407146,2026-02-16,2026-05-16,Active
1693,Programmable regional throughput,5,Remarketing,350880,2025-05-30,2026-05-09,Completed
1694,Ameliorated needs-based Local Area Network,1,Remarketing,109079,2025-09-06,2026-05-09,Paused
1695,Networked bi-directional ability,5,Product Launch,281414,2025-03-02,2025-06-27,Completed
1696,Enhanced needs-based challenge,2,Lead Generation,489619,2026-06-02,2026-07-18,Active
1697,Business-focused encompassing standardization,3,Product Launch,319904,2025-02-19,2025-04-08,Active
1698,Reduced solution-oriented protocol,4,Product Launch,374717,2026-04-10,2026-09-21,Completed
1699,Grass-roots object-oriented benchmark,2,Remarketing,61164,2026-04-11,2026-06-09,Paused
1700,Vision-oriented system-worthy projection,5,Brand Awareness,202163,2025-03-16,2026-05-19,Active
1701,Compatible tangible adapter,1,Product Launch,36647,2024-07-23,2025-10-10,Paused
1702,Streamlined maximized open system,3,Lead Generation,281578,2025-06-28,2025-11-05,Paused
1703,Right-sized context-sensitive pricing structure,4,Sales,289949,2025-05-08,2026-07-01,Completed
1704,User-friendly asymmetric intranet,4,Remarketing,57945,2025-03-17,2025-11-18,Active
1705,Team-oriented attitude-oriented application,3,Lead Generation,324205,2024-09-08,2026-04-01,Paused
1706,Sharable 3rdgeneration Graphical User Interface,1,Product Launch,185563,2025-02-06,2025-09-24,Paused
1707,Cross-platform tertiary Graphic Interface,2,Brand Awareness,118361,2025-11-27,2026-03-05,Paused
1708,Front-line directional forecast,4,Sales,492634,2025-04-10,2025-04-25,Paused
1709,Horizontal actuating intranet,1,Remarketing,99146,2025-08-14,2025-12-09,Completed
1710,Vision-oriented modular hardware,5,Sales,238580,2025-11-04,2025-11-05,Active
1711,Function-based zero-defect system engine,2,Lead Generation,93512,2025-08-02,2026-09-26,Paused
1712,Reverse-engineered 24hour attitude,3,Product Launch,140831,2025-08-15,2025-08-26,Completed
1713,Networked eco-centric ability,1,Product Launch,88767,2025-11-18,2026-09-12,Completed
1714,Quality-focused multimedia budgetary management,5,Sales,409619,2026-03-12,2026-09-15,Active
1715,Multi-tiered composite task-force,1,Lead Generation,420584,2025-07-03,2026-06-21,Completed
1716,Stand-alone stable synergy,2,Remarketing,367265,2025-04-03,2026-09-21,Active
1717,Up-sized systematic projection,3,Product Launch,144011,2025-12-01,2026-01-04,Paused
1718,Multi-layered maximized complexity,1,Brand Awareness,273511,2025-12-25,2026-01-20,Completed
1719,Quality-focused eco-centric customer loyalty,5,Remarketing,497031,2025-09-28,2026-07-27,Paused
1720,Realigned motivating concept,3,Product Launch,222824,2025-12-29,2026-02-25,Paused
1721,Fully-configurable scalable time-frame,1,Brand Awareness,12797,2025-10-02,2026-09-14,Paused
1722,Secured mission-critical data-warehouse,5,Remarketing,40624,2025-11-22,2026-04-01,Completed
1723,Extended regional flexibility,4,Sales,77687,2026-04-05,2026-09-25,Completed
1724,Customer-focused asymmetric standardization,2,Sales,305791,2025-04-03,2026-07-13,Active
1725,Open-architected scalable budgetary management,5,Remarketing,35099,2024-09-19,2025-11-16,Completed
1726,De-engineered object-oriented algorithm,2,Brand Awareness,400968,2025-03-31,2025-05-06,Active
1727,Programmable needs-based Graphic Interface,4,Remarketing,221429,2025-06-14,2025-11-09,Paused
1728,Persevering intermediate policy,3,Remarketing,39988,2025-03-28,2025-12-13,Active
1729,Ergonomic optimal collaboration,3,Brand Awareness,29685,2025-03-08,2026-07-16,Paused
1730,Synergized hybrid Internet solution,1,Remarketing,408993,2025-01-08,2025-02-20,Active
1731,Robust contextually-based neural-net,4,Brand Awareness,393788,2026-06-14,2026-07-17,Paused
1732,Profound interactive software,5,Lead Generation,161278,2025-06-02,2026-03-25,Completed
1733,Pre-emptive mobile success,3,Lead Generation,337275,2025-03-10,2026-02-10,Paused
1734,Multi-tiered full-range ability,4,Product Launch,102280,2026-07-08,2026-10-08,Active
1735,Public-key high-level model,1,Remarketing,380428,2024-07-17,2025-02-11,Active
1736,Intuitive attitude-oriented protocol,4,Product Launch,95864,2024-08-06,2026-01-15,Completed
1737,Phased dynamic installation,5,Remarketing,18387,2025-02-09,2026-04-20,Completed
1738,Switchable discrete support,4,Lead Generation,85038,2024-09-18,2025-03-23,Completed
1739,Synchronized zero administration core,5,Lead Generation,425928,2025-01-24,2025-12-10,Active
1740,Fundamental foreground leverage,3,Lead Generation,460023,2026-02-02,2026-02-05,Active
1741,Programmable asynchronous instruction set,4,Sales,358396,2024-10-01,2026-07-31,Completed
1742,Progressive impactful productivity,2,Remarketing,417495,2025-05-25,2025-06-19,Paused
1743,Open-source optimizing forecast,3,Product Launch,235970,2025-02-25,2026-04-11,Completed
1744,Face-to-face bottom-line productivity,5,Remarketing,300976,2026-01-18,2026-09-21,Completed
1745,Function-based exuding task-force,4,Sales,494385,2024-12-17,2025-03-28,Active
1746,Assimilated discrete flexibility,4,Remarketing,167955,2024-09-02,2025-11-17,Completed
1747,Advanced executive utilization,1,Sales,47733,2025-04-02,2025-10-27,Active
1748,Virtual maximized solution,1,Remarketing,444102,2024-08-22,2026-04-03,Completed
1749,Polarized full-range array,3,Lead Generation,323283,2024-08-17,2026-07-30,Paused
1750,Total empowering analyzer,3,Product Launch,162260,2025-12-16,2026-05-04,Paused
1751,Multi-tiered needs-based forecast,4,Sales,94057,2025-03-28,2026-04-27,Paused
1752,Stand-alone contextually-based frame,1,Remarketing,24117,2025-10-20,2026-10-01,Paused
1753,Distributed mobile adapter,3,Product Launch,380767,2025-06-04,2026-01-24,Completed
1754,Public-key national framework,5,Brand Awareness,220677,2025-09-08,2026-08-25,Paused
1755,Customer-focused discrete parallelism,5,Brand Awareness,10938,2025-07-01,2026-10-14,Active
1756,Self-enabling global customer loyalty,3,Brand Awareness,354257,2025-01-25,2026-09-02,Active
1757,Diverse secondary open system,2,Remarketing,346316,2025-08-04,2026-02-01,Paused
1758,Versatile demand-driven time-frame,4,Sales,17851,2025-05-25,2026-04-10,Paused
1759,Organic 3rdgeneration middleware,1,Sales,259907,2024-09-25,2026-05-16,Paused
1760,Grass-roots foreground methodology,1,Product Launch,35919,2025-07-13,2026-10-06,Completed
1761,Enterprise-wide 3rdgeneration knowledgebase,3,Remarketing,173590,2025-07-27,2026-02-19,Active
1762,Managed actuating orchestration,1,Brand Awareness,258879,2026-01-15,2026-07-17,Completed
1763,Optional zero-defect neural-net,1,Lead Generation,58189,2024-10-22,2026-01-30,Active
1764,Seamless empowering collaboration,5,Remarketing,436034,2026-07-02,2026-07-21,Active
1765,Integrated systemic neural-net,2,Product Launch,483809,2025-07-02,2026-04-09,Paused
1766,Triple-buffered intermediate secured line,3,Remarketing,497173,2026-05-12,2026-08-10,Completed
1767,Implemented 6thgeneration functionalities,5,Lead Generation,412439,2025-11-13,2026-03-29,Completed
1768,Switchable content-based parallelism,4,Sales,384435,2025-07-08,2025-11-23,Completed
1769,Switchable fault-tolerant leverage,4,Brand Awareness,301105,2025-10-20,2026-01-19,Active
1770,Vision-oriented needs-based open system,4,Product Launch,447667,2026-03-18,2026-06-15,Active
1771,Enterprise-wide optimizing access,5,Sales,419627,2026-01-29,2026-05-09,Paused
1772,Visionary local adapter,4,Product Launch,48686,2025-07-20,2026-01-19,Completed
1773,Fully-configurable solution-oriented interface,5,Lead Generation,153375,2025-01-08,2026-03-15,Completed
1774,Realigned optimal projection,5,Sales,18045,2026-05-08,2026-09-21,Completed
1775,Inverse fault-tolerant task-force,3,Lead Generation,154619,2025-11-14,2026-05-19,Completed
1776,Upgradable secondary framework,4,Sales,381424,2025-09-12,2026-05-05,Active
1777,Fully-configurable real-time Internet solution,3,Remarketing,382239,2025-01-19,2025-06-27,Active
1778,Integrated transitional ability,5,Product Launch,358334,2026-04-27,2026-09-19,Completed
1779,Universal didactic challenge,4,Sales,225190,2024-10-17,2026-09-01,Completed
1780,Configurable foreground knowledgebase,2,Sales,325317,2025-04-10,2025-09-04,Paused
1781,Implemented 4thgeneration initiative,5,Product Launch,132783,2026-01-01,2026-08-17,Completed
1782,Cross-platform well-modulated capacity,2,Brand Awareness,224855,2025-02-02,2025-05-12,Paused
1783,Organic modular task-force,1,Sales,456937,2024-08-21,2026-07-06,Active
1784,Business-focused bifurcated utilization,4,Product Launch,402728,2025-06-25,2025-12-05,Active
1785,Expanded solution-oriented analyzer,5,Brand Awareness,147839,2025-12-12,2026-07-17,Completed
1786,Pre-emptive content-based open system,4,Brand Awareness,426204,2025-04-18,2025-04-30,Paused
1787,Adaptive optimal focus group,3,Lead Generation,36501,2026-05-01,2026-08-30,Completed
1788,Customer-focused neutral analyzer,1,Remarketing,230839,2025-11-10,2025-11-30,Active
1789,Self-enabling systemic core,2,Lead Generation,287684,2025-12-23,2026-04-12,Paused
1790,Visionary interactive paradigm,3,Brand Awareness,364877,2025-08-23,2026-03-03,Active
1791,Focused zero-defect utilization,2,Product Launch,240157,2026-02-07,2026-07-18,Active
1792,Focused multi-state Internet solution,4,Lead Generation,245390,2026-06-19,2026-09-11,Active
1793,Exclusive mission-critical utilization,1,Lead Generation,442073,2025-04-19,2026-06-13,Active
1794,Decentralized systematic portal,4,Brand Awareness,418868,2025-12-03,2026-09-13,Completed
1795,Optional next generation knowledge user,5,Remarketing,27399,2025-01-19,2025-06-23,Active
1796,Open-architected static help-desk,5,Lead Generation,132623,2024-11-11,2026-01-31,Completed
1797,Customizable modular application,5,Product Launch,341566,2025-08-11,2025-12-13,Completed
1798,Robust user-facing database,2,Brand Awareness,396771,2025-05-06,2026-08-27,Completed
1799,Sharable zero-defect knowledge user,3,Product Launch,72159,2025-01-10,2025-06-28,Active
1800,Future-proofed context-sensitive project,3,Product Launch,414441,2025-09-08,2026-04-18,Completed
1801,Triple-buffered mobile emulation,5,Lead Generation,474878,2026-01-19,2026-09-12,Paused
1802,Re-contextualized demand-driven encryption,4,Remarketing,437780,2025-09-02,2026-04-06,Completed
1803,User-centric value-added circuit,1,Remarketing,405399,2024-10-02,2026-08-14,Paused
1804,Polarized context-sensitive benchmark,5,Product Launch,394708,2025-11-05,2026-03-23,Completed
1805,Stand-alone upward-trending alliance,1,Product Launch,308262,2026-04-03,2026-07-16,Completed
1806,Progressive upward-trending methodology,4,Product Launch,82802,2025-03-02,2026-05-22,Active
1807,Universal client-server productivity,5,Lead Generation,53328,2024-08-10,2025-04-30,Active
1808,Devolved 5thgeneration data-warehouse,3,Product Launch,14560,2025-08-19,2025-12-21,Paused
1809,Expanded grid-enabled ability,2,Product Launch,342761,2025-07-28,2025-09-19,Active
1810,Balanced transitional model,2,Remarketing,380724,2026-03-26,2026-09-05,Paused
1811,Down-sized bottom-line matrix,3,Remarketing,262604,2024-12-20,2025-11-09,Active
1812,Synchronized leadingedge core,5,Product Launch,31178,2026-01-23,2026-09-27,Active
1813,Cloned regional customer loyalty,2,Sales,239036,2025-11-10,2026-07-22,Active
1814,Mandatory needs-based array,1,Remarketing,111906,2024-08-27,2026-03-17,Completed
1815,Organic contextually-based solution,5,Brand Awareness,342591,2025-09-16,2026-04-24,Completed
1816,Versatile didactic workforce,4,Brand Awareness,427034,2025-03-13,2026-03-10,Active
1817,Integrated methodical superstructure,4,Brand Awareness,266375,2025-12-25,2026-06-20,Paused
1818,Customer-focused scalable artificial intelligence,3,Remarketing,485129,2025-10-05,2026-02-04,Active
1819,Centralized object-oriented core,5,Product Launch,341410,2025-07-17,2026-04-20,Paused
1820,Switchable intermediate encoding,5,Lead Generation,329157,2026-03-22,2026-06-15,Active
1821,Realigned executive monitoring,1,Brand Awareness,427369,2026-02-17,2026-07-27,Completed
1822,Ameliorated user-facing extranet,2,Lead Generation,245880,2025-06-06,2026-02-12,Completed
1823,Devolved static access,3,Brand Awareness,287104,2025-03-31,2025-04-25,Active
1824,Organic optimizing projection,1,Lead Generation,272616,2025-01-14,2026-09-14,Active
1825,Future-proofed value-added infrastructure,4,Product Launch,27679,2026-04-29,2026-09-03,Paused
1826,Multi-layered well-modulated circuit,2,Brand Awareness,371058,2024-12-15,2026-07-06,Completed
1827,Seamless secondary capability,5,Remarketing,249964,2025-01-10,2026-04-19,Active
1828,Proactive grid-enabled core,1,Remarketing,218408,2026-04-02,2026-10-06,Paused
1829,User-centric 5thgeneration focus group,3,Sales,233160,2026-06-09,2026-06-09,Paused
1830,Assimilated tangible productivity,5,Product Launch,232120,2025-12-05,2026-02-26,Paused
1831,Profound bottom-line structure,4,Remarketing,491887,2025-05-29,2026-02-11,Completed
1832,Programmable tangible circuit,3,Product Launch,191313,2025-01-09,2026-04-07,Active
1833,Assimilated human-resource ability,5,Remarketing,204479,2025-01-24,2026-09-29,Paused
1834,Optional actuating alliance,3,Lead Generation,11359,2026-06-20,2026-09-02,Active
1835,Triple-buffered maximized application,3,Sales,106477,2025-09-02,2025-12-11,Active
1836,Function-based interactive infrastructure,1,Product Launch,25587,2026-03-03,2026-06-10,Paused
1837,Future-proofed interactive encoding,5,Lead Generation,104785,2024-10-02,2026-01-04,Active
1838,Enhanced hybrid process improvement,3,Sales,13884,2025-09-23,2025-09-23,Active
1839,Compatible exuding support,3,Lead Generation,85823,2025-12-20,2026-04-30,Active
1840,Balanced next generation matrices,2,Lead Generation,471886,2024-12-20,2025-07-22,Paused
1841,Secured 24/7 architecture,5,Remarketing,43552,2026-07-14,2026-10-08,Active
1842,Cross-platform tangible superstructure,5,Sales,399281,2024-09-24,2026-06-13,Paused
1843,Streamlined heuristic framework,3,Brand Awareness,491891,2026-05-09,2026-07-05,Active
1844,Managed optimizing adapter,4,Remarketing,314260,2026-04-03,2026-07-30,Paused
1845,Function-based actuating Graphical User Interface,3,Product Launch,387187,2024-12-12,2026-07-17,Paused
1846,Reactive cohesive frame,1,Sales,144010,2026-05-07,2026-06-13,Paused
1847,Implemented foreground Internet solution,2,Brand Awareness,111415,2025-09-02,2026-02-01,Active
1848,Realigned 24hour solution,2,Sales,323726,2024-11-08,2024-12-23,Paused
1849,Down-sized dynamic flexibility,2,Sales,197379,2025-05-19,2026-01-06,Completed
1850,Integrated human-resource artificial intelligence,3,Lead Generation,48836,2025-11-03,2026-05-11,Completed
1851,Multi-lateral methodical throughput,3,Product Launch,402966,2025-04-16,2025-12-13,Paused
1852,Universal cohesive archive,4,Lead Generation,175514,2024-11-12,2026-05-03,Completed
1853,Digitized reciprocal task-force,4,Lead Generation,173328,2024-12-03,2025-09-12,Paused
1854,Quality-focused explicit model,4,Brand Awareness,165923,2025-04-10,2026-02-10,Active
1855,Diverse logistical encryption,3,Product Launch,499555,2025-10-21,2026-09-04,Active
1856,Centralized modular projection,5,Lead Generation,455493,2025-03-18,2025-11-25,Completed
1857,Object-based actuating focus group,3,Lead Generation,25082,2025-11-17,2026-07-01,Paused
1858,Synergistic solution-oriented implementation,5,Sales,390131,2026-05-13,2026-09-25,Paused
1859,Universal eco-centric utilization,1,Brand Awareness,397920,2025-10-06,2025-10-25,Active
1860,Front-line solution-oriented open system,2,Sales,141392,2024-10-09,2024-12-31,Paused
1861,Cloned executive info-mediaries,1,Product Launch,231623,2026-01-15,2026-02-06,Paused
1862,Cross-group exuding application,2,Brand Awareness,430629,2026-05-27,2026-06-12,Completed
1863,Universal client-driven migration,1,Product Launch,215348,2025-02-26,2026-07-03,Active
1864,Devolved fault-tolerant complexity,2,Remarketing,56526,2026-05-31,2026-07-15,Completed
1865,Profit-focused foreground portal,3,Sales,261859,2025-07-05,2026-03-29,Active
1866,Cloned 24hour knowledgebase,3,Lead Generation,491251,2025-02-14,2026-10-08,Completed
1867,Cloned solution-oriented help-desk,2,Sales,322745,2025-06-11,2026-04-12,Paused
1868,Realigned explicit throughput,4,Product Launch,353039,2025-10-26,2026-05-30,Active
1869,Polarized reciprocal ability,5,Remarketing,372650,2025-11-15,2025-12-31,Active
1870,Fundamental well-modulated instruction set,5,Remarketing,74634,2025-06-02,2026-08-05,Active
1871,Enhanced 6thgeneration attitude,4,Sales,57540,2024-10-27,2025-04-08,Active
1872,Automated secondary system engine,4,Sales,238779,2026-04-21,2026-10-12,Active
1873,User-friendly 4thgeneration process improvement,2,Product Launch,406172,2024-09-05,2025-05-02,Active
1874,Proactive real-time website,3,Remarketing,348234,2024-12-12,2025-03-30,Paused
1875,Grass-roots dedicated frame,4,Brand Awareness,372223,2026-05-19,2026-07-20,Completed
1876,Centralized homogeneous array,3,Remarketing,394421,2024-09-08,2026-08-22,Paused
1877,Sharable user-facing leverage,3,Lead Generation,486175,2025-09-03,2026-02-02,Paused
1878,Robust mobile initiative,4,Lead Generation,66540,2026-02-27,2026-08-28,Paused
1879,Enterprise-wide analyzing standardization,1,Lead Generation,177913,2025-04-28,2025-07-01,Active
1880,Customer-focused bi-directional matrices,2,Remarketing,320757,2026-03-06,2026-09-05,Paused
1881,Managed responsive workforce,1,Product Launch,70836,2025-10-30,2025-12-18,Active
1882,Virtual systematic encoding,1,Sales,418652,2026-07-01,2026-08-17,Active
1883,Sharable composite throughput,2,Product Launch,199699,2025-01-09,2025-08-20,Completed
1884,Digitized reciprocal capability,5,Brand Awareness,379661,2024-08-28,2024-12-15,Completed
1885,Total asymmetric complexity,5,Remarketing,182580,2024-09-05,2025-02-01,Active
1886,Customer-focused intermediate service-desk,3,Product Launch,122030,2024-09-19,2025-07-06,Active
1887,Horizontal fresh-thinking task-force,1,Sales,386531,2024-10-08,2024-12-14,Completed
1888,Synergized intermediate artificial intelligence,2,Remarketing,292312,2025-09-10,2026-03-19,Paused
1889,Compatible needs-based access,2,Remarketing,252134,2025-05-29,2026-10-04,Active
1890,Synergistic asynchronous database,2,Brand Awareness,310939,2026-05-16,2026-08-22,Active
1891,Enterprise-wide tangible collaboration,4,Sales,213462,2025-04-21,2025-08-11,Completed
1892,Total mobile emulation,2,Sales,228528,2025-06-13,2026-05-23,Active
1893,Switchable uniform attitude,1,Product Launch,157534,2024-08-06,2025-11-19,Paused
1894,Open-architected zero tolerance parallelism,3,Product Launch,42165,2025-04-29,2026-07-01,Active
1895,Profit-focused global open system,2,Remarketing,227563,2026-06-22,2026-08-15,Active
1896,Self-enabling actuating analyzer,1,Product Launch,395606,2025-05-02,2025-11-25,Completed
1897,Synergistic needs-based benchmark,2,Remarketing,92569,2025-12-05,2026-01-29,Completed
1898,Intuitive dynamic knowledgebase,1,Brand Awareness,53552,2024-10-19,2025-06-19,Completed
1899,Centralized global database,2,Brand Awareness,386495,2026-04-28,2026-05-20,Completed
1900,Re-engineered interactive moratorium,2,Remarketing,89769,2025-03-09,2026-05-31,Paused
1901,Stand-alone needs-based contingency,1,Sales,365865,2025-09-02,2026-02-22,Paused
1902,Devolved upward-trending parallelism,1,Brand Awareness,497310,2026-06-04,2026-08-17,Paused
1903,Configurable coherent leverage,2,Lead Generation,488909,2024-09-29,2025-10-04,Paused
1904,Virtual disintermediate standardization,2,Lead Generation,97148,2025-08-05,2025-12-08,Active
1905,Seamless local standardization,3,Sales,83033,2025-12-16,2026-02-05,Paused
1906,Front-line multimedia frame,4,Sales,110875,2025-11-25,2026-07-26,Paused
1907,Programmable real-time info-mediaries,3,Brand Awareness,107799,2024-12-17,2025-12-30,Completed
1908,Digitized logistical groupware,5,Remarketing,315446,2026-06-11,2026-07-27,Paused
1909,Optional directional budgetary management,4,Remarketing,32421,2025-12-14,2026-01-05,Completed
1910,Reactive demand-driven adapter,3,Sales,51077,2025-07-20,2026-04-15,Completed
1911,Team-oriented multimedia middleware,1,Remarketing,388990,2026-06-12,2026-07-01,Active
1912,Re-contextualized non-volatile encryption,3,Lead Generation,122451,2025-09-24,2025-12-10,Completed
1913,Persevering explicit knowledgebase,1,Sales,262270,2025-05-18,2025-11-04,Paused
1914,Fundamental background superstructure,5,Sales,408821,2026-04-28,2026-05-09,Completed
1915,Visionary national standardization,5,Brand Awareness,245952,2025-02-22,2026-08-25,Paused
1916,Profound motivating protocol,4,Lead Generation,200566,2025-04-05,2025-11-05,Completed
1917,Team-oriented 5thgeneration frame,3,Sales,204039,2026-04-05,2026-05-02,Paused
1918,Fully-configurable asynchronous encryption,5,Brand Awareness,296804,2024-09-02,2025-12-13,Completed
1919,Expanded reciprocal concept,5,Lead Generation,80246,2026-06-16,2026-09-18,Completed
1920,Programmable stable portal,1,Product Launch,143845,2025-05-28,2025-09-25,Active
1921,Multi-lateral actuating moratorium,5,Remarketing,132676,2026-04-26,2026-04-28,Active
1922,Operative logistical time-frame,3,Lead Generation,313730,2026-04-12,2026-07-28,Paused
1923,Down-sized content-based frame,1,Lead Generation,346592,2026-02-11,2026-10-09,Completed
1924,Stand-alone 5thgeneration utilization,3,Product Launch,446996,2024-07-20,2025-04-11,Active
1925,Compatible zero-defect capability,5,Product Launch,484313,2025-07-28,2026-09-07,Active
1926,Implemented 6thgeneration access,1,Product Launch,295531,2024-12-11,2025-08-15,Active
1927,Integrated background approach,2,Lead Generation,134880,2025-11-20,2026-08-25,Active
1928,Mandatory interactive paradigm,5,Sales,69530,2025-08-29,2025-10-07,Paused
1929,Multi-tiered intermediate concept,5,Remarketing,131188,2025-06-01,2026-03-23,Active
1930,Mandatory holistic framework,2,Remarketing,74091,2025-11-18,2026-07-15,Completed
1931,Mandatory maximized instruction set,2,Product Launch,91978,2025-02-26,2026-04-23,Completed
1932,Triple-buffered logistical monitoring,1,Remarketing,312439,2024-08-15,2025-08-26,Completed
1933,Reverse-engineered fresh-thinking challenge,1,Brand Awareness,399151,2024-07-19,2026-08-28,Active
1934,Triple-buffered didactic hardware,2,Lead Generation,115956,2025-03-06,2025-09-07,Paused
1935,Re-engineered motivating extranet,4,Sales,146755,2025-09-22,2026-09-10,Paused
1936,Persistent bi-directional moratorium,2,Sales,338934,2026-03-25,2026-09-20,Active
1937,Multi-layered leadingedge hub,5,Brand Awareness,348209,2025-05-15,2025-10-12,Active
1938,Re-engineered composite algorithm,2,Product Launch,379686,2025-10-21,2026-10-07,Paused
1939,Vision-oriented zero tolerance info-mediaries,2,Brand Awareness,242221,2025-04-06,2025-05-30,Active
1940,Vision-oriented clear-thinking capacity,3,Sales,258748,2025-12-13,2026-05-26,Paused
1941,Triple-buffered bi-directional open architecture,5,Product Launch,285082,2026-03-06,2026-05-21,Active
1942,Re-engineered motivating productivity,4,Lead Generation,34653,2025-03-16,2025-07-22,Completed
1943,Streamlined dynamic migration,3,Brand Awareness,142222,2025-02-26,2025-12-17,Paused
1944,Versatile solution-oriented productivity,3,Lead Generation,177123,2025-09-07,2026-08-20,Completed
1945,Streamlined attitude-oriented parallelism,1,Product Launch,86466,2024-08-14,2026-10-07,Paused
1946,Cloned 5thgeneration project,2,Remarketing,245622,2026-07-11,2026-08-05,Paused
1947,Sharable client-server software,4,Sales,395629,2026-06-24,2026-10-11,Completed
1948,Operative directional capability,2,Product Launch,191979,2025-12-01,2026-03-04,Paused
1949,Future-proofed system-worthy task-force,3,Sales,55017,2025-06-06,2025-12-19,Active
1950,Front-line 6thgeneration Graphic Interface,3,Remarketing,77831,2024-10-20,2025-12-14,Active
1951,Assimilated incremental functionalities,4,Lead Generation,43798,2025-09-16,2025-09-21,Completed
1952,User-friendly exuding hub,4,Remarketing,345330,2025-04-05,2025-11-20,Paused
1953,Optimized next generation utilization,3,Remarketing,202034,2024-08-20,2025-11-26,Active
1954,Right-sized needs-based hardware,3,Remarketing,81776,2024-11-07,2026-04-25,Completed
1955,Optimized modular model,5,Lead Generation,57680,2024-07-22,2026-10-10,Active
1956,Monitored client-server help-desk,5,Brand Awareness,348297,2026-02-15,2026-05-03,Completed
1957,Cloned 4thgeneration solution,1,Sales,114176,2026-07-02,2026-09-07,Paused
1958,Seamless tertiary info-mediaries,5,Brand Awareness,64800,2024-09-14,2025-01-01,Completed
1959,Self-enabling 3rdgeneration info-mediaries,1,Brand Awareness,341586,2026-03-18,2026-04-29,Completed
1960,Sharable logistical benchmark,1,Sales,488647,2024-10-03,2026-06-10,Active
1961,Ameliorated system-worthy hub,4,Brand Awareness,288894,2026-07-06,2026-09-11,Active
1962,Front-line clear-thinking productivity,2,Remarketing,219959,2024-11-28,2026-08-15,Paused
1963,Cross-group coherent toolset,4,Remarketing,404543,2026-02-05,2026-04-30,Active
1964,Pre-emptive actuating functionalities,4,Product Launch,467217,2026-01-01,2026-08-30,Paused
1965,Persevering tangible conglomeration,2,Lead Generation,17830,2026-05-31,2026-09-29,Paused
1966,Compatible secondary access,5,Lead Generation,161747,2026-02-10,2026-05-10,Completed
1967,Vision-oriented content-based throughput,4,Sales,272768,2024-11-25,2026-06-16,Paused
1968,Robust systematic task-force,5,Brand Awareness,116774,2025-10-08,2026-06-25,Active
1969,Pre-emptive mobile success,2,Sales,309989,2026-02-20,2026-05-19,Completed
1970,Enhanced asymmetric workforce,4,Brand Awareness,411378,2025-12-29,2026-08-20,Active
1971,Down-sized attitude-oriented utilization,4,Product Launch,404670,2025-07-29,2025-11-24,Completed
1972,Re-engineered homogeneous analyzer,2,Product Launch,50833,2026-02-10,2026-06-23,Active
1973,Re-contextualized dynamic application,4,Product Launch,476893,2025-05-27,2026-07-19,Paused
1974,User-centric demand-driven software,5,Sales,139054,2024-08-05,2026-02-20,Completed
1975,Focused executive installation,5,Remarketing,281325,2024-07-20,2026-06-14,Active
1976,Team-oriented national parallelism,3,Lead Generation,365757,2025-02-19,2026-01-19,Paused
1977,Innovative composite framework,1,Lead Generation,421880,2024-12-28,2025-10-16,Paused
1978,Pre-emptive homogeneous collaboration,4,Remarketing,34847,2026-06-09,2026-06-09,Active
1979,Networked systematic forecast,2,Remarketing,434066,2025-05-16,2025-10-11,Paused
1980,Upgradable background solution,4,Remarketing,481829,2025-08-31,2026-01-02,Active
1981,Organized 24/7 adapter,5,Brand Awareness,281377,2025-07-13,2026-02-27,Paused
1982,Seamless zero administration service-desk,1,Sales,15395,2025-11-13,2026-07-28,Paused
1983,Assimilated non-volatile product,5,Lead Generation,392728,2026-04-29,2026-06-22,Active
1984,Synchronized web-enabled website,5,Sales,234290,2026-03-10,2026-09-11,Active
1985,Inverse zero tolerance hub,4,Sales,331368,2024-12-23,2025-06-09,Completed
1986,Secured regional application,4,Product Launch,246854,2026-03-14,2026-08-25,Completed
1987,Business-focused local matrices,4,Lead Generation,309913,2024-10-25,2025-07-25,Active
1988,Visionary real-time adapter,3,Lead Generation,424748,2024-12-23,2025-05-02,Paused
1989,Vision-oriented eco-centric secured line,2,Product Launch,355129,2025-04-28,2025-10-06,Completed
1990,User-friendly uniform Local Area Network,3,Remarketing,335695,2026-04-16,2026-05-17,Active
1991,Expanded cohesive product,4,Brand Awareness,354530,2024-09-23,2025-11-18,Completed
1992,Profit-focused national open system,5,Product Launch,179694,2026-05-15,2026-09-06,Completed
1993,Multi-lateral cohesive alliance,5,Sales,105645,2025-05-11,2025-08-06,Active
1994,Enhanced methodical framework,4,Remarketing,302334,2024-09-26,2024-12-14,Paused
1995,Profit-focused holistic instruction set,5,Remarketing,444713,2026-06-25,2026-09-08,Completed
1996,Organized content-based architecture,3,Sales,452248,2025-01-05,2025-02-25,Completed
1997,Implemented explicit hardware,1,Lead Generation,299726,2024-12-01,2025-07-22,Active
1998,Triple-buffered next generation workforce,5,Product Launch,286234,2026-03-02,2026-03-10,Completed
1999,Focused intermediate frame,5,Remarketing,416073,2026-01-13,2026-08-07,Paused
2000,Visionary motivating groupware,1,Product Launch,160307,2024-11-10,2026-03-01,Paused
2001,Sharable heuristic customer loyalty,3,Product Launch,203127,2025-11-15,2025-11-24,Paused
2002,Open-source radical ability,1,Sales,471544,2025-08-08,2025-09-12,Paused
2003,Realigned reciprocal ability,1,Brand Awareness,273728,2025-08-08,2025-11-04,Completed
2004,Extended asynchronous frame,1,Remarketing,74927,2026-01-16,2026-02-06,Active
2005,Seamless interactive matrix,5,Brand Awareness,345185,2026-06-18,2026-08-30,Paused
2006,Diverse fault-tolerant workforce,5,Sales,351411,2024-11-07,2026-01-02,Active
2007,Up-sized even-keeled Graphic Interface,5,Sales,76373,2025-07-10,2025-11-08,Paused
2008,Decentralized zero tolerance framework,5,Brand Awareness,495336,2024-08-21,2025-11-25,Active
2009,Synergized demand-driven function,4,Sales,386107,2025-10-06,2025-11-11,Completed
2010,Synergized high-level approach,2,Sales,390566,2025-09-24,2026-09-21,Paused
2011,Devolved disintermediate Local Area Network,4,Product Launch,22725,2024-10-07,2025-03-11,Paused
2012,Adaptive optimizing moderator,3,Remarketing,359077,2025-05-24,2026-08-05,Completed
2013,Phased composite pricing structure,3,Remarketing,308731,2026-03-14,2026-05-01,Paused
2014,Expanded human-resource support,3,Remarketing,462181,2025-12-17,2026-03-07,Active
2015,Expanded explicit approach,5,Product Launch,293857,2024-11-18,2026-04-19,Paused
2016,User-centric heuristic conglomeration,4,Brand Awareness,292808,2026-01-28,2026-08-13,Completed
2017,Visionary non-volatile frame,3,Brand Awareness,329469,2025-04-11,2026-03-20,Paused
2018,Adaptive clear-thinking solution,1,Remarketing,473922,2025-10-11,2025-11-16,Active
2019,Polarized optimizing data-warehouse,1,Product Launch,438452,2024-08-24,2026-09-24,Completed
2020,Synchronized 4thgeneration implementation,2,Brand Awareness,152569,2025-08-17,2026-02-15,Completed
2021,Centralized heuristic focus group,5,Product Launch,96930,2024-12-17,2026-07-30,Paused
2022,Multi-tiered intermediate focus group,5,Product Launch,495258,2026-04-19,2026-06-03,Completed
2023,Enhanced solution-oriented archive,4,Product Launch,264012,2025-06-14,2026-10-06,Completed
2024,Persistent optimizing neural-net,5,Remarketing,102108,2025-06-15,2026-05-13,Paused
2025,Enhanced value-added synergy,1,Remarketing,381192,2025-12-07,2026-08-18,Completed
2026,Function-based global synergy,4,Sales,279054,2025-06-21,2026-05-02,Paused
2027,Visionary incremental ability,2,Product Launch,58256,2026-05-04,2026-09-28,Completed
2028,Optional system-worthy solution,3,Product Launch,82160,2026-04-06,2026-05-08,Paused
2029,Optional executive process improvement,4,Brand Awareness,151775,2026-05-08,2026-09-03,Active
2030,Intuitive reciprocal initiative,2,Product Launch,42850,2026-04-24,2026-07-28,Paused
2031,Vision-oriented tangible Graphical User Interface,5,Brand Awareness,456226,2025-06-07,2026-05-10,Paused
2032,Programmable 4thgeneration attitude,4,Sales,183462,2026-05-01,2026-05-01,Paused
2033,Optional systematic archive,3,Product Launch,451303,2025-12-09,2026-08-04,Active
2034,Inverse scalable project,3,Sales,71079,2025-09-11,2026-08-18,Paused
2035,Reactive radical Graphic Interface,5,Lead Generation,246537,2025-02-11,2025-09-23,Active
2036,Operative demand-driven structure,3,Sales,204271,2026-03-06,2026-06-13,Paused
2037,Innovative actuating task-force,4,Product Launch,78207,2026-07-14,2026-10-02,Paused
2038,Upgradable holistic frame,3,Brand Awareness,136065,2026-02-22,2026-07-09,Active
2039,Polarized client-server superstructure,5,Brand Awareness,417022,2026-03-14,2026-06-29,Completed
2040,Business-focused dedicated task-force,4,Brand Awareness,458304,2026-04-22,2026-05-11,Active
2041,Profound real-time access,1,Remarketing,312136,2025-12-05,2026-03-21,Completed
2042,Enterprise-wide executive installation,1,Product Launch,198198,2025-04-04,2026-05-02,Completed
2043,Profound local success,1,Brand Awareness,424067,2025-12-22,2026-07-14,Active
2044,Polarized bottom-line leverage,2,Remarketing,401164,2025-04-22,2026-01-28,Paused
2045,Team-oriented bifurcated firmware,1,Sales,146191,2026-02-12,2026-10-02,Paused
2046,Horizontal human-resource open system,3,Sales,187343,2025-05-14,2026-02-13,Paused
2047,Streamlined holistic moratorium,1,Remarketing,219317,2025-10-25,2026-05-25,Paused
2048,Fundamental secondary database,2,Brand Awareness,72588,2024-10-03,2026-07-01,Paused
2049,Optimized high-level toolset,5,Lead Generation,86043,2026-06-02,2026-09-22,Active
2050,Multi-layered value-added instruction set,4,Product Launch,169598,2024-10-14,2025-07-15,Paused
2051,Centralized responsive framework,1,Brand Awareness,331547,2025-09-10,2025-12-17,Completed
2052,Secured didactic attitude,4,Lead Generation,170005,2026-05-03,2026-07-24,Active
2053,Self-enabling multimedia frame,4,Remarketing,369937,2025-07-07,2026-08-15,Paused
2054,Front-line responsive time-frame,3,Brand Awareness,275533,2025-12-31,2026-05-03,Completed
2055,Polarized uniform algorithm,3,Sales,39613,2025-01-13,2026-06-19,Active
2056,Horizontal 24hour functionalities,1,Brand Awareness,272177,2025-10-19,2026-08-16,Paused
2057,Customer-focused full-range service-desk,1,Lead Generation,229939,2026-03-06,2026-04-10,Active
2058,Re-contextualized dedicated time-frame,5,Sales,102280,2025-12-12,2026-03-11,Paused
2059,Polarized dynamic access,1,Sales,363920,2025-04-14,2026-07-11,Completed
2060,Virtual discrete service-desk,4,Lead Generation,301758,2025-05-20,2026-04-30,Completed
2061,De-engineered zero tolerance website,3,Remarketing,48306,2024-12-30,2025-07-16,Active
2062,Reduced transitional productivity,4,Sales,254443,2025-07-13,2026-04-12,Paused
2063,Ameliorated intermediate analyzer,3,Product Launch,457434,2026-05-01,2026-05-28,Paused
2064,Function-based executive data-warehouse,1,Lead Generation,127335,2025-05-16,2025-05-17,Paused
2065,Upgradable methodical moratorium,1,Lead Generation,483733,2024-10-04,2026-06-10,Paused
2066,Self-enabling background parallelism,4,Product Launch,284998,2025-04-26,2026-05-16,Completed
2067,Phased static knowledgebase,1,Lead Generation,348190,2026-05-10,2026-07-04,Paused
2068,Multi-tiered executive implementation,5,Sales,447234,2025-06-06,2025-08-30,Active
2069,Cross-platform bandwidth-monitored leverage,2,Brand Awareness,401098,2024-10-28,2026-10-02,Completed
2070,Stand-alone context-sensitive portal,1,Brand Awareness,205448,2026-04-20,2026-10-13,Active
2071,Networked responsive synergy,5,Lead Generation,165696,2026-02-26,2026-05-01,Active
2072,Fundamental human-resource concept,5,Remarketing,124371,2024-12-13,2025-04-01,Active
2073,Streamlined transitional portal,5,Product Launch,97809,2026-04-01,2026-08-22,Completed
2074,Secured explicit Local Area Network,2,Sales,165994,2025-12-18,2026-07-08,Active
2075,Secured systemic flexibility,2,Product Launch,395463,2025-03-10,2025-08-27,Completed
2076,De-engineered static productivity,1,Sales,184218,2025-01-25,2026-08-05,Active
2077,Reactive clear-thinking standardization,5,Brand Awareness,24378,2025-02-23,2025-03-29,Active
2078,Devolved intermediate extranet,2,Sales,196631,2025-04-27,2025-07-06,Active
2079,Front-line fault-tolerant time-frame,5,Product Launch,288030,2026-04-12,2026-07-12,Completed
2080,Enhanced regional Local Area Network,1,Brand Awareness,179781,2026-03-06,2026-03-26,Paused
2081,Down-sized bi-directional project,1,Product Launch,402952,2025-03-04,2026-10-02,Paused
2082,Polarized non-volatile paradigm,2,Brand Awareness,382270,2025-05-06,2025-09-21,Completed
2083,Upgradable tertiary Graphic Interface,1,Product Launch,127861,2024-07-26,2025-09-23,Active
2084,Profound solution-oriented circuit,5,Brand Awareness,237981,2026-03-17,2026-08-10,Paused
2085,Distributed zero-defect standardization,2,Product Launch,75481,2025-05-31,2026-04-17,Paused
2086,Managed dynamic budgetary management,1,Brand Awareness,373807,2026-03-14,2026-09-30,Completed
2087,Persistent mobile flexibility,3,Product Launch,85822,2024-09-01,2026-08-27,Paused
2088,Fully-configurable scalable capability,3,Lead Generation,322023,2025-04-25,2026-02-26,Completed
2089,Intuitive coherent matrices,4,Brand Awareness,31555,2024-08-07,2024-08-27,Paused
2090,Object-based optimizing open system,3,Product Launch,234858,2025-01-25,2025-12-07,Completed
2091,Proactive bifurcated access,2,Lead Generation,186792,2024-10-11,2025-11-21,Paused
2092,Persistent leadingedge toolset,5,Product Launch,283044,2025-01-05,2025-09-15,Active
2093,User-friendly solution-oriented leverage,4,Sales,79511,2025-09-19,2026-10-09,Active
2094,Profound bottom-line customer loyalty,4,Sales,226283,2025-09-17,2025-11-19,Paused
2095,Ameliorated interactive implementation,2,Sales,229036,2024-11-27,2025-12-17,Completed
2096,Optional static help-desk,5,Lead Generation,294735,2026-01-01,2026-09-23,Completed
2097,Advanced disintermediate product,2,Brand Awareness,410352,2025-02-03,2026-01-03,Active
2098,Balanced scalable info-mediaries,2,Sales,193045,2025-09-20,2026-07-19,Active
2099,Open-architected hybrid open system,4,Product Launch,130072,2025-09-01,2026-02-05,Completed
2100,Profit-focused zero tolerance toolset,1,Brand Awareness,223612,2025-04-27,2026-09-14,Active
2101,Phased didactic emulation,2,Brand Awareness,420534,2024-09-29,2026-05-01,Completed
2102,Ergonomic background productivity,3,Remarketing,350428,2025-09-19,2026-06-12,Completed
2103,Synergistic secondary approach,3,Lead Generation,298601,2025-05-18,2025-06-02,Completed
2104,Exclusive background parallelism,3,Brand Awareness,64755,2025-01-25,2025-12-27,Completed
2105,Secured human-resource portal,1,Remarketing,164984,2025-06-06,2025-09-28,Active
2106,Grass-roots mobile solution,1,Product Launch,414446,2025-02-19,2025-02-20,Completed
2107,Inverse interactive framework,1,Sales,169281,2025-12-01,2026-10-10,Active
2108,Intuitive scalable methodology,1,Sales,177884,2026-03-25,2026-04-07,Completed
2109,Organized value-added artificial intelligence,5,Sales,322009,2025-01-04,2025-03-08,Paused
2110,Visionary regional productivity,2,Brand Awareness,221289,2025-08-20,2026-08-07,Active
2111,Business-focused zero-defect architecture,3,Remarketing,408529,2026-06-18,2026-08-12,Active
2112,Reactive secondary collaboration,5,Remarketing,267873,2025-08-28,2026-03-22,Active
2113,Configurable methodical database,3,Remarketing,18795,2025-08-19,2026-09-19,Active
2114,Synergized fault-tolerant core,4,Remarketing,101299,2025-05-13,2026-03-13,Paused
2115,Multi-layered zero tolerance algorithm,2,Remarketing,347971,2025-03-17,2025-09-28,Active
2116,Customer-focused executive budgetary management,2,Remarketing,369924,2024-08-18,2026-02-09,Paused
2117,Vision-oriented tangible process improvement,4,Brand Awareness,464526,2024-08-01,2025-12-12,Paused
2118,Networked zero administration challenge,3,Brand Awareness,321557,2026-05-29,2026-09-17,Completed
2119,Versatile 4thgeneration functionalities,5,Lead Generation,73784,2025-03-22,2025-12-26,Active
2120,Digitized value-added matrices,3,Brand Awareness,283523,2024-10-28,2024-11-27,Active
2121,Profit-focused responsive utilization,5,Product Launch,323498,2026-04-27,2026-06-25,Paused
2122,Streamlined heuristic customer loyalty,4,Product Launch,391559,2024-12-29,2025-04-12,Active
2123,Synchronized executive parallelism,4,Product Launch,356440,2026-03-05,2026-04-09,Active
2124,Progressive web-enabled hub,2,Brand Awareness,470076,2024-11-14,2026-09-13,Paused
2125,Advanced global collaboration,1,Remarketing,417834,2024-08-24,2026-03-05,Paused
2126,Up-sized heuristic neural-net,5,Remarketing,24292,2026-04-13,2026-10-08,Active
2127,Intuitive solution-oriented groupware,3,Lead Generation,447875,2026-04-14,2026-06-08,Active
2128,Right-sized local encryption,4,Sales,372817,2024-09-09,2025-02-26,Completed
2129,Function-based national hierarchy,5,Sales,198659,2026-01-07,2026-04-24,Completed
2130,Diverse zero administration initiative,3,Sales,230906,2025-11-24,2025-12-01,Active
2131,Distributed secondary initiative,5,Lead Generation,230249,2025-12-14,2026-02-21,Active
2132,Advanced needs-based benchmark,4,Sales,41380,2025-07-11,2025-09-03,Active
2133,Ameliorated stable installation,2,Brand Awareness,47163,2025-11-20,2026-03-07,Active
2134,Networked 3rdgeneration access,2,Lead Generation,459639,2026-04-22,2026-10-05,Paused
2135,Public-key didactic matrix,5,Product Launch,399956,2025-07-24,2025-11-01,Active
2136,Function-based context-sensitive alliance,5,Product Launch,438436,2025-11-21,2026-10-09,Active
2137,Visionary static ability,4,Product Launch,234850,2025-11-30,2026-05-21,Paused
2138,Stand-alone multi-state workforce,2,Sales,49808,2026-06-02,2026-09-15,Active
2139,Profound bifurcated emulation,4,Lead Generation,240397,2025-06-06,2026-08-22,Paused
2140,Progressive executive policy,4,Product Launch,383639,2026-03-23,2026-10-03,Completed
2141,Compatible background Graphic Interface,4,Product Launch,110441,2025-10-01,2026-05-17,Paused
2142,Down-sized tertiary knowledge user,1,Brand Awareness,54127,2024-10-24,2025-08-15,Paused
2143,Implemented tangible flexibility,5,Brand Awareness,194461,2025-12-03,2026-07-29,Completed
2144,Configurable multi-state analyzer,3,Product Launch,56887,2025-06-17,2026-04-15,Paused
2145,Multi-channeled eco-centric superstructure,1,Remarketing,423093,2025-03-01,2025-07-20,Paused
2146,Sharable regional monitoring,3,Brand Awareness,310483,2026-04-21,2026-08-11,Active
2147,Horizontal 24hour methodology,4,Sales,353806,2024-10-14,2024-11-10,Completed
2148,Open-source modular service-desk,5,Product Launch,59007,2025-07-23,2026-04-30,Active
2149,Enhanced eco-centric paradigm,5,Sales,14737,2025-07-12,2026-04-30,Active
2150,Cross-platform intangible core,3,Remarketing,421099,2026-06-05,2026-07-19,Active
2151,Face-to-face non-volatile implementation,5,Lead Generation,168403,2026-06-16,2026-09-25,Completed
2152,Intuitive needs-based intranet,3,Sales,467301,2024-11-05,2025-11-23,Completed
2153,Focused grid-enabled Graphic Interface,2,Brand Awareness,331669,2025-08-24,2026-02-09,Completed
2154,Intuitive systemic interface,3,Sales,355886,2024-08-29,2024-09-19,Completed
2155,Intuitive needs-based methodology,1,Remarketing,30702,2025-03-27,2025-09-12,Paused
2156,Ergonomic full-range algorithm,1,Product Launch,85225,2024-11-11,2026-08-20,Completed
2157,Digitized multimedia architecture,1,Sales,335501,2025-07-28,2026-04-06,Active
2158,Enterprise-wide multi-state neural-net,1,Remarketing,462510,2025-11-25,2026-01-23,Paused
2159,Public-key optimizing orchestration,1,Product Launch,339660,2026-04-26,2026-05-09,Completed
2160,Seamless executive knowledge user,5,Remarketing,241980,2025-08-03,2026-03-31,Completed
2161,Cross-group disintermediate instruction set,3,Product Launch,385331,2025-06-10,2025-10-22,Active
2162,Function-based bi-directional archive,2,Product Launch,149541,2025-06-24,2026-05-02,Completed
2163,Devolved responsive protocol,1,Remarketing,424783,2024-10-24,2026-07-16,Active
2164,Universal context-sensitive knowledge user,1,Lead Generation,357249,2025-09-14,2026-06-23,Active
2165,User-centric global process improvement,3,Remarketing,436295,2025-10-07,2025-12-12,Paused
2166,Integrated heuristic capability,3,Brand Awareness,231796,2026-05-07,2026-09-16,Paused
2167,Reduced optimal task-force,1,Remarketing,420809,2026-07-13,2026-07-25,Completed
2168,Mandatory secondary forecast,1,Product Launch,203486,2025-11-14,2025-12-29,Active
2169,Ameliorated solution-oriented service-desk,3,Product Launch,330329,2025-01-14,2025-06-17,Paused
2170,Vision-oriented 24/7 adapter,4,Remarketing,66461,2025-08-22,2025-11-08,Active
2171,Profit-focused reciprocal hub,5,Lead Generation,77391,2024-10-26,2025-05-13,Completed
2172,Upgradable incremental challenge,3,Remarketing,102756,2026-04-23,2026-09-13,Active
2173,Self-enabling homogeneous artificial intelligence,2,Lead Generation,436567,2025-11-18,2026-05-26,Paused
2174,Upgradable uniform migration,2,Product Launch,87177,2025-07-12,2025-10-22,Paused
2175,Networked solution-oriented knowledge user,5,Remarketing,446783,2025-07-20,2026-05-13,Paused
2176,Reverse-engineered background info-mediaries,5,Lead Generation,201899,2024-12-01,2026-04-09,Completed
2177,Distributed real-time flexibility,3,Brand Awareness,434740,2025-04-26,2026-09-14,Completed
2178,Adaptive holistic analyzer,4,Brand Awareness,11865,2025-06-27,2025-10-04,Active
2179,Quality-focused heuristic array,3,Lead Generation,417969,2024-07-24,2026-03-28,Active
2180,Streamlined value-added application,3,Product Launch,331342,2025-04-28,2026-03-13,Paused
2181,Managed didactic middleware,5,Sales,12048,2025-03-23,2026-09-12,Active
2182,Reactive dedicated infrastructure,1,Product Launch,480717,2024-10-18,2025-07-17,Completed
2183,Monitored mission-critical forecast,3,Brand Awareness,384461,2024-10-07,2024-12-05,Paused
2184,Up-sized responsive algorithm,3,Sales,482360,2026-04-11,2026-06-25,Paused
2185,Optional dedicated groupware,2,Lead Generation,488898,2025-02-27,2025-04-07,Completed
2186,Inverse multimedia paradigm,4,Product Launch,482814,2024-07-27,2026-07-23,Active
2187,Configurable stable core,4,Lead Generation,250741,2025-02-13,2025-10-28,Paused
2188,Multi-lateral bottom-line ability,2,Sales,23756,2026-02-14,2026-07-10,Completed
2189,Expanded intermediate solution,2,Lead Generation,239450,2024-10-20,2025-12-17,Completed
2190,Face-to-face directional focus group,3,Brand Awareness,179265,2025-05-24,2025-08-07,Paused
2191,Persistent logistical time-frame,2,Remarketing,332331,2026-05-13,2026-09-02,Paused
2192,Compatible discrete forecast,3,Lead Generation,48836,2025-07-30,2026-03-19,Active
2193,Expanded contextually-based standardization,1,Sales,458078,2026-02-24,2026-06-12,Completed
2194,Total discrete collaboration,1,Brand Awareness,153824,2025-11-27,2026-08-13,Completed
2195,Decentralized heuristic utilization,2,Product Launch,180897,2026-04-04,2026-04-24,Active
2196,Enterprise-wide static matrix,5,Brand Awareness,33747,2026-02-26,2026-06-09,Paused
2197,Function-based client-server info-mediaries,5,Remarketing,454967,2025-02-07,2026-01-12,Active
2198,Sharable incremental projection,1,Product Launch,363062,2025-12-18,2026-01-16,Completed
2199,Intuitive transitional standardization,4,Product Launch,362834,2026-03-07,2026-07-17,Active
2200,De-engineered modular capacity,4,Lead Generation,402805,2025-04-26,2025-10-31,Active
2201,Enterprise-wide multi-state product,1,Lead Generation,470945,2025-06-18,2025-12-10,Completed
2202,Object-based client-server implementation,2,Lead Generation,456118,2025-10-15,2025-11-05,Active
2203,Customer-focused contextually-based encoding,4,Remarketing,307630,2026-03-08,2026-05-22,Paused
2204,Self-enabling 3rdgeneration product,2,Sales,471402,2024-10-10,2026-06-18,Active
2205,Secured empowering support,5,Product Launch,392370,2025-06-23,2025-08-27,Completed
2206,Programmable fault-tolerant complexity,2,Lead Generation,263357,2025-04-03,2025-07-13,Completed
2207,Configurable bi-directional support,5,Product Launch,137738,2025-03-19,2026-07-02,Paused
2208,Robust 3rdgeneration circuit,1,Remarketing,322262,2025-04-20,2026-01-14,Completed
2209,Reactive client-server collaboration,2,Remarketing,257654,2026-07-09,2026-09-10,Paused
2210,Public-key 5thgeneration algorithm,3,Lead Generation,467797,2025-08-14,2026-08-13,Completed
2211,Synchronized neutral architecture,3,Remarketing,106474,2025-08-03,2026-05-10,Completed
2212,Horizontal stable approach,1,Brand Awareness,61131,2025-06-28,2026-05-06,Active
2213,Devolved high-level encoding,4,Remarketing,360377,2026-05-04,2026-09-27,Completed
2214,Assimilated holistic knowledge user,3,Lead Generation,426404,2025-03-03,2025-06-24,Active
2215,Streamlined exuding middleware,5,Remarketing,305796,2025-10-06,2026-03-25,Completed
2216,Versatile 3rdgeneration emulation,4,Product Launch,265504,2025-10-07,2026-07-20,Completed
2217,Programmable 24/7 open architecture,1,Remarketing,227868,2025-07-30,2026-09-17,Paused
2218,Extended intangible archive,2,Product Launch,266611,2024-12-03,2025-01-28,Active
2219,Seamless demand-driven throughput,4,Lead Generation,262467,2025-06-12,2025-08-27,Paused
2220,Advanced contextually-based website,3,Sales,333599,2026-01-29,2026-06-18,Paused
2221,Centralized zero administration intranet,2,Sales,436448,2026-06-17,2026-09-13,Paused
2222,Balanced value-added collaboration,2,Product Launch,259787,2024-10-15,2025-05-08,Active
2223,Persevering systematic forecast,1,Lead Generation,106594,2025-09-11,2025-11-21,Active
2224,Phased clear-thinking software,4,Brand Awareness,140733,2025-04-28,2025-05-15,Active
2225,Customizable 3rdgeneration policy,3,Product Launch,27442,2026-07-13,2026-07-25,Completed
2226,Cross-group explicit protocol,4,Brand Awareness,367687,2025-01-31,2026-10-02,Completed
2227,De-engineered grid-enabled function,2,Product Launch,282236,2025-06-09,2025-10-20,Paused
2228,Centralized multi-tasking database,3,Product Launch,97113,2025-08-06,2025-12-22,Active
2229,Implemented empowering leverage,3,Product Launch,300420,2025-04-19,2025-07-11,Active
2230,Public-key clear-thinking initiative,2,Lead Generation,101991,2025-11-05,2026-08-25,Paused
2231,Persistent systemic customer loyalty,2,Product Launch,40129,2025-08-16,2026-05-29,Paused
2232,Vision-oriented 5thgeneration function,4,Product Launch,279529,2025-06-25,2025-07-02,Active
2233,Customizable composite interface,2,Remarketing,492297,2026-02-07,2026-07-25,Active
2234,Inverse tertiary circuit,5,Lead Generation,448741,2024-09-12,2025-12-09,Active
2235,Reactive object-oriented attitude,5,Sales,308210,2025-10-07,2026-02-07,Completed
2236,Organic value-added open architecture,1,Product Launch,294652,2025-05-28,2026-02-13,Completed
2237,Face-to-face composite infrastructure,5,Lead Generation,130807,2025-11-27,2026-10-13,Completed
2238,Organic reciprocal knowledgebase,1,Product Launch,328780,2026-07-10,2026-08-09,Completed
2239,Proactive client-server utilization,1,Lead Generation,48569,2024-09-21,2026-03-06,Active
2240,Networked human-resource initiative,2,Remarketing,79167,2024-09-07,2025-09-21,Paused
2241,Switchable tangible synergy,4,Product Launch,73465,2026-01-22,2026-03-01,Completed
2242,Pre-emptive real-time Graphic Interface,2,Lead Generation,71793,2024-08-06,2024-09-14,Paused
2243,Horizontal tertiary knowledge user,4,Brand Awareness,111843,2025-04-17,2025-10-11,Active
2244,Cross-group disintermediate website,5,Remarketing,359535,2026-03-07,2026-08-31,Active
2245,Profound maximized hierarchy,1,Brand Awareness,453865,2026-03-31,2026-07-09,Completed
2246,Object-based methodical capability,2,Brand Awareness,32163,2025-09-01,2026-05-29,Active
2247,Switchable 4thgeneration artificial intelligence,1,Lead Generation,459351,2025-02-24,2026-05-01,Active
2248,Enhanced composite monitoring,5,Brand Awareness,365365,2025-09-27,2026-07-08,Completed
2249,Face-to-face stable flexibility,1,Product Launch,38507,2025-07-25,2026-07-22,Completed
2250,Right-sized hybrid intranet,4,Lead Generation,71113,2025-07-13,2026-07-06,Active
2251,Advanced client-driven ability,4,Lead Generation,55349,2026-05-30,2026-08-22,Active
2252,Adaptive fault-tolerant protocol,2,Brand Awareness,195969,2025-09-03,2025-09-19,Completed
2253,Optimized intangible approach,5,Brand Awareness,84907,2024-10-09,2026-07-07,Paused
2254,Focused tangible methodology,5,Sales,327341,2025-09-01,2026-04-29,Paused
2255,Diverse encompassing projection,1,Sales,275561,2025-09-26,2026-09-22,Paused
2256,Sharable methodical Graphic Interface,4,Sales,481264,2025-02-01,2025-06-06,Active
2257,Re-contextualized web-enabled leverage,2,Lead Generation,480038,2025-07-18,2026-07-27,Paused
2258,Exclusive transitional focus group,2,Brand Awareness,305651,2025-11-19,2025-12-14,Completed
2259,Persevering 5thgeneration array,4,Remarketing,373339,2026-02-15,2026-06-10,Active
2260,Persistent national algorithm,4,Product Launch,146705,2025-02-12,2025-07-19,Paused
2261,Enhanced client-server framework,4,Product Launch,255663,2025-02-28,2026-01-19,Active
2262,De-engineered bi-directional focus group,3,Product Launch,417129,2025-07-20,2025-11-19,Paused
2263,Open-source reciprocal product,3,Lead Generation,215276,2025-09-04,2026-04-11,Paused
2264,Streamlined actuating conglomeration,4,Sales,215471,2024-08-02,2026-04-12,Completed
2265,De-engineered multi-state system engine,5,Lead Generation,233535,2024-11-06,2026-06-17,Paused
2266,Operative even-keeled paradigm,3,Sales,48051,2025-08-15,2026-05-05,Completed
2267,Customizable optimal parallelism,3,Brand Awareness,386716,2024-11-18,2026-07-15,Completed
2268,Monitored web-enabled Internet solution,5,Sales,431369,2024-12-09,2026-07-21,Paused
2269,Reactive motivating open architecture,2,Remarketing,398369,2025-05-14,2026-05-10,Paused
2270,Re-contextualized scalable moratorium,5,Product Launch,335753,2025-08-28,2026-09-22,Completed
2271,Versatile full-range function,5,Brand Awareness,380447,2026-02-12,2026-02-17,Paused
2272,Ameliorated regional attitude,1,Remarketing,185020,2026-07-17,2026-10-05,Active
2273,Re-contextualized responsive project,1,Brand Awareness,413319,2024-12-22,2026-06-15,Active
2274,Inverse coherent implementation,4,Sales,477904,2025-07-13,2026-03-28,Completed
2275,Progressive human-resource focus group,4,Brand Awareness,279555,2026-02-21,2026-04-23,Paused
2276,Function-based interactive parallelism,4,Product Launch,298884,2026-03-08,2026-10-06,Active
2277,Devolved grid-enabled circuit,5,Brand Awareness,495701,2024-07-29,2025-06-14,Paused
2278,Quality-focused composite system engine,1,Brand Awareness,387946,2024-12-11,2026-05-18,Active
2279,De-engineered stable framework,2,Sales,307472,2024-09-14,2024-09-30,Active
2280,Assimilated motivating parallelism,1,Product Launch,419613,2025-05-29,2026-07-26,Completed
2281,De-engineered responsive benchmark,1,Brand Awareness,169162,2024-11-14,2026-04-29,Completed
2282,Function-based impactful middleware,5,Sales,165718,2026-01-19,2026-07-24,Active
2283,Managed composite forecast,5,Sales,424322,2025-03-05,2025-05-31,Completed
2284,Monitored impactful software,1,Remarketing,448959,2024-08-17,2025-10-24,Completed
2285,Re-engineered web-enabled initiative,1,Lead Generation,454074,2024-11-24,2025-09-02,Active
2286,Proactive asynchronous function,1,Product Launch,254980,2025-01-21,2025-11-23,Active
2287,Organized interactive Internet solution,5,Lead Generation,58122,2025-04-08,2026-02-20,Completed
2288,Visionary directional neural-net,5,Product Launch,260964,2026-05-18,2026-06-22,Paused
2289,Mandatory full-range alliance,3,Product Launch,215741,2024-09-22,2025-10-05,Completed
2290,Horizontal scalable hierarchy,5,Lead Generation,71313,2026-05-12,2026-06-12,Active
2291,Realigned grid-enabled challenge,3,Brand Awareness,195012,2025-06-18,2026-04-29,Active
2292,Polarized 5thgeneration architecture,1,Sales,37952,2025-01-06,2026-05-24,Active
2293,Persistent well-modulated portal,1,Product Launch,420620,2026-02-13,2026-05-25,Paused
2294,Front-line exuding leverage,2,Lead Generation,350566,2026-01-12,2026-01-19,Completed
2295,Distributed 6thgeneration knowledge user,2,Sales,235455,2025-09-25,2026-03-07,Active
2296,Cross-group optimal database,2,Lead Generation,471233,2026-07-12,2026-09-29,Completed
2297,Robust scalable array,4,Sales,492528,2025-07-22,2026-03-06,Paused
2298,Grass-roots user-facing toolset,4,Product Launch,360720,2026-03-03,2026-08-14,Completed
2299,Focused 5thgeneration secured line,1,Remarketing,101725,2024-12-31,2026-02-26,Active
2300,User-centric scalable system engine,2,Remarketing,324129,2026-07-17,2026-09-09,Active
2301,Digitized analyzing strategy,5,Remarketing,257451,2026-05-21,2026-05-25,Paused
2302,Ergonomic impactful project,1,Brand Awareness,53806,2025-04-09,2026-05-08,Completed
2303,Configurable intangible attitude,3,Remarketing,97465,2025-04-24,2026-04-22,Paused
2304,Sharable mobile approach,2,Sales,114038,2025-07-21,2026-03-26,Completed
2305,Horizontal zero-defect archive,5,Remarketing,161526,2025-12-05,2026-03-20,Paused
2306,Decentralized secondary time-frame,3,Brand Awareness,438550,2026-05-31,2026-08-25,Paused
2307,Quality-focused 6thgeneration core,5,Remarketing,275794,2024-08-16,2024-09-04,Completed
2308,Enhanced uniform customer loyalty,4,Product Launch,103517,2024-09-22,2026-01-29,Paused
2309,Streamlined incremental concept,1,Lead Generation,463858,2025-09-16,2025-10-02,Paused
2310,Triple-buffered impactful challenge,5,Lead Generation,245245,2026-02-05,2026-10-15,Completed
2311,Horizontal holistic access,3,Brand Awareness,357090,2026-04-06,2026-04-06,Paused
2312,Configurable didactic definition,4,Lead Generation,168767,2024-12-24,2026-08-21,Active
2313,Enterprise-wide object-oriented instruction set,4,Lead Generation,222758,2025-01-21,2026-08-24,Paused
2314,Adaptive stable open architecture,1,Lead Generation,344976,2025-09-03,2026-03-19,Completed
2315,Open-architected value-added neural-net,4,Sales,378219,2026-04-22,2026-08-04,Paused
2316,Enhanced attitude-oriented intranet,4,Lead Generation,231439,2025-10-26,2025-12-24,Completed
2317,Multi-layered 5thgeneration time-frame,1,Brand Awareness,253722,2024-08-03,2026-03-19,Completed
2318,Right-sized 24hour intranet,3,Remarketing,494357,2025-11-25,2026-04-29,Active
2319,Focused executive hub,3,Product Launch,262146,2025-09-18,2026-03-24,Paused
2320,Profound value-added complexity,4,Remarketing,305180,2024-09-29,2026-09-19,Completed
2321,Open-source national capacity,3,Sales,250598,2025-02-10,2026-08-24,Paused
2322,Fundamental 3rdgeneration emulation,4,Brand Awareness,467823,2024-09-21,2026-02-25,Completed
2323,Open-source content-based firmware,5,Remarketing,175996,2024-09-20,2025-02-22,Completed
2324,Reduced web-enabled model,3,Lead Generation,319105,2024-11-22,2025-05-18,Completed
2325,Phased discrete hardware,1,Product Launch,122409,2026-06-14,2026-06-21,Active
2326,Distributed web-enabled portal,1,Product Launch,398187,2025-07-01,2026-07-10,Paused
2327,Compatible directional flexibility,3,Remarketing,348190,2025-04-20,2026-06-10,Paused
2328,Sharable intangible policy,4,Brand Awareness,56118,2024-09-20,2025-05-28,Paused
2329,Cloned hybrid initiative,3,Lead Generation,178316,2024-11-24,2024-11-26,Completed
2330,Synchronized high-level product,4,Product Launch,159854,2026-05-20,2026-05-27,Active
2331,Grass-roots optimal artificial intelligence,1,Brand Awareness,368902,2024-07-31,2026-09-26,Active
2332,Cross-platform system-worthy superstructure,2,Brand Awareness,423887,2026-03-29,2026-10-02,Active
2333,Persevering tertiary contingency,2,Product Launch,433156,2026-03-06,2026-05-01,Paused
2334,Upgradable executive capability,4,Remarketing,237131,2026-04-12,2026-06-30,Completed
2335,Devolved dedicated Graphic Interface,1,Product Launch,149590,2024-10-23,2024-12-29,Paused
2336,Triple-buffered secondary model,2,Product Launch,338528,2025-07-30,2026-08-11,Active
2337,Multi-lateral didactic intranet,2,Remarketing,52663,2024-08-12,2025-01-15,Active
2338,Innovative tangible concept,5,Brand Awareness,82560,2025-07-28,2026-06-05,Completed
2339,Re-engineered multi-state toolset,2,Remarketing,174710,2026-04-29,2026-08-04,Paused
2340,Down-sized grid-enabled encryption,1,Lead Generation,82822,2025-03-27,2025-05-03,Paused
2341,Cross-platform bandwidth-monitored extranet,4,Product Launch,120585,2024-12-29,2025-06-16,Completed
2342,Profound grid-enabled matrices,1,Remarketing,103837,2025-07-29,2025-09-17,Completed
2343,Optional zero-defect framework,2,Lead Generation,192603,2025-02-17,2026-08-03,Completed
2344,Reverse-engineered uniform circuit,5,Brand Awareness,329045,2025-06-14,2026-01-03,Active
2345,Horizontal transitional portal,1,Remarketing,476313,2025-04-20,2026-01-08,Paused
2346,Pre-emptive non-volatile approach,3,Lead Generation,137242,2025-07-06,2025-12-10,Active
2347,Stand-alone composite utilization,5,Sales,216013,2024-09-12,2025-02-14,Completed
2348,Intuitive background paradigm,5,Remarketing,218448,2026-05-18,2026-06-22,Paused
2349,Operative client-driven success,3,Lead Generation,481950,2026-07-13,2026-08-20,Paused
2350,Multi-tiered real-time model,3,Product Launch,435831,2024-07-17,2025-02-15,Active
2351,Quality-focused tertiary solution,4,Sales,488568,2024-12-19,2026-04-22,Paused
2352,Innovative background toolset,4,Product Launch,376981,2026-02-25,2026-04-27,Completed
2353,Persistent interactive open system,5,Product Launch,347461,2024-07-28,2024-12-30,Completed
2354,Cross-group neutral algorithm,4,Brand Awareness,479499,2024-08-17,2024-10-12,Active
2355,Multi-channeled dynamic frame,5,Brand Awareness,336909,2025-09-07,2025-11-12,Completed
2356,User-friendly upward-trending methodology,1,Lead Generation,287090,2025-08-05,2025-12-19,Completed
2357,Multi-lateral zero administration initiative,2,Lead Generation,304447,2026-03-01,2026-03-30,Completed
2358,User-centric 5thgeneration help-desk,1,Product Launch,237916,2024-12-06,2025-01-18,Paused
2359,User-centric clear-thinking database,4,Lead Generation,250051,2025-05-19,2026-01-02,Active
2360,Stand-alone multi-state parallelism,1,Product Launch,255424,2024-09-08,2025-11-13,Completed
2361,De-engineered executive time-frame,5,Remarketing,175929,2025-11-14,2026-09-07,Paused
2362,Face-to-face incremental ability,3,Sales,404485,2026-07-01,2026-10-02,Completed
2363,User-centric composite moratorium,5,Lead Generation,263853,2024-12-17,2025-06-01,Active
2364,Compatible even-keeled Graphical User Interface,1,Lead Generation,23565,2026-06-06,2026-08-10,Active
2365,Seamless object-oriented projection,5,Remarketing,247289,2025-10-19,2026-05-11,Paused
2366,Networked content-based synergy,5,Product Launch,482601,2026-01-04,2026-05-31,Active
2367,Profit-focused user-facing challenge,3,Brand Awareness,304213,2025-09-26,2026-05-10,Paused
2368,Ameliorated reciprocal initiative,4,Product Launch,56262,2026-01-29,2026-04-01,Completed
2369,Polarized optimizing project,3,Brand Awareness,316388,2026-06-12,2026-09-27,Paused
2370,Enterprise-wide intermediate functionalities,5,Sales,405251,2024-10-06,2026-09-04,Paused
2371,Diverse responsive complexity,3,Sales,89506,2024-07-22,2025-09-27,Active
2372,Enterprise-wide 5thgeneration system engine,1,Remarketing,117360,2026-04-23,2026-09-23,Completed
2373,Centralized multimedia frame,5,Sales,138074,2026-07-07,2026-07-08,Active
2374,Extended intangible methodology,3,Sales,249060,2025-06-21,2026-01-27,Paused
2375,Cross-platform even-keeled neural-net,5,Remarketing,87478,2025-08-26,2025-12-28,Completed
2376,Proactive client-server Graphical User Interface,5,Lead Generation,51238,2026-01-14,2026-04-22,Completed
2377,Ergonomic didactic paradigm,2,Brand Awareness,315527,2026-05-29,2026-07-24,Paused
2378,Switchable scalable migration,5,Remarketing,15059,2025-07-23,2026-07-02,Active
2379,Fully-configurable 4thgeneration policy,4,Brand Awareness,104942,2025-05-05,2026-05-16,Completed
2380,Object-based mobile orchestration,2,Lead Generation,110519,2026-01-19,2026-07-14,Paused
2381,Upgradable logistical definition,2,Brand Awareness,354713,2025-03-20,2026-10-08,Paused
2382,Synergized optimizing adapter,5,Lead Generation,398637,2024-10-21,2026-03-22,Active
2383,Progressive non-volatile moderator,2,Lead Generation,264156,2024-11-14,2026-03-25,Active
2384,Centralized interactive forecast,3,Remarketing,301029,2026-01-12,2026-08-16,Active
2385,Integrated local time-frame,3,Sales,408229,2025-12-09,2026-08-18,Paused
2386,Networked impactful knowledge user,4,Sales,68546,2026-05-30,2026-09-09,Paused
2387,Focused high-level matrix,2,Lead Generation,90958,2026-01-03,2026-08-17,Completed
2388,Front-line asymmetric budgetary management,1,Remarketing,438016,2024-09-12,2026-02-09,Active
2389,Centralized radical circuit,3,Remarketing,134223,2024-08-26,2025-10-08,Active
2390,Pre-emptive upward-trending Internet solution,5,Brand Awareness,78608,2024-10-20,2026-02-23,Completed
2391,Open-source 24/7 definition,4,Brand Awareness,155442,2026-04-13,2026-04-19,Active
2392,Horizontal optimal Graphic Interface,4,Brand Awareness,37208,2026-03-30,2026-09-02,Paused
2393,Optional interactive approach,2,Lead Generation,366691,2026-04-02,2026-06-09,Completed
2394,Function-based mobile groupware,2,Product Launch,303129,2025-02-18,2026-01-29,Paused
2395,Enterprise-wide multimedia support,4,Remarketing,137363,2026-02-03,2026-02-23,Active
2396,Cross-platform content-based matrix,3,Remarketing,249285,2024-11-09,2026-09-26,Active
2397,Team-oriented directional application,1,Brand Awareness,85742,2025-09-13,2026-07-08,Active
2398,Expanded scalable project,3,Lead Generation,222728,2024-10-02,2026-08-09,Active
2399,Reduced tangible emulation,4,Product Launch,179594,2025-05-10,2025-09-09,Completed
2400,Expanded intermediate task-force,3,Sales,306068,2026-04-15,2026-09-09,Active
2401,Cloned uniform workforce,3,Remarketing,328238,2024-12-25,2026-03-15,Active
2402,Business-focused asymmetric system engine,5,Product Launch,320244,2025-07-11,2026-07-09,Completed
2403,Polarized logistical encoding,1,Sales,167178,2026-04-08,2026-08-22,Paused
2404,Grass-roots client-driven emulation,3,Remarketing,288713,2025-02-07,2026-07-12,Active
2405,User-friendly 5thgeneration policy,4,Lead Generation,216155,2025-04-10,2026-08-11,Completed
2406,Advanced mission-critical website,4,Sales,92167,2025-05-24,2025-06-27,Paused
2407,Multi-lateral transitional product,5,Product Launch,218085,2025-12-01,2025-12-25,Active
2408,Adaptive real-time archive,4,Lead Generation,305302,2024-12-17,2025-03-28,Completed
2409,Reduced multimedia website,4,Lead Generation,98849,2026-03-14,2026-08-01,Completed
2410,Total composite neural-net,1,Remarketing,139677,2025-05-03,2026-01-03,Paused
2411,Seamless radical Graphic Interface,4,Brand Awareness,38555,2025-06-03,2025-11-03,Paused
2412,Right-sized client-server policy,4,Remarketing,309051,2026-07-03,2026-08-16,Active
2413,Fully-configurable interactive structure,3,Remarketing,192554,2025-11-27,2026-03-03,Active
2414,Diverse didactic utilization,3,Product Launch,311560,2025-12-12,2026-04-02,Completed
2415,Fundamental zero administration policy,4,Lead Generation,16525,2026-01-13,2026-05-30,Completed
2416,Implemented systematic Local Area Network,5,Sales,273516,2026-03-31,2026-07-03,Completed
2417,Vision-oriented fault-tolerant installation,4,Product Launch,98239,2024-12-21,2025-12-17,Completed
2418,Total dedicated projection,3,Brand Awareness,326059,2026-06-24,2026-09-24,Paused
2419,Pre-emptive responsive open architecture,2,Sales,30040,2024-10-08,2024-10-21,Paused
2420,Fully-configurable eco-centric instruction set,5,Product Launch,299410,2025-06-09,2026-06-05,Completed
2421,Organic background groupware,1,Sales,396757,2026-03-21,2026-04-18,Active
2422,Automated bi-directional Graphical User Interface,3,Product Launch,209265,2025-07-15,2025-08-26,Paused
2423,Automated clear-thinking framework,5,Sales,258816,2024-07-28,2024-12-26,Active
2424,Persevering fault-tolerant infrastructure,4,Brand Awareness,152160,2026-01-21,2026-03-15,Completed
2425,Digitized executive capability,2,Remarketing,142822,2025-09-18,2026-07-02,Active
2426,Triple-buffered client-server emulation,1,Lead Generation,81212,2025-08-14,2026-03-26,Active
2427,Right-sized context-sensitive frame,3,Brand Awareness,335612,2026-07-12,2026-09-28,Active
2428,Multi-channeled encompassing function,2,Remarketing,351971,2025-08-18,2026-01-17,Active
2429,Mandatory discrete complexity,1,Lead Generation,431754,2026-01-01,2026-07-11,Active
2430,Inverse full-range flexibility,5,Lead Generation,338214,2025-10-01,2026-07-07,Paused
2431,Progressive object-oriented knowledgebase,2,Remarketing,458595,2025-12-06,2025-12-25,Active
2432,Switchable attitude-oriented alliance,5,Sales,424406,2025-07-19,2025-07-19,Active
2433,Up-sized 24/7 toolset,3,Brand Awareness,339418,2024-10-18,2025-02-16,Completed
2434,Implemented system-worthy standardization,5,Brand Awareness,249956,2026-06-13,2026-07-03,Paused
2435,Secured leadingedge neural-net,4,Product Launch,261600,2024-08-31,2025-04-16,Completed
2436,Balanced fresh-thinking artificial intelligence,1,Sales,193093,2025-11-01,2026-03-13,Completed
2437,Programmable intangible interface,2,Product Launch,439985,2026-07-05,2026-09-22,Completed
2438,Programmable explicit core,4,Brand Awareness,394532,2026-03-07,2026-03-18,Active
2439,Cloned stable open architecture,5,Brand Awareness,40308,2025-11-13,2026-05-21,Paused
2440,Stand-alone logistical synergy,3,Lead Generation,478994,2024-07-31,2026-01-31,Active
2441,Profound directional infrastructure,4,Brand Awareness,168006,2024-09-30,2026-09-25,Paused
2442,Polarized 5thgeneration open architecture,4,Product Launch,195673,2025-05-14,2026-05-04,Paused
2443,Progressive well-modulated access,3,Remarketing,287552,2026-02-10,2026-09-10,Active
2444,Stand-alone coherent budgetary management,2,Lead Generation,60629,2025-11-25,2026-05-13,Completed
2445,Synergized leadingedge infrastructure,3,Lead Generation,155329,2025-02-28,2025-12-03,Active
2446,Balanced foreground monitoring,4,Lead Generation,246355,2025-01-01,2025-01-14,Active
2447,Multi-tiered 5thgeneration middleware,1,Sales,87127,2026-03-31,2026-07-22,Completed
2448,Ergonomic actuating moratorium,3,Sales,396210,2025-06-29,2026-08-29,Paused
2449,Profound bi-directional hardware,2,Lead Generation,110624,2025-09-28,2026-06-21,Paused
2450,Distributed homogeneous data-warehouse,1,Product Launch,30273,2025-05-19,2025-11-14,Completed
2451,Reverse-engineered 3rdgeneration installation,4,Product Launch,15015,2025-11-11,2026-10-01,Completed
2452,Configurable real-time extranet,2,Remarketing,386138,2025-12-20,2026-02-27,Completed
2453,Monitored optimizing conglomeration,1,Sales,431351,2024-07-26,2024-12-10,Completed
2454,Decentralized value-added approach,4,Lead Generation,60103,2026-06-11,2026-08-21,Active
2455,Operative even-keeled website,3,Brand Awareness,336023,2025-10-31,2025-12-14,Completed
2456,Total system-worthy approach,2,Brand Awareness,68308,2026-05-25,2026-09-18,Completed
2457,User-centric hybrid application,5,Lead Generation,298973,2024-10-01,2024-10-22,Completed
2458,Multi-tiered homogeneous structure,2,Lead Generation,439795,2026-02-23,2026-06-26,Completed
2459,Secured web-enabled policy,3,Brand Awareness,250783,2025-08-09,2026-10-03,Completed
2460,Re-contextualized interactive solution,2,Lead Generation,206366,2025-01-25,2025-10-29,Paused
2461,Synergistic actuating contingency,5,Remarketing,346502,2025-06-22,2026-05-30,Paused
2462,Assimilated needs-based system engine,4,Sales,461127,2025-05-02,2026-01-21,Completed
2463,Versatile incremental middleware,1,Sales,346006,2025-07-21,2025-11-09,Completed
2464,Triple-buffered scalable model,2,Remarketing,449199,2026-03-16,2026-05-11,Active
2465,Profit-focused radical capability,4,Product Launch,440278,2026-01-30,2026-03-18,Active
2466,Synchronized transitional help-desk,2,Product Launch,43652,2026-04-05,2026-10-10,Completed
2467,Synergistic next generation initiative,5,Lead Generation,202700,2026-05-26,2026-10-08,Paused
2468,Configurable human-resource task-force,1,Brand Awareness,268220,2025-05-18,2026-03-28,Completed
2469,Polarized radical access,3,Lead Generation,140464,2024-07-20,2024-12-12,Completed
2470,Reactive zero-defect extranet,4,Remarketing,215703,2025-12-18,2026-03-03,Active
2471,Universal tertiary algorithm,3,Product Launch,204085,2026-04-22,2026-05-05,Paused
2472,Grass-roots web-enabled artificial intelligence,3,Brand Awareness,493934,2026-06-30,2026-10-13,Completed
2473,Configurable eco-centric circuit,2,Product Launch,389665,2026-02-21,2026-02-24,Paused
2474,Open-source secondary leverage,3,Product Launch,497437,2024-12-21,2025-04-22,Active
2475,Enhanced contextually-based help-desk,5,Brand Awareness,291393,2026-02-24,2026-07-28,Completed
2476,Reverse-engineered systematic neural-net,4,Sales,307194,2025-10-26,2026-06-30,Paused
2477,Reactive context-sensitive productivity,3,Product Launch,405869,2024-10-10,2024-11-08,Paused
2478,Centralized directional analyzer,4,Product Launch,50325,2025-05-07,2025-09-14,Active
2479,Expanded system-worthy collaboration,2,Remarketing,26629,2025-08-18,2026-02-23,Paused
2480,Cross-group 24/7 hierarchy,3,Sales,247062,2025-03-26,2026-09-17,Completed
2481,Business-focused 24/7 paradigm,4,Remarketing,127375,2025-02-26,2026-02-25,Paused
2482,Operative tangible process improvement,4,Sales,431946,2025-12-10,2026-08-03,Active
2483,Enterprise-wide mobile challenge,2,Product Launch,236599,2025-02-27,2026-06-16,Active
2484,Cloned client-server moderator,1,Remarketing,96659,2026-02-12,2026-10-12,Completed
2485,Grass-roots modular circuit,2,Brand Awareness,334333,2026-03-22,2026-09-08,Completed
2486,Versatile 4thgeneration secured line,4,Sales,147746,2025-12-25,2026-10-07,Paused
2487,Horizontal contextually-based flexibility,5,Remarketing,70924,2024-08-23,2025-05-22,Completed
2488,Fully-configurable zero administration process improvement,1,Product Launch,52995,2025-07-24,2026-06-15,Paused
2489,Phased tertiary algorithm,4,Brand Awareness,11462,2025-11-01,2026-06-14,Completed
2490,Right-sized heuristic structure,1,Brand Awareness,411580,2024-12-02,2026-01-09,Paused
2491,Fully-configurable uniform software,1,Lead Generation,86180,2025-12-09,2026-10-05,Completed
2492,Integrated context-sensitive Local Area Network,1,Remarketing,271599,2024-08-13,2025-05-13,Paused
2493,Multi-layered system-worthy projection,1,Product Launch,90119,2025-07-26,2026-01-18,Active
2494,Switchable reciprocal portal,1,Product Launch,484882,2025-07-21,2025-09-26,Active
2495,Digitized background budgetary management,1,Brand Awareness,492900,2026-06-01,2026-06-09,Active
2496,Exclusive impactful artificial intelligence,3,Product Launch,412097,2024-08-09,2026-03-26,Active
2497,Function-based bandwidth-monitored workforce,2,Brand Awareness,340212,2026-07-17,2026-07-30,Completed
2498,Secured logistical protocol,1,Remarketing,186862,2025-05-09,2026-04-18,Completed
2499,Diverse tangible superstructure,2,Remarketing,441895,2025-03-28,2025-07-17,Paused
2500,Universal next generation methodology,1,Product Launch,68805,2026-07-09,2026-09-17,Completed
2501,Distributed reciprocal framework,1,Remarketing,212387,2024-08-21,2025-03-31,Active
2502,Implemented zero-defect Internet solution,2,Product Launch,53447,2025-06-08,2026-08-21,Paused
2503,Programmable dynamic archive,2,Remarketing,361588,2025-08-15,2025-12-25,Active
2504,Balanced responsive firmware,3,Remarketing,327097,2024-09-25,2025-07-12,Active
2505,Extended empowering service-desk,3,Product Launch,141817,2026-06-12,2026-09-24,Paused
2506,Fundamental leadingedge time-frame,1,Brand Awareness,128583,2024-09-17,2026-06-21,Completed
2507,Public-key coherent secured line,4,Remarketing,344469,2024-09-04,2026-07-17,Completed
2508,Streamlined user-facing instruction set,2,Product Launch,469201,2024-10-18,2025-09-20,Active
2509,Organic user-facing Internet solution,5,Sales,465389,2025-04-03,2026-05-21,Active
2510,Grass-roots value-added flexibility,1,Brand Awareness,230452,2025-12-25,2026-05-31,Paused
2511,Centralized systemic info-mediaries,5,Brand Awareness,110656,2026-06-28,2026-07-13,Completed
2512,Progressive modular algorithm,3,Sales,471108,2024-12-23,2026-04-02,Paused
2513,Expanded systematic approach,3,Sales,483205,2024-10-25,2026-01-25,Paused
2514,Multi-lateral directional product,5,Remarketing,460422,2025-02-26,2025-05-05,Active
2515,Devolved 24hour policy,4,Sales,438274,2025-03-05,2026-08-06,Paused
2516,User-friendly neutral installation,1,Lead Generation,380295,2025-12-24,2026-02-23,Paused
2517,Front-line incremental customer loyalty,2,Remarketing,371666,2025-09-15,2026-10-10,Paused
2518,Future-proofed uniform array,2,Remarketing,357561,2025-02-09,2025-05-12,Paused
2519,Multi-layered full-range function,5,Lead Generation,462910,2025-12-10,2026-01-10,Paused
2520,Advanced bandwidth-monitored Graphic Interface,2,Sales,251858,2025-08-29,2026-06-19,Paused
2521,Operative intermediate solution,2,Brand Awareness,277228,2025-10-10,2026-09-14,Completed
2522,Decentralized scalable functionalities,3,Sales,215371,2026-04-30,2026-09-29,Paused
2523,Face-to-face national data-warehouse,1,Brand Awareness,486127,2026-05-02,2026-10-10,Paused
2524,Business-focused dedicated model,4,Lead Generation,301849,2025-12-28,2026-02-20,Active
2525,Re-engineered 4thgeneration database,5,Product Launch,404586,2025-01-09,2025-11-03,Paused
2526,User-centric bottom-line interface,1,Sales,282197,2025-11-17,2026-09-29,Completed
2527,Grass-roots bi-directional forecast,3,Brand Awareness,347769,2024-08-03,2025-12-12,Active
2528,Profit-focused maximized data-warehouse,3,Brand Awareness,400282,2025-10-17,2026-07-31,Paused
2529,Future-proofed real-time task-force,3,Sales,313812,2026-05-03,2026-09-04,Active
2530,Fully-configurable tertiary array,2,Brand Awareness,200174,2026-03-06,2026-09-30,Completed
2531,Quality-focused cohesive structure,3,Product Launch,322940,2026-05-19,2026-08-16,Paused
2532,Upgradable mission-critical flexibility,5,Product Launch,433019,2026-07-01,2026-08-27,Completed
2533,Seamless analyzing methodology,1,Product Launch,236706,2025-12-20,2026-07-18,Active
2534,Stand-alone 5thgeneration encoding,3,Sales,124914,2025-08-02,2025-10-29,Completed
2535,Open-architected mission-critical Graphic Interface,4,Brand Awareness,353512,2025-10-31,2026-06-02,Paused
2536,Synchronized 4thgeneration portal,1,Remarketing,294771,2024-10-06,2024-10-13,Active
2537,Managed asymmetric framework,2,Remarketing,377246,2025-06-07,2025-08-04,Paused
2538,Organic tangible service-desk,2,Brand Awareness,257466,2025-08-08,2026-03-04,Active
2539,Managed regional capacity,5,Remarketing,328824,2026-03-04,2026-09-14,Completed
2540,Grass-roots empowering focus group,4,Remarketing,123382,2024-10-13,2025-06-11,Completed
2541,Optimized secondary Graphical User Interface,3,Product Launch,51678,2025-05-15,2026-05-28,Active
2542,Seamless multimedia encoding,4,Brand Awareness,287743,2025-10-24,2026-01-30,Active
2543,Re-contextualized zero-defect adapter,5,Sales,98994,2025-11-07,2026-03-29,Completed
2544,Realigned cohesive budgetary management,3,Product Launch,111712,2025-12-18,2026-02-23,Paused
2545,Self-enabling homogeneous installation,5,Product Launch,479886,2025-08-02,2026-07-31,Active
2546,Switchable high-level approach,1,Remarketing,221895,2025-08-01,2025-12-06,Active
2547,User-centric zero tolerance model,4,Sales,207387,2026-06-18,2026-07-31,Paused
2548,Pre-emptive homogeneous alliance,3,Sales,42097,2025-03-30,2025-10-04,Paused
2549,Distributed grid-enabled budgetary management,2,Remarketing,440926,2025-03-06,2026-01-16,Paused
2550,Multi-lateral maximized parallelism,5,Remarketing,72156,2024-08-01,2026-10-08,Completed
2551,Expanded attitude-oriented leverage,3,Sales,463812,2024-10-06,2024-12-09,Paused
2552,Digitized object-oriented system engine,1,Brand Awareness,230602,2026-01-14,2026-08-03,Active
2553,Open-architected even-keeled open architecture,5,Sales,387557,2026-04-26,2026-05-17,Paused
2554,Enterprise-wide real-time installation,3,Remarketing,176957,2026-04-26,2026-07-16,Completed
2555,Organic eco-centric support,3,Product Launch,476466,2026-05-17,2026-08-27,Active
2556,Horizontal solution-oriented function,1,Product Launch,499276,2026-07-03,2026-10-02,Active
2557,Networked asymmetric database,2,Product Launch,213023,2025-05-27,2026-02-13,Completed
2558,Advanced global policy,4,Brand Awareness,205749,2025-06-04,2026-02-20,Active
2559,Quality-focused client-server encryption,4,Remarketing,249560,2025-10-27,2026-07-16,Completed
2560,Secured system-worthy circuit,3,Brand Awareness,361581,2025-03-30,2026-01-27,Completed
2561,Ameliorated client-server middleware,2,Remarketing,261723,2024-08-21,2025-09-23,Active
2562,Ergonomic disintermediate infrastructure,2,Product Launch,71911,2025-05-17,2026-06-16,Completed
2563,Function-based client-server artificial intelligence,4,Sales,450269,2024-08-16,2025-01-11,Completed
2564,Persevering user-facing alliance,2,Sales,350078,2025-03-27,2026-03-29,Active
2565,Cross-platform national system engine,3,Remarketing,32459,2024-11-20,2025-12-19,Completed
2566,Grass-roots holistic product,2,Lead Generation,412963,2025-09-16,2026-08-27,Completed
2567,Digitized non-volatile model,5,Remarketing,216486,2026-01-20,2026-10-01,Paused
2568,Mandatory human-resource data-warehouse,1,Brand Awareness,226327,2025-10-14,2025-12-09,Paused
2569,User-friendly incremental moderator,2,Lead Generation,346180,2024-10-29,2026-06-18,Paused
2570,Business-focused bottom-line groupware,5,Product Launch,79568,2025-05-16,2025-10-12,Paused
2571,Versatile optimizing customer loyalty,5,Lead Generation,246388,2025-06-09,2025-07-02,Active
2572,Compatible user-facing pricing structure,1,Sales,465104,2026-03-09,2026-03-29,Paused
2573,Object-based zero administration Graphical User Interface,2,Lead Generation,178412,2025-08-08,2025-11-04,Active
2574,Stand-alone heuristic intranet,2,Sales,360671,2024-12-17,2026-09-29,Paused
2575,Decentralized needs-based infrastructure,1,Lead Generation,10441,2024-12-26,2025-04-06,Active
2576,Open-architected intermediate Graphical User Interface,1,Lead Generation,472759,2026-01-29,2026-10-06,Active
2577,Operative radical ability,1,Remarketing,146494,2025-08-13,2026-03-27,Active
2578,Advanced exuding hub,3,Remarketing,287077,2025-09-05,2025-11-25,Active
2579,Secured systematic orchestration,3,Lead Generation,334935,2025-05-18,2025-09-15,Active
2580,Object-based content-based artificial intelligence,2,Lead Generation,475763,2025-12-03,2026-02-26,Completed
2581,Extended background database,4,Remarketing,453200,2025-12-07,2026-08-03,Active
2582,Universal bottom-line projection,4,Sales,232688,2024-08-27,2026-09-15,Paused
2583,Business-focused secondary structure,5,Lead Generation,262486,2025-07-11,2025-08-16,Completed
2584,Reverse-engineered executive conglomeration,5,Sales,141010,2026-03-13,2026-03-13,Paused
2585,Streamlined needs-based website,5,Product Launch,70901,2025-10-24,2025-11-17,Completed
2586,Open-architected client-driven process improvement,3,Product Launch,44869,2026-07-01,2026-09-04,Active
2587,Robust dynamic help-desk,4,Remarketing,386657,2026-06-04,2026-09-09,Active
2588,Secured solution-oriented conglomeration,5,Lead Generation,149792,2025-06-22,2026-08-14,Active
2589,Networked needs-based challenge,1,Remarketing,326823,2024-11-13,2026-04-17,Active
2590,Centralized fault-tolerant knowledge user,4,Lead Generation,10411,2026-04-30,2026-07-07,Active
2591,Innovative didactic algorithm,2,Lead Generation,371984,2026-05-24,2026-10-03,Completed
2592,Reactive bottom-line array,2,Lead Generation,458984,2025-10-09,2025-12-25,Paused
2593,Intuitive bandwidth-monitored focus group,4,Lead Generation,346142,2024-11-26,2026-06-29,Active
2594,Robust actuating approach,3,Product Launch,167572,2025-02-02,2025-03-29,Paused
2595,Phased composite intranet,2,Lead Generation,89058,2024-10-15,2026-02-11,Active
2596,Persistent upward-trending contingency,2,Brand Awareness,255829,2026-04-04,2026-05-30,Paused
2597,Versatile explicit benchmark,1,Brand Awareness,245293,2025-12-30,2026-04-24,Paused
2598,Multi-channeled mobile knowledgebase,5,Product Launch,166147,2025-01-22,2026-01-23,Paused
2599,Persevering optimizing intranet,5,Brand Awareness,77423,2024-12-30,2025-10-31,Active
2600,Multi-layered contextually-based pricing structure,1,Lead Generation,408744,2024-10-17,2024-10-25,Active
2601,Ergonomic transitional matrix,4,Lead Generation,108585,2026-04-21,2026-07-05,Paused
2602,Optimized optimizing matrices,2,Remarketing,154672,2026-03-29,2026-08-15,Paused
2603,Upgradable secondary support,2,Remarketing,175762,2025-04-07,2025-08-27,Paused
2604,Operative user-facing project,3,Brand Awareness,419410,2024-08-16,2025-07-23,Active
2605,Automated methodical groupware,3,Sales,253697,2025-04-13,2026-09-21,Completed
2606,Grass-roots upward-trending matrix,1,Product Launch,142605,2025-12-21,2026-04-08,Completed
2607,Multi-lateral next generation monitoring,2,Lead Generation,415004,2025-07-02,2025-12-10,Active
2608,Synergistic discrete software,4,Brand Awareness,304499,2024-10-15,2026-03-31,Completed
2609,Multi-channeled client-driven alliance,1,Product Launch,235315,2026-03-21,2026-04-21,Active
2610,Ergonomic even-keeled groupware,2,Brand Awareness,304192,2025-03-02,2026-08-16,Completed
2611,Monitored multi-state knowledge user,3,Sales,47590,2025-10-04,2026-03-01,Paused
2612,Versatile client-driven installation,3,Product Launch,388685,2025-08-08,2025-11-25,Active
2613,Expanded attitude-oriented concept,2,Brand Awareness,419162,2024-08-06,2024-09-13,Completed
2614,Enterprise-wide stable concept,1,Remarketing,23207,2025-03-02,2026-06-13,Paused
2615,Managed disintermediate moratorium,1,Remarketing,87066,2024-10-01,2026-03-25,Active
2616,Advanced secondary Graphical User Interface,2,Sales,344056,2025-03-07,2025-07-26,Completed
2617,Right-sized clear-thinking hardware,4,Sales,212659,2026-01-05,2026-06-20,Paused
2618,Profit-focused modular extranet,4,Lead Generation,418814,2025-08-16,2025-12-20,Completed
2619,User-centric 3rdgeneration analyzer,2,Sales,187021,2024-12-04,2024-12-20,Paused
2620,Vision-oriented national concept,1,Remarketing,316114,2025-10-31,2026-05-28,Active
2621,Object-based encompassing success,4,Lead Generation,406030,2025-10-09,2026-01-31,Paused
2622,Compatible optimizing superstructure,5,Brand Awareness,289090,2025-09-11,2025-12-02,Active
2623,Customer-focused background synergy,1,Sales,294226,2025-04-01,2025-11-08,Paused
2624,Synergistic human-resource system engine,5,Sales,232348,2026-06-02,2026-08-13,Active
2625,Virtual regional flexibility,2,Lead Generation,242658,2025-02-20,2026-08-20,Active
2626,Realigned 24/7 hub,2,Product Launch,408311,2025-09-04,2026-09-09,Paused
2627,Persistent leadingedge hierarchy,1,Sales,30215,2025-03-11,2025-04-03,Paused
2628,Focused value-added info-mediaries,2,Lead Generation,462785,2025-09-21,2026-04-10,Active
2629,Multi-channeled secondary service-desk,5,Brand Awareness,315366,2025-01-29,2025-04-13,Completed
2630,Multi-tiered demand-driven portal,5,Lead Generation,25418,2025-07-24,2026-02-12,Completed
2631,Adaptive transitional hardware,2,Remarketing,44083,2025-09-21,2026-09-27,Paused
2632,Assimilated incremental monitoring,3,Lead Generation,76524,2025-08-29,2026-06-22,Active
2633,Fundamental uniform orchestration,5,Brand Awareness,398254,2025-04-21,2026-02-05,Completed
2634,Front-line client-server projection,5,Lead Generation,293663,2025-01-26,2026-04-13,Completed
2635,Progressive hybrid function,1,Sales,457484,2025-08-05,2026-01-24,Completed
2636,Cross-group zero tolerance policy,4,Brand Awareness,365309,2024-12-29,2025-11-30,Completed
2637,Organic discrete core,5,Sales,198710,2025-11-08,2026-02-27,Paused
2638,Front-line methodical migration,4,Remarketing,260381,2025-09-05,2026-06-16,Completed
2639,Optional encompassing analyzer,3,Lead Generation,476900,2026-06-11,2026-06-28,Active
2640,Extended non-volatile methodology,4,Sales,200286,2026-03-09,2026-10-04,Completed
2641,Re-engineered next generation approach,3,Remarketing,293810,2025-08-16,2026-06-11,Active
2642,Assimilated mobile synergy,4,Product Launch,106422,2026-03-14,2026-10-15,Paused
2643,Profound dynamic definition,4,Remarketing,240866,2025-02-21,2026-08-11,Completed
2644,Compatible holistic open architecture,3,Remarketing,449887,2025-07-04,2025-10-29,Paused
2645,Profound optimizing customer loyalty,1,Sales,362465,2024-12-20,2026-10-12,Active
2646,Centralized next generation artificial intelligence,2,Brand Awareness,47877,2025-05-18,2025-05-18,Paused
2647,User-friendly methodical capability,1,Lead Generation,178636,2025-09-27,2025-12-26,Paused
2648,Horizontal asynchronous customer loyalty,2,Sales,394098,2025-06-24,2026-04-21,Paused
2649,Decentralized fault-tolerant task-force,3,Product Launch,413059,2025-02-03,2026-08-27,Paused
2650,Horizontal asynchronous process improvement,2,Lead Generation,148647,2024-07-20,2026-10-03,Paused
2651,Synchronized optimizing attitude,4,Brand Awareness,199484,2025-11-28,2026-07-18,Active
2652,Right-sized mobile neural-net,2,Product Launch,302523,2026-04-25,2026-07-09,Completed
2653,Persistent systematic challenge,1,Sales,339854,2025-08-28,2025-12-31,Active
2654,Visionary tangible orchestration,5,Product Launch,150766,2025-08-13,2025-08-27,Active
2655,De-engineered next generation leverage,4,Product Launch,338355,2025-04-07,2026-03-28,Paused
2656,User-centric composite neural-net,1,Remarketing,13532,2025-10-13,2026-01-21,Completed
2657,Fundamental composite framework,2,Product Launch,473621,2025-10-25,2026-04-17,Active
2658,Open-architected intangible protocol,3,Product Launch,81164,2024-08-06,2025-10-24,Completed
2659,Inverse 4thgeneration encoding,4,Remarketing,299123,2025-02-28,2025-09-01,Active
2660,Programmable real-time intranet,4,Lead Generation,185711,2024-10-11,2025-08-12,Completed
2661,Self-enabling uniform core,5,Brand Awareness,428019,2026-02-07,2026-06-17,Paused
2662,Synergistic 6thgeneration extranet,1,Brand Awareness,266382,2024-07-30,2026-07-18,Completed
2663,Innovative motivating system engine,5,Product Launch,466045,2025-06-02,2026-04-01,Active
2664,Managed methodical benchmark,2,Brand Awareness,478218,2025-11-19,2026-04-14,Paused
2665,Reactive interactive knowledge user,4,Product Launch,160316,2026-07-05,2026-10-15,Paused
2666,Cross-platform zero-defect hub,1,Remarketing,430557,2025-09-13,2026-09-15,Completed
2667,Cross-platform stable database,2,Lead Generation,123083,2024-11-24,2025-02-18,Completed
2668,Adaptive user-facing time-frame,3,Sales,467849,2024-10-11,2025-08-06,Active
2669,Expanded didactic database,1,Remarketing,430887,2025-01-16,2025-05-25,Active
2670,Operative bi-directional functionalities,3,Sales,46564,2025-06-08,2026-08-17,Completed
2671,Focused asynchronous Graphical User Interface,4,Product Launch,234995,2024-08-22,2026-01-30,Paused
2672,Down-sized static secured line,2,Brand Awareness,155696,2025-01-22,2025-12-23,Paused
2673,Phased methodical open system,2,Product Launch,466961,2025-01-25,2026-10-15,Paused
2674,Front-line holistic matrix,5,Brand Awareness,386137,2026-05-03,2026-06-17,Active
2675,Re-contextualized homogeneous budgetary management,1,Brand Awareness,379514,2025-12-15,2026-03-14,Completed
2676,Pre-emptive coherent matrices,3,Brand Awareness,54564,2026-05-31,2026-06-20,Active
2677,Grass-roots content-based budgetary management,4,Sales,107714,2025-08-31,2026-03-25,Paused
2678,Extended zero-defect algorithm,4,Brand Awareness,131079,2024-08-28,2024-09-02,Paused
2679,Enhanced impactful open architecture,5,Lead Generation,259608,2024-09-04,2026-01-30,Active
2680,Configurable eco-centric encoding,2,Product Launch,23545,2026-02-25,2026-04-02,Paused
2681,Total leadingedge standardization,2,Remarketing,97979,2026-01-18,2026-06-12,Paused
2682,Switchable leadingedge moratorium,1,Remarketing,154410,2025-09-15,2025-12-07,Paused
2683,Multi-channeled bottom-line implementation,1,Product Launch,408244,2025-04-09,2026-07-23,Paused
2684,Open-architected web-enabled toolset,2,Sales,350121,2026-06-29,2026-07-05,Paused
2685,Enterprise-wide transitional synergy,3,Brand Awareness,224093,2025-08-07,2026-03-09,Paused
2686,Optional encompassing secured line,2,Brand Awareness,413892,2025-01-17,2025-04-08,Active
2687,Vision-oriented bi-directional utilization,1,Sales,462538,2025-05-08,2025-07-07,Paused
2688,Self-enabling cohesive project,5,Product Launch,418401,2025-02-08,2026-08-10,Completed
2689,Right-sized cohesive throughput,5,Product Launch,445486,2026-06-22,2026-10-02,Completed
2690,Fully-configurable coherent architecture,5,Remarketing,52543,2025-11-26,2026-08-31,Active
2691,Ameliorated disintermediate encoding,4,Sales,66142,2025-07-29,2026-02-23,Paused
2692,Distributed 3rdgeneration focus group,5,Sales,342419,2025-09-30,2026-02-13,Paused
2693,Future-proofed systemic encoding,2,Brand Awareness,207756,2025-12-10,2026-03-14,Active
2694,Multi-tiered fresh-thinking portal,1,Lead Generation,273791,2026-02-14,2026-06-11,Completed
2695,Synergistic optimal moderator,4,Lead Generation,185651,2024-08-03,2025-08-05,Active
2696,Persevering incremental project,3,Remarketing,131229,2025-11-28,2026-06-05,Paused
2697,Decentralized intermediate circuit,5,Product Launch,236516,2025-03-19,2025-08-11,Active
2698,Visionary methodical definition,1,Sales,485771,2026-06-06,2026-10-09,Completed
2699,Programmable multimedia structure,2,Sales,239998,2024-11-25,2026-06-01,Active
2700,Enhanced motivating collaboration,5,Lead Generation,378755,2025-10-13,2025-12-25,Active
2701,Up-sized static paradigm,3,Brand Awareness,224763,2025-12-22,2026-09-25,Completed
2702,Optional executive pricing structure,2,Brand Awareness,55007,2026-05-13,2026-05-24,Paused
2703,Decentralized zero administration core,3,Product Launch,136977,2026-02-19,2026-02-25,Paused
2704,Sharable 3rdgeneration firmware,3,Lead Generation,258509,2026-05-22,2026-08-29,Completed
2705,Ergonomic holistic Local Area Network,3,Remarketing,457294,2024-11-03,2024-12-23,Paused
2706,Fully-configurable background solution,2,Lead Generation,72297,2025-01-28,2025-03-28,Paused
2707,Team-oriented bandwidth-monitored standardization,1,Lead Generation,82160,2025-04-23,2025-11-12,Completed
2708,Organized 24hour benchmark,3,Brand Awareness,71582,2024-12-09,2026-09-16,Active
2709,Organic fresh-thinking encryption,3,Remarketing,315816,2026-01-09,2026-02-12,Active
2710,Integrated impactful synergy,3,Remarketing,392353,2025-02-02,2025-07-01,Completed
2711,Mandatory regional neural-net,5,Product Launch,209567,2024-10-27,2026-08-04,Completed
2712,Configurable background analyzer,2,Sales,482059,2025-03-23,2025-06-26,Completed
2713,Reverse-engineered neutral instruction set,4,Remarketing,303362,2026-07-06,2026-08-17,Completed
2714,Versatile bi-directional monitoring,1,Lead Generation,260361,2024-09-23,2025-02-04,Active
2715,Intuitive radical policy,4,Product Launch,40841,2025-05-12,2025-07-14,Completed
2716,Business-focused high-level approach,1,Sales,104245,2025-07-06,2026-03-12,Completed
2717,Compatible mobile artificial intelligence,3,Product Launch,485650,2025-10-22,2026-03-25,Completed
2718,Stand-alone intangible interface,2,Remarketing,491522,2026-01-15,2026-06-18,Active
2719,Secured 24hour ability,5,Brand Awareness,430442,2025-01-17,2026-03-04,Completed
2720,Optimized static system engine,4,Product Launch,136832,2026-01-21,2026-09-21,Completed
2721,Object-based zero tolerance circuit,5,Product Launch,152545,2026-06-12,2026-07-19,Completed
2722,Vision-oriented bifurcated moderator,5,Lead Generation,416096,2026-02-04,2026-09-30,Completed
2723,Reduced foreground focus group,2,Lead Generation,348256,2026-07-10,2026-10-06,Completed
2724,Streamlined asynchronous help-desk,2,Product Launch,80718,2025-04-14,2026-05-24,Active
2725,Versatile grid-enabled implementation,2,Product Launch,227709,2025-12-27,2026-01-21,Active
2726,Innovative logistical standardization,2,Remarketing,128509,2025-03-06,2025-11-30,Paused
2727,Managed responsive interface,5,Remarketing,357680,2024-10-10,2025-01-04,Paused
2728,Secured empowering capability,2,Lead Generation,486295,2026-07-11,2026-07-29,Paused
2729,Persevering logistical knowledgebase,4,Sales,92870,2025-04-26,2026-03-12,Completed
2730,Devolved system-worthy project,5,Brand Awareness,407899,2024-10-20,2025-10-13,Completed
2731,Future-proofed full-range forecast,3,Sales,489659,2024-12-02,2025-11-25,Paused
2732,Horizontal multi-state array,5,Brand Awareness,147158,2026-03-04,2026-05-23,Paused
2733,Organized optimal extranet,2,Sales,218271,2025-04-13,2025-08-16,Paused
2734,Decentralized 24hour knowledge user,2,Lead Generation,333098,2026-02-07,2026-02-15,Active
2735,Proactive value-added task-force,3,Remarketing,468764,2025-01-25,2026-02-22,Active
2736,Assimilated interactive hardware,4,Lead Generation,365608,2025-07-07,2026-07-15,Active
2737,Synchronized exuding application,5,Remarketing,398581,2024-09-21,2025-12-03,Paused
2738,Reactive fresh-thinking success,4,Product Launch,166154,2025-08-09,2025-12-14,Active
2739,Pre-emptive systematic budgetary management,2,Remarketing,353594,2025-06-27,2025-11-11,Completed
2740,Open-source even-keeled process improvement,1,Remarketing,495845,2025-11-07,2026-04-28,Paused
2741,Inverse fresh-thinking matrices,5,Sales,293697,2026-05-14,2026-08-20,Completed
2742,Intuitive modular projection,4,Brand Awareness,337928,2025-03-21,2026-07-13,Completed
2743,Advanced logistical approach,1,Brand Awareness,357059,2026-03-07,2026-09-08,Paused
2744,Virtual upward-trending system engine,2,Lead Generation,121461,2026-02-05,2026-07-07,Active
2745,Devolved maximized firmware,5,Sales,318097,2025-09-14,2025-12-06,Paused
2746,Managed executive archive,5,Brand Awareness,353787,2026-04-21,2026-05-01,Active
2747,Open-source intermediate secured line,1,Product Launch,294124,2025-11-03,2025-12-22,Completed
2748,Up-sized multi-tasking policy,3,Lead Generation,324664,2026-05-12,2026-06-14,Active
2749,Synergistic needs-based emulation,5,Remarketing,45967,2025-05-02,2025-07-09,Paused
2750,Customizable fault-tolerant toolset,3,Brand Awareness,379883,2025-11-03,2026-08-01,Paused
2751,Universal modular portal,2,Lead Generation,353684,2024-11-02,2025-05-15,Completed
2752,Organized didactic conglomeration,4,Brand Awareness,291973,2026-06-16,2026-07-24,Paused
2753,Proactive tertiary array,4,Product Launch,44323,2026-05-03,2026-07-21,Completed
2754,Quality-focused multimedia methodology,4,Sales,211178,2024-12-03,2025-12-14,Paused
2755,Self-enabling user-facing data-warehouse,1,Lead Generation,127570,2025-11-17,2026-05-22,Paused
2756,Upgradable fault-tolerant Internet solution,3,Lead Generation,454734,2026-03-11,2026-07-06,Active
2757,Public-key coherent workforce,1,Product Launch,48898,2024-08-26,2025-04-25,Completed
2758,Reactive national utilization,4,Remarketing,298517,2025-03-17,2026-08-12,Active
2759,Persevering next generation alliance,1,Sales,452586,2025-05-10,2025-12-10,Active
2760,Cross-group foreground matrix,4,Brand Awareness,254918,2025-11-18,2025-12-10,Completed
2761,Enhanced 5thgeneration software,4,Product Launch,163119,2025-01-14,2025-06-02,Completed
2762,Profound demand-driven support,4,Remarketing,478739,2025-09-20,2026-08-28,Completed
2763,Synergistic fault-tolerant throughput,4,Sales,114823,2024-09-10,2025-05-06,Active
2764,Universal heuristic strategy,2,Sales,173649,2024-08-29,2026-01-13,Completed
2765,Programmable bandwidth-monitored frame,4,Product Launch,65578,2024-07-28,2026-10-14,Active
2766,Re-contextualized uniform frame,3,Lead Generation,276928,2025-10-31,2025-11-03,Completed
2767,Adaptive analyzing concept,1,Product Launch,144515,2026-06-07,2026-10-15,Active
2768,Robust bandwidth-monitored functionalities,3,Sales,423552,2025-09-06,2026-07-04,Completed
2769,Organized bi-directional intranet,4,Lead Generation,254427,2026-02-24,2026-09-09,Paused
2770,Secured 6thgeneration hierarchy,1,Brand Awareness,486038,2025-04-26,2025-08-27,Paused
2771,Triple-buffered eco-centric conglomeration,2,Product Launch,326029,2025-02-21,2026-03-31,Paused
2772,Virtual zero administration protocol,4,Brand Awareness,454184,2026-01-04,2026-01-17,Paused
2773,Assimilated background protocol,4,Remarketing,348564,2024-12-05,2025-10-30,Completed
2774,Vision-oriented neutral firmware,4,Lead Generation,349052,2026-03-13,2026-06-23,Paused
2775,Right-sized contextually-based workforce,5,Sales,176997,2025-11-29,2026-06-15,Paused
2776,Compatible solution-oriented parallelism,3,Lead Generation,288683,2025-09-16,2026-02-07,Active
2777,Seamless mission-critical parallelism,5,Product Launch,95904,2026-07-04,2026-08-02,Completed
2778,Front-line context-sensitive matrix,4,Sales,178383,2025-01-26,2026-09-16,Completed
2779,Organic reciprocal help-desk,2,Remarketing,387478,2025-06-07,2025-10-05,Paused
2780,Object-based fresh-thinking throughput,3,Remarketing,189592,2026-02-28,2026-09-09,Completed
2781,Optimized multi-state approach,2,Remarketing,207532,2025-03-03,2025-09-01,Paused
2782,Streamlined multi-state algorithm,1,Lead Generation,409647,2025-12-24,2026-07-18,Completed
2783,Expanded discrete functionalities,1,Product Launch,208087,2024-10-17,2026-09-11,Active
2784,Balanced solution-oriented neural-net,4,Sales,257855,2025-11-03,2026-06-04,Completed
2785,Proactive high-level matrices,2,Remarketing,254124,2025-08-07,2026-08-22,Paused
2786,Function-based real-time paradigm,1,Product Launch,297321,2025-12-06,2026-05-12,Active
2787,Advanced demand-driven strategy,2,Lead Generation,148248,2025-05-23,2026-09-17,Paused
2788,Profound intangible access,1,Lead Generation,89470,2025-08-24,2025-09-29,Paused
2789,Reverse-engineered holistic success,4,Sales,161185,2025-02-23,2026-03-14,Active
2790,Persevering dedicated methodology,1,Brand Awareness,289844,2026-04-30,2026-08-17,Completed
2791,Polarized intangible Local Area Network,2,Product Launch,140170,2026-03-30,2026-04-18,Completed
2792,Re-engineered zero-defect moderator,2,Remarketing,158983,2025-03-30,2025-07-06,Paused
2793,Right-sized attitude-oriented software,3,Remarketing,38947,2026-05-20,2026-09-20,Paused
2794,Cross-platform scalable monitoring,2,Remarketing,74653,2026-01-27,2026-06-29,Paused
2795,Diverse web-enabled open system,1,Sales,15919,2026-01-27,2026-05-03,Paused
2796,Stand-alone leadingedge firmware,3,Sales,30516,2026-04-26,2026-08-10,Paused
2797,Ergonomic grid-enabled matrices,2,Lead Generation,89661,2024-08-08,2025-07-31,Active
2798,Multi-tiered modular hub,1,Remarketing,276354,2025-01-18,2025-09-28,Completed
2799,Stand-alone dynamic support,5,Product Launch,309077,2024-11-25,2025-06-19,Completed
2800,Integrated full-range synergy,1,Lead Generation,496794,2024-07-21,2026-03-21,Active
2801,Centralized system-worthy time-frame,4,Remarketing,262365,2024-12-18,2025-07-28,Paused
2802,Function-based regional help-desk,1,Remarketing,456841,2024-07-23,2025-07-09,Active
2803,Adaptive eco-centric Graphical User Interface,5,Sales,122748,2024-07-28,2026-06-25,Active
2804,Organized object-oriented hub,5,Product Launch,225371,2025-04-09,2026-01-02,Completed
2805,Balanced systemic methodology,3,Product Launch,52896,2026-04-02,2026-04-20,Active
2806,Front-line secondary flexibility,1,Brand Awareness,153167,2026-07-09,2026-07-10,Active
2807,Mandatory web-enabled concept,5,Brand Awareness,131597,2024-10-01,2025-08-05,Completed
2808,Configurable empowering matrix,3,Brand Awareness,446364,2025-04-10,2026-02-21,Paused
2809,Adaptive reciprocal matrix,1,Remarketing,385418,2025-07-24,2025-10-28,Active
2810,Extended encompassing secured line,4,Lead Generation,437244,2025-01-06,2025-07-25,Completed
2811,Profit-focused hybrid support,2,Brand Awareness,81160,2024-10-09,2026-03-17,Paused
2812,Horizontal interactive analyzer,5,Brand Awareness,74185,2025-12-24,2026-09-19,Completed
2813,Monitored explicit capability,1,Sales,286829,2025-01-03,2026-05-11,Active
2814,Re-contextualized interactive knowledge user,4,Lead Generation,304378,2024-08-16,2026-07-27,Active
2815,Innovative global definition,2,Lead Generation,51928,2025-07-20,2026-01-19,Completed
2816,Future-proofed discrete success,4,Sales,444521,2025-05-02,2026-01-28,Completed
2817,Persevering intermediate benchmark,4,Brand Awareness,155511,2024-12-05,2025-08-24,Paused
2818,Persistent demand-driven product,4,Lead Generation,390773,2026-05-06,2026-06-27,Active
2819,Team-oriented zero-defect middleware,4,Lead Generation,79220,2025-02-04,2026-03-26,Active
2820,Expanded responsive instruction set,5,Lead Generation,330197,2025-12-22,2026-09-01,Paused
2821,Multi-channeled intermediate Internet solution,3,Remarketing,391439,2024-07-18,2026-02-07,Paused
2822,Centralized full-range data-warehouse,5,Lead Generation,414007,2025-12-09,2026-01-27,Active
2823,User-friendly demand-driven matrix,5,Remarketing,212345,2026-03-24,2026-05-18,Active
2824,Compatible mission-critical secured line,4,Lead Generation,343950,2026-04-27,2026-06-02,Completed
2825,Re-contextualized foreground portal,4,Brand Awareness,195550,2025-02-25,2026-08-06,Completed
2826,Grass-roots object-oriented workforce,5,Brand Awareness,497425,2026-04-16,2026-09-22,Active
2827,Ameliorated stable superstructure,4,Brand Awareness,90044,2025-01-29,2026-06-30,Paused
2828,Cross-group web-enabled extranet,5,Sales,419139,2024-10-05,2025-09-18,Active
2829,Stand-alone clear-thinking toolset,1,Remarketing,81343,2026-06-17,2026-08-08,Paused
2830,Optimized object-oriented challenge,3,Remarketing,218248,2024-12-20,2025-03-19,Active
2831,Balanced background pricing structure,4,Remarketing,147592,2024-12-21,2025-02-23,Paused
2832,Managed static hub,2,Remarketing,154221,2024-08-15,2025-05-08,Paused
2833,Grass-roots system-worthy methodology,2,Remarketing,343572,2025-05-09,2026-01-20,Active
2834,Configurable uniform secured line,5,Remarketing,312463,2026-01-26,2026-05-23,Active
2835,Reduced holistic matrix,1,Remarketing,123221,2026-05-16,2026-09-17,Active
2836,Future-proofed multimedia frame,2,Remarketing,379129,2024-12-19,2026-01-05,Paused
2837,Pre-emptive mission-critical encoding,5,Remarketing,458969,2026-05-28,2026-06-17,Active
2838,Stand-alone needs-based Internet solution,5,Product Launch,362800,2025-01-12,2025-02-18,Paused
2839,Customizable context-sensitive paradigm,5,Brand Awareness,262350,2024-12-11,2025-11-07,Paused
2840,Profound mobile productivity,1,Lead Generation,432469,2026-06-22,2026-09-14,Active
2841,Right-sized systemic framework,4,Product Launch,366325,2024-09-27,2025-10-29,Paused
2842,Multi-tiered 24hour leverage,4,Sales,119814,2025-01-21,2026-04-08,Paused
2843,User-centric context-sensitive portal,2,Product Launch,441255,2024-10-20,2026-03-04,Active
2844,User-friendly systemic utilization,1,Product Launch,399313,2024-09-25,2024-10-08,Completed
2845,Pre-emptive human-resource forecast,5,Product Launch,498308,2025-01-21,2025-01-27,Active
2846,Versatile zero administration array,5,Sales,283174,2025-08-16,2026-09-04,Active
2847,Stand-alone composite implementation,4,Product Launch,188731,2026-04-13,2026-10-09,Paused
2848,Devolved client-server flexibility,2,Product Launch,137305,2025-01-22,2025-01-31,Completed
2849,Seamless next generation methodology,2,Product Launch,286913,2025-04-05,2026-07-21,Paused
2850,Customizable bi-directional hardware,1,Product Launch,316293,2025-12-18,2026-07-17,Completed
2851,Organized upward-trending help-desk,5,Sales,320720,2024-10-23,2025-11-23,Completed
2852,Innovative foreground groupware,4,Product Launch,318893,2024-12-19,2026-07-24,Completed
2853,Integrated tangible superstructure,2,Lead Generation,165102,2025-04-15,2026-04-26,Completed
2854,Front-line directional extranet,2,Lead Generation,208645,2025-06-23,2026-05-18,Active
2855,Pre-emptive discrete access,1,Product Launch,359198,2026-05-15,2026-09-07,Active
2856,Open-architected optimal workforce,4,Brand Awareness,438658,2025-05-03,2026-06-03,Completed
2857,Open-architected scalable moratorium,3,Remarketing,350432,2025-10-25,2026-07-30,Completed
2858,Exclusive fresh-thinking time-frame,2,Brand Awareness,52830,2025-01-11,2025-06-10,Active
2859,Organized discrete knowledge user,3,Sales,178560,2024-10-17,2025-08-19,Completed
2860,Extended empowering info-mediaries,4,Brand Awareness,89226,2025-08-25,2026-06-14,Completed
2861,Fully-configurable dedicated database,2,Remarketing,329329,2025-08-16,2025-10-29,Active
2862,Digitized object-oriented attitude,4,Remarketing,334723,2024-09-13,2024-11-11,Paused
2863,Assimilated 4thgeneration contingency,2,Sales,370289,2024-10-05,2025-02-14,Paused
2864,Intuitive intangible methodology,1,Product Launch,424736,2025-01-09,2025-04-30,Completed
2865,Organized dynamic application,4,Sales,204973,2024-08-18,2025-01-25,Paused
2866,Profit-focused logistical workforce,4,Lead Generation,190745,2025-01-28,2025-05-12,Paused
2867,Open-architected tertiary focus group,5,Sales,31212,2024-12-28,2025-05-16,Paused
2868,Secured global time-frame,2,Remarketing,266423,2025-07-07,2025-08-13,Paused
2869,Managed dynamic challenge,4,Lead Generation,431005,2024-12-12,2025-10-30,Active
2870,Intuitive logistical secured line,5,Lead Generation,237327,2026-01-21,2026-05-01,Completed
2871,Face-to-face solution-oriented contingency,1,Brand Awareness,50709,2025-06-26,2025-07-20,Active
2872,Inverse zero administration contingency,2,Sales,277725,2024-12-18,2025-03-03,Completed
2873,Universal 4thgeneration application,5,Remarketing,495125,2025-04-21,2026-09-18,Paused
2874,Triple-buffered even-keeled success,2,Remarketing,117704,2026-06-06,2026-07-04,Paused
2875,Persistent client-server portal,3,Remarketing,353963,2025-08-10,2026-03-22,Paused
2876,Down-sized disintermediate conglomeration,2,Remarketing,158485,2025-09-30,2026-01-09,Paused
2877,Down-sized didactic moratorium,1,Lead Generation,236137,2025-01-05,2026-09-17,Completed
2878,Future-proofed web-enabled forecast,4,Sales,379794,2026-06-11,2026-07-30,Completed
2879,Fundamental exuding product,3,Brand Awareness,173161,2025-11-21,2026-09-26,Active
2880,Cross-group zero administration open system,5,Product Launch,452278,2025-02-10,2026-04-13,Completed
2881,Vision-oriented intermediate support,1,Brand Awareness,285795,2026-01-19,2026-05-01,Paused
2882,Adaptive methodical model,3,Lead Generation,273714,2025-11-23,2026-06-13,Paused
2883,Exclusive homogeneous paradigm,4,Remarketing,467175,2026-04-21,2026-10-09,Completed
2884,Configurable empowering complexity,2,Lead Generation,17758,2024-10-03,2025-03-01,Completed
2885,Reactive secondary Local Area Network,5,Lead Generation,145227,2026-04-13,2026-09-23,Completed
2886,Right-sized well-modulated knowledge user,5,Remarketing,346909,2026-03-09,2026-05-30,Paused
2887,Proactive client-server frame,3,Lead Generation,336177,2025-07-31,2026-08-11,Paused
2888,Mandatory empowering orchestration,2,Remarketing,203153,2025-08-30,2026-07-19,Paused
2889,Advanced zero-defect matrices,1,Sales,203813,2025-02-01,2026-02-22,Completed
2890,Decentralized homogeneous algorithm,4,Brand Awareness,27509,2024-09-11,2025-12-02,Active
2891,Operative web-enabled forecast,1,Remarketing,385515,2025-10-16,2026-01-30,Active
2892,Adaptive contextually-based circuit,4,Lead Generation,414907,2025-02-03,2025-11-07,Active
2893,Re-contextualized bandwidth-monitored interface,3,Brand Awareness,43053,2026-06-27,2026-07-23,Paused
2894,Managed scalable open system,3,Brand Awareness,412822,2025-11-17,2026-06-27,Active
2895,Adaptive zero-defect time-frame,1,Sales,66154,2025-04-03,2026-09-28,Paused
2896,Monitored systematic frame,4,Brand Awareness,326077,2025-05-04,2026-09-17,Paused
2897,Face-to-face tangible task-force,1,Remarketing,130591,2025-09-23,2026-02-13,Paused
2898,Business-focused well-modulated synergy,2,Brand Awareness,23582,2026-04-16,2026-09-03,Completed
2899,Down-sized foreground encryption,5,Brand Awareness,256581,2025-04-05,2026-02-20,Completed
2900,Decentralized homogeneous methodology,4,Sales,397036,2024-10-24,2025-10-23,Completed
2901,Multi-layered multimedia open system,3,Brand Awareness,378938,2025-08-10,2026-02-05,Paused
2902,Virtual neutral structure,5,Lead Generation,458869,2025-06-20,2026-06-03,Completed
2903,Open-source interactive artificial intelligence,2,Product Launch,364380,2024-08-30,2025-12-30,Active
2904,Decentralized zero tolerance artificial intelligence,4,Remarketing,57216,2025-02-17,2025-08-22,Completed
2905,Streamlined dedicated workforce,3,Brand Awareness,16186,2025-11-21,2025-12-26,Active
2906,Extended uniform monitoring,2,Remarketing,444163,2024-08-08,2025-11-27,Active
2907,Profit-focused multi-tasking complexity,3,Product Launch,151150,2025-02-28,2025-12-04,Paused
2908,Multi-tiered reciprocal adapter,3,Brand Awareness,308585,2025-10-28,2026-03-23,Active
2909,Open-source next generation concept,3,Sales,223887,2025-01-01,2025-01-31,Paused
2910,Polarized 24hour monitoring,3,Remarketing,286087,2026-06-18,2026-10-15,Paused
2911,Innovative 6thgeneration complexity,1,Brand Awareness,187383,2025-11-28,2026-07-05,Completed
2912,Multi-lateral web-enabled paradigm,1,Remarketing,100237,2024-12-16,2026-08-27,Active
2913,Implemented asynchronous success,1,Product Launch,20979,2025-02-27,2025-04-01,Paused
2914,Exclusive scalable emulation,4,Sales,355018,2026-06-09,2026-09-14,Completed
2915,Versatile contextually-based firmware,5,Lead Generation,347922,2024-09-19,2026-03-02,Active
2916,Horizontal bi-directional Internet solution,1,Sales,319325,2025-11-09,2026-06-13,Paused
2917,Focused encompassing workforce,4,Lead Generation,350439,2024-12-10,2025-05-26,Paused
2918,Switchable logistical monitoring,5,Lead Generation,258421,2025-02-21,2025-07-12,Completed
2919,Horizontal directional firmware,3,Brand Awareness,178590,2024-10-02,2026-02-17,Completed
2920,Synergistic asynchronous hub,2,Sales,159895,2026-07-10,2026-07-14,Paused
2921,Open-source interactive methodology,2,Remarketing,141340,2026-03-24,2026-08-31,Paused
2922,Decentralized neutral moderator,4,Brand Awareness,85609,2025-11-04,2026-09-04,Paused
2923,Advanced didactic moderator,4,Brand Awareness,57270,2025-11-02,2026-04-21,Completed
2924,Automated real-time attitude,5,Product Launch,311625,2025-12-17,2026-05-18,Completed
2925,Ameliorated demand-driven initiative,5,Brand Awareness,244591,2025-04-14,2025-08-30,Completed
2926,Vision-oriented value-added neural-net,1,Lead Generation,208807,2026-04-07,2026-04-10,Paused
2927,Multi-channeled web-enabled firmware,4,Remarketing,403715,2025-09-17,2026-06-01,Completed
2928,Grass-roots upward-trending monitoring,3,Lead Generation,175804,2024-11-03,2025-11-27,Completed
2929,De-engineered multimedia strategy,1,Sales,108233,2026-02-16,2026-10-02,Paused
2930,Business-focused systemic challenge,2,Product Launch,73831,2025-02-10,2026-04-29,Active
2931,Customizable neutral benchmark,1,Brand Awareness,446458,2025-11-03,2026-01-16,Completed
2932,Balanced hybrid portal,3,Product Launch,448847,2025-03-04,2026-07-13,Paused
2933,Visionary directional encoding,2,Sales,153633,2025-05-08,2025-07-27,Active
2934,Total methodical open architecture,5,Remarketing,164436,2025-12-19,2026-02-22,Completed
2935,Function-based upward-trending focus group,2,Lead Generation,483512,2024-11-20,2026-05-30,Paused
2936,Face-to-face grid-enabled pricing structure,5,Remarketing,146863,2024-07-30,2024-12-08,Active
2937,Business-focused dedicated open system,4,Lead Generation,64843,2025-01-26,2025-12-21,Paused
2938,Streamlined value-added benchmark,3,Lead Generation,208483,2025-02-08,2026-08-09,Completed
2939,Configurable systematic service-desk,4,Remarketing,281975,2026-06-26,2026-07-15,Paused
2940,Robust analyzing Local Area Network,4,Lead Generation,99448,2025-04-15,2025-04-30,Completed
2941,Multi-tiered didactic workforce,4,Brand Awareness,471797,2025-04-03,2026-05-24,Paused
2942,Down-sized disintermediate knowledgebase,5,Remarketing,273791,2025-01-01,2025-11-02,Active
2943,User-friendly actuating throughput,4,Sales,245707,2026-02-23,2026-05-02,Completed
2944,Up-sized asynchronous standardization,2,Product Launch,249985,2024-11-03,2025-01-21,Paused
2945,Triple-buffered user-facing initiative,1,Remarketing,379473,2025-08-05,2025-12-28,Paused
2946,Devolved explicit encryption,5,Lead Generation,126540,2025-09-08,2025-12-07,Active
2947,Multi-layered modular success,3,Brand Awareness,146262,2024-11-13,2025-05-08,Completed
2948,Configurable full-range info-mediaries,5,Product Launch,337657,2025-11-21,2026-01-10,Active
2949,Profound static time-frame,4,Product Launch,253601,2026-01-16,2026-09-17,Active
2950,Profound heuristic portal,2,Remarketing,85932,2026-03-18,2026-06-08,Completed
2951,Synchronized multi-tasking approach,4,Lead Generation,55956,2025-05-18,2025-11-13,Paused
2952,Diverse 4thgeneration archive,3,Brand Awareness,429083,2026-02-03,2026-10-12,Completed
2953,Fundamental transitional task-force,5,Lead Generation,339004,2025-07-16,2026-07-18,Paused
2954,Monitored neutral solution,4,Product Launch,173781,2025-01-09,2025-01-12,Completed
2955,Vision-oriented systemic emulation,2,Product Launch,223142,2025-10-24,2026-06-29,Completed
2956,Ergonomic maximized artificial intelligence,2,Sales,45609,2025-10-14,2025-11-09,Completed
2957,Virtual content-based adapter,1,Product Launch,421413,2025-11-04,2026-04-08,Completed
2958,Enterprise-wide solution-oriented neural-net,2,Sales,181768,2025-12-15,2026-09-23,Paused
2959,Compatible secondary info-mediaries,5,Brand Awareness,125278,2024-12-08,2026-04-15,Active
2960,Distributed system-worthy monitoring,5,Brand Awareness,155361,2025-09-16,2025-10-26,Active
2961,Optional 24hour structure,1,Product Launch,258509,2025-11-21,2026-08-12,Active
2962,Vision-oriented well-modulated hub,3,Remarketing,283116,2024-12-26,2025-11-28,Completed
2963,Advanced web-enabled monitoring,3,Product Launch,401446,2025-03-29,2026-06-03,Paused
2964,Reactive coherent portal,4,Brand Awareness,30195,2024-08-27,2026-01-03,Active
2965,Business-focused analyzing migration,3,Lead Generation,80066,2024-10-25,2025-06-02,Active
2966,Adaptive scalable archive,4,Sales,296646,2025-12-01,2026-07-31,Paused
2967,Enhanced coherent protocol,4,Remarketing,355801,2025-09-29,2026-07-06,Active
2968,Vision-oriented mission-critical moratorium,4,Sales,452067,2025-02-14,2025-06-17,Active
2969,Customizable client-server knowledgebase,3,Product Launch,288953,2024-12-11,2026-04-30,Paused
2970,Right-sized analyzing standardization,4,Sales,241883,2025-07-03,2025-11-18,Active
2971,Object-based multimedia challenge,5,Sales,121847,2026-07-14,2026-07-17,Completed
2972,Quality-focused mobile alliance,1,Product Launch,330004,2025-05-13,2025-08-07,Paused
2973,Managed national data-warehouse,1,Remarketing,335120,2025-11-04,2026-08-01,Active
2974,Operative multimedia emulation,3,Sales,204370,2025-02-22,2026-04-23,Completed
2975,Configurable multi-state application,5,Lead Generation,113421,2025-01-03,2026-04-22,Completed
2976,Enhanced real-time support,1,Remarketing,71346,2025-08-13,2026-04-01,Completed
2977,Visionary motivating matrices,5,Lead Generation,251616,2026-04-21,2026-09-02,Completed
2978,Profit-focused cohesive implementation,5,Product Launch,39390,2024-08-29,2024-12-29,Active
2979,Universal fault-tolerant Graphical User Interface,4,Brand Awareness,79972,2026-01-02,2026-08-01,Active
2980,Multi-layered radical protocol,5,Product Launch,167478,2024-09-18,2024-10-15,Paused
2981,Multi-tiered impactful data-warehouse,1,Brand Awareness,184476,2024-08-14,2025-08-24,Completed
2982,Reverse-engineered optimal architecture,3,Product Launch,41119,2024-07-19,2025-08-19,Completed
2983,Multi-layered content-based budgetary management,2,Sales,183907,2025-11-01,2025-12-07,Active
2984,Universal contextually-based frame,4,Lead Generation,73115,2025-02-13,2025-10-17,Paused
2985,Seamless methodical project,5,Product Launch,57699,2025-04-19,2026-02-07,Paused
2986,Adaptive uniform middleware,4,Product Launch,419426,2026-03-11,2026-04-05,Completed
2987,Future-proofed bandwidth-monitored info-mediaries,2,Product Launch,395374,2024-11-12,2026-03-19,Completed
2988,Face-to-face systemic portal,1,Product Launch,330327,2025-07-30,2025-12-30,Paused
2989,Self-enabling full-range process improvement,1,Remarketing,71193,2026-07-15,2026-08-30,Active
2990,Cloned system-worthy workforce,5,Lead Generation,186199,2024-10-18,2025-10-14,Active
2991,Ameliorated background interface,1,Brand Awareness,149930,2025-10-26,2025-12-30,Active
2992,Ergonomic upward-trending website,2,Brand Awareness,290262,2025-03-23,2025-12-09,Completed
2993,Switchable fault-tolerant knowledge user,5,Sales,378047,2026-06-24,2026-07-01,Paused
2994,Seamless incremental website,1,Sales,107864,2024-10-21,2025-02-14,Active
2995,Multi-channeled discrete adapter,5,Lead Generation,391711,2025-11-15,2026-09-16,Completed
2996,Distributed directional Local Area Network,2,Lead Generation,237901,2025-05-11,2026-04-22,Active
2997,Sharable composite Graphic Interface,5,Product Launch,80008,2026-04-12,2026-08-11,Active
2998,Total content-based moratorium,3,Remarketing,100046,2025-05-28,2025-12-28,Paused
2999,Synchronized user-facing software,4,Brand Awareness,138272,2025-09-25,2025-10-31,Completed
3000,Up-sized needs-based array,3,Product Launch,223447,2024-08-22,2025-04-21,Paused
3001,Seamless system-worthy hardware,5,Remarketing,62385,2025-12-09,2025-12-24,Completed
3002,Organic clear-thinking emulation,3,Lead Generation,326345,2024-08-30,2025-07-25,Paused
3003,Reactive 5thgeneration archive,1,Remarketing,98944,2026-06-11,2026-07-02,Active
3004,Vision-oriented stable Graphical User Interface,5,Remarketing,176935,2026-06-16,2026-07-16,Completed
3005,Realigned 5thgeneration concept,3,Remarketing,192837,2026-04-25,2026-08-12,Active
3006,Versatile logistical database,1,Remarketing,133788,2024-12-16,2026-08-27,Active
3007,Universal modular policy,2,Remarketing,151314,2024-08-11,2025-12-26,Active
3008,Multi-channeled incremental superstructure,1,Brand Awareness,56580,2024-10-11,2025-07-27,Active
3009,Public-key multimedia pricing structure,4,Product Launch,154039,2026-02-15,2026-08-25,Active
3010,Persevering client-driven Graphic Interface,1,Brand Awareness,187375,2024-12-06,2025-12-28,Completed
3011,Universal multi-tasking middleware,5,Remarketing,398732,2024-10-13,2026-06-07,Completed
3012,Enterprise-wide local instruction set,3,Brand Awareness,248486,2025-04-29,2026-10-10,Paused
3013,Exclusive encompassing migration,1,Remarketing,467671,2026-02-02,2026-07-08,Paused
3014,Persistent multi-tasking middleware,5,Product Launch,59063,2025-06-11,2026-04-04,Active
3015,Right-sized client-server instruction set,1,Sales,290047,2025-10-20,2025-12-21,Completed
3016,Assimilated leadingedge strategy,3,Product Launch,210921,2025-01-12,2025-03-15,Completed
3017,Intuitive systemic budgetary management,4,Brand Awareness,369475,2026-06-21,2026-07-25,Active
3018,Self-enabling exuding database,5,Sales,292120,2024-12-17,2025-06-21,Paused
3019,Quality-focused asynchronous hub,1,Sales,45512,2025-02-15,2026-08-20,Paused
3020,Multi-layered asymmetric info-mediaries,3,Remarketing,49499,2026-01-16,2026-02-12,Completed
3021,Streamlined value-added time-frame,3,Brand Awareness,183840,2025-08-05,2025-12-19,Paused
3022,Seamless dynamic methodology,3,Product Launch,394008,2025-06-11,2025-12-13,Completed
3023,Total impactful system engine,1,Product Launch,292300,2024-08-10,2025-07-10,Completed
3024,Horizontal human-resource service-desk,4,Remarketing,138092,2024-08-04,2026-01-28,Active
3025,Compatible grid-enabled circuit,2,Lead Generation,32194,2025-10-05,2026-01-14,Completed
3026,Cross-group composite strategy,4,Remarketing,284191,2025-03-24,2026-09-29,Paused
3027,Exclusive encompassing alliance,2,Remarketing,383210,2025-12-07,2026-02-09,Active
3028,Monitored actuating alliance,4,Brand Awareness,118810,2026-02-04,2026-04-26,Paused
3029,Total client-driven matrix,3,Product Launch,154956,2025-07-29,2026-02-04,Paused
3030,Reduced cohesive benchmark,3,Sales,96715,2024-09-07,2024-12-21,Completed
3031,Progressive uniform migration,1,Product Launch,482501,2024-11-12,2026-10-01,Paused
3032,Distributed fresh-thinking archive,1,Sales,185336,2026-04-26,2026-07-25,Active
3033,Synchronized grid-enabled frame,2,Product Launch,475393,2026-05-21,2026-09-06,Active
3034,Upgradable demand-driven Local Area Network,5,Product Launch,277277,2025-02-02,2026-01-03,Completed
3035,Focused maximized capability,2,Sales,71963,2025-02-16,2025-06-16,Active
3036,Optimized clear-thinking forecast,4,Lead Generation,373598,2026-02-09,2026-04-05,Active
3037,Robust intermediate implementation,1,Lead Generation,341183,2026-01-04,2026-07-19,Paused
3038,Organic user-facing alliance,5,Product Launch,340240,2024-12-22,2025-08-10,Paused
3039,Vision-oriented content-based process improvement,4,Sales,123939,2026-01-07,2026-04-06,Paused
3040,Organized regional secured line,5,Brand Awareness,295687,2026-06-16,2026-08-22,Active
3041,Fundamental systemic moratorium,4,Lead Generation,94998,2024-07-18,2024-11-15,Active
3042,Customer-focused user-facing approach,2,Brand Awareness,111043,2025-07-25,2026-10-11,Active
3043,Versatile context-sensitive leverage,2,Remarketing,148594,2025-11-14,2026-09-01,Active
3044,Cross-group maximized focus group,5,Lead Generation,406324,2025-07-20,2025-08-08,Completed
3045,Diverse reciprocal moderator,4,Remarketing,139180,2026-05-08,2026-07-26,Completed
3046,Programmable 6thgeneration encoding,2,Lead Generation,281781,2025-07-18,2026-03-14,Active
3047,Exclusive transitional firmware,2,Product Launch,434984,2026-03-06,2026-03-26,Completed
3048,Versatile cohesive solution,2,Sales,110745,2025-05-28,2026-09-13,Active
3049,Fully-configurable intermediate hierarchy,3,Remarketing,198589,2025-07-01,2026-04-04,Active
3050,Organic systematic hub,4,Brand Awareness,388715,2025-07-06,2025-10-20,Completed
3051,Optional dedicated collaboration,1,Lead Generation,154844,2025-09-11,2026-07-14,Completed
3052,Cross-platform system-worthy ability,1,Remarketing,44335,2025-11-07,2026-05-20,Completed
3053,Quality-focused 3rdgeneration website,2,Lead Generation,326784,2026-03-27,2026-06-18,Active
3054,Seamless full-range info-mediaries,5,Brand Awareness,394448,2026-02-01,2026-09-29,Completed
3055,Monitored cohesive productivity,1,Sales,248004,2025-01-22,2025-02-24,Paused
3056,Monitored tertiary leverage,1,Lead Generation,332868,2024-08-21,2024-10-28,Completed
3057,Automated 24hour moderator,4,Sales,494712,2025-11-15,2026-07-14,Active
3058,Business-focused high-level architecture,5,Product Launch,201026,2025-11-23,2026-05-28,Paused
3059,Ameliorated next generation secured line,5,Sales,106591,2025-04-28,2025-12-04,Active
3060,Profound static groupware,5,Remarketing,75188,2025-10-06,2026-01-06,Completed
3061,Networked static customer loyalty,3,Product Launch,87505,2024-10-01,2025-10-24,Completed
3062,Multi-layered neutral adapter,2,Sales,323596,2025-03-31,2026-03-29,Paused
3063,Decentralized upward-trending approach,2,Brand Awareness,107947,2026-02-06,2026-07-18,Paused
3064,Networked demand-driven artificial intelligence,5,Lead Generation,166723,2024-09-08,2026-01-28,Active
3065,Cross-group real-time help-desk,5,Remarketing,75501,2025-08-18,2025-11-15,Active
3066,Realigned even-keeled capability,3,Lead Generation,422774,2025-03-02,2026-08-19,Active
3067,Multi-layered uniform array,5,Lead Generation,364475,2024-12-26,2026-03-10,Active
3068,Organic mobile infrastructure,1,Product Launch,187719,2025-05-03,2026-03-22,Paused
3069,Public-key even-keeled Graphic Interface,5,Brand Awareness,53745,2024-12-22,2025-07-31,Active
3070,Self-enabling heuristic projection,1,Lead Generation,219083,2025-12-13,2026-02-05,Paused
3071,Cross-group didactic parallelism,5,Sales,395325,2025-03-30,2025-04-10,Paused
3072,Upgradable upward-trending solution,4,Product Launch,425770,2024-09-10,2024-12-07,Completed
3073,Versatile bifurcated infrastructure,1,Lead Generation,371526,2024-11-29,2026-02-27,Paused
3074,Horizontal attitude-oriented model,3,Remarketing,74113,2024-08-28,2025-10-17,Active
3075,Universal asynchronous Graphic Interface,3,Lead Generation,37604,2024-09-27,2025-02-14,Completed
3076,Programmable empowering hierarchy,3,Remarketing,117772,2024-10-27,2025-04-28,Completed
3077,Distributed empowering initiative,3,Lead Generation,332290,2024-09-30,2025-09-05,Completed
3078,Organic bi-directional encoding,5,Lead Generation,45164,2025-08-17,2025-09-29,Completed
3079,Sharable grid-enabled artificial intelligence,4,Brand Awareness,283026,2024-11-08,2025-10-17,Paused
3080,Proactive reciprocal architecture,4,Brand Awareness,26396,2024-09-08,2026-02-24,Paused
3081,Distributed reciprocal support,3,Remarketing,73818,2024-07-28,2026-08-02,Paused
3082,Robust systematic alliance,5,Product Launch,250044,2026-06-07,2026-08-29,Completed
3083,Front-line clear-thinking Graphic Interface,4,Product Launch,401169,2026-06-13,2026-06-20,Completed
3084,Organized local open system,2,Lead Generation,285292,2025-06-19,2025-08-26,Completed
3085,Triple-buffered disintermediate protocol,2,Brand Awareness,189225,2026-04-10,2026-07-29,Completed
3086,Devolved solution-oriented access,1,Product Launch,321480,2025-05-27,2026-02-04,Active
3087,Expanded foreground synergy,5,Remarketing,33013,2026-01-30,2026-02-12,Active
3088,Universal impactful intranet,2,Lead Generation,105785,2026-07-06,2026-08-02,Completed
3089,Face-to-face regional synergy,4,Product Launch,290310,2024-12-21,2026-03-02,Paused
3090,Reduced actuating attitude,2,Remarketing,288804,2025-07-21,2025-08-29,Completed
3091,Robust 24hour definition,2,Brand Awareness,298384,2024-11-30,2025-07-16,Active
3092,Re-engineered clear-thinking artificial intelligence,2,Brand Awareness,63117,2024-12-08,2025-04-27,Completed
3093,Horizontal maximized projection,2,Product Launch,257954,2024-11-16,2025-03-29,Active
3094,Enhanced homogeneous system engine,5,Remarketing,291880,2026-01-27,2026-08-01,Active
3095,Cross-group tangible interface,5,Product Launch,427932,2025-05-19,2026-01-26,Active
3096,Phased cohesive support,3,Brand Awareness,47224,2026-05-18,2026-08-15,Paused
3097,Integrated even-keeled portal,1,Brand Awareness,176762,2025-05-24,2025-07-02,Active
3098,Monitored didactic help-desk,1,Lead Generation,56937,2026-07-02,2026-08-11,Completed
3099,Fully-configurable directional budgetary management,4,Lead Generation,247606,2024-10-17,2025-09-14,Completed
3100,Optimized coherent conglomeration,4,Lead Generation,33016,2026-03-08,2026-05-09,Paused
3101,Multi-channeled solution-oriented ability,1,Lead Generation,421061,2025-01-11,2026-09-10,Paused
3102,Integrated empowering structure,1,Lead Generation,391323,2025-07-29,2026-01-09,Active
3103,Up-sized neutral adapter,5,Sales,194057,2025-04-05,2025-09-14,Completed
3104,Synergistic regional standardization,2,Brand Awareness,354797,2026-06-30,2026-07-10,Completed
3105,Visionary exuding emulation,3,Brand Awareness,424932,2025-08-03,2026-04-01,Paused
3106,Operative bandwidth-monitored website,4,Product Launch,118641,2025-08-19,2026-04-24,Active
3107,Diverse asymmetric data-warehouse,5,Sales,159714,2024-08-22,2024-12-21,Paused
3108,Intuitive interactive process improvement,4,Product Launch,172801,2024-08-07,2025-12-31,Paused
3109,Grass-roots bottom-line hub,1,Sales,405852,2024-10-24,2026-09-21,Paused
3110,Secured asynchronous synergy,1,Remarketing,379298,2026-04-27,2026-06-13,Completed
3111,Streamlined bi-directional firmware,3,Brand Awareness,230856,2025-12-17,2026-06-15,Completed
3112,Horizontal system-worthy encryption,3,Product Launch,423805,2026-06-02,2026-10-15,Paused
3113,Persistent leadingedge info-mediaries,4,Product Launch,397666,2025-09-20,2025-12-25,Active
3114,Inverse systematic matrices,4,Remarketing,80988,2024-10-20,2025-06-16,Completed
3115,Programmable zero-defect secured line,2,Remarketing,271443,2026-03-15,2026-10-05,Completed
3116,Adaptive uniform task-force,2,Brand Awareness,312809,2025-07-09,2026-07-21,Completed
3117,Exclusive discrete groupware,5,Brand Awareness,392826,2025-04-28,2026-08-15,Completed
3118,Enhanced modular superstructure,2,Brand Awareness,461321,2026-05-09,2026-06-27,Paused
3119,Extended user-facing access,4,Product Launch,176538,2025-08-09,2026-02-15,Paused
3120,Customizable static utilization,4,Brand Awareness,498547,2025-01-06,2025-08-07,Completed
3121,Persevering explicit budgetary management,4,Brand Awareness,362920,2025-12-10,2026-09-30,Completed
3122,Streamlined fault-tolerant extranet,5,Sales,413869,2025-01-27,2026-10-01,Active
3123,Reverse-engineered value-added moratorium,4,Product Launch,358544,2025-01-30,2025-02-11,Active
3124,Profit-focused bottom-line workforce,3,Lead Generation,379282,2025-11-02,2026-02-28,Completed
3125,Down-sized dedicated synergy,1,Product Launch,423384,2024-11-12,2026-05-23,Paused
3126,Decentralized contextually-based orchestration,5,Sales,322639,2026-04-26,2026-08-26,Paused
3127,Operative radical benchmark,1,Sales,123490,2025-08-24,2026-10-11,Paused
3128,Fundamental multi-state approach,3,Sales,152252,2025-03-18,2025-11-01,Completed
3129,Integrated maximized parallelism,1,Product Launch,257407,2025-10-31,2026-04-23,Active
3130,Enterprise-wide value-added benchmark,5,Sales,439178,2026-07-04,2026-09-16,Paused
3131,Front-line multi-tasking definition,1,Brand Awareness,427666,2026-06-17,2026-07-04,Paused
3132,Devolved reciprocal help-desk,2,Sales,460635,2025-06-27,2026-09-10,Completed
3133,Devolved bottom-line toolset,4,Lead Generation,301543,2025-06-01,2026-02-06,Completed
3134,Universal systemic initiative,2,Remarketing,384914,2024-09-14,2025-07-04,Active
3135,Virtual mission-critical policy,4,Product Launch,110465,2025-11-14,2026-05-29,Active
3136,Public-key composite firmware,2,Lead Generation,31800,2026-06-29,2026-09-24,Active
3137,Multi-layered global hub,2,Product Launch,275587,2025-06-11,2025-11-06,Completed
3138,Reduced tertiary monitoring,1,Sales,368864,2025-12-24,2026-08-18,Completed
3139,De-engineered demand-driven parallelism,4,Sales,37544,2026-05-20,2026-08-17,Completed
3140,Object-based solution-oriented paradigm,5,Lead Generation,498863,2025-12-23,2026-09-04,Active
3141,Total web-enabled complexity,5,Product Launch,473178,2025-02-04,2026-03-10,Paused
3142,Decentralized dedicated collaboration,5,Lead Generation,415852,2025-08-19,2026-03-27,Paused
3143,Synchronized mission-critical paradigm,1,Product Launch,389453,2025-08-25,2025-08-28,Completed
3144,Inverse national ability,2,Sales,316158,2024-11-30,2025-07-16,Completed
3145,Monitored leadingedge leverage,4,Sales,269177,2025-09-30,2026-07-16,Completed
3146,Monitored homogeneous installation,3,Remarketing,49354,2025-03-21,2025-06-02,Active
3147,Adaptive local product,3,Sales,316257,2026-01-16,2026-09-09,Active
3148,Front-line homogeneous portal,1,Product Launch,22245,2025-11-18,2025-12-27,Completed
3149,Reverse-engineered human-resource instruction set,5,Lead Generation,134002,2025-08-02,2026-07-14,Active
3150,Secured optimizing installation,5,Remarketing,479163,2025-10-12,2026-08-29,Active
3151,User-friendly stable array,5,Product Launch,15816,2025-05-18,2026-05-21,Completed
3152,Implemented encompassing intranet,3,Remarketing,441970,2024-11-24,2025-05-17,Paused
3153,Function-based user-facing capability,1,Sales,470781,2026-06-09,2026-08-06,Active
3154,Open-source homogeneous data-warehouse,3,Lead Generation,87961,2025-11-25,2026-04-21,Completed
3155,User-friendly regional data-warehouse,3,Sales,446790,2025-01-04,2025-03-18,Active
3156,Enterprise-wide bandwidth-monitored success,3,Sales,457571,2024-07-24,2025-01-25,Paused
3157,Right-sized zero-defect groupware,4,Brand Awareness,174407,2026-07-10,2026-08-21,Paused
3158,Diverse incremental help-desk,3,Lead Generation,435414,2024-10-15,2025-03-26,Active
3159,Stand-alone bifurcated open system,1,Lead Generation,52340,2024-08-23,2025-01-23,Paused
3160,Virtual encompassing complexity,3,Product Launch,399281,2025-07-11,2025-10-27,Completed
3161,Enterprise-wide hybrid focus group,5,Brand Awareness,357662,2026-01-18,2026-05-17,Paused
3162,Synergistic disintermediate encoding,2,Lead Generation,116864,2024-12-31,2026-09-24,Completed
3163,Self-enabling attitude-oriented application,5,Remarketing,139291,2025-06-01,2026-06-01,Active
3164,Horizontal global algorithm,4,Product Launch,121011,2026-03-11,2026-05-27,Completed
3165,Reduced 6thgeneration attitude,5,Brand Awareness,37112,2025-08-24,2026-01-21,Paused
3166,Re-engineered static synergy,5,Lead Generation,62769,2024-12-17,2026-08-09,Active
3167,Adaptive composite array,2,Lead Generation,269475,2026-04-25,2026-07-22,Paused
3168,Cloned well-modulated projection,2,Brand Awareness,94783,2025-02-12,2025-10-27,Active
3169,Total zero tolerance hub,2,Product Launch,340769,2025-10-07,2026-06-13,Completed
3170,Optional global website,3,Lead Generation,325795,2025-12-29,2026-06-17,Paused
3171,Open-source dynamic moratorium,4,Brand Awareness,176798,2025-07-17,2026-06-14,Completed
3172,Visionary uniform array,2,Product Launch,438500,2025-09-21,2026-07-21,Active
3173,Distributed context-sensitive challenge,1,Brand Awareness,110906,2026-03-22,2026-04-24,Completed
3174,Profound optimizing capacity,3,Remarketing,67651,2024-09-22,2026-01-11,Completed
3175,Managed foreground projection,1,Brand Awareness,90536,2025-06-13,2026-01-02,Active
3176,Enterprise-wide systematic challenge,4,Sales,311456,2024-11-13,2026-06-04,Paused
3177,Sharable full-range hierarchy,4,Brand Awareness,26156,2025-02-04,2025-10-01,Completed
3178,Implemented scalable knowledge user,3,Remarketing,146129,2025-03-07,2025-05-27,Paused
3179,Total radical functionalities,1,Product Launch,47348,2025-04-12,2026-08-04,Active
3180,Proactive cohesive circuit,3,Brand Awareness,297411,2024-11-27,2026-04-14,Paused
3181,Optimized 24/7 initiative,5,Remarketing,124371,2025-10-26,2026-05-06,Paused
3182,Down-sized user-facing adapter,2,Product Launch,323439,2025-06-09,2025-08-11,Active
3183,Self-enabling 5thgeneration adapter,3,Lead Generation,228245,2025-06-11,2026-01-26,Paused
3184,Team-oriented next generation groupware,3,Brand Awareness,334141,2025-02-11,2026-09-21,Active
3185,Switchable asymmetric hierarchy,1,Brand Awareness,232983,2025-08-29,2026-05-06,Active
3186,Grass-roots 24/7 alliance,5,Remarketing,319230,2025-07-16,2025-11-26,Paused
3187,Multi-channeled responsive project,1,Product Launch,463564,2025-08-22,2025-08-30,Paused
3188,Re-contextualized zero administration time-frame,5,Product Launch,164274,2025-07-22,2026-08-19,Active
3189,Persevering needs-based task-force,3,Brand Awareness,472581,2026-04-07,2026-09-03,Paused
3190,Automated incremental info-mediaries,5,Product Launch,315352,2024-07-31,2025-10-25,Active
3191,Assimilated 6thgeneration budgetary management,3,Lead Generation,291058,2026-04-19,2026-08-22,Completed
3192,Reverse-engineered asynchronous capability,3,Sales,384785,2025-08-12,2025-11-06,Completed
3193,Automated executive time-frame,3,Brand Awareness,30548,2026-04-20,2026-07-10,Completed
3194,Customizable systematic installation,2,Brand Awareness,438888,2025-11-05,2026-03-26,Completed
3195,Organic static database,1,Lead Generation,315367,2025-04-12,2026-06-30,Active
3196,Public-key intangible alliance,3,Product Launch,496202,2025-01-09,2026-04-01,Active
3197,Assimilated dedicated productivity,2,Lead Generation,17667,2026-07-04,2026-08-30,Active
3198,Compatible tertiary synergy,4,Product Launch,309918,2025-07-03,2026-03-16,Active
3199,Digitized real-time Graphic Interface,3,Remarketing,489882,2025-02-05,2026-05-29,Completed
3200,Compatible uniform capability,5,Sales,251628,2026-05-08,2026-08-12,Paused
3201,Right-sized solution-oriented framework,5,Sales,389282,2026-05-28,2026-07-23,Active
3202,Triple-buffered needs-based encryption,1,Sales,479734,2024-12-04,2026-03-29,Completed
3203,Business-focused logistical moratorium,1,Sales,316219,2025-02-19,2026-08-02,Active
3204,Public-key intermediate focus group,3,Sales,109118,2025-10-14,2026-04-12,Completed
3205,Reverse-engineered multimedia complexity,2,Product Launch,226582,2024-11-02,2025-08-25,Active
3206,Mandatory disintermediate policy,5,Sales,418281,2025-10-25,2026-03-08,Active
3207,Monitored regional Local Area Network,3,Sales,266927,2024-09-26,2025-03-12,Active
3208,Fundamental methodical architecture,5,Sales,384634,2025-03-15,2026-04-26,Active
3209,Seamless responsive projection,1,Remarketing,381541,2025-05-27,2026-08-16,Paused
3210,Focused exuding parallelism,1,Lead Generation,160582,2024-11-23,2025-02-23,Completed
3211,Open-source secondary flexibility,1,Lead Generation,259789,2024-11-16,2025-01-17,Completed
3212,Focused grid-enabled neural-net,3,Sales,401880,2024-11-21,2025-07-07,Active
3213,De-engineered mission-critical open architecture,1,Product Launch,325563,2024-11-12,2026-04-02,Paused
3214,Compatible analyzing standardization,3,Remarketing,164337,2024-09-29,2026-06-19,Paused
3215,Compatible eco-centric open architecture,5,Product Launch,324875,2025-10-28,2025-12-17,Active
3216,Open-source multi-state middleware,5,Lead Generation,386943,2025-06-18,2026-04-24,Completed
3217,Balanced 4thgeneration algorithm,1,Product Launch,355482,2025-01-24,2026-05-24,Completed
3218,Exclusive impactful architecture,5,Remarketing,309615,2025-01-04,2025-11-05,Completed
3219,Robust 6thgeneration core,2,Remarketing,24445,2026-01-06,2026-09-14,Active
3220,Universal 3rdgeneration intranet,4,Remarketing,298055,2025-01-23,2026-09-11,Completed
3221,Organic secondary encoding,4,Lead Generation,219425,2026-03-22,2026-07-23,Completed
3222,Up-sized value-added support,2,Brand Awareness,78748,2025-11-09,2025-12-22,Paused
3223,Optimized client-driven solution,4,Lead Generation,169384,2024-08-20,2024-10-31,Active
3224,Progressive logistical parallelism,1,Sales,386918,2026-06-29,2026-09-14,Active
3225,Streamlined incremental ability,2,Lead Generation,53498,2025-07-07,2026-06-18,Paused
3226,Organized discrete analyzer,4,Remarketing,227357,2026-06-28,2026-06-28,Completed
3227,Versatile exuding complexity,3,Brand Awareness,31847,2025-03-10,2026-01-28,Completed
3228,Enhanced encompassing task-force,4,Lead Generation,115325,2025-06-13,2026-01-20,Completed
3229,Optional explicit groupware,2,Brand Awareness,298072,2024-09-11,2025-06-21,Completed
3230,Horizontal actuating moderator,1,Remarketing,280788,2024-10-01,2026-01-04,Active
3231,Visionary secondary encryption,4,Brand Awareness,217371,2024-09-04,2024-11-21,Completed
3232,Adaptive object-oriented challenge,3,Remarketing,336193,2024-12-18,2025-11-12,Active
3233,Inverse demand-driven application,3,Product Launch,211238,2026-03-11,2026-04-04,Active
3234,Reactive optimal hardware,3,Remarketing,121491,2026-04-16,2026-10-01,Completed
3235,Robust grid-enabled superstructure,2,Lead Generation,368039,2025-10-15,2026-01-12,Active
3236,Networked disintermediate capability,2,Product Launch,452884,2025-07-19,2025-12-17,Completed
3237,Enhanced tertiary concept,4,Remarketing,124688,2026-05-11,2026-06-15,Active
3238,Organized scalable firmware,4,Product Launch,482215,2026-04-21,2026-08-13,Paused
3239,Reduced well-modulated help-desk,3,Lead Generation,316462,2026-02-15,2026-06-02,Paused
3240,Ergonomic mobile utilization,5,Product Launch,117628,2025-10-23,2026-07-30,Paused
3241,Ameliorated 3rdgeneration encryption,1,Sales,83195,2026-04-01,2026-07-22,Completed
3242,Synergistic 24/7 paradigm,1,Sales,71519,2025-06-22,2026-02-15,Active
3243,Object-based radical customer loyalty,4,Sales,275939,2026-06-27,2026-07-03,Paused
3244,Realigned grid-enabled implementation,4,Lead Generation,421613,2025-09-12,2026-01-25,Completed
3245,Multi-channeled scalable analyzer,4,Sales,319424,2025-01-15,2025-02-11,Completed
3246,Profound eco-centric toolset,4,Product Launch,66343,2025-06-04,2026-07-14,Active
3247,Adaptive coherent instruction set,2,Remarketing,201841,2025-09-18,2026-03-02,Active
3248,Visionary background functionalities,5,Remarketing,40578,2025-01-13,2026-07-27,Active
3249,Automated context-sensitive parallelism,4,Brand Awareness,360021,2026-06-09,2026-10-15,Paused
3250,Persistent demand-driven database,1,Remarketing,408752,2024-11-30,2025-01-02,Paused
3251,Public-key solution-oriented array,1,Brand Awareness,393610,2025-12-24,2026-07-02,Completed
3252,Triple-buffered bi-directional application,2,Sales,26760,2024-09-25,2025-08-02,Active
3253,Down-sized encompassing throughput,1,Lead Generation,12725,2025-09-07,2026-04-29,Active
3254,User-centric client-server hub,4,Remarketing,488317,2024-08-12,2024-10-14,Active
3255,Down-sized neutral instruction set,5,Lead Generation,331879,2024-08-25,2026-04-09,Completed
3256,Configurable neutral collaboration,3,Product Launch,357686,2026-01-31,2026-07-16,Active
3257,Integrated content-based monitoring,1,Product Launch,104110,2024-11-06,2026-09-22,Paused
3258,Multi-tiered zero-defect policy,3,Product Launch,60819,2026-05-24,2026-09-01,Active
3259,Polarized incremental policy,1,Lead Generation,469723,2025-12-20,2026-03-31,Active
3260,Multi-lateral mobile encryption,4,Remarketing,326647,2024-10-05,2025-08-26,Paused
3261,Operative client-server open architecture,3,Remarketing,245876,2026-06-15,2026-09-05,Paused
3262,Centralized radical conglomeration,5,Lead Generation,187263,2025-11-13,2025-12-24,Completed
3263,Future-proofed needs-based ability,3,Remarketing,322305,2024-07-23,2024-11-16,Completed
3264,Function-based encompassing Graphic Interface,5,Brand Awareness,226918,2024-09-13,2025-02-03,Paused
3265,Open-architected executive moderator,4,Lead Generation,420842,2025-10-27,2026-09-27,Paused
3266,Pre-emptive leadingedge matrix,3,Brand Awareness,284941,2025-05-30,2026-10-02,Active
3267,Reverse-engineered 3rdgeneration emulation,4,Sales,201700,2024-11-03,2026-01-30,Paused
3268,Sharable mobile Graphical User Interface,1,Product Launch,361856,2025-04-11,2025-05-30,Paused
3269,Persevering national analyzer,5,Sales,441361,2026-02-16,2026-05-08,Completed
3270,Enterprise-wide didactic framework,4,Sales,24843,2024-12-09,2026-03-07,Paused
3271,Versatile national solution,3,Remarketing,249691,2026-02-08,2026-09-19,Paused
3272,Virtual asynchronous complexity,2,Brand Awareness,389060,2026-02-28,2026-07-11,Completed
3273,Reverse-engineered background hierarchy,2,Product Launch,434670,2024-11-04,2025-07-09,Paused
3274,Mandatory explicit intranet,3,Remarketing,314650,2025-07-09,2025-09-01,Paused
3275,Diverse optimal Internet solution,5,Remarketing,304742,2025-05-12,2025-06-03,Paused
3276,Automated heuristic groupware,1,Remarketing,209253,2026-03-04,2026-06-29,Paused
3277,Down-sized solution-oriented implementation,5,Remarketing,365248,2024-09-01,2025-12-14,Completed
3278,Enhanced dedicated Local Area Network,5,Product Launch,169695,2026-06-30,2026-08-30,Paused
3279,Realigned 3rdgeneration middleware,3,Remarketing,200219,2025-09-02,2025-12-10,Paused
3280,Universal bandwidth-monitored analyzer,3,Remarketing,55274,2025-12-11,2025-12-22,Paused
3281,Switchable value-added task-force,2,Product Launch,480912,2026-02-23,2026-03-15,Active
3282,Integrated discrete initiative,5,Product Launch,61657,2025-10-19,2026-08-30,Paused
3283,Expanded methodical strategy,2,Remarketing,272747,2025-07-07,2026-06-22,Active
3284,Multi-channeled discrete structure,1,Product Launch,489023,2025-09-04,2026-05-15,Active
3285,Configurable mission-critical software,3,Product Launch,395195,2024-11-21,2025-07-04,Active
3286,Digitized maximized methodology,4,Product Launch,389004,2025-10-06,2026-02-20,Paused
3287,Multi-lateral multimedia strategy,5,Lead Generation,301021,2025-05-01,2026-03-22,Paused
3288,Focused needs-based interface,4,Lead Generation,471874,2026-04-22,2026-05-06,Completed
3289,Total reciprocal projection,3,Sales,430766,2026-01-14,2026-07-23,Paused
3290,Up-sized system-worthy open system,5,Remarketing,164152,2026-05-19,2026-08-15,Paused
3291,Optimized mobile matrix,1,Remarketing,302852,2025-02-27,2025-11-22,Paused
3292,Switchable 6thgeneration forecast,1,Product Launch,484056,2025-06-24,2026-04-14,Active
3293,Quality-focused 24/7 analyzer,1,Lead Generation,136718,2025-07-25,2026-07-19,Active
3294,Fundamental zero administration open architecture,1,Sales,238794,2024-11-06,2026-06-02,Active
3295,Reverse-engineered intangible approach,1,Sales,327966,2025-11-26,2026-04-30,Paused
3296,Digitized grid-enabled framework,1,Brand Awareness,316705,2026-06-12,2026-09-15,Completed
3297,Stand-alone contextually-based firmware,3,Lead Generation,92678,2026-06-28,2026-08-12,Completed
3298,Upgradable heuristic algorithm,2,Product Launch,153045,2025-11-02,2025-12-23,Completed
3299,Automated incremental groupware,4,Product Launch,467941,2025-07-29,2026-01-27,Paused
3300,Right-sized contextually-based productivity,3,Product Launch,224115,2026-05-17,2026-05-29,Paused
3301,Intuitive coherent neural-net,5,Remarketing,136688,2024-12-06,2024-12-07,Paused
3302,Future-proofed asymmetric conglomeration,1,Brand Awareness,15764,2026-06-12,2026-08-14,Completed
3303,Front-line zero tolerance algorithm,3,Brand Awareness,119341,2025-06-08,2025-08-13,Completed
3304,Multi-channeled holistic conglomeration,3,Lead Generation,437315,2024-08-03,2024-12-07,Paused
3305,Persistent value-added instruction set,1,Brand Awareness,453756,2025-07-16,2025-11-04,Completed
3306,Front-line discrete solution,2,Product Launch,351872,2026-06-09,2026-07-19,Paused
3307,Enterprise-wide composite website,3,Remarketing,152953,2025-01-11,2026-08-28,Completed
3308,Focused demand-driven flexibility,5,Product Launch,360383,2026-03-02,2026-03-26,Active
3309,Persevering coherent hardware,4,Brand Awareness,88284,2025-07-03,2025-07-05,Active
3310,Enhanced multi-state toolset,3,Sales,483670,2026-07-12,2026-07-19,Active
3311,Operative heuristic portal,5,Remarketing,112233,2026-03-18,2026-05-01,Paused
3312,Fundamental bifurcated installation,3,Product Launch,273865,2025-09-10,2026-03-16,Completed
3313,Open-architected local website,5,Product Launch,375120,2025-02-12,2025-07-09,Paused
3314,Public-key maximized frame,3,Product Launch,208365,2025-02-14,2026-07-15,Paused
3315,Re-contextualized motivating architecture,4,Brand Awareness,93618,2024-12-15,2025-05-15,Active
3316,Operative zero-defect workforce,2,Product Launch,394718,2024-12-17,2025-01-18,Active
3317,Persistent value-added capability,5,Brand Awareness,133085,2026-02-14,2026-07-31,Paused
3318,Up-sized 6thgeneration open system,3,Lead Generation,431338,2024-10-30,2026-09-01,Paused
3319,Networked intangible hub,2,Remarketing,85157,2024-11-10,2026-06-06,Active
3320,Networked exuding support,1,Product Launch,487530,2026-06-16,2026-06-30,Paused
3321,Versatile high-level implementation,5,Brand Awareness,451420,2025-04-10,2025-11-23,Active
3322,Digitized composite model,3,Lead Generation,199157,2025-11-28,2026-10-06,Active
3323,Enhanced next generation approach,5,Remarketing,326536,2025-01-20,2025-10-01,Paused
3324,Optional national archive,3,Brand Awareness,184592,2025-10-25,2026-01-12,Paused
3325,Upgradable reciprocal migration,3,Brand Awareness,181902,2024-10-30,2024-12-22,Active
3326,Multi-channeled even-keeled policy,3,Remarketing,108187,2025-03-02,2026-03-26,Active
3327,Extended heuristic complexity,5,Sales,344442,2025-11-12,2026-07-28,Paused
3328,Organic needs-based focus group,5,Brand Awareness,348968,2024-09-20,2025-01-15,Active
3329,Future-proofed methodical leverage,1,Product Launch,285153,2025-03-20,2025-11-14,Active
3330,Networked systemic encoding,3,Lead Generation,467188,2026-03-22,2026-03-27,Completed
3331,Streamlined empowering concept,1,Product Launch,121774,2025-01-05,2025-09-24,Paused
3332,Quality-focused high-level algorithm,3,Lead Generation,327699,2025-04-08,2026-08-22,Active
3333,Right-sized client-driven flexibility,4,Brand Awareness,320918,2025-12-16,2026-06-23,Completed
3334,Distributed stable approach,4,Product Launch,385979,2025-08-11,2026-06-05,Active
3335,Inverse system-worthy paradigm,5,Brand Awareness,377341,2025-05-18,2026-04-06,Completed
3336,Compatible discrete standardization,1,Remarketing,269124,2025-03-24,2026-10-07,Paused
3337,Public-key multimedia help-desk,4,Lead Generation,162854,2024-07-26,2026-01-25,Active
3338,Pre-emptive needs-based focus group,5,Product Launch,444275,2024-10-07,2026-08-14,Completed
3339,Right-sized asymmetric collaboration,3,Product Launch,36484,2025-02-05,2025-04-16,Paused
3340,Polarized bifurcated moratorium,5,Remarketing,214495,2024-11-29,2026-05-11,Paused
3341,Reverse-engineered contextually-based application,1,Sales,435420,2024-09-11,2026-07-10,Completed
3342,Synergized scalable flexibility,4,Sales,80692,2025-07-19,2026-07-28,Paused
3343,Cross-group contextually-based encryption,1,Remarketing,189208,2026-06-30,2026-10-09,Active
3344,Stand-alone explicit knowledge user,1,Brand Awareness,173634,2026-01-09,2026-09-02,Paused
3345,Reverse-engineered coherent paradigm,3,Remarketing,255097,2025-01-12,2025-03-11,Active
3346,Innovative bottom-line protocol,1,Product Launch,396798,2024-10-28,2026-08-18,Active
3347,Expanded heuristic archive,2,Sales,126913,2026-04-21,2026-05-23,Completed
3348,Networked web-enabled portal,2,Remarketing,436260,2025-12-31,2026-05-28,Completed
3349,Multi-layered stable emulation,3,Sales,62250,2026-06-24,2026-08-20,Active
3350,Phased full-range projection,4,Remarketing,160127,2024-12-29,2025-06-12,Active
3351,Open-architected neutral interface,1,Lead Generation,99012,2026-04-01,2026-10-08,Completed
3352,Re-contextualized cohesive website,5,Lead Generation,475429,2024-11-11,2024-11-15,Completed
3353,Enhanced maximized standardization,4,Brand Awareness,328764,2026-05-15,2026-06-25,Completed
3354,Seamless uniform model,5,Product Launch,471565,2026-01-17,2026-08-31,Completed
3355,Virtual high-level productivity,4,Remarketing,184728,2025-09-04,2026-08-30,Active
3356,Secured object-oriented initiative,5,Brand Awareness,115355,2025-12-04,2026-02-17,Active
3357,Function-based uniform strategy,4,Remarketing,87202,2024-09-09,2024-12-16,Paused
3358,Intuitive neutral projection,3,Lead Generation,59775,2025-08-27,2026-08-02,Completed
3359,Reverse-engineered non-volatile throughput,2,Brand Awareness,49082,2024-07-22,2025-10-21,Paused
3360,Extended neutral middleware,5,Product Launch,277479,2026-03-04,2026-09-17,Completed
3361,Reverse-engineered foreground structure,2,Remarketing,233082,2026-01-30,2026-04-11,Paused
3362,Reverse-engineered homogeneous instruction set,1,Remarketing,263688,2025-05-10,2025-07-05,Completed
3363,Versatile composite protocol,2,Sales,374529,2025-08-12,2025-12-11,Active
3364,Digitized well-modulated hub,2,Remarketing,238443,2025-02-09,2026-08-12,Active
3365,Multi-channeled secondary toolset,5,Lead Generation,395240,2024-08-29,2025-03-23,Completed
3366,Synergistic object-oriented alliance,2,Sales,343176,2025-09-13,2026-01-27,Active
3367,Re-contextualized multi-tasking challenge,3,Brand Awareness,254320,2025-04-12,2026-08-06,Completed
3368,Face-to-face logistical knowledgebase,5,Product Launch,100548,2025-09-12,2026-01-05,Paused
3369,Integrated grid-enabled forecast,3,Sales,491307,2026-05-03,2026-08-10,Paused
3370,Operative directional website,5,Lead Generation,69410,2026-07-11,2026-08-31,Active
3371,Triple-buffered maximized circuit,4,Remarketing,483245,2024-08-12,2025-04-19,Active
3372,Vision-oriented fresh-thinking function,5,Remarketing,472158,2024-12-31,2025-09-20,Active
3373,Cross-group mission-critical artificial intelligence,3,Sales,259086,2025-09-24,2025-10-03,Paused
3374,Persistent 6thgeneration ability,2,Sales,465294,2025-04-07,2025-06-03,Active
3375,Fully-configurable incremental customer loyalty,4,Lead Generation,254093,2025-06-10,2025-08-17,Paused
3376,Profound empowering support,1,Brand Awareness,249075,2025-07-10,2026-09-11,Paused
3377,Front-line intangible matrix,5,Remarketing,76310,2026-01-21,2026-04-23,Completed
3378,Multi-tiered 24hour collaboration,1,Lead Generation,397498,2024-10-02,2025-10-05,Completed
3379,Integrated uniform software,1,Brand Awareness,358700,2025-04-29,2025-08-14,Paused
3380,Switchable didactic budgetary management,5,Brand Awareness,125734,2025-05-30,2026-01-14,Completed
3381,Re-engineered reciprocal system engine,5,Sales,171555,2025-04-14,2026-04-20,Completed
3382,Focused background help-desk,5,Lead Generation,297200,2025-10-07,2025-10-24,Completed
3383,Front-line grid-enabled circuit,2,Product Launch,299971,2025-03-11,2026-09-02,Paused
3384,Cross-group asynchronous framework,3,Remarketing,173765,2025-07-20,2025-12-21,Completed
3385,Open-architected actuating adapter,3,Sales,406890,2025-12-25,2026-03-22,Completed
3386,Fundamental actuating core,4,Sales,255943,2026-05-14,2026-07-09,Active
3387,Self-enabling coherent concept,2,Product Launch,191268,2026-01-01,2026-10-07,Completed
3388,Proactive bi-directional concept,2,Brand Awareness,483962,2026-03-12,2026-09-22,Paused
3389,Operative clear-thinking portal,5,Remarketing,108525,2025-06-17,2026-04-08,Completed
3390,Face-to-face bandwidth-monitored attitude,5,Sales,380762,2025-11-07,2026-04-18,Active
3391,Assimilated multimedia contingency,3,Remarketing,156752,2025-01-02,2025-04-27,Paused
3392,Persevering responsive orchestration,5,Lead Generation,289190,2026-06-08,2026-09-06,Completed
3393,Ameliorated value-added attitude,2,Lead Generation,451499,2024-09-01,2025-01-13,Completed
3394,Balanced multi-state ability,5,Sales,34704,2026-05-27,2026-07-15,Paused
3395,Exclusive intermediate functionalities,2,Sales,391721,2024-11-30,2025-11-25,Paused
3396,Future-proofed object-oriented time-frame,2,Lead Generation,220409,2026-07-15,2026-08-07,Completed
3397,Digitized client-server service-desk,5,Product Launch,79988,2025-06-08,2026-09-11,Active
3398,Distributed attitude-oriented toolset,1,Lead Generation,32841,2026-04-17,2026-05-21,Paused
3399,Organized grid-enabled synergy,2,Product Launch,165509,2025-10-11,2026-08-17,Active
3400,Stand-alone next generation conglomeration,3,Product Launch,396255,2026-03-26,2026-07-16,Active
3401,Networked exuding customer loyalty,1,Lead Generation,477743,2025-12-15,2026-08-19,Active
3402,Secured secondary pricing structure,1,Sales,459981,2025-04-11,2025-11-11,Completed
3403,Open-architected attitude-oriented functionalities,2,Product Launch,245200,2025-04-14,2025-07-12,Paused
3404,Profound zero tolerance architecture,3,Sales,436734,2025-12-30,2026-10-14,Paused
3405,Optimized actuating intranet,5,Remarketing,174413,2024-11-09,2026-09-07,Completed
3406,Enterprise-wide exuding orchestration,3,Product Launch,362343,2026-01-26,2026-03-05,Paused
3407,Balanced interactive productivity,3,Brand Awareness,123513,2025-10-30,2026-02-17,Completed
3408,Synergistic secondary installation,4,Product Launch,32274,2024-10-07,2026-06-20,Active
3409,Persevering asynchronous secured line,2,Product Launch,366678,2025-12-13,2026-06-13,Completed
3410,Multi-lateral next generation architecture,1,Product Launch,300489,2025-06-04,2026-01-31,Active
3411,Synergistic multi-state hardware,1,Product Launch,349124,2026-03-07,2026-08-06,Active
3412,Integrated 4thgeneration architecture,2,Remarketing,283947,2026-04-28,2026-07-29,Completed
3413,Advanced asymmetric open architecture,3,Remarketing,488080,2026-01-03,2026-02-28,Completed
3414,Business-focused modular process improvement,3,Product Launch,48067,2024-09-17,2024-10-12,Completed
3415,Self-enabling clear-thinking algorithm,3,Lead Generation,344877,2024-09-09,2025-12-30,Paused
3416,Digitized optimizing hierarchy,5,Product Launch,246359,2024-12-26,2025-03-02,Active
3417,Universal scalable encoding,4,Product Launch,289139,2024-11-03,2026-05-16,Completed
3418,Innovative fault-tolerant process improvement,2,Brand Awareness,87569,2025-11-22,2026-06-09,Paused
3419,Robust homogeneous array,2,Remarketing,275207,2024-10-22,2026-05-24,Paused
3420,Public-key solution-oriented implementation,2,Lead Generation,412042,2025-02-28,2025-05-20,Paused
3421,Operative tertiary capability,3,Sales,159758,2024-08-02,2026-06-16,Active
3422,Monitored static policy,1,Lead Generation,142097,2025-01-12,2025-08-02,Active
3423,Ergonomic 24hour website,4,Sales,55469,2025-05-05,2026-09-08,Completed
3424,Proactive real-time approach,5,Remarketing,178256,2024-11-11,2024-11-20,Completed
3425,Decentralized mission-critical parallelism,4,Sales,10289,2025-11-22,2026-06-29,Active
3426,Networked bi-directional emulation,5,Lead Generation,382998,2026-07-10,2026-08-03,Paused
3427,Team-oriented systemic complexity,2,Sales,457921,2025-01-31,2025-05-03,Completed
3428,Universal asymmetric open architecture,4,Remarketing,49931,2025-07-31,2026-10-05,Active
3429,Intuitive bottom-line infrastructure,1,Product Launch,171222,2024-09-01,2025-11-21,Active
3430,Distributed holistic projection,1,Brand Awareness,312517,2025-03-22,2025-05-11,Paused
3431,Persistent optimal contingency,3,Remarketing,342495,2026-03-04,2026-08-05,Completed
3432,User-friendly analyzing data-warehouse,2,Sales,173678,2024-12-06,2025-04-17,Paused
3433,Managed scalable hardware,4,Product Launch,443720,2025-01-05,2026-03-12,Active
3434,Synergized reciprocal framework,1,Lead Generation,420187,2026-06-04,2026-07-02,Active
3435,Cross-group attitude-oriented circuit,2,Lead Generation,461089,2026-05-16,2026-08-17,Paused
3436,Extended discrete open architecture,3,Lead Generation,237522,2025-02-09,2025-08-24,Paused
3437,Front-line discrete standardization,2,Product Launch,148443,2024-10-31,2026-09-17,Completed
3438,Front-line interactive challenge,2,Lead Generation,498453,2026-06-18,2026-10-02,Paused
3439,Multi-lateral 5thgeneration instruction set,3,Product Launch,155296,2025-07-16,2026-02-23,Paused
3440,Re-contextualized clear-thinking intranet,5,Lead Generation,486635,2025-03-09,2025-03-24,Paused
3441,Polarized 24hour framework,1,Remarketing,140160,2026-06-18,2026-09-29,Paused
3442,Cloned leadingedge hub,4,Lead Generation,284763,2025-10-27,2026-10-04,Completed
3443,Persevering even-keeled contingency,2,Remarketing,202036,2025-10-31,2026-08-17,Active
3444,Front-line encompassing solution,3,Remarketing,71852,2024-09-15,2024-10-04,Active
3445,Stand-alone explicit structure,4,Remarketing,71265,2025-03-23,2026-06-29,Completed
3446,Customizable impactful flexibility,5,Sales,171169,2025-11-11,2026-04-22,Active
3447,Digitized multi-tasking solution,5,Product Launch,387568,2025-03-05,2025-10-30,Active
3448,Monitored neutral service-desk,5,Remarketing,324031,2026-01-27,2026-04-25,Completed
3449,Multi-tiered fault-tolerant access,4,Product Launch,351617,2026-06-12,2026-07-09,Completed
3450,Adaptive optimizing architecture,1,Product Launch,117656,2026-04-04,2026-09-10,Active
3451,Grass-roots eco-centric Local Area Network,5,Brand Awareness,341693,2024-09-14,2025-07-30,Completed
3452,Persevering maximized secured line,3,Sales,252509,2026-02-05,2026-05-09,Active
3453,Integrated leadingedge contingency,1,Lead Generation,391504,2026-04-02,2026-10-09,Active
3454,Seamless mobile knowledgebase,2,Brand Awareness,490172,2025-09-21,2026-04-18,Active
3455,Universal systemic neural-net,2,Remarketing,387128,2024-11-21,2025-08-04,Active
3456,Enhanced multi-tasking middleware,3,Remarketing,188729,2026-06-28,2026-07-19,Active
3457,Innovative empowering data-warehouse,3,Product Launch,268481,2024-12-22,2026-05-02,Completed
3458,Compatible exuding throughput,4,Lead Generation,413609,2026-01-18,2026-05-08,Completed
3459,Cross-platform executive open architecture,1,Sales,34549,2025-08-14,2026-01-26,Completed
3460,Open-architected analyzing workforce,4,Brand Awareness,481265,2026-06-26,2026-08-01,Active
3461,Customizable hybrid hub,4,Sales,499490,2026-03-22,2026-05-17,Completed
3462,Reverse-engineered modular project,5,Brand Awareness,381052,2025-12-30,2026-06-02,Paused
3463,Quality-focused regional hierarchy,4,Remarketing,480010,2025-06-12,2026-03-22,Active
3464,Phased leadingedge strategy,4,Sales,148439,2025-05-16,2026-04-28,Completed
3465,Progressive optimizing extranet,3,Sales,207827,2026-02-07,2026-05-04,Completed
3466,Persevering 5thgeneration open architecture,2,Lead Generation,50165,2024-08-01,2025-06-15,Active
3467,Compatible bi-directional frame,2,Brand Awareness,99532,2025-10-27,2026-07-12,Completed
3468,Function-based upward-trending attitude,3,Sales,330199,2024-08-18,2026-08-15,Active
3469,Expanded grid-enabled standardization,5,Sales,28871,2026-03-01,2026-09-01,Paused
3470,Synergistic dedicated analyzer,3,Product Launch,360710,2024-11-23,2026-07-06,Paused
3471,De-engineered high-level contingency,4,Brand Awareness,179295,2025-11-03,2025-12-06,Paused
3472,Multi-lateral real-time extranet,3,Sales,68337,2024-09-23,2025-01-14,Paused
3473,Ergonomic maximized forecast,5,Product Launch,327327,2026-06-15,2026-08-04,Completed
3474,Cloned radical hub,1,Remarketing,468973,2024-07-23,2025-05-15,Completed
3475,Decentralized transitional productivity,1,Remarketing,310548,2025-08-31,2026-08-17,Completed
3476,Fully-configurable heuristic portal,5,Remarketing,396891,2024-09-23,2025-08-30,Completed
3477,Object-based eco-centric capacity,4,Sales,46439,2024-10-14,2025-11-18,Active
3478,Vision-oriented national service-desk,4,Lead Generation,193116,2026-01-06,2026-08-22,Completed
3479,Focused disintermediate paradigm,5,Sales,477074,2024-08-17,2025-05-03,Completed
3480,Proactive content-based collaboration,4,Product Launch,311371,2024-07-24,2026-03-08,Paused
3481,Assimilated secondary initiative,1,Product Launch,226616,2025-07-31,2026-07-18,Completed
3482,Expanded clear-thinking middleware,5,Product Launch,436196,2025-08-07,2026-01-08,Completed
3483,Profound multimedia product,3,Sales,496406,2025-09-02,2026-06-01,Paused
3484,Customizable clear-thinking portal,4,Sales,448836,2025-10-24,2026-10-14,Paused
3485,Quality-focused optimal core,3,Product Launch,475538,2025-03-18,2026-03-03,Active
3486,Versatile interactive groupware,4,Product Launch,191849,2026-04-24,2026-05-11,Active
3487,Multi-tiered 3rdgeneration success,2,Lead Generation,465574,2025-12-09,2026-07-04,Paused
3488,Synchronized 3rdgeneration interface,3,Remarketing,12501,2025-03-11,2026-06-27,Completed
3489,Open-source fresh-thinking service-desk,5,Brand Awareness,361313,2024-11-06,2025-08-29,Paused
3490,Stand-alone responsive alliance,1,Remarketing,186393,2025-11-28,2026-05-25,Completed
3491,Customer-focused coherent process improvement,3,Product Launch,199222,2025-11-29,2026-01-16,Paused
3492,Reverse-engineered zero-defect system engine,5,Sales,131529,2026-06-01,2026-08-20,Completed
3493,Total zero tolerance moderator,2,Lead Generation,373029,2025-12-10,2026-07-12,Paused
3494,Public-key zero administration moratorium,4,Remarketing,52617,2025-06-24,2026-04-07,Active
3495,Proactive intangible capacity,5,Lead Generation,266644,2025-09-20,2025-12-12,Completed
3496,Streamlined optimal hub,3,Lead Generation,81495,2025-03-02,2025-06-09,Completed
3497,Profit-focused web-enabled attitude,2,Brand Awareness,323080,2026-02-04,2026-06-03,Paused
3498,Implemented heuristic paradigm,5,Sales,318999,2025-01-11,2026-02-14,Completed
3499,Synergized upward-trending migration,1,Brand Awareness,100491,2025-01-10,2025-09-02,Paused
3500,Customizable user-facing infrastructure,3,Remarketing,315119,2025-12-22,2026-04-02,Paused
3501,Focused bifurcated migration,1,Product Launch,60447,2024-12-15,2025-10-08,Paused
3502,Face-to-face empowering methodology,3,Brand Awareness,342830,2026-07-09,2026-08-07,Active
3503,Enterprise-wide reciprocal firmware,3,Product Launch,50466,2026-02-09,2026-02-21,Completed
3504,Mandatory non-volatile complexity,2,Product Launch,339716,2025-03-08,2026-01-30,Paused
3505,Multi-layered encompassing analyzer,5,Remarketing,261073,2025-09-26,2026-07-12,Active
3506,Organized maximized extranet,5,Lead Generation,33970,2025-01-22,2025-09-09,Completed
3507,Decentralized even-keeled artificial intelligence,5,Sales,79948,2025-06-09,2026-07-21,Active
3508,Customizable real-time collaboration,2,Product Launch,435172,2025-10-16,2026-07-19,Paused
3509,Expanded demand-driven definition,1,Remarketing,239290,2025-05-03,2026-09-10,Paused
3510,Integrated methodical pricing structure,1,Remarketing,237357,2026-02-06,2026-09-22,Active
3511,Synchronized directional knowledgebase,1,Brand Awareness,282392,2025-02-17,2026-10-06,Paused
3512,Synergized dedicated project,1,Lead Generation,443421,2025-12-24,2026-08-01,Active
3513,Synergistic 6thgeneration parallelism,2,Sales,114153,2024-08-23,2026-06-16,Paused
3514,Function-based intermediate benchmark,2,Lead Generation,237707,2025-12-31,2026-03-15,Active
3515,Seamless 5thgeneration parallelism,1,Product Launch,149515,2026-02-11,2026-05-04,Completed
3516,Reactive logistical instruction set,3,Remarketing,465821,2026-05-14,2026-07-05,Completed
3517,Devolved explicit collaboration,1,Product Launch,98744,2024-11-28,2026-01-31,Active
3518,Triple-buffered client-driven structure,1,Lead Generation,438769,2025-08-31,2026-01-28,Active
3519,Versatile system-worthy focus group,5,Brand Awareness,473985,2026-06-23,2026-07-06,Completed
3520,Synchronized analyzing middleware,5,Product Launch,349641,2024-12-06,2026-03-06,Completed
3521,Centralized foreground project,5,Remarketing,389644,2025-04-10,2026-06-24,Completed
3522,Team-oriented foreground initiative,4,Product Launch,357213,2026-01-11,2026-03-01,Paused
3523,Managed optimizing protocol,5,Sales,250410,2024-10-26,2024-12-15,Completed
3524,Operative contextually-based model,5,Product Launch,153127,2025-05-01,2025-06-29,Paused
3525,Vision-oriented stable core,4,Sales,253504,2024-11-25,2025-06-03,Active
3526,Visionary context-sensitive capacity,1,Brand Awareness,91617,2025-09-22,2025-10-28,Completed
3527,Optimized reciprocal database,3,Sales,208836,2026-05-01,2026-07-27,Active
3528,Upgradable eco-centric open architecture,5,Lead Generation,432854,2026-07-04,2026-08-22,Completed
3529,Customer-focused background access,5,Remarketing,265774,2025-06-20,2025-11-09,Active
3530,User-centric cohesive array,2,Lead Generation,87630,2025-10-22,2026-05-29,Paused
3531,Pre-emptive hybrid throughput,2,Product Launch,193841,2025-11-26,2026-08-20,Active
3532,Profound demand-driven benchmark,5,Product Launch,487829,2024-09-15,2026-04-07,Paused
3533,Progressive full-range alliance,3,Lead Generation,365933,2024-11-04,2026-07-05,Active
3534,Enterprise-wide demand-driven hierarchy,2,Brand Awareness,11854,2024-08-10,2024-10-20,Completed
3535,Monitored empowering info-mediaries,2,Brand Awareness,430231,2025-03-19,2025-07-07,Active
3536,Secured impactful definition,1,Sales,21605,2024-09-07,2025-11-22,Active
3537,Reactive secondary moderator,5,Sales,269152,2026-03-19,2026-07-22,Paused
3538,Open-architected impactful paradigm,1,Brand Awareness,69508,2026-01-04,2026-05-27,Active
3539,Cloned national moratorium,4,Product Launch,342077,2026-05-27,2026-07-12,Active
3540,Cross-platform 6thgeneration firmware,4,Product Launch,247770,2026-05-02,2026-06-19,Active
3541,Synergized static frame,4,Product Launch,483851,2025-05-16,2026-03-16,Paused
3542,Switchable multi-tasking database,1,Product Launch,327885,2026-01-01,2026-01-29,Completed
3543,Public-key intermediate website,4,Lead Generation,146144,2026-02-19,2026-05-18,Completed
3544,Re-contextualized impactful pricing structure,4,Brand Awareness,348085,2026-01-31,2026-09-19,Paused
3545,Automated 6thgeneration extranet,5,Remarketing,138739,2026-02-03,2026-05-04,Paused
3546,Reduced maximized archive,3,Brand Awareness,158427,2024-12-16,2025-03-05,Completed
3547,Ameliorated contextually-based knowledge user,4,Sales,213146,2026-03-26,2026-06-18,Paused
3548,Multi-channeled encompassing attitude,5,Product Launch,60078,2025-01-27,2026-09-21,Paused
3549,Implemented clear-thinking extranet,4,Product Launch,443747,2025-07-14,2026-10-08,Active
3550,Cloned holistic system engine,3,Product Launch,27142,2026-05-11,2026-08-20,Active
3551,Polarized exuding parallelism,5,Brand Awareness,214413,2026-02-18,2026-09-14,Completed
3552,Virtual homogeneous challenge,5,Lead Generation,238672,2025-03-26,2025-04-06,Paused
3553,Compatible disintermediate open architecture,4,Sales,357537,2026-01-19,2026-08-13,Paused
3554,Object-based web-enabled complexity,3,Sales,214680,2026-06-28,2026-10-04,Paused
3555,Object-based global projection,2,Product Launch,64407,2024-12-03,2025-03-14,Paused
3556,Managed mobile alliance,3,Remarketing,306288,2024-10-12,2026-02-10,Completed
3557,Operative disintermediate contingency,1,Product Launch,486284,2025-12-18,2026-01-15,Completed
3558,Horizontal well-modulated application,2,Product Launch,283780,2026-05-29,2026-10-05,Paused
3559,Mandatory empowering open system,4,Brand Awareness,368706,2025-06-27,2026-10-11,Completed
3560,Re-contextualized dedicated capability,1,Remarketing,258101,2024-08-11,2025-06-10,Paused
3561,Multi-lateral next generation monitoring,1,Brand Awareness,23314,2024-11-23,2026-04-06,Paused
3562,Switchable mobile analyzer,3,Brand Awareness,434359,2025-01-24,2026-07-21,Paused
3563,Virtual uniform matrices,4,Brand Awareness,257902,2025-05-02,2025-12-16,Paused
3564,Persistent heuristic customer loyalty,3,Brand Awareness,320043,2024-12-01,2025-08-14,Paused
3565,Organized interactive open system,5,Lead Generation,452654,2025-09-27,2026-03-11,Active
3566,De-engineered transitional alliance,3,Sales,171157,2025-05-29,2026-09-21,Completed
3567,Digitized heuristic matrix,3,Brand Awareness,339848,2026-07-09,2026-09-11,Completed
3568,Multi-tiered holistic migration,2,Remarketing,102558,2026-02-01,2026-10-04,Paused
3569,Team-oriented tertiary methodology,4,Remarketing,227175,2026-05-04,2026-09-27,Completed
3570,Synergized didactic product,3,Remarketing,423745,2024-07-29,2025-04-12,Active
3571,Persevering intangible hardware,4,Product Launch,364867,2025-12-12,2026-05-07,Paused
3572,Synergized modular functionalities,5,Sales,116917,2026-01-27,2026-02-07,Active
3573,Organized regional solution,5,Brand Awareness,482335,2024-12-29,2025-05-11,Paused
3574,Fundamental hybrid product,2,Product Launch,200403,2026-02-12,2026-07-23,Completed
3575,Decentralized discrete definition,2,Remarketing,23288,2024-09-26,2025-10-27,Completed
3576,Right-sized intangible synergy,2,Brand Awareness,356684,2025-09-30,2026-09-24,Active
3577,Multi-channeled analyzing portal,3,Sales,426315,2025-01-18,2026-09-02,Completed
3578,Pre-emptive composite hierarchy,5,Product Launch,491229,2025-09-27,2026-07-21,Completed
3579,Persistent intermediate challenge,4,Product Launch,170623,2024-08-07,2024-11-21,Completed
3580,Implemented grid-enabled matrices,1,Sales,320732,2025-06-26,2026-08-13,Paused
3581,Devolved tertiary hardware,1,Brand Awareness,423223,2024-09-09,2026-06-06,Paused
3582,Intuitive bi-directional definition,2,Sales,369130,2025-05-16,2026-07-23,Paused
3583,Customizable scalable capacity,1,Brand Awareness,376986,2025-05-13,2026-06-15,Completed
3584,Networked multi-tasking project,2,Brand Awareness,190881,2025-05-31,2026-08-27,Paused
3585,Universal mission-critical leverage,3,Brand Awareness,14886,2025-12-20,2026-03-20,Completed
3586,Business-focused bifurcated hierarchy,4,Brand Awareness,486844,2025-04-07,2026-08-23,Completed
3587,Cross-group logistical superstructure,3,Lead Generation,28273,2026-05-21,2026-06-18,Active
3588,Realigned zero tolerance attitude,1,Sales,256544,2025-02-14,2026-06-04,Paused
3589,Streamlined scalable protocol,5,Brand Awareness,347444,2025-02-10,2026-07-06,Completed
3590,Universal real-time encoding,5,Remarketing,260117,2024-12-27,2025-08-18,Active
3591,Secured homogeneous database,2,Remarketing,266414,2024-07-17,2026-03-24,Completed
3592,Visionary 3rdgeneration budgetary management,4,Remarketing,66305,2025-08-08,2025-12-29,Active
3593,Quality-focused interactive ability,1,Product Launch,17482,2025-10-13,2026-03-18,Completed
3594,Front-line intangible function,1,Sales,127714,2025-06-05,2025-10-09,Active
3595,Cloned encompassing instruction set,5,Product Launch,183422,2026-01-12,2026-08-16,Paused
3596,Programmable client-driven help-desk,1,Sales,83224,2025-09-14,2026-02-11,Active
3597,Vision-oriented secondary concept,4,Brand Awareness,280689,2026-02-10,2026-06-11,Active
3598,Progressive upward-trending concept,4,Sales,261891,2025-05-21,2025-12-15,Completed
3599,Compatible national open architecture,3,Sales,147053,2025-03-26,2025-12-23,Completed
3600,Object-based national standardization,2,Brand Awareness,457195,2025-03-12,2026-01-22,Completed
3601,Customizable contextually-based extranet,1,Lead Generation,227428,2024-10-22,2025-09-22,Completed
3602,Assimilated leadingedge projection,5,Product Launch,411698,2025-12-10,2026-08-28,Completed
3603,Networked multimedia process improvement,1,Sales,240987,2024-10-30,2026-06-01,Paused
3604,Multi-layered incremental methodology,1,Product Launch,229256,2025-12-27,2026-05-14,Completed
3605,Horizontal multi-state standardization,3,Lead Generation,294477,2025-08-30,2025-10-31,Paused
3606,Advanced discrete data-warehouse,3,Brand Awareness,429660,2025-04-06,2026-05-02,Active
3607,Polarized object-oriented application,2,Remarketing,136858,2025-03-14,2026-03-04,Paused
3608,Operative zero administration paradigm,4,Product Launch,200755,2025-01-28,2025-11-04,Completed
3609,Operative human-resource solution,4,Lead Generation,253400,2025-01-09,2026-10-06,Paused
3610,Stand-alone zero administration structure,4,Lead Generation,481345,2025-10-12,2026-03-12,Completed
3611,Front-line asynchronous throughput,3,Brand Awareness,371675,2024-12-20,2026-03-07,Completed
3612,Stand-alone foreground application,1,Remarketing,404123,2024-10-19,2026-08-30,Paused
3613,Visionary coherent methodology,5,Product Launch,469201,2026-02-18,2026-05-04,Active
3614,De-engineered regional capability,2,Sales,384855,2024-12-12,2025-10-29,Active
3615,Multi-layered client-server customer loyalty,5,Remarketing,188037,2025-04-24,2026-03-16,Paused
3616,Secured mission-critical strategy,2,Lead Generation,137122,2026-04-01,2026-10-12,Paused
3617,Inverse background standardization,1,Brand Awareness,380609,2024-09-07,2025-08-23,Completed
3618,Synergistic 3rdgeneration hub,2,Lead Generation,483624,2025-07-21,2026-09-14,Completed
3619,Enterprise-wide global service-desk,4,Product Launch,227741,2026-07-05,2026-08-14,Paused
3620,Devolved optimal firmware,4,Brand Awareness,357712,2026-01-06,2026-05-23,Active
3621,Programmable intermediate standardization,5,Remarketing,476363,2025-12-25,2026-07-06,Active
3622,Managed bifurcated moratorium,3,Sales,128125,2024-07-28,2026-02-28,Paused
3623,Streamlined bifurcated middleware,5,Product Launch,234081,2025-03-06,2026-03-23,Completed
3624,Digitized needs-based project,2,Sales,451741,2026-06-22,2026-08-13,Paused
3625,Customer-focused attitude-oriented encoding,4,Lead Generation,235954,2026-01-14,2026-02-09,Paused
3626,Integrated asynchronous collaboration,1,Remarketing,65918,2025-08-17,2026-02-24,Paused
3627,Realigned maximized process improvement,5,Lead Generation,49861,2025-01-24,2026-03-27,Completed
3628,Seamless 5thgeneration help-desk,2,Lead Generation,400965,2026-01-26,2026-10-01,Completed
3629,Expanded directional project,4,Lead Generation,416733,2025-12-06,2026-02-09,Completed
3630,Fully-configurable analyzing website,4,Sales,127295,2026-03-17,2026-06-19,Completed
3631,Vision-oriented clear-thinking structure,3,Remarketing,101781,2025-07-16,2025-12-22,Completed
3632,Universal didactic budgetary management,3,Product Launch,389484,2026-03-13,2026-07-13,Paused
3633,Adaptive neutral array,5,Sales,147754,2026-05-03,2026-07-07,Completed
3634,Advanced empowering circuit,4,Sales,196415,2026-03-18,2026-08-25,Completed
3635,Compatible hybrid workforce,2,Lead Generation,33064,2024-12-11,2025-10-04,Active
3636,Organic 24/7 alliance,4,Sales,158198,2026-02-01,2026-03-19,Active
3637,Implemented fault-tolerant array,3,Remarketing,40210,2026-04-11,2026-08-23,Completed
3638,Public-key explicit monitoring,4,Product Launch,468257,2026-03-12,2026-08-02,Completed
3639,Compatible intermediate customer loyalty,1,Brand Awareness,445687,2025-01-28,2025-11-12,Completed
3640,Polarized web-enabled moderator,2,Brand Awareness,12317,2025-08-31,2025-11-26,Completed
3641,Customizable zero tolerance paradigm,2,Brand Awareness,197599,2025-09-29,2026-02-12,Active
3642,Multi-tiered 6thgeneration framework,3,Sales,371687,2025-04-10,2025-05-25,Active
3643,Profit-focused disintermediate service-desk,1,Product Launch,478435,2025-07-20,2026-02-20,Completed
3644,Down-sized client-driven core,4,Product Launch,277892,2026-01-16,2026-01-19,Completed
3645,Reverse-engineered value-added matrix,5,Product Launch,29136,2025-01-05,2025-01-22,Paused
3646,Down-sized dedicated knowledge user,3,Product Launch,135955,2026-06-22,2026-09-05,Paused
3647,Customizable holistic orchestration,1,Brand Awareness,165864,2024-10-07,2026-09-25,Completed
3648,Automated zero-defect algorithm,4,Sales,228974,2024-09-28,2025-06-26,Paused
3649,Public-key 4thgeneration knowledgebase,2,Product Launch,15458,2025-11-24,2026-03-10,Active
3650,Customizable empowering utilization,3,Product Launch,252643,2025-02-27,2026-01-26,Active
3651,Decentralized uniform help-desk,4,Lead Generation,411897,2026-01-29,2026-08-08,Completed
3652,Multi-layered empowering portal,5,Remarketing,197268,2025-09-12,2026-01-11,Paused
3653,Down-sized object-oriented intranet,2,Brand Awareness,144374,2025-09-12,2026-02-05,Active
3654,Face-to-face modular open system,2,Remarketing,149378,2025-01-21,2025-09-13,Active
3655,Operative web-enabled moratorium,4,Product Launch,491888,2024-11-13,2026-06-20,Active
3656,Integrated 24hour collaboration,3,Brand Awareness,476518,2025-03-23,2026-09-15,Active
3657,Business-focused leadingedge installation,3,Remarketing,487164,2024-10-16,2026-03-22,Completed
3658,Implemented system-worthy leverage,2,Brand Awareness,428885,2026-05-23,2026-06-10,Completed
3659,Pre-emptive attitude-oriented interface,2,Remarketing,321824,2026-02-02,2026-06-03,Paused
3660,Intuitive incremental conglomeration,4,Remarketing,436152,2025-04-02,2025-11-24,Completed
3661,User-friendly global help-desk,4,Brand Awareness,66733,2025-12-12,2026-04-04,Paused
3662,User-friendly motivating utilization,3,Product Launch,418205,2025-03-24,2026-05-18,Completed
3663,User-friendly optimizing paradigm,4,Product Launch,464245,2025-08-06,2026-08-19,Active
3664,Enhanced non-volatile Internet solution,2,Lead Generation,446708,2026-06-02,2026-07-13,Completed
3665,Synergized motivating portal,2,Remarketing,160370,2025-12-08,2026-06-06,Completed
3666,Persistent homogeneous hierarchy,1,Lead Generation,370622,2025-05-01,2026-02-26,Completed
3667,Multi-tiered zero administration methodology,3,Sales,185194,2024-11-26,2026-10-04,Completed
3668,Total value-added utilization,1,Lead Generation,54750,2025-04-28,2025-07-03,Active
3669,Self-enabling next generation intranet,4,Remarketing,153899,2025-12-25,2026-08-14,Active
3670,Customer-focused coherent archive,5,Brand Awareness,246467,2025-07-29,2025-08-08,Active
3671,Enterprise-wide asynchronous standardization,3,Lead Generation,197559,2024-10-27,2026-09-24,Completed
3672,Visionary tangible Local Area Network,3,Brand Awareness,76507,2025-09-09,2026-04-15,Active
3673,Organized explicit synergy,2,Remarketing,423591,2025-05-30,2025-09-17,Active
3674,Enhanced solution-oriented installation,3,Sales,357516,2024-08-22,2024-11-13,Active
3675,Balanced optimizing focus group,4,Brand Awareness,114465,2026-05-30,2026-07-04,Paused
3676,Horizontal even-keeled circuit,4,Sales,373503,2025-03-29,2026-04-08,Active
3677,Re-engineered 4thgeneration superstructure,4,Sales,151498,2024-09-01,2025-01-29,Active
3678,Extended regional website,5,Lead Generation,305753,2025-06-03,2026-06-23,Active
3679,Upgradable bottom-line capability,3,Brand Awareness,298674,2024-09-08,2025-10-10,Paused
3680,Adaptive bottom-line process improvement,1,Product Launch,78362,2025-09-10,2026-02-21,Completed
3681,Secured multi-state extranet,5,Sales,196683,2025-07-30,2026-01-02,Paused
3682,Digitized non-volatile access,3,Remarketing,395403,2024-09-04,2024-10-15,Active
3683,Innovative background customer loyalty,1,Brand Awareness,442474,2025-07-11,2026-06-26,Completed
3684,Total optimal initiative,1,Sales,182349,2025-03-24,2025-07-13,Paused
3685,Organized human-resource archive,1,Sales,304096,2025-05-05,2026-01-23,Paused
3686,Open-architected local matrices,1,Lead Generation,481589,2024-11-07,2025-03-28,Completed
3687,Grass-roots empowering workforce,2,Brand Awareness,153889,2025-03-07,2026-08-14,Active
3688,Persevering exuding frame,3,Sales,220021,2025-05-06,2026-02-06,Completed
3689,Triple-buffered analyzing contingency,1,Brand Awareness,221303,2026-03-10,2026-07-18,Paused
3690,Organic contextually-based standardization,1,Product Launch,116479,2025-09-17,2026-06-04,Active
3691,Compatible encompassing implementation,1,Lead Generation,225237,2026-03-31,2026-06-19,Active
3692,Adaptive transitional time-frame,4,Remarketing,324667,2025-12-13,2026-03-01,Active
3693,User-centric motivating open architecture,2,Product Launch,435961,2024-12-14,2025-07-24,Paused
3694,User-centric radical encryption,4,Sales,319493,2026-01-13,2026-07-09,Completed
3695,Networked next generation complexity,5,Product Launch,313701,2024-12-04,2025-04-04,Paused
3696,Front-line solution-oriented database,4,Remarketing,476924,2026-02-11,2026-09-11,Paused
3697,Customer-focused asynchronous functionalities,5,Sales,159454,2026-03-26,2026-08-18,Completed
3698,Switchable cohesive time-frame,4,Sales,249668,2026-02-13,2026-06-01,Paused
3699,Exclusive full-range Graphic Interface,3,Lead Generation,373870,2025-01-19,2026-03-20,Completed
3700,Devolved 5thgeneration secured line,3,Product Launch,53284,2026-02-22,2026-04-20,Active
3701,Organic multimedia structure,2,Lead Generation,110617,2026-06-06,2026-08-21,Active
3702,Reactive mission-critical solution,2,Remarketing,468142,2025-09-06,2025-09-14,Active
3703,Assimilated stable open architecture,2,Sales,257554,2026-01-01,2026-08-04,Active
3704,Innovative heuristic capability,4,Remarketing,266265,2026-06-19,2026-07-28,Paused
3705,Inverse radical conglomeration,4,Brand Awareness,162441,2026-04-03,2026-09-08,Paused
3706,Function-based client-server encoding,1,Remarketing,72855,2026-06-16,2026-08-11,Paused
3707,Multi-tiered background open architecture,4,Remarketing,483381,2025-10-08,2026-05-22,Paused
3708,Vision-oriented 4thgeneration strategy,5,Sales,376335,2026-05-10,2026-06-20,Completed
3709,Progressive grid-enabled Graphic Interface,5,Sales,119892,2024-12-30,2026-06-27,Paused
3710,Right-sized dynamic matrices,1,Product Launch,211562,2025-03-08,2025-10-21,Completed
3711,Multi-channeled responsive strategy,1,Remarketing,240965,2025-05-16,2026-09-06,Completed
3712,Customizable asynchronous concept,3,Brand Awareness,249140,2026-01-16,2026-08-26,Paused
3713,Versatile multi-tasking complexity,5,Sales,324990,2026-03-09,2026-09-15,Paused
3714,Pre-emptive grid-enabled Graphical User Interface,1,Lead Generation,321261,2025-02-28,2026-02-17,Paused
3715,Centralized client-server website,4,Lead Generation,341151,2025-11-14,2026-09-07,Paused
3716,Proactive didactic array,1,Product Launch,242034,2025-01-24,2025-09-26,Paused
3717,Cross-group empowering analyzer,4,Sales,394646,2025-06-12,2026-05-05,Active
3718,Devolved impactful challenge,1,Product Launch,143973,2025-03-24,2025-12-03,Paused
3719,Decentralized coherent moratorium,5,Brand Awareness,447320,2026-05-08,2026-08-27,Completed
3720,Horizontal full-range algorithm,3,Brand Awareness,377468,2025-01-03,2026-06-23,Paused
3721,Function-based coherent website,3,Product Launch,270022,2024-10-12,2025-07-13,Completed
3722,Switchable national secured line,1,Sales,63038,2025-06-25,2025-10-06,Paused
3723,Profit-focused mission-critical hub,3,Product Launch,371593,2025-05-22,2026-08-31,Paused
3724,Right-sized optimal leverage,4,Sales,193049,2026-05-13,2026-08-22,Active
3725,Configurable even-keeled array,5,Sales,111453,2025-08-14,2026-06-19,Completed
3726,Open-architected contextually-based benchmark,3,Brand Awareness,161252,2026-05-24,2026-07-05,Paused
3727,Distributed directional frame,5,Product Launch,150662,2024-08-13,2025-09-28,Active
3728,Front-line 24/7 hierarchy,3,Remarketing,478412,2024-08-13,2024-10-10,Active
3729,Ameliorated coherent projection,2,Product Launch,342271,2025-02-24,2026-04-01,Completed
3730,Compatible regional algorithm,2,Sales,13179,2024-07-27,2026-10-13,Paused
3731,User-friendly user-facing help-desk,3,Lead Generation,343678,2026-05-30,2026-08-07,Completed
3732,User-centric local capability,4,Sales,220429,2024-11-02,2026-05-22,Paused
3733,Profound cohesive Local Area Network,3,Product Launch,490580,2026-04-29,2026-09-06,Paused
3734,Vision-oriented empowering synergy,5,Product Launch,27376,2025-09-26,2026-01-17,Active
3735,Cloned intangible matrices,4,Remarketing,187345,2025-12-06,2026-09-17,Completed
3736,Customizable contextually-based firmware,2,Remarketing,255017,2024-09-04,2025-01-01,Active
3737,Distributed foreground pricing structure,5,Brand Awareness,164378,2026-01-18,2026-05-25,Completed
3738,Visionary composite productivity,1,Lead Generation,202357,2025-01-12,2026-04-04,Completed
3739,Integrated clear-thinking help-desk,5,Product Launch,169603,2026-03-05,2026-03-17,Completed
3740,Vision-oriented zero administration info-mediaries,1,Sales,391869,2026-04-14,2026-04-26,Paused
3741,Compatible homogeneous firmware,4,Remarketing,204046,2026-06-02,2026-10-11,Paused
3742,Secured value-added open architecture,5,Sales,221662,2026-03-29,2026-08-06,Active
3743,User-friendly 24/7 software,5,Sales,220890,2025-01-15,2025-09-20,Active
3744,Optional actuating firmware,4,Lead Generation,92036,2025-07-25,2026-03-30,Paused
3745,Business-focused demand-driven strategy,3,Lead Generation,104262,2026-03-31,2026-06-19,Paused
3746,Decentralized client-server open architecture,2,Sales,139091,2025-06-02,2026-05-23,Completed
3747,Public-key didactic conglomeration,3,Brand Awareness,301544,2025-10-17,2026-07-31,Completed
3748,Fundamental responsive archive,3,Product Launch,262235,2024-09-09,2026-01-04,Completed
3749,Face-to-face disintermediate collaboration,2,Sales,427374,2025-08-08,2026-01-15,Paused
3750,Re-engineered 4thgeneration adapter,5,Remarketing,437652,2025-06-20,2026-08-14,Completed
3751,Cross-group high-level alliance,4,Lead Generation,431531,2024-12-08,2026-03-31,Paused
3752,Virtual analyzing service-desk,4,Brand Awareness,343726,2026-02-13,2026-03-13,Completed
3753,Integrated uniform methodology,5,Lead Generation,399106,2026-01-02,2026-02-04,Completed
3754,Team-oriented transitional moderator,4,Brand Awareness,418647,2025-08-07,2026-07-08,Paused
3755,Multi-channeled asynchronous throughput,3,Lead Generation,486639,2025-12-17,2026-04-28,Completed
3756,Stand-alone logistical website,5,Lead Generation,292624,2025-09-20,2026-07-15,Active
3757,Realigned next generation info-mediaries,1,Brand Awareness,244715,2025-02-02,2025-05-09,Completed
3758,Seamless empowering definition,1,Remarketing,211758,2026-05-01,2026-09-29,Active
3759,Self-enabling national time-frame,3,Sales,272967,2024-09-06,2025-05-28,Completed
3760,Re-engineered solution-oriented encryption,3,Product Launch,46299,2024-08-18,2025-08-27,Active
3761,Advanced context-sensitive implementation,3,Remarketing,234503,2025-04-12,2025-11-25,Active
3762,Horizontal multimedia project,3,Remarketing,355131,2024-12-05,2025-06-18,Paused
3763,Persistent interactive encryption,5,Brand Awareness,141135,2025-04-11,2026-01-18,Active
3764,Automated grid-enabled complexity,2,Lead Generation,469156,2025-09-02,2026-01-24,Paused
3765,Optional needs-based groupware,2,Sales,378349,2025-06-06,2026-03-17,Active
3766,Multi-tiered coherent service-desk,2,Sales,102169,2024-12-09,2025-06-05,Active
3767,Implemented multi-tasking superstructure,5,Lead Generation,295873,2025-06-01,2025-06-25,Completed
3768,Visionary web-enabled installation,3,Lead Generation,307330,2024-10-16,2026-04-09,Paused
3769,Reduced value-added database,3,Sales,213841,2026-03-19,2026-04-27,Active
3770,Enhanced motivating monitoring,4,Brand Awareness,219351,2025-05-22,2025-11-11,Paused
3771,Stand-alone multi-state groupware,4,Product Launch,290294,2025-02-06,2025-12-27,Completed
3772,Universal heuristic moratorium,4,Sales,126876,2026-05-06,2026-07-19,Paused
3773,Cross-platform responsive customer loyalty,2,Remarketing,263578,2024-09-23,2026-09-18,Paused
3774,Re-contextualized dynamic alliance,2,Lead Generation,62795,2025-12-03,2026-07-11,Active
3775,Integrated even-keeled support,1,Brand Awareness,243021,2024-12-24,2026-03-05,Completed
3776,Cross-group hybrid encoding,5,Lead Generation,437953,2025-05-05,2025-08-09,Paused
3777,Versatile global neural-net,2,Remarketing,357729,2025-10-07,2025-12-05,Paused
3778,Devolved stable website,4,Brand Awareness,85485,2025-08-26,2026-07-15,Paused
3779,Stand-alone reciprocal workforce,4,Remarketing,83418,2025-04-19,2026-04-16,Completed
3780,Profit-focused multimedia approach,3,Lead Generation,218669,2025-11-07,2026-07-25,Paused
3781,User-centric explicit open architecture,3,Brand Awareness,101840,2024-12-23,2025-05-07,Paused
3782,Inverse empowering initiative,4,Remarketing,103691,2025-12-01,2026-04-14,Active
3783,Object-based national conglomeration,5,Product Launch,234549,2024-10-04,2025-06-21,Active
3784,Streamlined eco-centric concept,3,Lead Generation,135517,2025-12-10,2026-02-28,Completed
3785,Fully-configurable reciprocal capacity,1,Lead Generation,178862,2025-01-23,2026-07-19,Completed
3786,Sharable multimedia installation,1,Remarketing,184475,2025-02-02,2025-10-22,Completed
3787,Monitored logistical middleware,1,Brand Awareness,202463,2024-10-26,2025-08-05,Active
3788,Universal optimal standardization,2,Sales,398960,2024-11-03,2026-04-15,Active
3789,Reduced multi-state application,2,Product Launch,15461,2026-02-21,2026-03-29,Active
3790,Devolved bandwidth-monitored secured line,5,Lead Generation,137256,2026-04-14,2026-04-30,Active
3791,Managed local challenge,1,Lead Generation,475611,2025-01-14,2026-05-29,Paused
3792,Cross-group intermediate help-desk,1,Lead Generation,323360,2024-12-10,2025-11-10,Paused
3793,Optional motivating open architecture,5,Product Launch,379517,2025-09-01,2026-05-19,Completed
3794,Balanced interactive alliance,5,Lead Generation,499216,2025-02-28,2025-04-24,Paused
3795,Devolved zero tolerance database,1,Lead Generation,249259,2026-01-30,2026-08-02,Paused
3796,Assimilated multi-tasking collaboration,2,Product Launch,235702,2024-09-19,2025-10-13,Paused
3797,Mandatory grid-enabled process improvement,1,Sales,219844,2025-02-03,2025-02-09,Paused
3798,Vision-oriented 4thgeneration interface,5,Product Launch,266738,2025-07-19,2025-09-08,Active
3799,Grass-roots solution-oriented alliance,5,Product Launch,401112,2025-01-01,2026-08-11,Active
3800,Polarized static info-mediaries,5,Product Launch,231413,2025-08-06,2026-01-14,Active
3801,Focused transitional artificial intelligence,2,Remarketing,197980,2026-02-09,2026-02-20,Active
3802,Diverse asymmetric knowledgebase,2,Product Launch,81347,2024-09-11,2025-02-12,Active
3803,Up-sized transitional approach,1,Remarketing,143497,2025-08-31,2026-02-26,Completed
3804,Robust uniform definition,4,Sales,433690,2024-12-14,2026-07-18,Active
3805,Face-to-face attitude-oriented circuit,3,Remarketing,393308,2025-09-22,2025-10-17,Active
3806,Adaptive user-facing paradigm,3,Brand Awareness,70101,2026-01-24,2026-09-18,Paused
3807,Object-based directional knowledge user,5,Sales,109432,2025-06-02,2026-02-18,Active
3808,Synergized homogeneous open architecture,3,Lead Generation,69046,2026-05-09,2026-07-17,Completed
3809,Ameliorated intangible infrastructure,3,Brand Awareness,259515,2025-01-16,2025-04-11,Active
3810,Balanced optimizing array,1,Product Launch,116344,2024-12-07,2026-06-07,Paused
3811,Operative responsive projection,5,Product Launch,67004,2024-11-08,2024-11-25,Completed
3812,Programmable solution-oriented circuit,1,Remarketing,69563,2025-05-23,2026-09-22,Completed
3813,User-centric 24/7 standardization,5,Product Launch,60407,2025-06-16,2026-06-22,Completed
3814,Progressive client-driven policy,2,Product Launch,268825,2025-07-17,2026-03-21,Completed
3815,Expanded contextually-based firmware,3,Remarketing,240701,2024-08-10,2024-11-13,Completed
3816,Integrated web-enabled database,5,Brand Awareness,349457,2026-02-10,2026-10-11,Paused
3817,Synergistic mission-critical product,4,Brand Awareness,138618,2025-05-09,2026-04-07,Completed
3818,Multi-tiered responsive pricing structure,3,Lead Generation,406910,2024-11-16,2025-05-04,Active
3819,Realigned maximized paradigm,2,Lead Generation,455249,2025-11-24,2026-08-28,Completed
3820,Mandatory client-driven conglomeration,5,Product Launch,160189,2024-10-14,2025-08-16,Completed
3821,Stand-alone actuating matrix,1,Brand Awareness,89928,2025-10-06,2026-09-02,Active
3822,Versatile content-based focus group,4,Product Launch,353809,2024-09-11,2025-10-03,Paused
3823,Multi-tiered homogeneous definition,3,Brand Awareness,417387,2025-03-06,2026-08-24,Paused
3824,Reduced discrete challenge,2,Product Launch,147706,2025-07-24,2025-12-02,Active
3825,Cloned attitude-oriented hierarchy,4,Brand Awareness,381354,2025-02-19,2026-09-07,Active
3826,Multi-channeled directional attitude,3,Remarketing,325066,2025-09-27,2026-06-08,Active
3827,Proactive static neural-net,1,Product Launch,452806,2025-09-10,2026-07-18,Completed
3828,Face-to-face tangible core,2,Product Launch,57178,2026-03-08,2026-03-14,Completed
3829,Networked multi-state matrix,2,Product Launch,409836,2024-09-12,2025-05-12,Active
3830,Cross-platform web-enabled encryption,3,Sales,213165,2025-07-31,2025-08-16,Paused
3831,Integrated actuating emulation,3,Remarketing,407900,2025-10-29,2025-12-24,Completed
3832,Polarized eco-centric matrices,2,Remarketing,359902,2025-07-13,2025-08-28,Active
3833,Synchronized methodical capability,1,Remarketing,11818,2026-07-13,2026-08-30,Active
3834,Future-proofed directional service-desk,5,Product Launch,120342,2024-12-18,2025-07-07,Active
3835,Customer-focused user-facing approach,2,Sales,247055,2025-01-23,2026-08-15,Active
3836,Profit-focused user-facing database,5,Lead Generation,383396,2026-03-12,2026-07-20,Completed
3837,Innovative demand-driven application,2,Lead Generation,110006,2026-02-08,2026-08-11,Active
3838,Profit-focused global open system,5,Remarketing,163387,2024-10-09,2024-11-14,Active
3839,Cross-group composite frame,1,Remarketing,145967,2026-03-22,2026-06-30,Active
3840,Networked responsive workforce,3,Remarketing,22808,2025-10-07,2026-05-03,Paused
3841,Fully-configurable asynchronous definition,2,Product Launch,104026,2026-03-25,2026-07-03,Completed
3842,Function-based multimedia encoding,5,Sales,460233,2024-11-20,2025-06-23,Active
3843,Customizable exuding strategy,1,Brand Awareness,468414,2026-05-30,2026-06-25,Completed
3844,Total real-time throughput,2,Brand Awareness,222086,2024-10-18,2026-02-20,Completed
3845,Multi-channeled fresh-thinking pricing structure,2,Brand Awareness,30686,2025-07-22,2025-08-15,Paused
3846,Persistent holistic middleware,5,Remarketing,364988,2025-02-24,2026-04-17,Paused
3847,Networked 24/7 service-desk,5,Lead Generation,262381,2025-05-18,2025-10-24,Completed
3848,Customizable incremental focus group,1,Product Launch,419245,2026-05-11,2026-08-31,Active
3849,Reverse-engineered reciprocal monitoring,4,Remarketing,280614,2026-04-25,2026-07-01,Active
3850,Streamlined even-keeled forecast,2,Remarketing,42819,2025-01-02,2026-02-15,Completed
3851,Implemented contextually-based matrices,2,Lead Generation,369745,2025-07-20,2025-12-12,Completed
3852,Re-contextualized clear-thinking utilization,3,Remarketing,257453,2024-10-02,2025-04-09,Completed
3853,Decentralized zero-defect portal,5,Brand Awareness,198763,2026-01-04,2026-05-26,Paused
3854,Cross-platform 24hour leverage,5,Sales,441533,2026-07-04,2026-08-28,Active
3855,Networked human-resource analyzer,3,Sales,435153,2026-05-29,2026-10-09,Paused
3856,Horizontal scalable archive,1,Sales,494436,2025-05-16,2026-02-16,Active
3857,Persevering clear-thinking moratorium,4,Brand Awareness,53036,2025-04-01,2026-07-18,Completed
3858,Optional exuding core,1,Remarketing,375715,2025-06-12,2026-05-02,Paused
3859,Advanced 24hour system engine,2,Product Launch,36729,2026-02-10,2026-09-30,Paused
3860,Networked zero tolerance interface,5,Remarketing,157101,2025-02-03,2026-02-18,Active
3861,Fully-configurable 6thgeneration parallelism,1,Brand Awareness,16289,2025-07-10,2026-01-13,Paused
3862,Persevering bifurcated portal,2,Brand Awareness,486885,2026-02-19,2026-05-22,Paused
3863,Devolved client-driven flexibility,1,Product Launch,463201,2025-12-20,2026-05-08,Paused
3864,Right-sized encompassing pricing structure,4,Product Launch,367284,2026-03-29,2026-04-15,Paused
3865,Self-enabling intermediate ability,2,Remarketing,181668,2025-09-02,2026-04-09,Completed
3866,Extended upward-trending knowledge user,5,Remarketing,488564,2025-11-20,2026-07-03,Completed
3867,Proactive responsive conglomeration,4,Brand Awareness,283414,2026-01-22,2026-01-22,Active
3868,Future-proofed stable initiative,4,Remarketing,178309,2025-01-09,2025-03-27,Completed
3869,Vision-oriented local hub,5,Remarketing,181163,2026-05-09,2026-05-18,Completed
3870,Mandatory didactic array,4,Brand Awareness,54041,2025-11-07,2025-11-16,Completed
3871,Triple-buffered encompassing challenge,4,Remarketing,239911,2025-06-23,2026-04-16,Completed
3872,Open-architected scalable project,2,Product Launch,485653,2026-05-13,2026-06-27,Completed
3873,Switchable systemic knowledgebase,5,Remarketing,409525,2024-12-11,2026-06-01,Paused
3874,Persistent analyzing service-desk,5,Brand Awareness,71594,2024-09-18,2024-12-10,Completed
3875,Future-proofed empowering info-mediaries,5,Sales,133931,2025-07-21,2025-09-25,Paused
3876,Reactive didactic encoding,4,Remarketing,97277,2025-05-18,2025-11-11,Active
3877,Configurable directional monitoring,3,Sales,176130,2025-11-05,2026-02-05,Active
3878,Profit-focused analyzing structure,1,Brand Awareness,457710,2025-05-27,2026-06-29,Paused
3879,Organic client-driven customer loyalty,5,Sales,453827,2025-10-03,2026-08-26,Completed
3880,Automated systematic support,2,Lead Generation,77103,2025-05-07,2026-06-02,Completed
3881,Extended asymmetric complexity,1,Product Launch,443055,2026-03-30,2026-05-23,Completed
3882,Exclusive value-added structure,1,Remarketing,232800,2024-10-02,2026-10-10,Paused
3883,Automated foreground moderator,2,Lead Generation,384303,2024-10-10,2026-03-16,Completed
3884,Team-oriented 24hour model,2,Lead Generation,325347,2024-09-24,2024-10-09,Paused
3885,Ergonomic 5thgeneration open system,1,Remarketing,276901,2026-07-13,2026-10-07,Active
3886,Organic didactic methodology,2,Brand Awareness,125746,2026-02-12,2026-09-22,Completed
3887,Future-proofed static moratorium,2,Lead Generation,176887,2025-01-13,2026-05-26,Paused
3888,Proactive background ability,3,Lead Generation,12652,2026-01-11,2026-05-01,Paused
3889,Synergistic dedicated workforce,1,Remarketing,207656,2025-09-07,2026-07-06,Completed
3890,Right-sized intermediate customer loyalty,1,Remarketing,165621,2024-09-18,2026-09-05,Paused
3891,Up-sized systematic orchestration,3,Remarketing,339612,2025-04-15,2026-09-15,Active
3892,Integrated multimedia synergy,4,Product Launch,188419,2024-11-07,2025-06-20,Completed
3893,Stand-alone object-oriented solution,1,Product Launch,497346,2026-01-06,2026-03-17,Paused
3894,Devolved regional protocol,1,Lead Generation,136324,2024-12-08,2025-07-07,Active
3895,Exclusive even-keeled benchmark,4,Lead Generation,460837,2026-06-28,2026-07-14,Active
3896,De-engineered tertiary installation,2,Sales,29018,2026-03-06,2026-09-04,Completed
3897,Monitored multimedia middleware,4,Lead Generation,477655,2025-04-25,2026-09-19,Active
3898,Implemented stable moratorium,3,Remarketing,453213,2025-04-22,2026-03-25,Paused
3899,Robust multi-tasking infrastructure,4,Lead Generation,119558,2025-05-15,2026-02-27,Completed
3900,Synergized secondary data-warehouse,1,Product Launch,81722,2025-08-16,2025-11-10,Paused
3901,Adaptive methodical collaboration,5,Lead Generation,130912,2025-04-28,2025-12-29,Completed
3902,Robust bi-directional throughput,2,Product Launch,197610,2025-07-22,2025-12-08,Active
3903,Configurable modular algorithm,5,Remarketing,331692,2026-05-19,2026-06-16,Active
3904,Front-line stable toolset,2,Lead Generation,296409,2025-03-24,2026-05-04,Paused
3905,Networked directional utilization,5,Product Launch,15187,2026-04-12,2026-08-05,Paused
3906,Reactive motivating Local Area Network,5,Brand Awareness,491096,2025-12-30,2026-09-14,Active
3907,Versatile systemic contingency,3,Brand Awareness,491690,2024-12-14,2025-07-25,Active
3908,Fundamental zero administration model,4,Product Launch,210722,2024-09-20,2026-05-03,Completed
3909,Horizontal modular info-mediaries,3,Product Launch,302955,2024-12-26,2025-10-30,Completed
3910,Total actuating methodology,3,Lead Generation,360753,2024-12-07,2025-03-07,Paused
3911,Open-architected systematic contingency,4,Product Launch,302060,2026-06-09,2026-06-26,Paused
3912,Seamless transitional support,2,Sales,100380,2026-04-09,2026-06-24,Completed
3913,Realigned transitional pricing structure,5,Sales,406810,2026-07-09,2026-09-07,Active
3914,Up-sized zero-defect archive,2,Lead Generation,431397,2026-01-28,2026-02-14,Paused
3915,Enhanced clear-thinking firmware,3,Remarketing,483352,2026-05-24,2026-08-23,Completed
3916,Reverse-engineered scalable algorithm,5,Sales,461711,2024-09-14,2025-12-27,Completed
3917,Digitized systemic implementation,4,Remarketing,67892,2024-12-31,2026-01-20,Completed
3918,Managed responsive system engine,1,Lead Generation,445725,2024-10-31,2026-02-18,Paused
3919,Organic composite core,2,Sales,42385,2025-09-04,2026-09-14,Paused
3920,Multi-layered coherent ability,3,Remarketing,457245,2026-02-10,2026-04-03,Paused
3921,Progressive bottom-line time-frame,5,Remarketing,130461,2025-03-28,2026-01-10,Active
3922,Streamlined directional website,4,Lead Generation,400140,2025-02-17,2026-05-18,Completed
3923,Compatible tertiary approach,3,Product Launch,183600,2026-03-07,2026-09-22,Paused
3924,Distributed national website,4,Sales,277189,2025-01-10,2026-02-03,Paused
3925,Proactive impactful encryption,5,Brand Awareness,491022,2025-02-22,2025-11-29,Paused
3926,Proactive uniform strategy,3,Lead Generation,20690,2026-05-25,2026-07-17,Completed
3927,Self-enabling attitude-oriented success,4,Brand Awareness,306351,2026-03-16,2026-08-01,Paused
3928,Progressive asymmetric middleware,1,Brand Awareness,339216,2025-02-21,2026-02-17,Paused
3929,Reverse-engineered high-level info-mediaries,3,Product Launch,260918,2025-07-15,2026-07-24,Paused
3930,Up-sized methodical model,4,Lead Generation,420296,2025-05-13,2026-03-08,Completed
3931,Face-to-face interactive superstructure,1,Sales,88670,2024-11-03,2026-04-09,Paused
3932,Implemented 24/7 leverage,3,Product Launch,410945,2026-02-12,2026-07-08,Paused
3933,Organic cohesive attitude,5,Product Launch,421804,2026-01-31,2026-06-14,Active
3934,Stand-alone analyzing conglomeration,3,Sales,459774,2025-05-17,2026-10-05,Completed
3935,Monitored object-oriented workforce,2,Lead Generation,30706,2025-04-29,2025-12-20,Active
3936,Programmable stable Local Area Network,5,Sales,189529,2025-12-29,2026-04-16,Active
3937,Inverse reciprocal infrastructure,1,Brand Awareness,39644,2025-12-22,2026-01-10,Active
3938,Persevering national frame,5,Remarketing,389310,2024-10-31,2026-07-23,Active
3939,Networked heuristic toolset,3,Product Launch,282902,2026-03-22,2026-08-15,Completed
3940,Enterprise-wide explicit matrix,4,Sales,341462,2026-03-21,2026-04-07,Active
3941,Streamlined multimedia Graphical User Interface,3,Sales,456340,2024-12-14,2025-10-28,Completed
3942,Innovative neutral approach,3,Remarketing,177335,2024-11-02,2025-05-09,Paused
3943,Down-sized multimedia interface,1,Lead Generation,362901,2026-01-04,2026-08-10,Paused
3944,Multi-channeled executive intranet,4,Product Launch,175430,2025-05-29,2026-08-23,Active
3945,Progressive 5thgeneration toolset,2,Sales,376808,2026-03-13,2026-08-01,Paused
3946,Profound needs-based info-mediaries,3,Brand Awareness,220892,2026-07-15,2026-09-20,Active
3947,Pre-emptive local moderator,1,Sales,364577,2024-11-18,2025-04-20,Paused
3948,Diverse optimal forecast,4,Remarketing,18833,2025-11-12,2026-10-03,Completed
3949,Cloned didactic portal,3,Brand Awareness,261403,2025-11-03,2026-10-14,Completed
3950,Exclusive client-server help-desk,4,Product Launch,335773,2025-11-25,2026-02-27,Paused
3951,Progressive asynchronous core,1,Brand Awareness,303293,2024-11-07,2025-05-07,Active
3952,Centralized mobile superstructure,4,Sales,206230,2026-06-10,2026-07-26,Active
3953,Persevering content-based architecture,4,Brand Awareness,32125,2026-07-13,2026-09-27,Active
3954,Progressive client-server service-desk,4,Remarketing,296438,2024-09-24,2026-09-02,Paused
3955,Robust logistical conglomeration,2,Remarketing,366822,2025-07-08,2026-02-21,Paused
3956,Optional multi-state concept,1,Remarketing,88422,2025-11-01,2026-01-27,Completed
3957,Face-to-face analyzing software,3,Product Launch,353144,2025-08-29,2025-11-09,Completed
3958,Object-based optimizing Internet solution,2,Brand Awareness,31913,2024-09-26,2025-09-19,Paused
3959,Synergized fault-tolerant parallelism,1,Sales,406768,2024-08-08,2024-09-25,Active
3960,Devolved impactful policy,5,Product Launch,258224,2026-01-12,2026-07-09,Completed
3961,User-centric maximized adapter,2,Brand Awareness,427606,2025-04-03,2026-01-27,Paused
3962,Innovative asynchronous moderator,3,Remarketing,192169,2024-09-14,2026-02-28,Paused
3963,Fundamental eco-centric data-warehouse,3,Product Launch,481097,2024-11-21,2024-12-01,Active
3964,Universal 4thgeneration pricing structure,2,Brand Awareness,210159,2025-02-14,2025-09-13,Completed
3965,Ergonomic neutral framework,4,Sales,201849,2026-05-09,2026-07-13,Completed
3966,Advanced zero-defect circuit,2,Sales,144527,2025-04-12,2025-06-04,Active
3967,Team-oriented upward-trending capacity,4,Remarketing,340743,2025-03-12,2025-08-20,Active
3968,Compatible background pricing structure,4,Lead Generation,403846,2025-02-27,2026-09-08,Active
3969,Open-source value-added hierarchy,3,Remarketing,89397,2026-04-02,2026-05-06,Active
3970,Vision-oriented heuristic core,4,Brand Awareness,171410,2025-08-15,2025-12-17,Paused
3971,User-centric homogeneous installation,3,Remarketing,178875,2024-12-20,2026-03-29,Completed
3972,Balanced contextually-based extranet,4,Remarketing,438801,2026-06-24,2026-10-03,Completed
3973,De-engineered optimizing approach,2,Remarketing,341535,2026-07-01,2026-07-26,Paused
3974,Cross-platform exuding architecture,5,Product Launch,476867,2025-07-13,2025-08-04,Completed
3975,User-friendly executive budgetary management,3,Brand Awareness,166323,2025-10-05,2026-04-02,Active
3976,Distributed system-worthy framework,2,Lead Generation,193047,2026-02-22,2026-09-14,Active
3977,Operative 5thgeneration concept,2,Lead Generation,432074,2024-11-20,2026-06-01,Active
3978,Managed maximized info-mediaries,4,Lead Generation,473452,2025-08-24,2026-04-17,Active
3979,Polarized 24/7 definition,1,Sales,169125,2025-06-24,2025-07-05,Completed
3980,Mandatory secondary flexibility,4,Sales,470088,2026-04-06,2026-10-14,Active
3981,Persistent contextually-based strategy,2,Remarketing,450985,2025-08-31,2026-05-02,Completed
3982,Assimilated systematic matrices,3,Lead Generation,339887,2026-03-19,2026-08-01,Paused
3983,Automated client-server focus group,3,Remarketing,97055,2025-10-23,2026-09-22,Active
3984,User-centric 5thgeneration project,3,Product Launch,304698,2024-10-05,2024-11-04,Completed
3985,Intuitive secondary groupware,2,Product Launch,398575,2024-07-28,2024-12-05,Active
3986,Up-sized zero tolerance moderator,4,Sales,225645,2024-09-10,2025-12-20,Completed
3987,Face-to-face intangible model,1,Product Launch,130203,2025-03-07,2026-09-29,Paused
3988,Pre-emptive discrete matrix,4,Brand Awareness,409949,2025-12-05,2026-09-26,Paused
3989,Reduced dynamic data-warehouse,2,Lead Generation,222215,2026-05-08,2026-08-15,Completed
3990,Monitored global methodology,4,Product Launch,361069,2026-06-23,2026-08-05,Active
3991,Ergonomic grid-enabled data-warehouse,2,Sales,103939,2025-03-23,2025-11-24,Completed
3992,Operative multi-tasking productivity,4,Sales,467830,2025-08-17,2026-10-01,Completed
3993,Optimized system-worthy superstructure,4,Sales,61948,2026-03-29,2026-08-21,Completed
3994,Switchable 4thgeneration superstructure,3,Brand Awareness,180353,2024-08-12,2025-01-14,Paused
3995,Extended systematic hierarchy,3,Remarketing,240203,2024-11-19,2024-12-22,Completed
3996,Programmable uniform functionalities,4,Product Launch,20622,2026-04-13,2026-09-19,Completed
3997,Down-sized neutral firmware,2,Product Launch,119369,2026-07-08,2026-09-26,Completed
3998,Pre-emptive contextually-based collaboration,4,Brand Awareness,191213,2025-12-26,2026-05-29,Completed
3999,Cross-platform motivating groupware,3,Brand Awareness,479563,2026-04-20,2026-08-15,Completed
4000,Progressive needs-based productivity,4,Remarketing,462567,2025-05-11,2025-10-26,Paused
4001,De-engineered bottom-line archive,1,Product Launch,150635,2026-04-13,2026-08-12,Paused
4002,Triple-buffered eco-centric algorithm,5,Lead Generation,324120,2026-01-09,2026-09-05,Completed
4003,Ergonomic neutral Graphical User Interface,2,Product Launch,190537,2025-07-31,2026-04-14,Active
4004,Multi-tiered asynchronous productivity,3,Sales,349972,2025-11-23,2025-12-09,Completed
4005,Implemented coherent array,1,Lead Generation,229496,2025-05-04,2026-07-23,Completed
4006,Automated maximized functionalities,3,Sales,288129,2025-05-13,2026-05-16,Paused
4007,Future-proofed multimedia concept,2,Lead Generation,139910,2025-07-19,2026-02-04,Paused
4008,Multi-lateral composite frame,5,Lead Generation,370877,2025-06-04,2026-06-01,Completed
4009,Enhanced next generation encoding,3,Product Launch,120498,2024-08-07,2025-10-02,Paused
4010,Future-proofed 3rdgeneration website,1,Product Launch,331131,2026-06-21,2026-08-15,Active
4011,Virtual explicit secured line,4,Brand Awareness,325059,2025-02-24,2026-05-04,Active
4012,Decentralized web-enabled website,3,Sales,147551,2025-07-18,2025-09-10,Completed
4013,Universal real-time complexity,3,Brand Awareness,412553,2024-08-15,2025-05-03,Completed
4014,Multi-tiered eco-centric open architecture,5,Remarketing,55383,2024-10-28,2024-10-31,Completed
4015,Future-proofed clear-thinking application,4,Product Launch,67974,2025-09-21,2026-06-24,Completed
4016,Managed systematic success,3,Product Launch,309060,2025-10-13,2026-09-15,Completed
4017,Digitized motivating capability,2,Product Launch,426046,2025-11-02,2026-06-26,Completed
4018,Mandatory homogeneous policy,4,Sales,116073,2025-07-20,2025-08-06,Active
4019,Enterprise-wide 5thgeneration Internet solution,1,Remarketing,277823,2024-09-24,2025-12-31,Paused
4020,Innovative composite product,3,Brand Awareness,270865,2024-12-19,2025-11-01,Completed
4021,Face-to-face zero administration workforce,5,Product Launch,245259,2024-12-12,2026-06-30,Active
4022,Cross-group 24hour superstructure,3,Brand Awareness,380845,2025-01-02,2025-05-14,Completed
4023,Triple-buffered tertiary monitoring,4,Product Launch,363650,2025-01-22,2026-08-17,Active
4024,Robust discrete matrices,4,Lead Generation,42909,2024-11-15,2026-03-12,Active
4025,Right-sized full-range application,1,Remarketing,201833,2025-04-30,2025-05-29,Paused
4026,Networked human-resource model,2,Brand Awareness,24688,2025-01-23,2025-01-23,Completed
4027,Virtual analyzing throughput,3,Lead Generation,447568,2025-07-27,2025-10-01,Paused
4028,Total reciprocal secured line,3,Brand Awareness,392041,2025-01-07,2026-07-11,Active
4029,Profit-focused transitional array,4,Lead Generation,302415,2024-09-20,2026-10-01,Completed
4030,Operative object-oriented support,1,Remarketing,20917,2026-05-04,2026-06-18,Paused
4031,Team-oriented explicit functionalities,4,Product Launch,345059,2024-09-03,2026-01-27,Paused
4032,Organic client-server core,2,Sales,40378,2025-09-02,2026-03-17,Completed
4033,Diverse tertiary policy,1,Lead Generation,275753,2024-10-22,2026-07-29,Active
4034,Devolved zero tolerance encryption,2,Remarketing,70657,2025-08-22,2026-03-03,Completed
4035,Seamless 3rdgeneration superstructure,4,Remarketing,183575,2025-08-07,2026-04-10,Paused
4036,Function-based motivating hub,2,Remarketing,351449,2026-04-09,2026-09-06,Active
4037,Public-key systemic attitude,5,Remarketing,388110,2025-12-20,2026-04-09,Paused
4038,Cross-platform maximized alliance,4,Brand Awareness,387855,2025-10-04,2026-05-12,Completed
4039,Integrated well-modulated standardization,1,Brand Awareness,465139,2026-07-17,2026-09-22,Active
4040,Sharable discrete installation,4,Sales,312964,2026-01-18,2026-03-22,Paused
4041,Upgradable bottom-line functionalities,3,Product Launch,340157,2024-11-04,2025-09-10,Paused
4042,Digitized mobile open architecture,2,Product Launch,412049,2025-06-29,2026-08-04,Paused
4043,Re-contextualized intangible synergy,5,Remarketing,159842,2026-07-03,2026-07-10,Paused
4044,Compatible even-keeled functionalities,5,Sales,335946,2025-10-03,2025-10-04,Active
4045,Total didactic throughput,3,Lead Generation,449254,2025-11-12,2026-05-26,Active
4046,Multi-layered zero-defect leverage,4,Sales,398031,2026-05-07,2026-05-28,Completed
4047,Streamlined intangible interface,3,Sales,494152,2025-04-07,2026-10-08,Active
4048,Optional intermediate structure,2,Brand Awareness,143567,2025-09-06,2026-10-02,Completed
4049,Up-sized intangible paradigm,4,Brand Awareness,13698,2025-04-03,2026-08-13,Active
4050,Organized tertiary middleware,5,Product Launch,421077,2026-01-23,2026-02-02,Paused
4051,Integrated even-keeled concept,3,Remarketing,97490,2026-06-14,2026-08-22,Completed
4052,Total logistical paradigm,1,Sales,412193,2024-08-28,2025-07-04,Completed
4053,Persevering attitude-oriented artificial intelligence,1,Remarketing,172131,2025-10-31,2026-05-27,Paused
4054,Enhanced 6thgeneration archive,4,Sales,130966,2025-12-29,2026-10-04,Completed
4055,Innovative asynchronous product,4,Remarketing,351020,2024-09-03,2025-10-26,Paused
4056,Team-oriented 5thgeneration firmware,4,Remarketing,38958,2024-08-24,2026-09-10,Completed
4057,Advanced full-range superstructure,3,Brand Awareness,68139,2026-04-29,2026-07-31,Active
4058,Customizable non-volatile Graphic Interface,5,Lead Generation,39616,2024-10-27,2026-02-28,Paused
4059,Digitized zero-defect workforce,4,Lead Generation,23259,2025-04-22,2026-03-24,Paused
4060,Organized non-volatile access,3,Remarketing,222330,2025-01-28,2026-07-06,Completed
4061,Networked multi-state service-desk,2,Brand Awareness,282546,2026-04-19,2026-06-15,Completed
4062,Enterprise-wide disintermediate interface,5,Brand Awareness,45201,2024-08-31,2025-03-15,Active
4063,Programmable system-worthy capability,3,Lead Generation,179344,2024-10-27,2026-03-03,Completed
4064,Total discrete matrix,4,Brand Awareness,405413,2025-11-28,2026-01-22,Completed
4065,Networked global toolset,2,Product Launch,47472,2025-12-31,2026-06-14,Completed
4066,Open-architected demand-driven orchestration,3,Sales,203506,2024-11-25,2026-04-27,Completed
4067,Reduced local application,4,Remarketing,35779,2024-09-26,2025-11-24,Paused
4068,User-centric content-based protocol,5,Brand Awareness,415746,2026-03-11,2026-06-11,Paused
4069,Synergistic asymmetric infrastructure,2,Lead Generation,251672,2025-10-11,2026-04-02,Active
4070,Upgradable maximized interface,1,Remarketing,151915,2025-10-09,2026-01-11,Paused
4071,Re-engineered multi-tasking knowledge user,2,Brand Awareness,471232,2025-03-09,2025-11-13,Active
4072,Implemented multi-state analyzer,3,Brand Awareness,98958,2025-02-01,2026-07-09,Active
4073,Configurable solution-oriented initiative,4,Product Launch,365655,2026-01-13,2026-05-19,Completed
4074,Inverse bi-directional productivity,4,Lead Generation,205358,2024-10-21,2025-02-04,Completed
4075,Extended next generation intranet,1,Remarketing,328928,2025-12-24,2026-08-06,Active
4076,Adaptive multi-tasking complexity,3,Lead Generation,292668,2026-04-03,2026-10-05,Paused
4077,Seamless client-server utilization,3,Product Launch,388570,2026-01-23,2026-04-10,Completed
4078,Extended bandwidth-monitored project,3,Product Launch,124049,2025-09-04,2026-03-27,Paused
4079,Reactive uniform Internet solution,3,Product Launch,241327,2025-10-11,2025-11-19,Paused
4080,Customizable fault-tolerant emulation,4,Remarketing,169610,2025-09-19,2026-08-20,Completed
4081,Monitored 24hour orchestration,1,Product Launch,381037,2025-03-29,2026-04-29,Active
4082,Expanded content-based alliance,3,Sales,131905,2026-04-15,2026-07-04,Active
4083,Total non-volatile product,5,Lead Generation,133729,2024-10-11,2025-06-14,Paused
4084,Monitored upward-trending system engine,4,Sales,326563,2025-07-22,2026-05-14,Active
4085,Object-based encompassing encryption,4,Brand Awareness,351345,2025-06-02,2026-08-23,Completed
4086,Cross-platform upward-trending superstructure,5,Product Launch,126055,2024-08-08,2025-07-19,Paused
4087,Vision-oriented holistic open architecture,1,Product Launch,467905,2025-08-06,2026-08-02,Active
4088,Business-focused context-sensitive framework,2,Sales,120038,2025-09-06,2026-02-07,Paused
4089,Pre-emptive context-sensitive approach,4,Brand Awareness,343092,2026-05-01,2026-09-09,Completed
4090,Robust logistical toolset,2,Product Launch,451286,2024-08-27,2026-08-02,Completed
4091,Seamless executive standardization,4,Brand Awareness,78236,2024-08-15,2025-10-18,Completed
4092,Focused system-worthy policy,4,Lead Generation,388171,2026-06-10,2026-07-12,Paused
4093,Cross-platform executive installation,2,Sales,364715,2026-05-13,2026-06-24,Completed
4094,Configurable explicit benchmark,1,Remarketing,230675,2025-05-07,2026-09-19,Paused
4095,Cross-platform high-level product,1,Lead Generation,97780,2024-08-21,2025-01-29,Completed
4096,Integrated maximized capability,1,Brand Awareness,359620,2026-03-26,2026-08-15,Paused
4097,Horizontal 3rdgeneration success,5,Brand Awareness,326689,2024-08-18,2026-02-05,Completed
4098,Centralized context-sensitive neural-net,3,Lead Generation,81705,2026-05-10,2026-09-08,Active
4099,Pre-emptive fault-tolerant matrix,2,Product Launch,159121,2024-10-30,2025-08-26,Paused
4100,Operative intermediate encoding,4,Product Launch,305232,2026-06-12,2026-07-30,Paused
4101,Front-line asymmetric function,3,Product Launch,88315,2026-06-01,2026-08-13,Active
4102,Horizontal needs-based help-desk,1,Brand Awareness,402810,2026-02-10,2026-08-19,Completed
4103,Progressive methodical definition,4,Remarketing,58333,2025-02-24,2026-07-22,Completed
4104,Balanced 5thgeneration methodology,1,Brand Awareness,488959,2025-03-31,2025-05-11,Paused
4105,Pre-emptive leadingedge solution,3,Product Launch,277563,2025-05-15,2026-05-09,Paused
4106,Assimilated bi-directional productivity,5,Sales,124913,2025-10-04,2026-08-30,Paused
4107,Reactive value-added algorithm,3,Lead Generation,97706,2025-07-09,2026-03-04,Paused
4108,Optimized intermediate encoding,1,Lead Generation,166536,2025-06-12,2026-05-07,Paused
4109,Ameliorated motivating definition,3,Product Launch,183450,2025-10-30,2025-12-22,Completed
4110,Reduced static analyzer,1,Brand Awareness,270314,2025-11-26,2026-06-28,Active
4111,Synergistic optimizing database,5,Product Launch,303182,2024-11-26,2025-02-12,Active
4112,Profound directional archive,3,Brand Awareness,441683,2026-04-11,2026-06-24,Active
4113,Open-architected system-worthy paradigm,5,Brand Awareness,463427,2026-01-02,2026-09-17,Completed
4114,Inverse national Local Area Network,5,Remarketing,143110,2024-09-17,2025-03-06,Completed
4115,Operative responsive archive,4,Remarketing,239441,2024-10-04,2025-02-09,Active
4116,User-centric impactful open architecture,3,Remarketing,418415,2025-12-10,2026-06-24,Active
4117,Up-sized grid-enabled help-desk,4,Lead Generation,294171,2025-03-11,2025-09-21,Paused
4118,Synchronized zero tolerance frame,1,Lead Generation,274138,2024-09-29,2025-05-08,Completed
4119,Networked global help-desk,3,Brand Awareness,353470,2025-12-20,2026-02-27,Completed
4120,User-centric homogeneous product,1,Sales,124712,2025-03-02,2025-10-04,Active
4121,Mandatory multimedia capacity,1,Brand Awareness,245232,2026-04-05,2026-07-09,Completed
4122,Reverse-engineered radical firmware,4,Product Launch,400282,2025-06-21,2025-06-22,Active
4123,Secured 24/7 synergy,4,Product Launch,353826,2026-03-20,2026-05-22,Active
4124,Re-contextualized 5thgeneration task-force,5,Brand Awareness,315854,2024-09-14,2025-06-19,Active
4125,Inverse secondary pricing structure,1,Remarketing,34425,2024-09-01,2025-06-20,Paused
4126,Inverse optimizing structure,2,Brand Awareness,493491,2025-09-23,2026-02-16,Paused
4127,Visionary 5thgeneration application,1,Product Launch,241571,2026-06-12,2026-07-11,Paused
4128,Centralized multi-state function,1,Brand Awareness,478794,2025-02-21,2025-07-26,Completed
4129,Implemented 4thgeneration methodology,4,Product Launch,28031,2025-08-11,2026-07-05,Completed
4130,Streamlined 24hour leverage,5,Lead Generation,256430,2025-08-11,2026-09-11,Paused
4131,Grass-roots discrete open system,2,Product Launch,231375,2025-08-25,2026-06-01,Paused
4132,Universal leadingedge contingency,3,Sales,351714,2025-08-23,2026-03-31,Paused
4133,Secured multi-state definition,3,Brand Awareness,122879,2024-12-11,2026-08-04,Paused
4134,Up-sized bandwidth-monitored definition,3,Product Launch,32624,2025-08-25,2026-01-12,Paused
4135,Reactive holistic focus group,2,Brand Awareness,419368,2024-11-04,2025-08-22,Completed
4136,Right-sized tangible capability,5,Remarketing,170915,2025-11-04,2026-03-05,Active
4137,Expanded composite help-desk,4,Brand Awareness,103035,2025-02-16,2025-09-26,Paused
4138,Assimilated logistical capability,3,Product Launch,364116,2025-04-08,2026-10-14,Completed
4139,Exclusive global orchestration,3,Product Launch,430490,2024-12-18,2026-09-30,Active
4140,Public-key value-added adapter,4,Sales,307064,2026-05-10,2026-09-13,Completed
4141,Multi-lateral executive hardware,5,Product Launch,207148,2025-06-23,2025-10-18,Active
4142,Vision-oriented dedicated extranet,3,Sales,239010,2026-05-15,2026-05-30,Paused
4143,Polarized local intranet,1,Brand Awareness,435108,2026-04-30,2026-09-18,Active
4144,Function-based upward-trending encoding,3,Brand Awareness,40809,2026-01-28,2026-04-28,Paused
4145,Programmable high-level attitude,1,Remarketing,195948,2024-10-21,2026-07-14,Active
4146,Quality-focused dedicated secured line,4,Lead Generation,264481,2025-12-09,2026-04-16,Paused
4147,Distributed intermediate knowledgebase,3,Sales,105700,2025-01-12,2026-02-07,Completed
4148,Multi-tiered object-oriented collaboration,2,Sales,189632,2025-06-11,2026-07-22,Active
4149,Secured composite capability,4,Brand Awareness,412156,2024-07-27,2024-08-29,Paused
4150,Total high-level algorithm,5,Sales,483610,2024-12-03,2025-10-26,Paused
4151,Enhanced mission-critical encoding,3,Remarketing,286089,2025-06-17,2025-10-19,Active
4152,Versatile non-volatile methodology,5,Remarketing,485003,2025-07-28,2025-12-19,Completed
4153,Cloned user-facing system engine,5,Lead Generation,264699,2025-04-16,2025-11-18,Completed
4154,Multi-tiered 24hour functionalities,4,Sales,397332,2025-12-19,2026-06-20,Completed
4155,Enhanced hybrid solution,2,Brand Awareness,186695,2024-11-16,2026-02-06,Paused
4156,Visionary bottom-line conglomeration,3,Product Launch,95501,2025-12-07,2026-05-22,Completed
4157,Reverse-engineered responsive portal,2,Lead Generation,339004,2024-10-23,2025-06-08,Active
4158,Open-source incremental implementation,2,Brand Awareness,475764,2026-03-02,2026-08-29,Completed
4159,Function-based directional neural-net,1,Sales,386246,2026-01-24,2026-08-10,Active
4160,Integrated transitional challenge,4,Remarketing,403643,2026-05-03,2026-05-26,Active
4161,Stand-alone demand-driven matrix,3,Lead Generation,457867,2026-07-04,2026-07-17,Paused
4162,Up-sized 4thgeneration moderator,5,Sales,62705,2025-03-09,2025-05-22,Completed
4163,Object-based discrete complexity,1,Sales,104911,2025-03-22,2026-05-25,Completed
4164,Business-focused well-modulated toolset,1,Brand Awareness,468513,2026-05-21,2026-09-12,Active
4165,Function-based web-enabled neural-net,1,Brand Awareness,329771,2025-04-06,2025-07-23,Paused
4166,Up-sized tertiary challenge,2,Product Launch,99536,2025-04-03,2026-09-15,Paused
4167,Configurable bi-directional installation,1,Lead Generation,51361,2025-01-03,2025-10-05,Paused
4168,Multi-tiered national framework,3,Remarketing,170039,2025-11-10,2026-03-09,Active
4169,Re-contextualized human-resource neural-net,2,Remarketing,125084,2026-04-09,2026-08-28,Active
4170,Cloned even-keeled projection,4,Sales,313760,2024-07-29,2024-11-25,Paused
4171,Multi-tiered disintermediate product,4,Sales,486716,2025-11-16,2026-07-05,Completed
4172,Polarized static infrastructure,3,Brand Awareness,219845,2025-02-07,2025-03-25,Paused
4173,Managed logistical hardware,1,Remarketing,148234,2024-08-03,2026-04-12,Active
4174,User-friendly client-driven complexity,4,Sales,98351,2026-03-30,2026-09-11,Paused
4175,Future-proofed value-added process improvement,3,Lead Generation,494227,2026-04-18,2026-09-09,Completed
4176,Intuitive clear-thinking encoding,1,Product Launch,485715,2025-09-14,2025-10-23,Active
4177,Cross-group heuristic open architecture,1,Lead Generation,202640,2025-10-20,2026-01-27,Completed
4178,Enterprise-wide intermediate application,2,Sales,294107,2025-09-01,2026-07-01,Paused
4179,Programmable 5thgeneration methodology,1,Brand Awareness,283851,2024-08-09,2026-08-25,Completed
4180,Pre-emptive demand-driven productivity,4,Lead Generation,339895,2026-05-06,2026-10-12,Paused
4181,Switchable mission-critical time-frame,3,Brand Awareness,174504,2025-07-19,2025-09-03,Completed
4182,Fundamental even-keeled model,5,Brand Awareness,307846,2025-03-14,2025-06-09,Completed
4183,Multi-channeled empowering paradigm,1,Lead Generation,454643,2024-09-23,2025-01-22,Active
4184,Function-based interactive artificial intelligence,2,Brand Awareness,188764,2024-09-13,2026-09-03,Completed
4185,Enterprise-wide intangible attitude,4,Brand Awareness,152548,2025-01-17,2025-01-20,Active
4186,Team-oriented system-worthy open architecture,1,Product Launch,202002,2024-07-21,2026-08-15,Paused
4187,Grass-roots scalable monitoring,4,Sales,438684,2025-08-02,2026-08-07,Paused
4188,Business-focused logistical paradigm,1,Remarketing,411144,2026-03-26,2026-04-12,Completed
4189,Focused solution-oriented instruction set,3,Brand Awareness,187322,2025-10-24,2026-07-31,Active
4190,User-friendly grid-enabled approach,1,Product Launch,403896,2026-01-29,2026-07-16,Paused
4191,Operative maximized archive,4,Remarketing,289445,2025-03-10,2025-07-08,Completed
4192,Up-sized disintermediate instruction set,1,Sales,315829,2025-09-10,2026-10-08,Completed
4193,Re-contextualized disintermediate budgetary management,2,Remarketing,235069,2025-09-22,2026-08-01,Active
4194,Secured object-oriented attitude,2,Remarketing,389749,2025-04-05,2025-06-19,Paused
4195,Enhanced zero tolerance customer loyalty,2,Remarketing,340257,2026-05-16,2026-08-09,Active
4196,Visionary zero-defect instruction set,2,Brand Awareness,287228,2024-10-31,2025-10-21,Paused
4197,Virtual upward-trending task-force,1,Brand Awareness,165114,2026-01-23,2026-05-15,Completed
4198,Pre-emptive discrete monitoring,3,Lead Generation,219316,2024-08-02,2025-10-08,Active
4199,Face-to-face 5thgeneration installation,4,Brand Awareness,408446,2026-05-13,2026-05-23,Paused
4200,Team-oriented optimizing ability,2,Lead Generation,310865,2026-04-10,2026-08-10,Active
4201,Secured intermediate help-desk,3,Remarketing,425016,2024-11-27,2026-05-29,Paused
4202,Exclusive asymmetric artificial intelligence,3,Remarketing,13155,2025-10-02,2026-09-16,Paused
4203,Advanced global database,4,Product Launch,82696,2025-08-24,2026-02-07,Completed
4204,Up-sized demand-driven core,1,Lead Generation,253702,2025-07-10,2026-08-25,Active
4205,Monitored 24hour alliance,1,Remarketing,248010,2025-04-07,2025-12-03,Completed
4206,Function-based well-modulated parallelism,4,Lead Generation,258194,2024-08-19,2025-05-09,Active
4207,Virtual global application,2,Product Launch,408841,2024-10-21,2026-06-20,Active
4208,Secured dedicated instruction set,1,Product Launch,130290,2025-09-30,2026-06-29,Active
4209,Organic discrete benchmark,3,Product Launch,269443,2025-02-15,2025-10-20,Completed
4210,Public-key multi-tasking instruction set,5,Brand Awareness,50434,2026-01-12,2026-04-18,Active
4211,Balanced mission-critical core,1,Sales,333654,2025-11-27,2026-01-18,Active
4212,Distributed methodical parallelism,1,Sales,252453,2024-07-22,2025-02-13,Paused
4213,Open-source static paradigm,3,Product Launch,154293,2025-02-05,2026-06-12,Active
4214,Proactive optimizing success,2,Sales,304433,2025-02-12,2025-11-17,Paused
4215,Public-key multi-tasking model,4,Sales,39935,2025-05-19,2026-06-28,Active
4216,Reactive static artificial intelligence,5,Remarketing,226674,2025-04-21,2026-01-06,Completed
4217,Ameliorated 24/7 flexibility,2,Remarketing,460483,2026-06-11,2026-06-12,Completed
4218,Diverse incremental forecast,5,Lead Generation,159694,2025-05-13,2025-10-09,Completed
4219,Cross-platform disintermediate architecture,2,Lead Generation,411846,2026-03-24,2026-08-22,Completed
4220,Programmable impactful array,4,Lead Generation,333530,2025-01-03,2025-01-11,Completed
4221,Switchable asymmetric model,4,Lead Generation,49360,2024-11-12,2025-11-05,Active
4222,Intuitive logistical methodology,1,Brand Awareness,489485,2026-03-29,2026-08-11,Completed
4223,Extended context-sensitive project,4,Product Launch,376931,2025-12-08,2026-09-16,Active
4224,Robust 5thgeneration capacity,5,Remarketing,157385,2025-02-28,2026-01-13,Active
4225,Up-sized zero-defect Internet solution,5,Lead Generation,421551,2025-10-28,2026-05-17,Paused
4226,Monitored 24/7 array,5,Product Launch,37517,2024-11-30,2026-02-04,Paused
4227,Integrated motivating analyzer,4,Remarketing,323550,2026-02-04,2026-10-04,Paused
4228,Enhanced mission-critical success,4,Sales,280734,2026-01-13,2026-10-10,Completed
4229,Phased foreground interface,1,Product Launch,220506,2025-10-15,2025-11-07,Paused
4230,Customer-focused even-keeled frame,3,Brand Awareness,494696,2025-04-28,2026-06-20,Active
4231,Quality-focused mission-critical structure,4,Sales,68443,2026-01-28,2026-03-12,Active
4232,Open-source client-driven solution,2,Brand Awareness,205414,2025-09-15,2026-04-27,Active
4233,Enterprise-wide contextually-based superstructure,3,Remarketing,292823,2026-06-20,2026-09-05,Completed
4234,Organized solution-oriented migration,4,Brand Awareness,452473,2024-11-03,2026-08-18,Active
4235,Extended global groupware,5,Remarketing,198836,2025-04-21,2025-06-12,Active
4236,Innovative background extranet,2,Product Launch,332534,2026-02-21,2026-05-15,Active
4237,Versatile optimizing forecast,3,Brand Awareness,415130,2024-12-19,2025-01-03,Paused
4238,Automated contextually-based software,3,Sales,233621,2025-08-21,2026-08-22,Active
4239,Team-oriented full-range paradigm,4,Lead Generation,356152,2026-05-26,2026-07-20,Completed
4240,Persevering bandwidth-monitored utilization,3,Brand Awareness,242802,2026-06-28,2026-08-19,Completed
4241,Exclusive content-based protocol,1,Remarketing,434829,2024-10-18,2024-12-23,Completed
4242,Triple-buffered discrete orchestration,4,Brand Awareness,229027,2025-01-24,2026-05-17,Active
4243,Re-contextualized heuristic approach,3,Remarketing,207305,2025-05-17,2025-06-17,Paused
4244,Multi-channeled multimedia forecast,1,Lead Generation,261287,2026-07-08,2026-07-18,Paused
4245,Devolved full-range knowledge user,3,Sales,86754,2026-01-28,2026-08-30,Paused
4246,Quality-focused uniform knowledge user,5,Lead Generation,69999,2025-05-29,2025-11-05,Completed
4247,Cross-platform high-level capability,1,Product Launch,122879,2026-02-15,2026-04-28,Completed
4248,Profound background installation,4,Remarketing,114236,2026-02-08,2026-08-10,Completed
4249,Ergonomic zero-defect extranet,5,Product Launch,134425,2025-04-14,2025-06-12,Active
4250,Extended composite system engine,5,Sales,79922,2024-09-16,2026-07-17,Active
4251,Compatible stable solution,1,Product Launch,51943,2026-05-19,2026-09-07,Active
4252,Profound solution-oriented strategy,4,Product Launch,60208,2025-02-21,2025-12-22,Completed
4253,Sharable regional alliance,3,Sales,346111,2025-01-26,2025-12-08,Paused
4254,Synergized well-modulated projection,2,Product Launch,376642,2024-11-21,2025-08-13,Completed
4255,Exclusive multimedia process improvement,5,Lead Generation,282615,2024-10-10,2024-11-18,Paused
4256,Polarized multi-tasking circuit,3,Remarketing,335061,2025-08-25,2026-01-24,Completed
4257,Robust optimal analyzer,3,Product Launch,312116,2025-06-02,2026-05-06,Completed
4258,De-engineered didactic complexity,1,Sales,41990,2025-04-07,2026-07-19,Active
4259,Networked modular help-desk,5,Sales,409416,2024-08-13,2025-08-21,Active
4260,Reduced dedicated orchestration,3,Product Launch,477194,2026-06-21,2026-09-26,Paused
4261,Decentralized uniform data-warehouse,5,Remarketing,274812,2025-05-16,2026-05-14,Active
4262,Organized grid-enabled framework,4,Sales,289590,2025-12-24,2026-01-25,Completed
4263,Upgradable optimizing task-force,5,Brand Awareness,478705,2024-11-21,2026-02-14,Active
4264,Adaptive mission-critical interface,4,Sales,406870,2025-08-31,2026-08-25,Paused
4265,Organized dynamic synergy,3,Product Launch,315649,2024-10-04,2025-02-14,Active
4266,Versatile discrete success,2,Remarketing,287062,2026-03-30,2026-06-18,Completed
4267,Object-based contextually-based contingency,3,Remarketing,369164,2025-06-21,2025-08-22,Completed
4268,Object-based reciprocal utilization,1,Product Launch,380508,2025-12-02,2026-07-03,Completed
4269,Implemented 3rdgeneration function,5,Sales,191631,2026-01-24,2026-05-16,Completed
4270,Persevering fresh-thinking concept,5,Sales,369519,2025-06-24,2026-08-18,Completed
4271,Intuitive web-enabled ability,2,Sales,466676,2024-07-29,2025-02-23,Completed
4272,Configurable non-volatile hub,3,Brand Awareness,459283,2024-07-19,2025-09-26,Active
4273,Progressive zero tolerance instruction set,2,Brand Awareness,77578,2026-05-17,2026-10-09,Completed
4274,Integrated human-resource portal,1,Brand Awareness,75667,2025-09-30,2026-06-28,Active
4275,Operative radical hub,3,Product Launch,456305,2025-07-27,2025-11-30,Active
4276,Future-proofed systemic framework,5,Sales,340789,2026-05-25,2026-06-02,Active
4277,Multi-tiered reciprocal methodology,1,Lead Generation,172971,2025-01-02,2025-07-18,Completed
4278,Synergized even-keeled encoding,4,Product Launch,315584,2026-07-17,2026-08-09,Active
4279,Grass-roots local middleware,1,Lead Generation,273120,2025-08-25,2026-05-21,Active
4280,Open-source tangible complexity,2,Sales,175923,2025-06-10,2025-09-30,Active
4281,Cross-platform scalable open architecture,1,Brand Awareness,187460,2024-10-14,2025-02-19,Paused
4282,Reverse-engineered dynamic access,3,Lead Generation,298092,2025-06-26,2026-06-05,Paused
4283,Virtual contextually-based utilization,5,Brand Awareness,367836,2026-02-28,2026-03-07,Paused
4284,Synergized mission-critical benchmark,5,Product Launch,244695,2024-08-06,2026-08-10,Completed
4285,Enhanced clear-thinking pricing structure,3,Sales,386734,2025-06-24,2026-02-02,Active
4286,Multi-tiered actuating Graphical User Interface,1,Lead Generation,122832,2024-11-26,2025-01-02,Completed
4287,User-friendly real-time software,1,Remarketing,366453,2025-07-19,2026-03-19,Completed
4288,Digitized incremental array,4,Remarketing,329132,2025-03-07,2025-05-14,Active
4289,Grass-roots transitional array,4,Lead Generation,251050,2025-04-30,2025-11-16,Paused
4290,Polarized human-resource database,4,Brand Awareness,175005,2025-06-15,2025-11-19,Paused
4291,Exclusive contextually-based intranet,4,Remarketing,492253,2024-11-28,2025-03-30,Paused
4292,Virtual secondary benchmark,3,Sales,57857,2025-12-04,2026-01-06,Paused
4293,Multi-channeled neutral function,4,Remarketing,474237,2026-03-18,2026-08-03,Completed
4294,Multi-lateral foreground open system,2,Brand Awareness,216263,2025-04-14,2025-05-03,Active
4295,Compatible responsive budgetary management,5,Sales,35143,2025-07-16,2025-08-29,Completed
4296,Optional holistic standardization,3,Sales,195710,2025-06-27,2025-08-11,Paused
4297,Multi-channeled 4thgeneration interface,4,Lead Generation,456610,2025-02-20,2025-07-30,Paused
4298,Advanced zero tolerance approach,4,Brand Awareness,255884,2024-08-28,2025-12-09,Completed
4299,Sharable explicit core,3,Lead Generation,115493,2024-09-04,2025-06-24,Paused
4300,Future-proofed 4thgeneration contingency,2,Lead Generation,241426,2026-07-03,2026-07-13,Active
4301,Adaptive client-driven moratorium,3,Remarketing,239779,2025-07-09,2026-06-24,Active
4302,Face-to-face analyzing access,2,Brand Awareness,410193,2025-06-19,2026-10-12,Paused
4303,Reverse-engineered 24hour time-frame,1,Lead Generation,28512,2024-12-04,2026-04-21,Paused
4304,Upgradable fault-tolerant knowledge user,4,Brand Awareness,206378,2026-04-01,2026-09-22,Active
4305,Business-focused foreground leverage,5,Remarketing,395589,2025-08-14,2025-11-25,Completed
4306,Reactive multi-tasking emulation,2,Product Launch,280900,2025-08-16,2026-08-20,Paused
4307,Automated cohesive paradigm,1,Product Launch,454061,2026-03-03,2026-03-22,Completed
4308,Phased high-level strategy,3,Remarketing,452066,2024-12-01,2025-02-17,Paused
4309,Public-key needs-based definition,4,Product Launch,401054,2024-09-14,2026-09-04,Completed
4310,Universal interactive protocol,2,Brand Awareness,443036,2024-09-11,2024-11-25,Completed
4311,Quality-focused contextually-based capacity,2,Remarketing,359823,2026-06-23,2026-08-28,Active
4312,Extended hybrid application,5,Brand Awareness,486854,2024-10-07,2026-05-27,Paused
4313,Stand-alone bandwidth-monitored focus group,4,Remarketing,98689,2025-11-15,2026-04-26,Completed
4314,Multi-lateral modular synergy,3,Brand Awareness,41618,2025-06-16,2025-12-05,Paused
4315,Switchable client-driven software,3,Product Launch,268603,2024-10-23,2024-12-17,Completed
4316,Upgradable directional alliance,1,Product Launch,200688,2024-11-30,2025-10-11,Paused
4317,Face-to-face heuristic installation,2,Product Launch,26428,2025-08-03,2025-12-12,Paused
4318,Organized empowering utilization,4,Brand Awareness,29553,2025-08-31,2026-04-23,Completed
4319,Sharable actuating toolset,3,Sales,281005,2026-02-28,2026-07-31,Active
4320,Front-line dynamic structure,1,Lead Generation,262654,2024-07-22,2024-09-18,Paused
4321,Enhanced multimedia matrix,1,Remarketing,418203,2025-08-11,2026-02-22,Active
4322,Quality-focused asynchronous orchestration,1,Brand Awareness,281246,2026-05-13,2026-09-09,Active
4323,Polarized regional circuit,4,Lead Generation,175964,2024-12-24,2025-11-14,Paused
4324,Progressive high-level portal,1,Remarketing,461595,2025-01-01,2025-06-30,Active
4325,Synchronized foreground system engine,2,Sales,350726,2025-07-31,2026-09-14,Completed
4326,Proactive mobile hub,3,Sales,375180,2025-08-13,2026-01-10,Active
4327,Operative solution-oriented Internet solution,1,Brand Awareness,69080,2025-11-02,2026-10-04,Paused
4328,Fundamental methodical standardization,5,Brand Awareness,206161,2024-08-19,2026-06-28,Paused
4329,Face-to-face zero tolerance pricing structure,4,Remarketing,216130,2024-11-18,2025-09-12,Completed
4330,Monitored zero-defect database,4,Remarketing,88265,2025-08-10,2026-10-12,Completed
4331,Visionary 4thgeneration conglomeration,3,Sales,277391,2025-08-02,2026-02-27,Paused
4332,Future-proofed incremental superstructure,5,Sales,222058,2026-01-26,2026-03-09,Active
4333,Vision-oriented context-sensitive budgetary management,5,Remarketing,112584,2026-01-25,2026-03-05,Active
4334,Team-oriented stable superstructure,4,Remarketing,106264,2025-01-25,2025-08-12,Completed
4335,Universal hybrid interface,3,Remarketing,344840,2025-06-02,2026-04-04,Active
4336,Decentralized responsive circuit,3,Remarketing,476914,2026-02-13,2026-06-07,Active
4337,Enhanced incremental monitoring,1,Sales,470024,2026-07-10,2026-09-17,Active
4338,Mandatory multi-tasking moratorium,2,Brand Awareness,110012,2025-12-16,2026-05-05,Paused
4339,Customer-focused optimizing function,4,Brand Awareness,401424,2024-09-15,2024-12-29,Active
4340,Virtual systemic contingency,2,Product Launch,75024,2024-08-11,2025-10-26,Completed
4341,Face-to-face foreground array,1,Product Launch,315536,2025-08-20,2026-03-18,Active
4342,Centralized leadingedge knowledgebase,2,Remarketing,232378,2026-04-12,2026-09-19,Paused
4343,Upgradable motivating artificial intelligence,5,Brand Awareness,26937,2025-07-28,2025-07-30,Completed
4344,Face-to-face stable open system,1,Sales,122721,2024-09-15,2025-02-11,Completed
4345,Reactive multimedia framework,2,Brand Awareness,384765,2025-07-05,2026-07-07,Completed
4346,Devolved 24/7 data-warehouse,4,Lead Generation,252735,2025-12-29,2026-05-13,Paused
4347,Secured radical analyzer,4,Sales,426322,2025-10-27,2025-12-27,Completed
4348,Balanced bottom-line standardization,3,Sales,417307,2025-08-11,2026-03-29,Completed
4349,Streamlined coherent encryption,1,Lead Generation,279750,2025-02-01,2026-02-27,Paused
4350,Organized responsive forecast,2,Sales,37557,2025-01-22,2026-08-10,Active
4351,Extended even-keeled workforce,1,Brand Awareness,20275,2025-02-13,2025-05-12,Completed
4352,Phased stable concept,1,Lead Generation,197516,2025-02-09,2025-02-12,Active
4353,Compatible holistic benchmark,4,Lead Generation,174451,2024-08-13,2025-10-28,Completed
4354,Synchronized well-modulated frame,2,Brand Awareness,205154,2026-04-10,2026-10-14,Completed
4355,Organic secondary extranet,3,Remarketing,480586,2025-06-01,2025-08-10,Paused
4356,Phased zero administration Graphic Interface,2,Lead Generation,288222,2025-12-27,2026-03-21,Active
4357,Assimilated global parallelism,5,Lead Generation,131223,2026-01-14,2026-03-08,Active
4358,Inverse high-level attitude,5,Lead Generation,104853,2025-10-03,2025-11-25,Paused
4359,Automated analyzing framework,2,Sales,302333,2024-07-29,2025-09-12,Paused
4360,Profound real-time hierarchy,5,Product Launch,223089,2025-06-16,2026-08-26,Active
4361,Upgradable executive throughput,2,Sales,171504,2025-09-26,2026-10-10,Completed
4362,Managed optimizing product,5,Remarketing,267491,2024-12-24,2025-09-12,Active
4363,User-friendly dedicated orchestration,2,Lead Generation,33651,2024-12-29,2025-11-17,Completed
4364,Centralized eco-centric strategy,5,Sales,96731,2026-03-11,2026-07-03,Active
4365,Multi-tiered stable leverage,4,Remarketing,102738,2025-11-19,2025-11-23,Active
4366,Streamlined 24/7 info-mediaries,5,Brand Awareness,414408,2024-09-13,2026-09-06,Completed
4367,Balanced systematic ability,4,Product Launch,12356,2025-09-15,2025-11-02,Paused
4368,Operative interactive open architecture,1,Sales,14224,2025-04-06,2026-05-27,Completed
4369,Intuitive local methodology,3,Sales,152980,2025-08-10,2026-10-03,Completed
4370,Business-focused homogeneous info-mediaries,1,Brand Awareness,378718,2025-08-27,2026-01-12,Completed
4371,Adaptive background array,5,Brand Awareness,343090,2026-05-28,2026-10-05,Paused
4372,Re-engineered global encoding,4,Sales,96595,2024-11-21,2025-11-15,Completed
4373,Face-to-face homogeneous installation,4,Sales,89948,2025-08-10,2025-12-10,Paused
4374,Business-focused exuding adapter,4,Sales,176067,2025-07-16,2026-09-01,Paused
4375,Visionary zero administration functionalities,4,Product Launch,184059,2025-05-26,2026-04-02,Active
4376,Exclusive asynchronous groupware,3,Product Launch,228243,2025-06-12,2026-07-04,Active
4377,Persevering next generation approach,1,Lead Generation,459370,2026-05-05,2026-10-01,Paused
4378,Versatile bi-directional data-warehouse,1,Sales,210363,2024-08-07,2025-12-28,Completed
4379,Mandatory encompassing encoding,4,Brand Awareness,73746,2024-09-11,2025-11-11,Active
4380,Cloned logistical project,5,Sales,171458,2026-05-28,2026-07-05,Completed
4381,Switchable optimizing projection,4,Remarketing,460230,2024-10-08,2026-07-07,Completed
4382,Implemented static encryption,4,Sales,370225,2025-11-29,2026-06-28,Paused
4383,Reverse-engineered tertiary circuit,4,Remarketing,466294,2026-03-11,2026-08-26,Active
4384,Down-sized eco-centric framework,4,Brand Awareness,248334,2025-05-10,2025-10-26,Completed
4385,Re-contextualized national process improvement,5,Brand Awareness,183291,2025-01-21,2026-03-17,Completed
4386,Monitored fault-tolerant website,2,Lead Generation,382369,2025-05-13,2026-05-24,Paused
4387,Assimilated user-facing open architecture,4,Brand Awareness,204142,2026-05-15,2026-10-11,Paused
4388,Grass-roots coherent service-desk,4,Lead Generation,156712,2024-08-04,2025-09-15,Paused
4389,Centralized clear-thinking artificial intelligence,3,Product Launch,133885,2026-01-27,2026-03-05,Active
4390,Implemented fresh-thinking analyzer,4,Brand Awareness,352779,2026-06-21,2026-07-22,Completed
4391,Centralized tangible system engine,4,Brand Awareness,341611,2025-12-12,2026-05-20,Completed
4392,Multi-layered radical forecast,4,Product Launch,135753,2026-06-18,2026-08-20,Active
4393,Vision-oriented 3rdgeneration orchestration,1,Sales,241168,2024-07-31,2025-07-12,Active
4394,Function-based background benchmark,2,Lead Generation,283751,2025-09-02,2025-10-28,Active
4395,Stand-alone 5thgeneration open architecture,4,Sales,287279,2025-11-23,2026-02-15,Paused
4396,Public-key 24/7 Internet solution,4,Remarketing,386710,2026-01-11,2026-08-03,Paused
4397,Synergistic human-resource hub,3,Product Launch,153182,2025-09-07,2026-02-06,Active
4398,Adaptive system-worthy portal,1,Remarketing,416816,2026-06-03,2026-09-04,Paused
4399,Reverse-engineered fault-tolerant application,5,Lead Generation,141381,2026-03-19,2026-07-26,Completed
4400,Reactive 4thgeneration product,2,Remarketing,489418,2024-08-10,2025-07-09,Active
4401,Team-oriented bandwidth-monitored methodology,1,Product Launch,149743,2024-10-19,2025-09-22,Paused
4402,Multi-layered neutral architecture,5,Product Launch,16769,2025-04-28,2025-05-15,Paused
4403,Diverse contextually-based throughput,2,Product Launch,463496,2026-01-31,2026-05-31,Completed
4404,Optional analyzing initiative,4,Brand Awareness,31629,2026-06-03,2026-06-03,Paused
4405,Universal client-server model,2,Lead Generation,10034,2025-01-29,2025-12-01,Active
4406,Networked global alliance,3,Lead Generation,453093,2024-08-23,2026-07-12,Paused
4407,Front-line tangible protocol,1,Lead Generation,172489,2024-08-16,2025-08-07,Active
4408,Polarized heuristic productivity,4,Lead Generation,122873,2025-02-11,2025-05-10,Active
4409,Multi-channeled regional task-force,5,Sales,213973,2025-05-04,2026-09-04,Active
4410,Reverse-engineered foreground info-mediaries,4,Remarketing,432625,2024-11-16,2024-12-27,Paused
4411,Profound impactful pricing structure,4,Brand Awareness,289823,2025-02-01,2025-08-20,Paused
4412,Operative disintermediate support,3,Product Launch,478464,2026-01-17,2026-08-06,Paused
4413,Upgradable reciprocal customer loyalty,3,Remarketing,76780,2025-02-12,2025-03-19,Active
4414,Enhanced mobile help-desk,3,Product Launch,152772,2025-04-12,2026-02-22,Active
4415,Networked composite alliance,4,Brand Awareness,32991,2025-09-11,2025-09-14,Completed
4416,Enhanced composite functionalities,2,Remarketing,386487,2025-03-09,2025-12-29,Paused
4417,Proactive context-sensitive productivity,5,Lead Generation,300829,2025-04-03,2025-11-11,Paused
4418,Virtual human-resource standardization,5,Remarketing,206437,2025-06-25,2026-03-01,Completed
4419,Managed next generation throughput,4,Lead Generation,391940,2026-01-02,2026-02-08,Active
4420,Distributed maximized circuit,4,Remarketing,283265,2025-10-31,2026-08-28,Paused
4421,Vision-oriented next generation Graphical User Interface,3,Sales,362954,2025-01-12,2026-09-26,Active
4422,Versatile non-volatile knowledge user,1,Remarketing,348498,2024-10-20,2024-12-31,Paused
4423,Realigned static toolset,4,Lead Generation,459638,2025-11-23,2026-08-21,Paused
4424,Face-to-face bandwidth-monitored capacity,5,Remarketing,196270,2025-03-28,2025-05-03,Completed
4425,Automated web-enabled ability,2,Remarketing,461125,2025-07-26,2025-10-08,Active
4426,Cross-group user-facing flexibility,5,Sales,338287,2025-12-07,2026-03-08,Active
4427,Inverse tertiary conglomeration,2,Sales,20709,2025-05-30,2025-10-10,Paused
4428,Public-key 24hour secured line,2,Lead Generation,409948,2026-05-16,2026-07-08,Active
4429,Intuitive systematic system engine,4,Sales,422588,2024-09-06,2025-10-08,Active
4430,Focused asynchronous encryption,3,Remarketing,47822,2025-09-15,2026-03-11,Paused
4431,Organic bifurcated projection,1,Sales,482298,2026-01-27,2026-07-18,Paused
4432,Configurable uniform Local Area Network,2,Product Launch,448138,2026-03-26,2026-05-12,Paused
4433,Down-sized clear-thinking support,4,Lead Generation,467381,2026-02-11,2026-05-23,Active
4434,Switchable modular task-force,5,Product Launch,397106,2024-10-16,2024-12-07,Paused
4435,Team-oriented optimizing implementation,1,Product Launch,328200,2025-04-22,2026-05-15,Paused
4436,Triple-buffered composite leverage,3,Product Launch,242566,2024-11-14,2026-05-25,Paused
4437,Automated didactic system engine,3,Remarketing,317747,2024-08-21,2026-07-10,Completed
4438,Configurable reciprocal workforce,3,Sales,24808,2025-09-26,2026-02-06,Active
4439,Switchable modular success,2,Brand Awareness,433502,2024-07-26,2025-02-19,Completed
4440,Ergonomic zero administration initiative,3,Sales,333856,2024-11-19,2024-12-14,Completed
4441,Intuitive context-sensitive focus group,3,Product Launch,294049,2026-04-19,2026-08-23,Completed
4442,Cross-platform mobile time-frame,3,Lead Generation,172088,2026-02-14,2026-10-09,Active
4443,Pre-emptive neutral parallelism,5,Lead Generation,497068,2025-09-29,2026-05-13,Active
4444,Upgradable bandwidth-monitored productivity,2,Sales,241611,2024-11-20,2024-12-12,Completed
4445,Right-sized intangible orchestration,1,Sales,460016,2024-12-22,2026-08-16,Completed
4446,Automated global definition,4,Sales,389368,2025-05-22,2025-12-15,Paused
4447,Assimilated heuristic methodology,1,Brand Awareness,134442,2025-01-31,2025-04-25,Paused
4448,User-friendly maximized open system,5,Lead Generation,56550,2025-06-04,2026-04-20,Completed
4449,Right-sized cohesive leverage,4,Product Launch,228843,2025-04-28,2026-01-01,Completed
4450,Persevering 24/7 budgetary management,5,Product Launch,71350,2026-06-26,2026-08-03,Active
4451,Sharable client-server archive,3,Lead Generation,147071,2025-06-21,2025-12-14,Active
4452,Exclusive zero-defect info-mediaries,1,Brand Awareness,196393,2025-09-16,2026-05-21,Paused
4453,Advanced executive hardware,4,Product Launch,273935,2024-11-29,2026-04-06,Completed
4454,Virtual client-server circuit,5,Remarketing,314475,2024-11-27,2025-06-07,Completed
4455,Grass-roots real-time software,2,Lead Generation,305726,2024-08-16,2026-03-19,Completed
4456,Expanded coherent concept,2,Brand Awareness,447535,2026-01-12,2026-02-26,Paused
4457,Business-focused static knowledgebase,4,Brand Awareness,350785,2025-12-14,2026-04-02,Paused
4458,Mandatory intangible hierarchy,5,Brand Awareness,449880,2026-05-10,2026-05-20,Active
4459,Centralized 5thgeneration strategy,4,Sales,67800,2025-06-25,2026-02-07,Active
4460,Cloned contextually-based hub,3,Brand Awareness,301164,2025-05-22,2026-06-22,Completed
4461,Assimilated leadingedge help-desk,2,Brand Awareness,270170,2024-07-24,2025-07-27,Completed
4462,Advanced client-driven synergy,3,Brand Awareness,225979,2025-12-27,2026-05-05,Active
4463,User-centric 24hour firmware,3,Remarketing,30283,2025-12-25,2026-08-14,Completed
4464,De-engineered multimedia protocol,2,Product Launch,223242,2025-01-22,2025-02-20,Paused
4465,Advanced stable productivity,4,Sales,78581,2025-12-13,2026-05-21,Completed
4466,Synergistic intangible secured line,5,Remarketing,49727,2025-12-28,2026-07-30,Completed
4467,Phased contextually-based alliance,5,Sales,58625,2025-03-12,2025-07-05,Paused
4468,Organic disintermediate methodology,1,Sales,457710,2025-03-26,2026-09-06,Completed
4469,Reduced 24/7 knowledge user,2,Remarketing,472473,2024-10-15,2026-02-20,Paused
4470,Cross-platform global flexibility,4,Sales,26607,2026-05-21,2026-07-04,Completed
4471,Reduced responsive leverage,4,Lead Generation,181894,2025-04-02,2026-06-23,Paused
4472,Open-source optimal task-force,1,Brand Awareness,438680,2026-01-02,2026-02-26,Paused
4473,Secured context-sensitive infrastructure,4,Product Launch,245633,2026-04-28,2026-04-28,Paused
4474,Intuitive discrete concept,4,Lead Generation,319074,2026-04-06,2026-07-09,Paused
4475,Virtual intermediate capacity,3,Remarketing,79117,2025-10-16,2026-07-12,Active
4476,Universal 4thgeneration frame,1,Product Launch,70714,2026-07-09,2026-08-31,Active
4477,Ameliorated holistic analyzer,4,Lead Generation,384502,2026-06-13,2026-08-24,Active
4478,Realigned actuating open architecture,2,Remarketing,278388,2025-09-04,2025-11-20,Completed
4479,Focused modular software,2,Lead Generation,317675,2026-06-29,2026-10-10,Completed
4480,Seamless didactic process improvement,3,Lead Generation,180264,2024-09-21,2026-09-28,Paused
4481,De-engineered full-range attitude,2,Remarketing,445963,2026-06-01,2026-08-06,Active
4482,Synchronized 4thgeneration architecture,1,Brand Awareness,146474,2026-06-07,2026-07-07,Completed
4483,Business-focused analyzing policy,3,Brand Awareness,58613,2025-05-24,2026-08-02,Paused
4484,Assimilated scalable time-frame,4,Remarketing,128939,2026-07-02,2026-08-12,Paused
4485,Optimized attitude-oriented superstructure,4,Lead Generation,199050,2024-12-03,2025-01-06,Active
4486,Cross-platform contextually-based policy,5,Lead Generation,211510,2026-01-19,2026-02-05,Paused
4487,Open-source solution-oriented pricing structure,1,Lead Generation,205724,2026-04-29,2026-05-18,Completed
4488,Persevering multi-tasking secured line,5,Product Launch,105094,2025-06-28,2025-12-20,Completed
4489,Reactive contextually-based core,5,Lead Generation,269561,2026-07-13,2026-07-23,Active
4490,Managed eco-centric moderator,5,Lead Generation,85610,2025-02-24,2026-09-07,Paused
4491,Cloned tangible concept,2,Lead Generation,275057,2025-04-06,2026-05-28,Active
4492,Cross-platform actuating projection,4,Remarketing,55264,2026-01-06,2026-04-01,Completed
4493,Total hybrid architecture,4,Brand Awareness,355840,2026-03-07,2026-05-25,Active
4494,Customizable background array,2,Sales,177714,2025-02-12,2026-05-02,Paused
4495,Self-enabling attitude-oriented open system,3,Product Launch,189247,2024-10-22,2025-07-05,Active
4496,Open-architected 6thgeneration function,1,Sales,417853,2024-10-13,2026-09-15,Completed
4497,Synergistic full-range collaboration,3,Product Launch,42922,2026-03-10,2026-04-01,Completed
4498,Reactive explicit productivity,1,Product Launch,459196,2026-04-09,2026-07-08,Paused
4499,Secured next generation firmware,4,Lead Generation,422745,2025-12-22,2026-06-08,Completed
4500,Persevering national hub,5,Brand Awareness,169494,2024-09-04,2026-09-11,Completed
4501,Profit-focused scalable circuit,5,Product Launch,219632,2025-03-20,2026-04-08,Paused
4502,Visionary composite conglomeration,3,Sales,420642,2026-01-15,2026-07-29,Paused
4503,Upgradable bi-directional application,1,Lead Generation,110943,2025-01-04,2026-01-22,Completed
4504,Distributed even-keeled customer loyalty,3,Lead Generation,80457,2025-01-17,2026-08-05,Active
4505,Total zero administration time-frame,2,Sales,486107,2026-01-04,2026-03-16,Active
4506,Profound intermediate budgetary management,4,Remarketing,109563,2026-04-23,2026-06-12,Active
4507,Monitored needs-based extranet,2,Brand Awareness,272420,2025-09-24,2026-07-20,Completed
4508,Cross-platform asymmetric benchmark,5,Lead Generation,126772,2024-10-10,2025-01-20,Active
4509,Automated needs-based moderator,5,Sales,152238,2025-10-07,2025-12-14,Active
4510,Right-sized mobile system engine,4,Product Launch,312352,2025-10-14,2026-02-17,Active
4511,Right-sized tangible moratorium,4,Remarketing,411054,2025-08-26,2025-10-18,Completed
4512,Universal optimizing access,3,Remarketing,261078,2026-01-30,2026-09-17,Paused
4513,Monitored responsive Graphic Interface,4,Lead Generation,495500,2025-10-03,2026-03-08,Active
4514,Stand-alone impactful artificial intelligence,1,Product Launch,87771,2025-10-13,2025-11-11,Active
4515,Fully-configurable local budgetary management,4,Remarketing,49273,2025-03-03,2025-04-06,Paused
4516,Re-contextualized eco-centric instruction set,4,Brand Awareness,494302,2026-06-22,2026-10-05,Paused
4517,Down-sized multimedia artificial intelligence,5,Product Launch,62155,2024-11-17,2026-08-21,Active
4518,Ergonomic optimizing project,1,Brand Awareness,62159,2024-09-19,2025-10-18,Active
4519,Public-key eco-centric flexibility,3,Product Launch,291736,2025-05-05,2025-06-14,Paused
4520,Multi-layered 6thgeneration portal,2,Brand Awareness,35482,2025-12-22,2026-03-29,Active
4521,Customer-focused web-enabled standardization,1,Sales,204881,2025-12-06,2026-02-16,Paused
4522,Object-based analyzing superstructure,4,Brand Awareness,159283,2025-09-03,2026-03-24,Active
4523,Optimized radical secured line,2,Product Launch,12858,2025-09-23,2026-02-22,Paused
4524,Synchronized transitional methodology,4,Brand Awareness,56971,2024-08-10,2025-10-13,Completed
4525,Networked user-facing toolset,2,Brand Awareness,207178,2024-12-25,2026-04-21,Completed
4526,User-friendly interactive structure,5,Brand Awareness,437433,2024-08-04,2025-12-13,Completed
4527,Innovative zero administration support,4,Lead Generation,352449,2024-12-28,2025-01-28,Active
4528,Vision-oriented mobile budgetary management,3,Product Launch,447459,2024-12-03,2025-05-01,Completed
4529,Customizable full-range matrix,3,Product Launch,411284,2026-06-03,2026-10-08,Active
4530,Centralized zero tolerance customer loyalty,2,Remarketing,336999,2025-05-19,2026-06-11,Completed
4531,Secured impactful productivity,1,Brand Awareness,19056,2026-07-14,2026-09-24,Active
4532,Distributed optimal Local Area Network,2,Lead Generation,340736,2025-06-02,2025-09-17,Completed
4533,Cross-group human-resource success,5,Lead Generation,29166,2024-09-06,2024-12-20,Active
4534,Sharable systemic collaboration,1,Brand Awareness,352133,2025-12-08,2026-06-17,Completed
4535,Enhanced fresh-thinking utilization,4,Remarketing,71595,2025-05-11,2026-07-07,Completed
4536,Managed static strategy,2,Brand Awareness,180808,2025-05-06,2026-06-23,Completed
4537,Programmable executive alliance,3,Brand Awareness,429746,2024-12-15,2025-03-02,Completed
4538,Organized fresh-thinking open system,5,Sales,71608,2024-10-28,2026-02-26,Paused
4539,Focused 4thgeneration architecture,3,Product Launch,432101,2025-08-16,2026-04-26,Paused
4540,Reactive global encoding,1,Remarketing,12525,2024-08-13,2025-10-07,Completed
4541,Self-enabling optimal forecast,5,Product Launch,247210,2025-06-18,2026-02-13,Completed
4542,Synchronized mobile encoding,2,Brand Awareness,437643,2025-01-18,2026-07-31,Completed
4543,Synergized 24/7 leverage,5,Product Launch,138321,2026-06-20,2026-10-12,Paused
4544,Secured bi-directional conglomeration,2,Product Launch,270368,2026-03-21,2026-09-19,Active
4545,Public-key logistical budgetary management,4,Lead Generation,53989,2025-11-05,2026-09-08,Paused
4546,Re-engineered fault-tolerant data-warehouse,2,Brand Awareness,261023,2026-01-14,2026-04-16,Active
4547,Optional zero-defect product,1,Product Launch,44525,2026-04-25,2026-09-28,Paused
4548,Implemented object-oriented matrix,3,Brand Awareness,210782,2026-06-08,2026-07-30,Paused
4549,Managed coherent architecture,4,Product Launch,141793,2025-04-19,2026-05-16,Active
4550,Focused bottom-line application,1,Lead Generation,135269,2025-09-06,2025-09-21,Active
4551,Pre-emptive cohesive framework,4,Sales,406041,2025-07-22,2026-01-27,Completed
4552,Expanded tertiary knowledge user,1,Sales,211101,2024-12-01,2025-12-02,Paused
4553,Fundamental systematic interface,2,Lead Generation,379576,2025-12-10,2026-10-04,Active
4554,Vision-oriented dedicated solution,4,Remarketing,344307,2025-10-30,2026-09-30,Completed
4555,Proactive static budgetary management,2,Remarketing,371338,2025-12-03,2026-05-20,Paused
4556,Sharable directional conglomeration,4,Remarketing,382457,2025-01-02,2025-10-08,Active
4557,Multi-layered tertiary orchestration,2,Lead Generation,148612,2026-02-20,2026-04-15,Paused
4558,Ergonomic systemic productivity,2,Product Launch,451867,2026-07-05,2026-07-21,Active
4559,Networked impactful concept,2,Remarketing,472269,2024-08-09,2026-08-18,Active
4560,Total background attitude,3,Product Launch,467672,2025-10-24,2026-09-09,Completed
4561,Fundamental secondary structure,5,Brand Awareness,412568,2025-03-26,2025-12-24,Paused
4562,Digitized asymmetric functionalities,3,Sales,175627,2025-06-05,2026-04-30,Completed
4563,Secured 4thgeneration synergy,1,Brand Awareness,387513,2025-10-23,2026-08-17,Completed
4564,Switchable client-driven firmware,2,Brand Awareness,189494,2024-12-25,2026-09-22,Completed
4565,Extended reciprocal info-mediaries,1,Lead Generation,322732,2025-09-20,2026-01-19,Completed
4566,Customer-focused national artificial intelligence,3,Product Launch,245629,2024-10-01,2024-11-30,Active
4567,Seamless 5thgeneration Local Area Network,5,Sales,309534,2024-11-09,2026-04-29,Paused
4568,Quality-focused high-level complexity,2,Brand Awareness,334543,2025-01-12,2026-08-02,Active
4569,Integrated actuating orchestration,1,Lead Generation,302346,2026-04-13,2026-04-24,Active
4570,Exclusive grid-enabled migration,3,Lead Generation,184608,2026-04-13,2026-09-14,Completed
4571,Upgradable even-keeled website,4,Remarketing,153352,2026-05-04,2026-06-17,Completed
4572,Visionary exuding superstructure,1,Sales,377460,2025-01-14,2025-11-28,Active
4573,Fully-configurable user-facing interface,2,Sales,447761,2025-06-12,2026-10-02,Active
4574,Total well-modulated model,3,Lead Generation,424628,2024-09-02,2026-03-10,Completed
4575,Business-focused multimedia application,2,Sales,195715,2025-10-24,2026-06-08,Completed
4576,Cloned intermediate analyzer,5,Brand Awareness,479135,2024-07-18,2025-12-02,Active
4577,Reactive intermediate forecast,3,Product Launch,50175,2026-05-23,2026-08-13,Paused
4578,Monitored bandwidth-monitored protocol,2,Brand Awareness,181081,2025-05-12,2025-08-24,Paused
4579,Triple-buffered executive function,2,Lead Generation,223780,2025-02-15,2026-02-06,Paused
4580,Future-proofed 3rdgeneration leverage,5,Brand Awareness,310873,2026-01-11,2026-08-19,Active
4581,Assimilated zero tolerance migration,4,Product Launch,190834,2025-02-28,2026-05-02,Paused
4582,Team-oriented asymmetric portal,4,Lead Generation,302342,2024-08-29,2026-05-15,Active
4583,Managed executive challenge,3,Remarketing,480213,2026-07-13,2026-10-10,Completed
4584,Total asymmetric encryption,5,Sales,410663,2025-10-10,2025-10-13,Paused
4585,Up-sized multi-state model,1,Remarketing,297912,2026-05-24,2026-06-27,Completed
4586,Operative static open system,2,Product Launch,260680,2025-04-06,2026-05-31,Active
4587,Multi-layered methodical moderator,1,Remarketing,390894,2024-10-22,2026-06-14,Paused
4588,Streamlined modular budgetary management,1,Brand Awareness,260441,2024-07-26,2026-09-20,Active
4589,Synergistic full-range application,4,Sales,238645,2024-10-31,2025-03-22,Active
4590,Multi-lateral radical Local Area Network,1,Product Launch,51733,2025-12-17,2025-12-22,Paused
4591,Integrated radical project,2,Lead Generation,423984,2025-07-07,2026-03-08,Paused
4592,Enterprise-wide intangible hardware,2,Sales,25447,2026-05-10,2026-05-24,Paused
4593,Integrated optimal hierarchy,3,Lead Generation,215712,2026-02-22,2026-03-20,Paused
4594,Persevering 6thgeneration function,1,Lead Generation,394575,2024-12-12,2026-03-25,Active
4595,Advanced multi-state artificial intelligence,3,Sales,400482,2025-03-08,2025-07-11,Completed
4596,Intuitive optimal encoding,2,Remarketing,494221,2025-03-16,2026-04-10,Paused
4597,Face-to-face bi-directional Internet solution,2,Brand Awareness,464705,2026-03-05,2026-03-09,Active
4598,Public-key object-oriented hub,2,Sales,67643,2025-08-15,2026-10-07,Completed
4599,Reduced radical encryption,5,Remarketing,485012,2025-03-28,2026-01-31,Active
4600,Proactive hybrid open system,5,Product Launch,107187,2025-05-14,2025-08-10,Active
4601,Implemented 3rdgeneration focus group,4,Product Launch,312409,2025-07-19,2026-07-27,Completed
4602,Optimized holistic challenge,5,Product Launch,418320,2025-09-30,2025-12-07,Active
4603,Configurable scalable data-warehouse,4,Sales,297466,2025-09-04,2026-05-13,Active
4604,Universal clear-thinking encoding,5,Product Launch,478253,2025-03-17,2025-03-27,Paused
4605,User-centric uniform paradigm,1,Product Launch,443967,2026-03-03,2026-08-04,Paused
4606,Ergonomic leadingedge hierarchy,1,Remarketing,303833,2026-02-14,2026-08-12,Paused
4607,Decentralized 6thgeneration open system,4,Brand Awareness,353315,2024-08-02,2026-07-03,Active
4608,Reduced motivating toolset,3,Remarketing,229367,2025-06-11,2026-07-14,Active
4609,Exclusive empowering leverage,5,Lead Generation,34951,2025-06-10,2026-07-18,Active
4610,Secured upward-trending complexity,3,Sales,498578,2026-02-19,2026-07-14,Completed
4611,Fully-configurable demand-driven attitude,3,Sales,112904,2025-12-22,2026-06-18,Completed
4612,Profit-focused encompassing emulation,3,Brand Awareness,91431,2024-09-02,2026-03-12,Active
4613,Up-sized optimal frame,3,Lead Generation,457883,2025-08-16,2026-02-23,Active
4614,Multi-tiered user-facing function,5,Lead Generation,226432,2026-05-28,2026-09-07,Paused
4615,Distributed tertiary time-frame,1,Product Launch,229564,2024-12-20,2025-05-19,Completed
4616,Open-source directional focus group,4,Remarketing,388735,2026-03-11,2026-09-19,Paused
4617,Diverse zero tolerance methodology,2,Lead Generation,106917,2025-11-24,2026-04-08,Completed
4618,Open-architected coherent portal,2,Brand Awareness,323989,2026-04-15,2026-06-26,Paused
4619,Fundamental object-oriented budgetary management,5,Lead Generation,62172,2025-05-02,2026-10-01,Active
4620,Ameliorated tangible extranet,1,Brand Awareness,214107,2025-08-06,2025-12-13,Paused
4621,Quality-focused leadingedge strategy,5,Brand Awareness,174575,2026-02-04,2026-05-30,Paused
4622,Reactive background toolset,4,Brand Awareness,440949,2025-07-28,2026-05-02,Active
4623,Future-proofed real-time model,5,Lead Generation,466768,2025-06-10,2026-04-12,Paused
4624,Quality-focused interactive software,5,Sales,453676,2026-03-12,2026-10-15,Paused
4625,Inverse zero tolerance website,3,Product Launch,157784,2026-03-25,2026-04-16,Active
4626,Fully-configurable bifurcated benchmark,2,Lead Generation,111713,2025-05-13,2025-10-03,Paused
4627,Extended impactful initiative,1,Remarketing,488885,2025-04-04,2026-09-06,Active
4628,Future-proofed grid-enabled capacity,3,Sales,317307,2026-06-05,2026-07-26,Completed
4629,User-friendly radical website,4,Brand Awareness,198509,2026-04-13,2026-09-15,Active
4630,Versatile secondary system engine,5,Lead Generation,224038,2026-06-02,2026-10-01,Active
4631,Digitized encompassing complexity,2,Lead Generation,251886,2024-08-30,2026-08-03,Active
4632,Open-architected 6thgeneration function,5,Sales,334006,2025-03-22,2025-11-03,Paused
4633,Enterprise-wide bifurcated contingency,2,Lead Generation,226092,2026-01-14,2026-01-15,Paused
4634,Robust user-facing instruction set,3,Remarketing,412644,2026-03-14,2026-03-29,Paused
4635,Switchable fresh-thinking matrix,4,Brand Awareness,383479,2025-12-02,2026-09-24,Active
4636,Pre-emptive bifurcated policy,2,Product Launch,258856,2026-04-02,2026-06-20,Active
4637,Horizontal demand-driven approach,5,Remarketing,408678,2024-12-02,2026-03-24,Completed
4638,Persistent explicit definition,2,Sales,13522,2025-12-03,2026-06-12,Completed
4639,Total eco-centric alliance,3,Remarketing,25562,2026-02-21,2026-06-06,Active
4640,Right-sized homogeneous moderator,3,Product Launch,344002,2026-07-17,2026-08-29,Completed
4641,Virtual solution-oriented capacity,4,Remarketing,162242,2026-01-30,2026-06-18,Completed
4642,Polarized composite structure,4,Sales,445262,2025-11-25,2026-02-05,Active
4643,Ameliorated 24/7 neural-net,5,Brand Awareness,228765,2025-11-12,2026-06-15,Completed
4644,Expanded 6thgeneration website,4,Remarketing,191615,2025-03-01,2025-05-17,Completed
4645,Cross-group bifurcated utilization,1,Product Launch,379045,2024-11-02,2026-06-03,Paused
4646,Inverse 3rdgeneration projection,4,Product Launch,269142,2025-12-07,2026-09-22,Active
4647,Self-enabling encompassing budgetary management,4,Remarketing,289269,2024-09-17,2026-04-08,Active
4648,Triple-buffered multi-state synergy,5,Brand Awareness,265501,2025-10-21,2026-04-14,Paused
4649,Team-oriented multimedia firmware,3,Remarketing,92896,2025-03-18,2025-10-31,Paused
4650,Organized non-volatile extranet,4,Lead Generation,70589,2025-05-31,2026-10-10,Completed
4651,Operative bottom-line Local Area Network,3,Lead Generation,415783,2026-04-05,2026-09-24,Paused
4652,Adaptive real-time database,3,Product Launch,42374,2025-04-07,2025-08-25,Completed
4653,Monitored non-volatile initiative,5,Sales,443346,2026-05-23,2026-08-28,Paused
4654,Persevering secondary product,1,Lead Generation,13654,2026-03-03,2026-09-22,Paused
4655,Profit-focused web-enabled paradigm,5,Lead Generation,25935,2026-03-10,2026-05-01,Active
4656,Progressive neutral paradigm,1,Remarketing,21948,2025-10-17,2025-11-08,Completed
4657,Managed real-time budgetary management,3,Sales,299963,2024-07-28,2025-04-11,Completed
4658,Reactive holistic Graphical User Interface,3,Brand Awareness,94962,2026-01-13,2026-02-18,Paused
4659,Proactive uniform hierarchy,1,Remarketing,186831,2024-11-15,2025-12-18,Completed
4660,Networked contextually-based adapter,3,Product Launch,362671,2025-09-15,2026-06-11,Active
4661,Centralized optimizing encoding,5,Brand Awareness,96584,2026-04-23,2026-08-24,Active
4662,Public-key interactive challenge,3,Brand Awareness,147037,2026-01-02,2026-03-21,Completed
4663,Sharable upward-trending emulation,2,Product Launch,426159,2024-09-30,2025-08-02,Completed
4664,Visionary neutral application,4,Lead Generation,352873,2026-06-08,2026-06-16,Active
4665,Fundamental eco-centric middleware,1,Product Launch,400720,2025-02-18,2025-11-11,Paused
4666,User-centric zero tolerance toolset,4,Product Launch,454983,2025-03-01,2025-10-02,Active
4667,Decentralized explicit adapter,4,Product Launch,74103,2024-08-08,2025-05-12,Paused
4668,Stand-alone demand-driven complexity,1,Product Launch,440486,2024-12-02,2026-10-06,Paused
4669,Configurable intermediate help-desk,3,Lead Generation,486198,2025-03-28,2025-08-11,Paused
4670,Synergistic non-volatile database,3,Product Launch,320577,2025-07-12,2026-02-01,Active
4671,Intuitive leadingedge access,5,Remarketing,36620,2025-08-19,2025-12-11,Active
4672,Secured user-facing definition,3,Brand Awareness,487526,2025-01-05,2026-09-24,Paused
4673,Triple-buffered upward-trending interface,3,Sales,275401,2026-04-05,2026-08-18,Paused
4674,Upgradable local function,5,Brand Awareness,414113,2025-10-20,2026-07-26,Active
4675,Persistent transitional implementation,5,Sales,495762,2025-11-11,2026-09-30,Completed
4676,Function-based optimal projection,5,Lead Generation,12064,2026-05-30,2026-09-10,Paused
4677,Profit-focused transitional throughput,5,Remarketing,489258,2025-10-22,2026-08-05,Paused
4678,Implemented 5thgeneration application,4,Product Launch,253233,2026-04-12,2026-08-26,Paused
4679,Digitized 4thgeneration array,2,Brand Awareness,273039,2025-08-13,2025-08-30,Active
4680,Open-architected fault-tolerant core,4,Remarketing,230580,2025-01-24,2025-07-29,Paused
4681,Stand-alone actuating access,3,Remarketing,150594,2025-08-01,2026-04-03,Paused
4682,Persevering system-worthy core,4,Brand Awareness,249487,2024-10-04,2026-06-09,Completed
4683,Pre-emptive secondary capability,1,Product Launch,493272,2025-10-14,2025-12-30,Paused
4684,Business-focused 4thgeneration hierarchy,5,Sales,122370,2025-03-02,2026-04-17,Paused
4685,Team-oriented multimedia challenge,5,Lead Generation,332339,2024-08-15,2026-06-22,Completed
4686,Future-proofed scalable policy,3,Remarketing,362516,2026-05-06,2026-10-14,Active
4687,Configurable disintermediate extranet,4,Lead Generation,423909,2025-12-20,2026-06-26,Completed
4688,Exclusive uniform approach,1,Brand Awareness,47089,2025-11-12,2026-06-18,Active
4689,Open-architected tertiary initiative,2,Sales,244513,2025-01-12,2026-07-09,Active
4690,Open-architected responsive adapter,4,Remarketing,56958,2025-01-19,2025-12-15,Completed
4691,Fundamental well-modulated collaboration,5,Product Launch,438869,2024-12-05,2025-06-17,Paused
4692,Object-based methodical neural-net,1,Brand Awareness,388257,2025-07-21,2025-10-24,Active
4693,Public-key 4thgeneration customer loyalty,5,Brand Awareness,71889,2025-11-21,2026-09-09,Active
4694,Re-contextualized maximized monitoring,3,Product Launch,349723,2025-06-20,2025-08-13,Paused
4695,Digitized user-facing benchmark,4,Product Launch,200226,2026-02-19,2026-03-03,Paused
4696,Polarized asynchronous definition,4,Lead Generation,445296,2025-04-27,2026-04-16,Paused
4697,User-centric directional system engine,3,Brand Awareness,237622,2024-10-23,2026-05-24,Completed
4698,Centralized web-enabled projection,5,Lead Generation,220301,2024-10-27,2026-02-12,Completed
4699,User-friendly executive orchestration,3,Lead Generation,48762,2025-05-16,2026-05-09,Completed
4700,Programmable explicit database,5,Lead Generation,30679,2025-12-18,2026-06-29,Paused
4701,Synergized uniform alliance,4,Lead Generation,348211,2025-05-02,2025-05-29,Paused
4702,Balanced static projection,2,Remarketing,498881,2025-11-11,2026-08-16,Paused
4703,Streamlined dedicated product,3,Lead Generation,395174,2026-01-03,2026-01-23,Active
4704,Ameliorated client-driven parallelism,5,Product Launch,394692,2025-08-02,2026-08-27,Paused
4705,Realigned foreground open system,2,Brand Awareness,432095,2026-04-26,2026-05-19,Paused
4706,Reactive explicit encoding,1,Remarketing,403595,2025-10-09,2026-03-27,Paused
4707,Digitized analyzing concept,2,Product Launch,75214,2024-10-05,2026-10-02,Completed
4708,Switchable zero-defect paradigm,2,Product Launch,136737,2026-02-16,2026-08-22,Active
4709,Enhanced eco-centric info-mediaries,1,Brand Awareness,95309,2026-04-08,2026-04-28,Active
4710,Reactive hybrid access,3,Sales,191138,2024-08-26,2026-01-19,Completed
4711,Profit-focused web-enabled moderator,4,Lead Generation,238555,2025-02-04,2025-04-23,Paused
4712,Implemented fault-tolerant Local Area Network,4,Sales,153474,2025-03-20,2025-04-28,Completed
4713,Cross-group client-driven moratorium,2,Lead Generation,486222,2026-05-13,2026-09-13,Completed
4714,Profound empowering knowledgebase,1,Sales,404406,2026-01-08,2026-06-29,Active
4715,Horizontal regional application,3,Product Launch,280346,2026-03-29,2026-04-30,Active
4716,Versatile mission-critical challenge,4,Product Launch,61427,2025-02-20,2026-06-16,Active
4717,Enterprise-wide foreground project,1,Lead Generation,103531,2025-10-17,2025-12-09,Active
4718,Robust full-range hierarchy,1,Lead Generation,261961,2024-12-04,2025-11-16,Paused
4719,Function-based bifurcated standardization,1,Product Launch,203197,2025-02-06,2025-10-13,Paused
4720,Quality-focused upward-trending frame,1,Brand Awareness,253715,2025-04-17,2025-12-22,Paused
4721,Adaptive reciprocal throughput,1,Brand Awareness,45253,2024-12-14,2025-06-11,Paused
4722,Function-based global matrices,1,Product Launch,255979,2026-03-09,2026-03-19,Completed
4723,Persevering multi-tasking emulation,2,Brand Awareness,117768,2025-12-17,2026-05-19,Paused
4724,Total directional structure,4,Sales,499294,2025-11-25,2026-02-22,Completed
4725,Universal uniform framework,3,Sales,264631,2024-10-11,2026-10-01,Completed
4726,User-friendly leadingedge secured line,4,Sales,102845,2025-04-27,2026-07-15,Completed
4727,Reverse-engineered 3rdgeneration productivity,2,Sales,252057,2025-11-19,2026-09-19,Paused
4728,Visionary cohesive circuit,1,Product Launch,36133,2026-02-13,2026-03-19,Active
4729,Sharable solution-oriented infrastructure,2,Product Launch,54025,2026-06-26,2026-10-05,Paused
4730,Cross-platform heuristic process improvement,2,Brand Awareness,388609,2025-12-25,2026-06-24,Paused
4731,Adaptive fresh-thinking product,2,Remarketing,161696,2025-02-26,2025-10-04,Completed
4732,Diverse intermediate capacity,3,Brand Awareness,48533,2025-11-24,2026-04-22,Completed
4733,Multi-tiered incremental structure,2,Remarketing,446355,2024-08-26,2024-09-21,Completed
4734,Proactive 3rdgeneration complexity,4,Sales,251724,2025-12-26,2026-03-08,Active
4735,Robust maximized functionalities,4,Lead Generation,445393,2025-04-15,2026-05-02,Paused
4736,Cross-group regional paradigm,4,Brand Awareness,286675,2025-11-06,2025-12-26,Active
4737,Versatile logistical hierarchy,5,Brand Awareness,124432,2025-11-25,2025-12-31,Completed
4738,Sharable intangible monitoring,4,Remarketing,447594,2025-06-11,2026-01-10,Active
4739,Automated 4thgeneration core,2,Lead Generation,465235,2026-01-13,2026-02-04,Completed
4740,Organic analyzing installation,4,Lead Generation,229448,2024-12-11,2026-05-12,Completed
4741,De-engineered optimizing productivity,1,Sales,406604,2024-12-15,2026-05-27,Completed
4742,Synergized multi-tasking algorithm,5,Product Launch,300057,2025-07-18,2026-10-05,Active
4743,Multi-lateral modular service-desk,4,Remarketing,232823,2026-06-06,2026-06-26,Active
4744,Object-based national monitoring,4,Lead Generation,246362,2025-02-12,2026-07-17,Completed
4745,Future-proofed full-range instruction set,5,Lead Generation,221349,2026-02-21,2026-04-27,Completed
4746,Fundamental fresh-thinking pricing structure,2,Brand Awareness,289153,2026-06-01,2026-07-18,Active
4747,Re-engineered foreground toolset,2,Lead Generation,56494,2024-11-16,2026-08-02,Active
4748,Managed uniform hub,1,Lead Generation,465696,2024-11-20,2025-07-24,Completed
4749,Grass-roots well-modulated encryption,3,Sales,420043,2025-02-28,2025-07-21,Paused
4750,Multi-channeled optimal matrices,5,Remarketing,208549,2025-08-12,2026-07-17,Paused
4751,Centralized mobile Internet solution,1,Brand Awareness,190425,2025-11-07,2026-02-14,Paused
4752,Multi-tiered impactful installation,2,Lead Generation,174151,2025-02-19,2025-11-08,Completed
4753,Devolved bifurcated extranet,3,Brand Awareness,369498,2025-07-06,2026-07-09,Completed
4754,Distributed maximized firmware,4,Sales,306595,2026-02-03,2026-03-26,Completed
4755,Innovative background interface,3,Sales,439915,2025-05-15,2025-11-29,Paused
4756,Optimized intangible Graphic Interface,2,Lead Generation,475395,2025-11-16,2025-11-22,Active
4757,Vision-oriented 6thgeneration archive,1,Product Launch,338502,2026-02-18,2026-06-18,Completed
4758,Automated methodical Local Area Network,2,Brand Awareness,89331,2024-12-11,2024-12-14,Completed
4759,Automated explicit throughput,5,Sales,23881,2025-02-24,2026-08-13,Completed
4760,Configurable leadingedge moderator,2,Sales,20150,2026-01-20,2026-04-05,Paused
4761,Devolved analyzing monitoring,2,Product Launch,53510,2026-02-22,2026-05-20,Paused
4762,Re-contextualized 24/7 product,2,Lead Generation,283765,2026-06-14,2026-08-30,Paused
4763,Future-proofed multimedia encoding,1,Lead Generation,323671,2025-06-11,2025-09-01,Active
4764,Face-to-face encompassing hardware,4,Brand Awareness,185118,2024-11-08,2026-01-16,Paused
4765,Multi-channeled 4thgeneration hardware,3,Product Launch,350051,2024-11-26,2025-07-06,Paused
4766,Progressive non-volatile encryption,4,Remarketing,450625,2025-08-26,2025-09-02,Completed
4767,Triple-buffered mission-critical synergy,2,Remarketing,185219,2024-09-06,2026-07-02,Paused
4768,Organized system-worthy service-desk,4,Lead Generation,250426,2025-07-10,2026-10-13,Paused
4769,Grass-roots 24/7 installation,1,Remarketing,420814,2024-10-25,2026-07-10,Completed
4770,Fundamental 24hour concept,1,Product Launch,352735,2026-04-17,2026-08-25,Paused
4771,Reduced logistical hub,1,Lead Generation,184910,2025-07-22,2026-02-16,Paused
4772,Visionary multi-state data-warehouse,3,Product Launch,195076,2025-03-20,2025-06-27,Active
4773,Mandatory context-sensitive artificial intelligence,2,Lead Generation,454159,2024-11-03,2025-07-16,Active
4774,Monitored full-range hierarchy,3,Lead Generation,243705,2026-05-07,2026-06-23,Active
4775,Persevering needs-based info-mediaries,2,Lead Generation,180092,2025-12-21,2026-06-19,Completed
4776,Team-oriented fresh-thinking initiative,3,Brand Awareness,99259,2026-02-05,2026-07-31,Active
4777,Cloned impactful hub,4,Brand Awareness,250754,2025-10-23,2026-04-22,Paused
4778,Optional empowering success,1,Remarketing,402847,2024-10-01,2025-05-13,Active
4779,Cross-group zero tolerance paradigm,1,Remarketing,297426,2025-12-23,2026-03-09,Completed
4780,Innovative web-enabled parallelism,5,Remarketing,233595,2025-02-19,2025-08-30,Paused
4781,Configurable 6thgeneration matrix,1,Remarketing,476977,2025-06-08,2025-12-10,Completed
4782,Centralized hybrid hub,1,Product Launch,257647,2026-07-16,2026-07-18,Completed
4783,Diverse even-keeled firmware,5,Lead Generation,38892,2025-07-01,2025-09-24,Active
4784,Cross-group composite collaboration,4,Remarketing,267214,2026-05-23,2026-09-10,Paused
4785,Monitored local forecast,3,Sales,190545,2024-11-28,2025-03-25,Active
4786,Face-to-face 24hour orchestration,3,Product Launch,189917,2025-02-24,2026-03-15,Paused
4787,Pre-emptive upward-trending implementation,3,Brand Awareness,333528,2025-10-01,2025-11-14,Active
4788,Sharable demand-driven customer loyalty,1,Sales,256000,2025-12-07,2026-06-07,Active
4789,Open-architected composite solution,4,Sales,30888,2025-09-16,2026-05-29,Paused
4790,Synergistic asymmetric data-warehouse,3,Lead Generation,188182,2024-11-28,2025-04-25,Paused
4791,Self-enabling 3rdgeneration access,3,Brand Awareness,292823,2026-01-11,2026-05-23,Paused
4792,Distributed responsive capability,4,Brand Awareness,164106,2024-11-25,2024-12-09,Paused
4793,Integrated tertiary intranet,2,Sales,18986,2025-07-26,2026-03-03,Completed
4794,Business-focused static encoding,1,Sales,389779,2026-04-05,2026-07-09,Paused
4795,Mandatory dedicated encoding,3,Lead Generation,73728,2025-12-14,2025-12-27,Active
4796,Organized methodical Graphical User Interface,3,Sales,385203,2025-10-03,2025-11-04,Completed
4797,Organized leadingedge software,2,Lead Generation,91804,2025-12-10,2026-06-09,Paused
4798,Re-engineered real-time methodology,2,Lead Generation,293799,2026-02-20,2026-05-01,Paused
4799,Virtual composite knowledgebase,3,Remarketing,281723,2024-12-12,2025-10-25,Active
4800,Advanced transitional frame,2,Product Launch,210562,2024-08-05,2025-09-18,Completed
4801,Multi-tiered composite algorithm,5,Remarketing,146762,2026-01-22,2026-08-23,Active
4802,Synergistic clear-thinking encoding,3,Sales,465868,2025-07-11,2026-09-30,Completed
4803,Secured asynchronous budgetary management,2,Remarketing,379309,2025-08-12,2025-11-14,Completed
4804,Adaptive holistic help-desk,5,Brand Awareness,16597,2024-08-15,2024-10-17,Completed
4805,User-friendly composite success,5,Sales,189659,2025-08-11,2026-06-25,Active
4806,Extended explicit help-desk,4,Product Launch,71176,2024-12-25,2025-12-20,Paused
4807,Multi-tiered leadingedge structure,2,Brand Awareness,370284,2025-06-12,2025-11-07,Paused
4808,Progressive value-added budgetary management,5,Brand Awareness,122634,2024-10-20,2026-06-28,Active
4809,Total regional policy,3,Product Launch,94184,2024-11-01,2025-01-23,Paused
4810,Horizontal bifurcated software,2,Sales,382561,2024-10-05,2024-10-05,Active
4811,Compatible responsive encryption,4,Sales,163771,2025-06-08,2025-06-10,Completed
4812,Operative incremental data-warehouse,1,Brand Awareness,11528,2024-11-29,2025-06-18,Active
4813,Optional interactive interface,2,Product Launch,217462,2025-02-15,2025-11-07,Active
4814,Expanded user-facing productivity,5,Brand Awareness,469544,2024-12-19,2025-12-11,Completed
4815,Diverse real-time collaboration,1,Product Launch,20528,2025-01-15,2025-06-05,Active
4816,Devolved 24/7 utilization,1,Product Launch,399001,2024-07-22,2024-08-01,Active
4817,Extended homogeneous support,4,Product Launch,216074,2025-06-07,2026-05-20,Active
4818,Function-based multi-state monitoring,3,Sales,74647,2025-08-07,2025-10-04,Active
4819,Stand-alone dedicated artificial intelligence,1,Product Launch,113740,2025-11-25,2026-09-24,Paused
4820,Reactive multi-tasking matrices,4,Lead Generation,29864,2025-06-13,2026-02-24,Paused
4821,Up-sized tertiary process improvement,1,Lead Generation,320394,2025-04-19,2026-04-10,Active
4822,Universal hybrid analyzer,2,Sales,269764,2025-06-11,2026-09-06,Paused
4823,Synchronized uniform function,2,Lead Generation,33454,2025-09-15,2026-04-06,Completed
4824,Centralized asynchronous application,2,Product Launch,415082,2025-10-24,2026-08-01,Paused
4825,Multi-lateral 5thgeneration strategy,3,Lead Generation,226176,2026-06-18,2026-08-13,Completed
4826,Seamless scalable initiative,3,Sales,232170,2025-05-12,2025-12-10,Active
4827,Persistent scalable access,3,Remarketing,282223,2025-01-08,2025-05-16,Active
4828,Public-key next generation conglomeration,1,Sales,330952,2025-10-01,2026-01-31,Paused
4829,Right-sized clear-thinking help-desk,2,Remarketing,348907,2024-09-22,2024-10-01,Active
4830,Decentralized static matrices,2,Remarketing,423902,2024-08-26,2025-05-11,Paused
4831,Optional multi-tasking monitoring,4,Brand Awareness,172155,2024-08-22,2025-11-09,Completed
4832,User-centric transitional hierarchy,4,Brand Awareness,20442,2024-10-24,2025-10-27,Paused
4833,Centralized cohesive matrix,4,Sales,300820,2024-09-28,2025-08-16,Completed
4834,Optimized solution-oriented challenge,5,Sales,43396,2024-11-01,2025-04-16,Paused
4835,Digitized maximized core,5,Brand Awareness,477817,2025-03-09,2025-10-13,Completed
4836,Exclusive clear-thinking framework,5,Remarketing,439572,2025-12-24,2026-07-22,Completed
4837,De-engineered well-modulated Graphical User Interface,5,Product Launch,454453,2026-01-12,2026-03-26,Active
4838,Assimilated non-volatile installation,4,Product Launch,431003,2026-07-15,2026-08-17,Paused
4839,Multi-lateral value-added alliance,4,Remarketing,105407,2026-01-31,2026-03-16,Active
4840,Focused systemic hub,4,Lead Generation,292921,2026-03-10,2026-04-17,Completed
4841,Enterprise-wide upward-trending archive,2,Brand Awareness,126742,2025-09-02,2025-09-21,Paused
4842,Extended eco-centric leverage,4,Lead Generation,316276,2025-10-05,2026-04-13,Paused
4843,Enhanced client-server solution,1,Product Launch,319022,2026-06-11,2026-08-23,Completed
4844,Implemented analyzing core,3,Sales,18511,2024-08-20,2024-10-06,Completed
4845,Ergonomic next generation Graphical User Interface,5,Lead Generation,264559,2025-04-27,2025-08-06,Completed
4846,Decentralized actuating solution,3,Remarketing,263880,2024-09-02,2025-07-26,Completed
4847,Phased regional framework,5,Sales,256105,2024-11-18,2026-09-15,Active
4848,Fundamental intermediate definition,4,Remarketing,449472,2025-06-14,2026-09-18,Paused
4849,Compatible multi-state focus group,5,Product Launch,34297,2024-08-02,2024-08-02,Completed
4850,Optimized static analyzer,4,Remarketing,373499,2024-07-21,2024-08-11,Paused
4851,Team-oriented transitional secured line,4,Lead Generation,97186,2025-09-07,2026-04-18,Active
4852,Multi-lateral analyzing standardization,1,Lead Generation,314206,2026-04-22,2026-07-14,Completed
4853,Team-oriented zero-defect interface,2,Product Launch,163629,2025-10-04,2026-02-03,Active
4854,Visionary analyzing archive,4,Sales,437036,2026-01-08,2026-03-09,Completed
4855,Reduced multimedia migration,5,Remarketing,432745,2025-07-21,2025-11-11,Paused
4856,Self-enabling 4thgeneration frame,4,Lead Generation,29183,2026-07-17,2026-08-18,Paused
4857,Automated tangible core,4,Lead Generation,190327,2025-10-10,2026-06-17,Completed
4858,Monitored homogeneous protocol,4,Remarketing,108554,2026-01-06,2026-09-07,Completed
4859,Distributed optimal task-force,3,Remarketing,294393,2024-08-15,2026-07-18,Paused
4860,Switchable bifurcated service-desk,4,Sales,380512,2025-10-17,2026-03-25,Active
4861,Synergistic coherent Local Area Network,5,Lead Generation,168965,2024-12-13,2026-03-06,Active
4862,Multi-layered well-modulated conglomeration,2,Brand Awareness,282453,2026-02-27,2026-06-21,Completed
4863,Customer-focused multi-tasking infrastructure,2,Product Launch,435439,2025-05-05,2026-08-04,Completed
4864,Robust zero tolerance Local Area Network,2,Lead Generation,30582,2024-09-10,2025-10-22,Paused
4865,Front-line executive strategy,1,Brand Awareness,377404,2026-03-13,2026-06-14,Active
4866,Multi-lateral 5thgeneration protocol,1,Product Launch,317181,2024-10-16,2025-02-26,Paused
4867,Extended bandwidth-monitored migration,1,Brand Awareness,269889,2024-09-18,2026-03-18,Paused
4868,Team-oriented content-based hardware,3,Sales,445847,2025-02-06,2025-03-25,Completed
4869,Multi-layered hybrid neural-net,4,Remarketing,434942,2026-02-17,2026-05-19,Active
4870,Distributed local access,2,Brand Awareness,497528,2025-08-29,2026-03-06,Completed
4871,Adaptive full-range orchestration,4,Sales,321228,2024-07-20,2024-08-10,Paused
4872,Vision-oriented disintermediate migration,1,Sales,242565,2025-02-07,2025-06-19,Active
4873,Cross-platform composite circuit,5,Sales,345761,2024-08-18,2024-10-19,Paused
4874,Reduced eco-centric knowledgebase,2,Remarketing,50694,2025-05-24,2026-04-03,Active
4875,Proactive tertiary methodology,2,Brand Awareness,29505,2026-04-05,2026-07-09,Active
4876,User-centric executive frame,5,Product Launch,368529,2025-03-03,2026-08-21,Paused
4877,Cloned bifurcated software,1,Brand Awareness,446669,2025-04-04,2025-12-17,Active
4878,Function-based clear-thinking solution,1,Brand Awareness,21954,2025-12-21,2026-10-01,Completed
4879,Adaptive eco-centric support,5,Lead Generation,274130,2025-11-28,2026-10-03,Completed
4880,Persistent full-range model,2,Brand Awareness,173674,2025-01-31,2026-04-12,Paused
4881,Devolved tertiary hardware,4,Sales,334040,2024-08-12,2024-11-08,Active
4882,Profit-focused local flexibility,4,Product Launch,271726,2025-03-01,2025-05-22,Active
4883,Fundamental tangible function,4,Remarketing,56208,2024-10-08,2025-05-13,Paused
4884,Re-engineered global standardization,5,Remarketing,178978,2026-05-27,2026-09-30,Active
4885,Team-oriented zero tolerance paradigm,1,Sales,137296,2026-05-22,2026-09-30,Completed
4886,Configurable fresh-thinking policy,3,Brand Awareness,140610,2024-09-30,2026-07-24,Active
4887,Virtual responsive matrix,5,Lead Generation,39035,2025-05-28,2025-12-16,Paused
4888,Integrated neutral hub,1,Remarketing,79767,2024-08-03,2026-02-20,Completed
4889,Decentralized demand-driven intranet,5,Sales,55424,2026-03-16,2026-04-24,Active
4890,Mandatory client-server concept,5,Product Launch,250609,2025-01-23,2026-10-03,Active
4891,Automated regional pricing structure,3,Lead Generation,437304,2025-02-25,2026-07-07,Paused
4892,Vision-oriented 5thgeneration budgetary management,5,Sales,400276,2025-08-01,2026-03-13,Paused
4893,User-friendly mission-critical array,4,Remarketing,389862,2024-07-26,2024-08-08,Completed
4894,Face-to-face upward-trending archive,5,Brand Awareness,491942,2025-10-07,2026-08-26,Active
4895,Adaptive system-worthy challenge,5,Sales,40569,2025-10-27,2026-08-30,Completed
4896,Quality-focused 4thgeneration migration,5,Brand Awareness,313436,2025-01-29,2026-07-16,Active
4897,Triple-buffered motivating process improvement,3,Lead Generation,143257,2025-05-25,2026-05-23,Active
4898,Down-sized didactic knowledge user,1,Product Launch,334358,2024-10-19,2026-05-08,Paused
4899,Integrated well-modulated protocol,3,Remarketing,431049,2026-04-14,2026-06-13,Completed
4900,Enhanced actuating neural-net,2,Product Launch,477149,2025-09-11,2025-09-25,Completed
4901,Organic exuding middleware,1,Lead Generation,104540,2026-07-15,2026-08-21,Completed
4902,Programmable radical firmware,3,Remarketing,479213,2025-07-05,2026-01-20,Paused
4903,Implemented value-added access,5,Sales,47025,2025-01-05,2025-09-16,Active
4904,Synergistic bandwidth-monitored implementation,1,Sales,178271,2025-12-06,2026-03-19,Active
4905,Enhanced regional conglomeration,3,Remarketing,237596,2026-05-22,2026-07-10,Completed
4906,Enhanced system-worthy product,5,Lead Generation,170913,2025-11-15,2026-01-14,Active
4907,Enhanced full-range capability,4,Sales,201717,2026-02-14,2026-10-03,Completed
4908,Centralized radical product,1,Remarketing,499615,2024-09-06,2025-07-19,Active
4909,Assimilated systematic portal,1,Remarketing,153737,2025-11-28,2026-06-09,Paused
4910,Reverse-engineered disintermediate artificial intelligence,3,Remarketing,411313,2026-05-07,2026-06-19,Active
4911,De-engineered radical secured line,2,Product Launch,436872,2026-05-16,2026-07-17,Completed
4912,Ameliorated transitional contingency,3,Lead Generation,185396,2025-06-19,2026-04-22,Active
4913,Visionary system-worthy concept,2,Product Launch,229025,2025-04-18,2026-09-13,Paused
4914,Devolved dedicated Graphical User Interface,2,Remarketing,208335,2024-09-01,2025-10-23,Paused
4915,Phased encompassing framework,4,Product Launch,56961,2025-01-31,2025-08-08,Active
4916,Future-proofed optimal pricing structure,4,Remarketing,372750,2025-03-19,2026-01-28,Active
4917,Profound attitude-oriented policy,5,Lead Generation,474459,2026-01-04,2026-02-25,Paused
4918,Persistent systematic moratorium,3,Product Launch,252459,2025-02-16,2025-08-02,Active
4919,Cross-group 6thgeneration throughput,2,Remarketing,264222,2026-03-22,2026-09-01,Completed
4920,Digitized cohesive Graphical User Interface,1,Sales,69803,2026-03-10,2026-05-17,Paused
4921,Persistent attitude-oriented core,4,Remarketing,393944,2024-09-11,2025-05-20,Active
4922,Virtual grid-enabled open architecture,3,Sales,172083,2026-02-23,2026-08-23,Paused
4923,Inverse dynamic adapter,3,Lead Generation,53705,2025-04-26,2026-04-03,Active
4924,Intuitive methodical algorithm,3,Product Launch,250000,2025-08-08,2026-03-22,Completed
4925,Streamlined background standardization,2,Remarketing,451533,2025-11-04,2025-11-28,Active
4926,User-friendly hybrid task-force,3,Product Launch,339971,2026-05-30,2026-09-12,Active
4927,Reduced client-driven synergy,3,Product Launch,324202,2025-01-17,2026-08-10,Active
4928,Fundamental client-driven utilization,2,Product Launch,278130,2024-12-12,2026-02-26,Paused
4929,Team-oriented bi-directional benchmark,2,Product Launch,296915,2025-07-16,2025-09-18,Paused
4930,Devolved analyzing moratorium,4,Brand Awareness,65067,2025-12-18,2026-01-05,Active
4931,Persistent bifurcated portal,2,Brand Awareness,225969,2025-07-01,2026-09-16,Paused
4932,Synchronized composite service-desk,2,Sales,417358,2026-02-03,2026-06-28,Completed
4933,Re-engineered global website,3,Remarketing,163488,2024-11-15,2026-05-17,Completed
4934,Ameliorated reciprocal parallelism,2,Product Launch,307362,2025-06-25,2026-01-25,Completed
4935,Progressive even-keeled approach,1,Lead Generation,402355,2026-05-14,2026-06-24,Paused
4936,Profit-focused interactive matrices,2,Product Launch,51708,2025-03-06,2026-02-28,Paused
4937,Decentralized dedicated policy,5,Sales,487497,2025-04-19,2026-08-17,Paused
4938,Decentralized clear-thinking extranet,3,Sales,204245,2024-11-14,2024-12-08,Completed
4939,Vision-oriented neutral orchestration,4,Remarketing,362494,2024-08-08,2024-10-23,Paused
4940,Vision-oriented foreground open architecture,1,Product Launch,131542,2024-12-23,2025-03-24,Active
4941,Team-oriented discrete function,1,Lead Generation,385391,2025-04-06,2025-08-09,Active
4942,Adaptive tertiary solution,1,Brand Awareness,168013,2026-01-22,2026-09-16,Completed
4943,Distributed actuating superstructure,1,Sales,380775,2025-03-06,2026-06-04,Active
4944,Organic asymmetric open architecture,3,Brand Awareness,308029,2026-03-28,2026-08-16,Completed
4945,Profound motivating complexity,3,Brand Awareness,332687,2025-01-24,2025-02-20,Completed
4946,Versatile maximized firmware,2,Lead Generation,454869,2025-09-05,2026-04-12,Active
4947,Triple-buffered zero-defect contingency,3,Product Launch,315241,2025-05-23,2025-08-09,Active
4948,Intuitive methodical toolset,2,Sales,379761,2026-05-07,2026-08-19,Completed
4949,Multi-layered heuristic info-mediaries,1,Sales,343326,2025-11-23,2026-08-24,Paused
4950,User-friendly dynamic support,1,Lead Generation,206734,2026-04-04,2026-04-11,Active
4951,Diverse attitude-oriented migration,1,Sales,415699,2025-05-08,2026-10-13,Active
4952,Optional multi-tasking open system,5,Lead Generation,395405,2025-11-24,2026-03-23,Completed
4953,Assimilated 4thgeneration conglomeration,4,Sales,78791,2026-07-16,2026-10-07,Active
4954,Organized even-keeled encoding,3,Lead Generation,349570,2025-02-10,2026-06-09,Paused
4955,Right-sized secondary projection,3,Product Launch,300840,2025-03-01,2025-09-03,Paused
4956,Expanded upward-trending open architecture,4,Lead Generation,177203,2024-11-30,2025-10-27,Active
4957,Quality-focused leadingedge product,4,Lead Generation,383058,2025-10-10,2026-01-01,Active
4958,Customizable interactive secured line,1,Brand Awareness,119415,2024-08-12,2025-03-19,Active
4959,Open-source optimizing structure,3,Sales,369503,2025-02-22,2026-09-04,Completed
4960,Self-enabling regional firmware,4,Sales,98800,2026-06-24,2026-07-23,Completed
4961,Digitized transitional system engine,3,Product Launch,214991,2025-07-22,2026-09-26,Active
4962,Proactive clear-thinking challenge,3,Remarketing,180485,2026-04-24,2026-06-20,Completed
4963,Enhanced optimizing definition,1,Remarketing,457658,2025-09-19,2025-10-06,Active
4964,Profound content-based application,5,Remarketing,217247,2024-10-11,2025-12-13,Paused
4965,Managed executive matrices,4,Lead Generation,30548,2024-07-22,2025-01-23,Paused
4966,Intuitive coherent task-force,3,Remarketing,445313,2025-08-09,2026-02-11,Paused
4967,Optional zero administration archive,4,Sales,222566,2025-10-09,2026-07-27,Active
4968,Enhanced systemic Local Area Network,5,Remarketing,38390,2025-09-06,2025-09-06,Paused
4969,Balanced solution-oriented array,1,Sales,494082,2024-09-04,2026-08-14,Active
4970,Virtual bifurcated task-force,2,Brand Awareness,282232,2026-04-05,2026-08-06,Active
4971,Managed local matrix,5,Sales,57509,2024-12-06,2025-02-26,Active
4972,Multi-lateral foreground matrices,4,Sales,79659,2026-05-06,2026-06-09,Completed
4973,Assimilated secondary toolset,1,Brand Awareness,21586,2024-11-25,2026-07-31,Paused
4974,Multi-channeled neutral software,4,Product Launch,416256,2024-12-27,2026-09-27,Active
4975,Monitored user-facing migration,2,Sales,307994,2026-07-15,2026-08-13,Completed
4976,Multi-layered full-range time-frame,4,Lead Generation,280573,2025-01-30,2025-11-23,Active
4977,Exclusive cohesive adapter,3,Remarketing,71855,2026-02-20,2026-04-11,Active
4978,Quality-focused analyzing pricing structure,1,Remarketing,425551,2024-08-19,2024-10-21,Active
4979,Adaptive 24hour website,5,Lead Generation,145864,2024-12-01,2025-09-04,Paused
4980,Front-line maximized approach,1,Sales,91887,2026-06-06,2026-08-05,Paused
4981,Public-key clear-thinking neural-net,4,Lead Generation,347781,2025-03-22,2025-08-12,Completed
4982,Devolved 3rdgeneration Graphical User Interface,1,Sales,337788,2025-12-17,2026-02-16,Paused
4983,Multi-layered secondary software,5,Brand Awareness,22078,2026-01-04,2026-08-25,Active
4984,Realigned impactful portal,4,Remarketing,383635,2025-10-19,2026-01-19,Active
4985,Seamless object-oriented toolset,4,Lead Generation,493019,2025-12-29,2026-03-12,Completed
4986,Public-key multi-state archive,4,Sales,188326,2024-11-18,2026-07-26,Completed
4987,Vision-oriented explicit info-mediaries,5,Sales,414305,2025-02-22,2025-06-13,Completed
4988,Proactive regional superstructure,5,Remarketing,213421,2025-01-19,2025-06-11,Active
4989,Grass-roots user-facing function,3,Product Launch,43035,2026-06-03,2026-09-02,Completed
4990,Intuitive responsive architecture,1,Brand Awareness,402967,2024-12-07,2025-11-05,Completed
4991,Re-contextualized systematic encoding,5,Lead Generation,101291,2024-08-01,2024-09-08,Paused
4992,Polarized interactive utilization,1,Brand Awareness,176315,2026-05-28,2026-08-19,Completed
4993,Realigned didactic framework,2,Brand Awareness,91045,2025-11-15,2025-12-26,Completed
4994,Front-line exuding Local Area Network,5,Lead Generation,221894,2025-07-04,2025-11-17,Active
4995,Object-based stable methodology,1,Lead Generation,309754,2025-08-09,2026-08-08,Paused
4996,Decentralized optimizing productivity,1,Remarketing,224896,2025-03-22,2025-05-24,Completed
4997,Profound fresh-thinking projection,5,Product Launch,410506,2025-08-22,2026-05-28,Completed
4998,Multi-channeled zero-defect Graphical User Interface,3,Product Launch,424556,2024-09-22,2025-03-13,Active
4999,Exclusive encompassing interface,1,Remarketing,391653,2024-09-23,2026-07-07,Paused
5000,Sharable radical success,3,Sales,215158,2025-10-23,2026-01-06,Active
5001,Open-source intangible migration,3,Brand Awareness,429844,2026-02-16,2026-02-25,Active
5002,Distributed stable system engine,1,Brand Awareness,154587,2025-04-02,2026-10-06,Active
5003,Horizontal regional Internet solution,4,Sales,301201,2025-07-24,2026-04-24,Paused
5004,Customer-focused tangible Graphic Interface,5,Lead Generation,37373,2026-06-17,2026-07-06,Completed
5005,Total demand-driven circuit,5,Lead Generation,409600,2026-06-09,2026-07-13,Active
5006,Compatible fault-tolerant migration,2,Sales,406980,2025-07-13,2026-05-03,Paused
5007,Optional holistic circuit,2,Brand Awareness,106772,2024-08-13,2024-08-27,Active
5008,Business-focused zero-defect alliance,2,Remarketing,481716,2025-01-24,2025-10-04,Completed
5009,Networked multimedia conglomeration,2,Remarketing,29852,2026-03-24,2026-09-24,Active
5010,Universal grid-enabled productivity,4,Remarketing,36507,2024-11-06,2025-11-30,Completed
5011,Customer-focused grid-enabled focus group,4,Sales,208999,2024-11-04,2026-06-10,Paused
5012,Re-contextualized user-facing paradigm,2,Sales,383172,2026-01-09,2026-08-23,Active
5013,Horizontal motivating policy,5,Lead Generation,391008,2025-07-11,2025-11-27,Paused
5014,Enhanced encompassing contingency,5,Product Launch,249245,2025-06-08,2025-12-26,Completed
5015,Multi-channeled value-added solution,1,Brand Awareness,237021,2024-07-22,2026-09-14,Completed
5016,Programmable non-volatile help-desk,3,Lead Generation,198674,2025-09-05,2026-08-07,Active
5017,Operative explicit budgetary management,4,Sales,315693,2025-09-24,2026-01-02,Completed
5018,Operative methodical productivity,2,Sales,330199,2025-02-08,2026-09-26,Paused
5019,Open-source bi-directional benchmark,4,Lead Generation,253359,2026-04-23,2026-06-27,Active
5020,Advanced encompassing project,5,Product Launch,345740,2026-05-25,2026-07-13,Completed
5021,Reduced holistic throughput,4,Product Launch,54231,2026-01-28,2026-05-10,Completed
5022,Switchable discrete framework,3,Lead Generation,434764,2026-03-16,2026-03-19,Completed
5023,Reactive non-volatile open system,2,Brand Awareness,422706,2025-02-04,2025-05-29,Completed
5024,Synchronized methodical framework,3,Product Launch,460887,2025-06-30,2026-10-01,Paused
5025,Programmable motivating system engine,5,Brand Awareness,77370,2025-05-14,2025-12-11,Paused
5026,Configurable incremental throughput,1,Product Launch,496708,2026-03-03,2026-10-07,Paused
5027,Self-enabling leadingedge concept,5,Sales,264740,2025-12-22,2026-06-01,Completed
5028,Programmable composite benchmark,1,Sales,430810,2026-03-07,2026-06-23,Completed
5029,User-centric coherent core,4,Brand Awareness,434419,2024-08-24,2024-08-27,Active
5030,Assimilated directional circuit,1,Lead Generation,269651,2025-06-29,2026-03-02,Paused
5031,Multi-layered directional standardization,5,Sales,97892,2024-07-19,2024-07-23,Completed
5032,Fully-configurable bandwidth-monitored leverage,2,Brand Awareness,343043,2026-01-05,2026-05-27,Paused
5033,Programmable optimizing benchmark,3,Lead Generation,382373,2024-10-09,2025-05-05,Completed
5034,Visionary object-oriented Graphic Interface,3,Remarketing,17613,2026-03-30,2026-05-25,Active
5035,Implemented client-driven infrastructure,4,Remarketing,202101,2025-10-22,2026-04-23,Active
5036,Ameliorated multi-tasking monitoring,2,Sales,178974,2025-07-20,2025-12-07,Active
5037,Centralized 24/7 capacity,5,Sales,233590,2024-10-07,2026-01-03,Active
5038,Secured demand-driven hardware,5,Product Launch,118321,2025-07-03,2026-02-23,Paused
5039,Right-sized 24hour core,5,Sales,332123,2025-09-13,2026-04-14,Completed
5040,User-friendly mobile benchmark,3,Brand Awareness,15879,2025-08-25,2025-10-28,Active
5041,Face-to-face methodical ability,3,Product Launch,491526,2025-08-07,2026-08-20,Completed
5042,Quality-focused disintermediate encoding,3,Lead Generation,218080,2024-12-05,2025-10-08,Completed
5043,Optional system-worthy model,4,Brand Awareness,462223,2025-08-28,2026-03-30,Paused
5044,Monitored analyzing adapter,2,Remarketing,267018,2024-12-29,2025-02-12,Paused
5045,Pre-emptive directional policy,3,Brand Awareness,65051,2025-08-16,2025-11-28,Active
5046,Integrated full-range capacity,4,Lead Generation,13941,2024-12-12,2026-02-06,Completed
5047,Digitized transitional open system,4,Lead Generation,390084,2025-03-12,2026-06-21,Paused
5048,Synergized 5thgeneration flexibility,5,Lead Generation,149386,2026-03-11,2026-08-17,Paused
5049,Re-engineered local synergy,1,Brand Awareness,28271,2025-05-28,2026-04-30,Paused
5050,Secured tertiary strategy,4,Brand Awareness,492986,2026-06-10,2026-09-08,Paused
5051,Progressive human-resource open system,3,Sales,82203,2025-02-28,2026-01-07,Completed
5052,Fully-configurable next generation protocol,2,Brand Awareness,132822,2025-02-01,2025-08-05,Completed
5053,Team-oriented uniform parallelism,4,Sales,399564,2025-09-30,2026-06-08,Completed
5054,Function-based fault-tolerant projection,3,Brand Awareness,38137,2024-09-24,2025-08-18,Completed
5055,Grass-roots zero-defect project,3,Brand Awareness,312506,2026-04-14,2026-05-27,Paused
5056,Adaptive interactive firmware,2,Remarketing,289773,2025-09-04,2025-11-02,Active
5057,Digitized high-level protocol,3,Product Launch,389757,2026-07-10,2026-08-18,Active
5058,Front-line asymmetric approach,1,Lead Generation,177533,2026-03-13,2026-03-19,Paused
5059,Open-architected impactful open architecture,5,Remarketing,140425,2025-08-09,2026-06-06,Paused
5060,Open-source coherent interface,3,Lead Generation,101838,2026-01-28,2026-09-08,Active
5061,Networked solution-oriented circuit,3,Lead Generation,178981,2024-08-22,2026-02-26,Paused
5062,Self-enabling asymmetric definition,1,Remarketing,10412,2026-03-04,2026-03-13,Active
5063,Down-sized solution-oriented workforce,3,Sales,17676,2024-11-23,2026-06-22,Completed
5064,Reduced coherent budgetary management,2,Remarketing,253829,2024-12-17,2025-10-31,Paused
5065,Multi-layered disintermediate matrices,2,Sales,463669,2025-03-07,2026-10-01,Paused
5066,Proactive secondary time-frame,1,Sales,279657,2025-09-21,2025-12-21,Completed
5067,Team-oriented real-time implementation,5,Sales,478351,2025-06-22,2025-09-07,Completed
5068,Pre-emptive discrete collaboration,1,Product Launch,40014,2025-06-13,2026-02-09,Completed
5069,Focused bi-directional orchestration,3,Product Launch,429986,2025-08-08,2026-07-29,Paused
5070,Quality-focused tertiary moratorium,4,Product Launch,473321,2025-06-25,2026-04-03,Active
5071,Down-sized 24/7 array,2,Sales,201179,2025-10-09,2026-07-28,Completed
5072,Devolved transitional array,2,Product Launch,152991,2024-08-19,2025-11-03,Completed
5073,Implemented zero-defect neural-net,4,Lead Generation,372830,2024-09-01,2024-10-10,Active
5074,Robust analyzing moratorium,2,Lead Generation,173017,2024-11-27,2025-06-30,Paused
5075,Re-engineered impactful concept,3,Product Launch,136371,2025-12-12,2026-04-23,Completed
5076,Open-source zero administration application,5,Lead Generation,188081,2024-12-23,2026-10-06,Completed
5077,Realigned cohesive pricing structure,5,Remarketing,419628,2026-01-17,2026-07-07,Active
5078,Configurable web-enabled infrastructure,5,Lead Generation,27298,2026-05-03,2026-06-24,Active
5079,Secured user-facing help-desk,3,Product Launch,464341,2025-07-31,2025-10-27,Completed
5080,Open-architected composite concept,4,Brand Awareness,464314,2026-07-08,2026-08-12,Active
5081,Universal multimedia array,2,Lead Generation,482631,2025-11-06,2026-03-27,Paused
5082,Vision-oriented fresh-thinking hub,1,Remarketing,84378,2025-07-27,2025-07-31,Active
5083,Synchronized 6thgeneration hardware,5,Remarketing,169555,2026-03-02,2026-09-02,Paused
5084,Profit-focused 3rdgeneration emulation,5,Product Launch,183383,2026-01-27,2026-06-16,Paused
5085,Horizontal directional core,4,Product Launch,65076,2026-04-24,2026-07-13,Completed
5086,Multi-layered responsive archive,1,Sales,157461,2026-06-18,2026-07-30,Paused
5087,Exclusive client-server flexibility,1,Brand Awareness,287586,2026-02-11,2026-10-07,Paused
5088,Reduced needs-based protocol,4,Lead Generation,333402,2026-03-24,2026-10-09,Paused
5089,Advanced motivating conglomeration,2,Brand Awareness,263463,2026-03-06,2026-03-11,Paused
5090,Multi-channeled logistical pricing structure,1,Lead Generation,272350,2024-11-19,2025-07-13,Completed
5091,Organized context-sensitive customer loyalty,5,Lead Generation,177385,2026-06-29,2026-09-27,Paused
5092,Visionary explicit superstructure,5,Lead Generation,163924,2025-12-25,2026-04-17,Active
5093,Centralized actuating hardware,3,Remarketing,108052,2026-06-07,2026-08-05,Active
5094,Team-oriented 3rdgeneration encryption,1,Remarketing,15188,2025-03-26,2026-05-28,Active
5095,Face-to-face coherent system engine,4,Sales,381364,2024-12-10,2025-10-03,Active
5096,Focused intangible product,3,Product Launch,304045,2025-08-19,2026-08-16,Active
5097,Up-sized needs-based product,1,Sales,418111,2026-03-15,2026-05-13,Active
5098,Open-architected 24/7 portal,2,Product Launch,182157,2025-01-17,2025-04-05,Paused
5099,Progressive web-enabled benchmark,4,Product Launch,62831,2025-08-13,2026-05-11,Completed
5100,Persistent bandwidth-monitored frame,1,Brand Awareness,46395,2025-04-17,2026-01-07,Paused
5101,Optimized regional hierarchy,3,Product Launch,355089,2026-01-13,2026-06-13,Completed
5102,Fundamental dedicated methodology,4,Brand Awareness,62491,2025-04-09,2025-04-10,Active
5103,Profit-focused scalable capacity,5,Brand Awareness,277372,2025-03-22,2026-10-12,Completed
5104,Extended didactic ability,2,Brand Awareness,82579,2024-10-27,2025-11-18,Paused
5105,Balanced intermediate application,1,Lead Generation,132773,2025-09-09,2026-01-31,Completed
5106,Fundamental heuristic initiative,3,Product Launch,343672,2025-09-17,2025-12-11,Completed
5107,Business-focused fresh-thinking challenge,2,Lead Generation,60014,2025-03-11,2025-07-15,Paused
5108,Synchronized responsive alliance,1,Brand Awareness,103841,2025-10-30,2025-12-12,Completed
5109,Monitored contextually-based support,1,Product Launch,460054,2025-04-28,2026-06-22,Paused
5110,Organic 5thgeneration core,1,Brand Awareness,325321,2024-07-23,2025-02-11,Active
5111,Centralized value-added success,5,Lead Generation,364460,2025-05-26,2025-10-02,Completed
5112,Persistent intangible flexibility,5,Remarketing,238752,2024-09-28,2025-05-21,Completed
5113,Quality-focused local website,2,Brand Awareness,98039,2024-10-07,2025-09-25,Paused
5114,Front-line heuristic middleware,3,Brand Awareness,367734,2026-04-20,2026-10-15,Paused
5115,Team-oriented background challenge,3,Product Launch,426256,2024-10-17,2026-02-14,Completed
5116,Triple-buffered multimedia matrices,4,Lead Generation,409565,2026-02-02,2026-02-21,Paused
5117,Object-based high-level instruction set,4,Sales,397535,2025-03-01,2025-03-08,Paused
5118,Future-proofed exuding initiative,5,Product Launch,58685,2026-05-04,2026-08-20,Paused
5119,Stand-alone content-based concept,3,Brand Awareness,296321,2025-01-19,2025-03-24,Completed
5120,Reduced radical database,4,Product Launch,489558,2025-08-01,2026-09-21,Paused
5121,Innovative tertiary open architecture,3,Remarketing,428235,2025-12-05,2026-05-28,Paused
5122,Public-key fresh-thinking ability,1,Lead Generation,226820,2025-08-13,2026-02-18,Active
5123,Quality-focused web-enabled project,5,Product Launch,369791,2025-08-26,2026-03-12,Paused
5124,Extended hybrid orchestration,3,Brand Awareness,281867,2026-05-11,2026-06-16,Active
5125,Right-sized modular functionalities,2,Remarketing,150599,2024-12-21,2025-12-08,Active
5126,Extended empowering orchestration,5,Sales,225262,2026-02-16,2026-03-21,Completed
5127,Triple-buffered foreground artificial intelligence,1,Brand Awareness,398664,2026-03-02,2026-05-07,Completed
5128,Synergistic client-driven installation,3,Remarketing,273300,2026-02-19,2026-08-11,Active
5129,Managed didactic website,5,Brand Awareness,476764,2025-10-26,2026-08-23,Paused
5130,Customizable mobile monitoring,5,Brand Awareness,30106,2025-03-12,2025-09-18,Active
5131,Devolved scalable installation,2,Lead Generation,155751,2024-10-29,2026-10-04,Active
5132,Switchable intermediate parallelism,2,Remarketing,292692,2026-06-09,2026-07-30,Completed
5133,Phased tertiary encoding,1,Sales,326181,2025-08-14,2026-09-25,Completed
5134,Organic dedicated success,4,Lead Generation,215578,2025-03-07,2026-10-04,Paused
5135,Total multi-state circuit,1,Remarketing,403094,2026-07-01,2026-08-16,Paused
5136,Optimized zero administration moderator,4,Brand Awareness,421480,2026-05-11,2026-06-24,Paused
5137,Function-based local orchestration,5,Remarketing,257809,2026-04-16,2026-08-03,Completed
5138,Total value-added open system,1,Product Launch,311098,2026-03-03,2026-10-13,Paused
5139,Reactive full-range firmware,5,Remarketing,269626,2026-03-05,2026-06-22,Paused
5140,Enterprise-wide background matrix,5,Sales,57014,2026-02-24,2026-05-12,Completed
5141,Distributed maximized system engine,1,Product Launch,268456,2024-11-23,2025-08-07,Paused
5142,Customizable analyzing synergy,2,Sales,437611,2025-04-13,2026-07-01,Completed
5143,Enterprise-wide 24/7 process improvement,5,Sales,247144,2024-10-22,2025-01-02,Completed
5144,Focused holistic moratorium,3,Brand Awareness,200695,2024-12-25,2025-03-23,Completed
5145,Digitized incremental complexity,1,Remarketing,230868,2025-07-25,2025-09-11,Active
5146,Multi-tiered discrete functionalities,3,Lead Generation,366713,2026-03-09,2026-07-21,Completed
5147,Integrated uniform parallelism,4,Sales,195268,2025-10-08,2025-11-25,Paused
5148,Inverse fault-tolerant portal,5,Brand Awareness,264393,2026-06-06,2026-09-26,Completed
5149,Advanced cohesive alliance,1,Product Launch,367313,2024-12-09,2025-05-04,Paused
5150,Focused clear-thinking flexibility,3,Lead Generation,212353,2025-11-11,2026-03-06,Completed
5151,Inverse neutral firmware,4,Product Launch,448993,2024-11-08,2025-05-04,Completed
5152,Proactive object-oriented algorithm,5,Sales,252610,2024-08-25,2024-10-17,Completed
5153,Networked upward-trending info-mediaries,3,Remarketing,379885,2025-01-04,2025-11-12,Active
5154,Operative static support,4,Lead Generation,41793,2025-03-04,2025-12-14,Completed
5155,Sharable executive groupware,3,Lead Generation,130332,2025-05-28,2025-06-02,Completed
5156,Robust explicit structure,1,Remarketing,113705,2025-06-27,2026-08-15,Active
5157,Decentralized web-enabled core,5,Remarketing,379564,2024-10-04,2026-05-24,Active
5158,Versatile full-range solution,3,Brand Awareness,461213,2026-01-06,2026-08-01,Active
5159,Multi-lateral motivating intranet,4,Lead Generation,477568,2025-10-11,2026-08-30,Paused
5160,User-centric optimal task-force,5,Lead Generation,58148,2024-07-29,2026-01-30,Active
5161,Automated solution-oriented application,3,Remarketing,477665,2025-04-11,2026-04-10,Completed
5162,Organic object-oriented Local Area Network,1,Product Launch,30115,2025-07-15,2026-05-26,Active
5163,Grass-roots fresh-thinking concept,4,Brand Awareness,413295,2025-06-04,2025-12-21,Active
5164,Switchable holistic service-desk,4,Remarketing,71014,2026-03-27,2026-05-31,Paused
5165,Expanded motivating framework,1,Remarketing,369297,2025-09-08,2026-05-21,Active
5166,Centralized motivating artificial intelligence,3,Lead Generation,365655,2025-07-03,2025-10-19,Active
5167,Profit-focused bifurcated open architecture,5,Lead Generation,453980,2024-11-28,2026-02-20,Paused
5168,Customer-focused needs-based ability,1,Brand Awareness,323479,2025-08-29,2026-03-03,Completed
5169,Grass-roots local installation,4,Sales,111019,2025-03-04,2025-03-27,Paused
5170,Synergistic interactive toolset,2,Remarketing,309393,2025-04-03,2025-09-15,Completed
5171,Front-line interactive attitude,2,Sales,333112,2026-02-13,2026-02-13,Paused
5172,Expanded attitude-oriented contingency,3,Product Launch,117068,2024-12-07,2025-06-07,Paused
5173,Digitized tertiary groupware,1,Brand Awareness,35770,2025-07-18,2026-01-21,Completed
5174,Re-contextualized didactic software,5,Sales,39368,2026-07-09,2026-09-03,Paused
5175,Assimilated local middleware,2,Lead Generation,103529,2026-02-17,2026-08-02,Paused
5176,Diverse human-resource paradigm,1,Product Launch,301003,2024-08-27,2025-04-23,Paused
5177,Secured system-worthy initiative,2,Sales,496896,2025-12-25,2026-04-06,Active
5178,Implemented impactful conglomeration,2,Remarketing,292918,2026-01-12,2026-02-23,Paused
5179,Fully-configurable intermediate customer loyalty,5,Brand Awareness,172631,2025-08-11,2026-08-05,Paused
5180,Advanced real-time capability,5,Sales,413360,2025-10-28,2025-11-06,Active
5181,Front-line composite open architecture,1,Lead Generation,316962,2026-01-23,2026-02-24,Paused
5182,Multi-layered uniform support,4,Product Launch,32803,2026-06-14,2026-07-02,Completed
5183,Ergonomic clear-thinking hierarchy,4,Sales,206551,2025-03-24,2026-02-19,Completed
5184,User-centric 6thgeneration info-mediaries,4,Sales,32993,2025-03-23,2025-09-03,Paused
5185,Digitized multimedia focus group,1,Remarketing,398159,2025-10-21,2026-08-14,Completed
5186,Mandatory real-time concept,1,Lead Generation,474009,2026-06-04,2026-08-29,Paused
5187,Virtual executive customer loyalty,1,Brand Awareness,300224,2025-11-21,2026-03-26,Paused
5188,Open-source explicit interface,5,Sales,455207,2024-08-26,2026-08-19,Paused
5189,Reduced non-volatile architecture,1,Sales,361495,2026-05-24,2026-06-03,Paused
5190,Customer-focused user-facing flexibility,2,Product Launch,275143,2024-11-11,2025-01-15,Paused
5191,User-centric grid-enabled success,5,Remarketing,317056,2026-04-11,2026-04-11,Active
5192,Networked zero administration software,3,Remarketing,345316,2024-08-23,2026-05-28,Active
5193,Programmable incremental adapter,5,Brand Awareness,285586,2025-03-11,2026-09-23,Paused
5194,Proactive systematic approach,5,Lead Generation,425337,2025-07-26,2026-10-04,Active
5195,Integrated asynchronous projection,4,Remarketing,129149,2026-04-05,2026-07-21,Active
5196,De-engineered analyzing leverage,4,Product Launch,132357,2026-01-03,2026-09-07,Completed
5197,Optimized high-level hierarchy,1,Lead Generation,160019,2025-03-15,2025-07-30,Completed
5198,Switchable bifurcated utilization,4,Sales,233199,2024-11-22,2025-09-06,Paused
5199,Reduced heuristic throughput,3,Product Launch,339691,2025-03-24,2025-12-11,Completed
5200,Polarized transitional customer loyalty,2,Product Launch,115782,2024-09-26,2025-01-17,Completed
5201,Realigned leadingedge interface,2,Brand Awareness,39311,2026-02-15,2026-04-03,Active
5202,Extended human-resource groupware,3,Lead Generation,414476,2026-06-14,2026-09-19,Completed
5203,Reactive client-server Local Area Network,5,Lead Generation,357541,2024-07-24,2025-04-12,Active
5204,Advanced neutral infrastructure,4,Brand Awareness,201033,2024-07-24,2026-08-30,Completed
5205,Realigned upward-trending standardization,5,Brand Awareness,97445,2025-01-01,2025-11-22,Active
5206,Monitored neutral paradigm,1,Remarketing,263273,2025-11-17,2026-04-13,Active
5207,Programmable object-oriented matrices,1,Remarketing,233076,2026-05-08,2026-06-07,Completed
5208,Enhanced multimedia focus group,4,Product Launch,70543,2026-02-25,2026-05-13,Completed
5209,Team-oriented systemic ability,3,Brand Awareness,20936,2024-12-02,2025-07-19,Paused
5210,Networked mobile system engine,1,Product Launch,223755,2025-10-02,2026-07-15,Paused
5211,Fully-configurable 3rdgeneration alliance,1,Remarketing,469586,2025-11-04,2026-01-26,Active
5212,Team-oriented zero administration portal,5,Sales,97228,2025-04-13,2026-10-05,Paused
5213,Stand-alone tertiary extranet,4,Sales,406869,2025-08-04,2025-10-30,Active
5214,Re-contextualized bandwidth-monitored service-desk,5,Remarketing,393818,2025-10-20,2026-07-21,Completed
5215,Fully-configurable fault-tolerant capability,4,Remarketing,367307,2024-09-21,2025-09-04,Paused
5216,Face-to-face optimizing framework,4,Lead Generation,181134,2025-03-20,2026-07-04,Paused
5217,Future-proofed demand-driven Internet solution,4,Remarketing,409857,2024-11-24,2026-03-02,Completed
5218,Persevering attitude-oriented toolset,4,Remarketing,391014,2025-07-22,2026-03-08,Completed
5219,Compatible scalable Graphical User Interface,3,Lead Generation,353479,2026-04-16,2026-05-03,Paused
5220,Focused foreground algorithm,2,Remarketing,347253,2026-05-17,2026-07-01,Completed
5221,Public-key user-facing encryption,4,Product Launch,36133,2024-11-22,2026-06-01,Active
5222,Distributed empowering info-mediaries,2,Remarketing,278113,2025-10-11,2026-10-05,Paused
5223,Reverse-engineered executive collaboration,1,Product Launch,139021,2026-02-26,2026-03-25,Completed
5224,Object-based global process improvement,2,Lead Generation,442796,2024-08-22,2026-10-11,Paused
5225,Streamlined eco-centric Internet solution,4,Remarketing,225447,2025-01-13,2026-08-07,Active
5226,Fundamental context-sensitive firmware,1,Remarketing,14997,2025-06-05,2025-07-14,Active
5227,Visionary local benchmark,5,Brand Awareness,333935,2025-07-30,2025-10-10,Completed
5228,Persistent stable projection,1,Remarketing,148994,2024-08-14,2026-07-02,Active
5229,Assimilated local circuit,3,Sales,289382,2025-09-29,2026-08-09,Paused
5230,Secured didactic hardware,4,Product Launch,125644,2026-02-18,2026-02-25,Paused
5231,User-friendly 5thgeneration Local Area Network,4,Product Launch,263158,2025-08-09,2026-09-07,Paused
5232,Total fresh-thinking matrix,3,Sales,243500,2024-12-31,2025-08-16,Active
5233,Ameliorated impactful neural-net,1,Brand Awareness,90838,2024-10-10,2025-05-04,Paused
5234,Polarized upward-trending service-desk,1,Remarketing,274626,2024-09-03,2026-06-12,Paused
5235,Upgradable 5thgeneration secured line,1,Brand Awareness,133198,2024-10-31,2025-09-02,Active
5236,Proactive eco-centric collaboration,3,Sales,333115,2025-03-27,2026-04-27,Paused
5237,Diverse uniform superstructure,3,Product Launch,114149,2025-11-07,2025-11-18,Active
5238,Cloned local interface,5,Lead Generation,409785,2024-10-25,2024-11-15,Completed
5239,Multi-lateral impactful throughput,3,Lead Generation,162389,2025-12-27,2026-07-06,Active
5240,Streamlined systemic focus group,5,Remarketing,217070,2026-01-01,2026-02-17,Active
5241,Fully-configurable national initiative,2,Brand Awareness,462980,2024-09-04,2026-10-04,Completed
5242,Organized even-keeled attitude,3,Sales,175731,2025-05-26,2026-03-26,Active
5243,Multi-layered systemic info-mediaries,3,Product Launch,447116,2026-04-22,2026-06-26,Active
5244,Re-engineered exuding Graphical User Interface,3,Brand Awareness,468427,2026-05-23,2026-07-31,Completed
5245,Optimized needs-based utilization,4,Lead Generation,135646,2025-10-24,2026-01-12,Paused
5246,Multi-layered directional migration,2,Sales,487784,2025-04-14,2026-05-11,Active
5247,Programmable coherent policy,3,Brand Awareness,387335,2025-11-29,2026-10-09,Paused
5248,Extended composite application,4,Product Launch,342810,2025-11-19,2025-12-29,Paused
5249,Versatile zero administration circuit,2,Product Launch,393178,2025-04-17,2026-02-02,Active
5250,User-centric 24/7 attitude,1,Brand Awareness,136860,2025-12-19,2026-08-31,Paused
5251,Operative encompassing product,3,Sales,366207,2026-05-19,2026-10-08,Completed
5252,Public-key executive access,2,Brand Awareness,167426,2024-09-20,2024-09-26,Completed
5253,Visionary context-sensitive access,1,Sales,153248,2024-12-12,2025-05-01,Paused
5254,Monitored context-sensitive process improvement,2,Product Launch,202017,2026-03-04,2026-06-11,Paused
5255,Cross-group bi-directional benchmark,3,Sales,246605,2025-12-21,2026-05-13,Active
5256,Synchronized radical moderator,2,Remarketing,22630,2025-04-13,2025-10-14,Paused
5257,Phased coherent budgetary management,2,Lead Generation,35997,2026-07-14,2026-09-23,Active
5258,Mandatory cohesive support,1,Product Launch,409914,2025-02-02,2025-07-07,Completed
5259,Organized asymmetric moratorium,2,Brand Awareness,179557,2026-04-24,2026-10-09,Paused
5260,Fully-configurable executive knowledge user,3,Sales,426966,2025-12-26,2026-04-06,Active
5261,Innovative directional benchmark,1,Sales,232367,2024-12-02,2025-11-26,Paused
5262,Reactive heuristic emulation,5,Product Launch,419391,2024-12-19,2026-04-14,Paused
5263,Mandatory 6thgeneration model,1,Remarketing,321590,2025-08-05,2025-10-18,Completed
5264,Quality-focused reciprocal framework,4,Sales,261996,2026-06-02,2026-08-03,Active
5265,Assimilated bottom-line info-mediaries,2,Remarketing,421744,2025-07-10,2026-03-08,Completed
5266,Multi-channeled demand-driven software,2,Product Launch,358972,2024-11-09,2025-12-22,Active
5267,Multi-layered asymmetric data-warehouse,1,Remarketing,461857,2025-11-26,2026-01-03,Paused
5268,Networked encompassing challenge,2,Sales,78880,2024-12-26,2025-10-03,Completed
5269,Synergized intangible collaboration,4,Remarketing,492172,2025-06-30,2025-08-06,Active
5270,Robust intangible archive,1,Remarketing,445313,2026-03-16,2026-03-30,Paused
5271,Synergistic directional encryption,5,Lead Generation,139155,2026-06-15,2026-09-28,Completed
5272,Digitized incremental hardware,2,Product Launch,220248,2026-01-26,2026-03-10,Completed
5273,Balanced attitude-oriented paradigm,4,Lead Generation,484644,2025-12-21,2026-07-27,Active
5274,Virtual 6thgeneration projection,2,Sales,153145,2025-02-13,2025-07-02,Paused
5275,Robust attitude-oriented hardware,2,Product Launch,294806,2024-09-10,2024-09-30,Paused
5276,Digitized local portal,3,Lead Generation,159859,2025-08-22,2026-09-26,Completed
5277,De-engineered needs-based open system,4,Brand Awareness,388594,2026-05-22,2026-07-16,Completed
5278,De-engineered eco-centric monitoring,2,Sales,493711,2026-01-11,2026-10-08,Completed
5279,Up-sized zero administration workforce,3,Lead Generation,175113,2026-01-06,2026-01-07,Active
5280,Centralized web-enabled architecture,5,Sales,432085,2024-09-28,2025-01-27,Paused
5281,Innovative regional emulation,4,Remarketing,236510,2025-03-06,2025-08-22,Completed
5282,Integrated heuristic Graphic Interface,3,Sales,382770,2025-10-19,2026-02-21,Active
5283,Decentralized web-enabled circuit,1,Lead Generation,62323,2026-07-15,2026-08-05,Completed
5284,Self-enabling grid-enabled database,1,Lead Generation,487614,2025-07-31,2026-08-16,Paused
5285,Versatile upward-trending encryption,5,Brand Awareness,125122,2026-02-04,2026-03-04,Paused
5286,Digitized disintermediate moderator,3,Brand Awareness,481391,2025-03-28,2025-07-08,Paused
5287,Triple-buffered incremental customer loyalty,2,Lead Generation,366996,2025-11-30,2026-08-01,Paused
5288,Ameliorated client-driven algorithm,2,Lead Generation,367887,2025-09-20,2026-08-25,Paused
5289,Face-to-face systematic focus group,4,Sales,391994,2024-12-11,2026-06-23,Active
5290,Exclusive zero-defect middleware,4,Brand Awareness,235097,2025-03-14,2026-06-27,Active
5291,Business-focused mission-critical focus group,3,Sales,210849,2024-08-25,2025-06-24,Active
5292,Automated methodical customer loyalty,3,Lead Generation,187631,2025-01-12,2026-03-22,Paused
5293,Reverse-engineered next generation toolset,3,Product Launch,456897,2024-07-19,2026-05-02,Paused
5294,Operative 24/7 infrastructure,1,Brand Awareness,299907,2024-08-11,2024-12-02,Paused
5295,Enhanced user-facing hierarchy,1,Lead Generation,330339,2024-10-14,2025-02-12,Completed
5296,Progressive multi-state process improvement,2,Lead Generation,132282,2025-06-12,2025-11-23,Paused
5297,Proactive fault-tolerant algorithm,1,Product Launch,277690,2026-02-26,2026-10-05,Active
5298,Inverse 4thgeneration protocol,5,Brand Awareness,159384,2026-04-21,2026-08-05,Paused
5299,Inverse optimizing collaboration,1,Remarketing,104665,2024-12-16,2025-04-21,Completed
5300,Realigned background hardware,4,Brand Awareness,380531,2024-11-12,2025-06-18,Paused
5301,Ergonomic dynamic parallelism,2,Remarketing,334219,2025-07-25,2026-07-25,Completed
5302,Down-sized 3rdgeneration hierarchy,1,Remarketing,412089,2024-12-09,2025-06-04,Active
5303,Reduced client-driven firmware,3,Product Launch,256298,2025-07-10,2026-08-02,Paused
5304,Organized solution-oriented moderator,1,Remarketing,73331,2026-06-08,2026-07-27,Completed
5305,Sharable encompassing database,3,Sales,415858,2025-09-24,2026-06-28,Active
5306,Horizontal impactful complexity,5,Brand Awareness,176621,2025-09-30,2026-04-01,Completed
5307,Programmable needs-based Graphic Interface,4,Sales,29871,2025-03-10,2026-03-18,Active
5308,Streamlined didactic core,2,Remarketing,140174,2025-01-20,2025-05-17,Paused
5309,Up-sized systemic capability,2,Sales,440717,2025-03-03,2025-10-10,Active
5310,Customer-focused tangible interface,1,Lead Generation,200866,2025-06-24,2026-08-29,Completed
5311,Cross-platform actuating archive,4,Product Launch,203369,2024-08-29,2024-09-07,Active
5312,Integrated transitional orchestration,2,Product Launch,422715,2024-12-19,2025-07-19,Completed
5313,Multi-layered methodical analyzer,3,Remarketing,382550,2024-12-20,2025-11-02,Active
5314,Switchable user-facing initiative,4,Lead Generation,212543,2025-09-29,2026-08-28,Paused
5315,Compatible directional database,4,Product Launch,254636,2024-11-17,2025-07-10,Paused
5316,Open-source national monitoring,3,Sales,274590,2025-03-23,2026-03-11,Completed
5317,Proactive maximized artificial intelligence,2,Brand Awareness,181149,2024-10-08,2026-04-29,Paused
5318,Cross-platform well-modulated focus group,1,Sales,183459,2025-01-15,2025-04-04,Active
5319,Upgradable content-based complexity,4,Sales,122648,2025-04-13,2026-01-10,Paused
5320,Profound exuding array,5,Remarketing,242139,2026-02-03,2026-06-19,Paused
5321,Monitored full-range utilization,5,Lead Generation,481655,2025-08-29,2026-06-29,Completed
5322,Re-contextualized didactic methodology,1,Lead Generation,37460,2025-05-21,2026-07-17,Active
5323,Up-sized reciprocal hub,4,Remarketing,349203,2024-10-07,2026-10-09,Completed
5324,Balanced impactful open system,3,Lead Generation,22191,2024-09-10,2025-09-06,Paused
5325,Total human-resource Internet solution,3,Lead Generation,279490,2025-11-24,2026-01-02,Completed
5326,Synergistic bifurcated policy,5,Remarketing,15919,2026-05-08,2026-07-06,Paused
5327,Synchronized 6thgeneration approach,4,Sales,370286,2026-01-02,2026-06-24,Active
5328,Managed homogeneous parallelism,4,Brand Awareness,266988,2025-11-20,2026-07-31,Completed
5329,Cloned exuding throughput,1,Remarketing,291653,2025-07-19,2025-11-29,Active
5330,Progressive executive attitude,4,Product Launch,159202,2024-12-25,2026-03-22,Active
5331,Digitized homogeneous structure,2,Remarketing,198601,2025-12-07,2026-02-11,Completed
5332,Optional incremental alliance,5,Brand Awareness,299757,2026-04-10,2026-10-06,Completed
5333,Synchronized background structure,1,Brand Awareness,248733,2026-06-29,2026-07-10,Active
5334,Proactive zero-defect Local Area Network,4,Brand Awareness,197429,2026-01-12,2026-03-21,Paused
5335,Advanced exuding complexity,4,Brand Awareness,45286,2026-02-06,2026-04-14,Completed
5336,Reduced bifurcated Internet solution,2,Remarketing,137292,2024-10-27,2026-02-18,Paused
5337,Fundamental needs-based extranet,1,Lead Generation,433379,2024-11-14,2024-12-19,Paused
5338,Digitized responsive Internet solution,5,Product Launch,285841,2024-11-06,2025-02-22,Active
5339,Automated attitude-oriented monitoring,3,Lead Generation,362556,2025-01-11,2025-07-18,Paused
5340,Virtual client-driven focus group,4,Lead Generation,260406,2026-03-16,2026-06-23,Active
5341,Right-sized demand-driven initiative,1,Product Launch,171930,2025-08-16,2025-08-26,Completed
5342,Proactive 4thgeneration paradigm,5,Sales,455948,2025-10-31,2025-12-01,Completed
5343,Stand-alone empowering challenge,3,Brand Awareness,201927,2025-09-27,2026-08-29,Completed
5344,Optimized maximized model,4,Lead Generation,102724,2025-09-16,2026-04-01,Active
5345,Total attitude-oriented database,2,Lead Generation,118683,2025-12-03,2026-04-02,Completed
5346,Public-key encompassing capacity,5,Lead Generation,129816,2024-08-28,2026-05-09,Active
5347,Realigned intangible secured line,5,Lead Generation,161073,2025-11-29,2026-03-30,Paused
5348,Up-sized multimedia conglomeration,2,Sales,358779,2025-12-29,2026-06-27,Paused
5349,Switchable systemic hardware,3,Product Launch,411221,2026-06-20,2026-07-28,Paused
5350,Intuitive maximized middleware,5,Brand Awareness,364964,2026-03-11,2026-05-19,Completed
5351,Cross-platform 6thgeneration capability,4,Product Launch,313239,2024-11-27,2026-06-23,Paused
5352,Public-key attitude-oriented support,2,Remarketing,336925,2026-01-30,2026-06-13,Paused
5353,Multi-tiered zero administration knowledge user,1,Brand Awareness,17313,2026-04-12,2026-05-10,Paused
5354,Function-based transitional matrices,5,Lead Generation,370237,2025-06-09,2025-10-15,Paused
5355,Object-based composite contingency,5,Product Launch,27473,2024-12-16,2025-12-07,Completed
5356,Ameliorated systematic function,5,Product Launch,394945,2024-09-02,2025-05-13,Active
5357,Visionary empowering neural-net,2,Lead Generation,320720,2025-07-07,2026-04-23,Completed
5358,Future-proofed fault-tolerant function,5,Brand Awareness,238818,2024-12-17,2025-03-18,Completed
5359,Decentralized analyzing complexity,5,Sales,124964,2025-04-20,2026-01-20,Completed
5360,Polarized encompassing service-desk,2,Product Launch,20422,2025-12-12,2026-04-27,Paused
5361,Right-sized tangible data-warehouse,2,Product Launch,347074,2025-12-20,2026-09-03,Active
5362,Function-based mobile circuit,2,Lead Generation,422614,2024-08-01,2024-09-05,Completed
5363,Inverse motivating algorithm,1,Remarketing,427978,2025-11-28,2026-10-06,Active
5364,User-centric 4thgeneration frame,1,Product Launch,225502,2025-08-03,2025-08-13,Completed
5365,Visionary systematic application,5,Sales,307603,2025-09-10,2026-01-03,Active
5366,Cross-platform contextually-based software,1,Brand Awareness,291155,2025-10-19,2026-09-07,Paused
5367,Multi-lateral holistic alliance,1,Product Launch,334710,2025-11-26,2026-06-26,Paused
5368,Grass-roots motivating open system,2,Lead Generation,410955,2025-02-28,2026-04-20,Completed
5369,Integrated zero-defect portal,3,Brand Awareness,421471,2026-03-09,2026-07-17,Completed
5370,Pre-emptive 5thgeneration monitoring,4,Lead Generation,476239,2026-01-22,2026-04-22,Completed
5371,Upgradable multimedia leverage,3,Product Launch,80169,2024-11-04,2026-06-28,Paused
5372,Triple-buffered local core,3,Brand Awareness,184255,2025-04-12,2025-11-15,Completed
5373,Up-sized even-keeled extranet,1,Remarketing,409265,2025-09-04,2025-10-07,Paused
5374,Up-sized leadingedge challenge,4,Brand Awareness,184564,2025-03-02,2026-06-13,Active
5375,Robust 24/7 structure,1,Product Launch,185561,2024-08-13,2026-10-05,Completed
5376,Cloned 4thgeneration customer loyalty,3,Product Launch,296978,2025-01-25,2026-08-06,Completed
5377,Function-based scalable leverage,5,Sales,347332,2025-10-06,2025-10-14,Completed
5378,Persevering explicit complexity,5,Product Launch,221437,2026-05-22,2026-08-28,Active
5379,Multi-lateral web-enabled database,1,Lead Generation,126007,2025-07-07,2026-04-25,Completed
5380,Stand-alone reciprocal productivity,4,Brand Awareness,364740,2025-12-31,2026-05-04,Active
5381,Total client-server groupware,3,Remarketing,343356,2025-08-23,2025-09-10,Active
5382,Compatible modular initiative,1,Product Launch,20250,2026-01-15,2026-02-08,Completed
5383,Devolved encompassing moratorium,3,Sales,228377,2026-02-03,2026-04-07,Completed
5384,Team-oriented scalable complexity,2,Remarketing,109690,2025-05-17,2026-05-02,Active
5385,Realigned responsive workforce,4,Lead Generation,423593,2025-04-06,2026-08-11,Paused
5386,Optional composite secured line,3,Lead Generation,180393,2026-04-16,2026-07-20,Paused
5387,Fundamental optimal artificial intelligence,5,Product Launch,144304,2024-08-01,2025-05-12,Paused
5388,Fully-configurable 6thgeneration protocol,2,Remarketing,137565,2025-03-10,2026-07-18,Paused
5389,Integrated real-time contingency,4,Product Launch,322153,2025-08-16,2026-09-01,Completed
5390,Proactive well-modulated secured line,4,Brand Awareness,78476,2026-07-02,2026-10-15,Paused
5391,Fully-configurable asynchronous productivity,1,Product Launch,200773,2025-10-29,2026-09-28,Paused
5392,Adaptive coherent frame,5,Lead Generation,350088,2026-01-29,2026-06-09,Completed
5393,Universal tangible function,1,Product Launch,489353,2025-04-04,2026-04-07,Completed
5394,Profound encompassing extranet,2,Sales,420427,2025-08-09,2026-03-24,Completed
5395,Object-based secondary application,1,Remarketing,329003,2025-07-04,2025-12-16,Paused
5396,Synchronized motivating groupware,3,Lead Generation,83226,2025-04-06,2026-06-26,Completed
5397,Focused hybrid knowledgebase,4,Lead Generation,52054,2025-12-25,2026-09-25,Completed
5398,Multi-layered multimedia knowledgebase,3,Brand Awareness,468313,2025-05-13,2025-08-04,Completed
5399,Grass-roots multimedia intranet,3,Remarketing,10236,2024-10-26,2025-12-03,Completed
5400,Horizontal uniform approach,5,Product Launch,295000,2026-02-03,2026-08-26,Paused
5401,Fundamental next generation protocol,3,Remarketing,14497,2026-06-13,2026-07-26,Active
5402,Diverse directional product,2,Product Launch,33934,2024-08-23,2025-05-03,Completed
5403,Implemented fault-tolerant framework,3,Brand Awareness,222650,2026-01-16,2026-09-02,Paused
5404,Team-oriented composite application,4,Product Launch,467923,2026-04-28,2026-07-31,Completed
5405,Phased needs-based framework,4,Remarketing,236345,2026-02-10,2026-06-22,Active
5406,Seamless bottom-line collaboration,4,Sales,364245,2025-09-19,2025-11-26,Completed
5407,Synergized non-volatile standardization,4,Sales,334115,2025-02-13,2026-06-23,Active
5408,Triple-buffered stable benchmark,1,Lead Generation,103991,2024-07-17,2025-10-02,Completed
5409,Profound zero tolerance productivity,4,Product Launch,224139,2025-01-27,2025-07-20,Paused
5410,Phased uniform portal,2,Brand Awareness,200699,2025-10-18,2026-04-06,Completed
5411,Cross-platform dynamic core,3,Remarketing,424544,2026-05-28,2026-09-15,Active
5412,Team-oriented mission-critical portal,4,Product Launch,54999,2025-12-12,2026-04-21,Completed
5413,Reduced logistical complexity,5,Product Launch,464424,2025-04-10,2026-05-19,Active
5414,Progressive web-enabled pricing structure,1,Lead Generation,127522,2024-09-06,2024-12-16,Active
5415,Adaptive actuating moratorium,1,Product Launch,197726,2026-06-16,2026-06-26,Completed
5416,Down-sized upward-trending attitude,1,Lead Generation,469029,2025-05-31,2025-06-03,Active
5417,Persistent systemic core,1,Remarketing,26156,2024-08-29,2025-07-31,Active
5418,Sharable client-driven budgetary management,4,Brand Awareness,176895,2024-12-18,2025-12-13,Paused
5419,Pre-emptive non-volatile utilization,4,Sales,145802,2025-05-22,2026-05-02,Active
5420,Re-contextualized dedicated emulation,1,Lead Generation,167962,2025-03-26,2025-04-05,Completed
5421,Organized systemic function,3,Remarketing,150613,2025-01-12,2026-03-10,Active
5422,Configurable regional info-mediaries,5,Sales,275473,2024-07-30,2024-09-20,Paused
5423,Organic secondary project,4,Lead Generation,278839,2026-06-07,2026-08-10,Active
5424,Grass-roots foreground system engine,1,Lead Generation,276583,2026-04-14,2026-05-14,Paused
5425,Re-engineered cohesive info-mediaries,4,Remarketing,140297,2025-05-30,2026-09-27,Completed
5426,Fundamental high-level moratorium,5,Sales,160978,2025-12-13,2026-03-09,Paused
5427,Robust motivating software,4,Sales,346008,2025-07-29,2025-09-27,Paused
5428,Automated upward-trending migration,3,Lead Generation,219066,2026-01-28,2026-01-28,Paused
5429,Enhanced zero-defect task-force,3,Product Launch,456756,2026-06-16,2026-09-29,Active
5430,Optimized even-keeled data-warehouse,1,Brand Awareness,144516,2025-04-03,2025-09-28,Active
5431,Focused 3rdgeneration matrices,1,Sales,376639,2024-11-06,2025-04-14,Active
5432,Realigned local firmware,1,Product Launch,467818,2025-07-15,2026-02-06,Active
5433,Compatible uniform forecast,2,Remarketing,364019,2024-08-02,2025-05-24,Active
5434,Balanced bi-directional framework,4,Lead Generation,47513,2025-09-04,2026-05-05,Paused
5435,Cross-group zero-defect forecast,5,Product Launch,327149,2025-06-24,2026-06-25,Paused
5436,Reduced bi-directional application,3,Sales,20004,2025-08-10,2026-05-27,Completed
5437,Team-oriented systematic instruction set,1,Brand Awareness,366585,2026-05-20,2026-07-05,Paused
5438,Virtual bifurcated paradigm,1,Sales,293927,2024-08-25,2025-04-10,Completed
5439,Optimized dedicated hub,3,Sales,83538,2025-02-04,2026-03-13,Completed
5440,Triple-buffered asymmetric workforce,1,Product Launch,134864,2025-01-01,2025-06-19,Active
5441,Streamlined client-server matrix,5,Sales,443829,2024-08-10,2024-11-07,Completed
5442,Fully-configurable heuristic capacity,3,Sales,176852,2025-02-07,2025-11-25,Completed
5443,Cross-platform analyzing software,5,Remarketing,268880,2026-05-29,2026-10-10,Paused
5444,Re-engineered transitional hardware,1,Remarketing,314330,2026-06-15,2026-09-10,Completed
5445,Front-line bandwidth-monitored approach,1,Product Launch,176891,2024-08-13,2026-02-11,Completed
5446,Extended system-worthy emulation,4,Lead Generation,390626,2024-12-16,2025-03-29,Completed
5447,Reverse-engineered didactic utilization,5,Lead Generation,401130,2026-01-08,2026-06-19,Paused
5448,Profit-focused client-driven service-desk,2,Sales,311066,2024-10-18,2025-07-14,Paused
5449,Persevering attitude-oriented archive,2,Brand Awareness,28857,2025-05-09,2026-05-16,Active
5450,Organized holistic concept,2,Remarketing,82219,2024-12-16,2026-09-16,Active
5451,Programmable grid-enabled support,4,Lead Generation,96958,2026-06-18,2026-06-19,Completed
5452,Self-enabling non-volatile complexity,5,Sales,476536,2025-01-16,2026-06-16,Paused
5453,Versatile contextually-based toolset,5,Lead Generation,27508,2026-02-19,2026-07-14,Paused
5454,Front-line context-sensitive analyzer,2,Remarketing,212900,2025-06-13,2026-08-13,Active
5455,Exclusive heuristic open architecture,2,Product Launch,25005,2025-04-01,2026-08-27,Paused
5456,Quality-focused logistical extranet,5,Lead Generation,190104,2024-08-08,2024-12-20,Active
5457,Cross-platform asynchronous time-frame,2,Lead Generation,171380,2025-08-03,2025-12-18,Paused
5458,Mandatory systemic pricing structure,4,Product Launch,60101,2025-12-27,2026-03-13,Paused
5459,Compatible zero-defect contingency,2,Product Launch,113964,2026-02-25,2026-03-08,Active
5460,Switchable tertiary protocol,1,Lead Generation,139859,2025-12-21,2026-01-28,Completed
5461,Reverse-engineered systemic approach,5,Product Launch,303764,2025-05-07,2026-01-13,Active
5462,Intuitive bottom-line core,4,Brand Awareness,434475,2025-10-28,2026-08-12,Paused
5463,Networked heuristic synergy,3,Remarketing,319769,2025-06-26,2025-07-08,Paused
5464,Object-based zero administration hierarchy,4,Lead Generation,153518,2025-07-27,2025-07-29,Completed
5465,Optional discrete groupware,5,Sales,387531,2024-09-09,2025-07-29,Active
5466,Front-line stable productivity,2,Brand Awareness,411456,2025-10-07,2025-10-29,Active
5467,Devolved national firmware,4,Product Launch,282088,2025-08-09,2026-08-11,Active
5468,Upgradable regional knowledgebase,3,Product Launch,132939,2024-08-23,2025-12-26,Paused
5469,Synchronized dedicated process improvement,3,Product Launch,171464,2026-01-30,2026-03-31,Completed
5470,Universal explicit workforce,4,Brand Awareness,365100,2025-07-12,2026-01-07,Active
5471,Ergonomic scalable instruction set,1,Brand Awareness,321449,2026-07-03,2026-07-20,Completed
5472,Centralized radical success,1,Lead Generation,413681,2025-12-02,2026-03-21,Paused
5473,Networked high-level knowledgebase,5,Brand Awareness,36863,2026-04-11,2026-05-19,Active
5474,Organized needs-based core,3,Product Launch,231969,2026-04-15,2026-05-23,Completed
5475,Streamlined clear-thinking throughput,2,Lead Generation,179414,2024-07-23,2025-06-01,Paused
5476,Cross-platform full-range open architecture,2,Product Launch,156555,2026-03-02,2026-10-01,Active
5477,Proactive global interface,1,Brand Awareness,146555,2024-09-25,2024-10-22,Paused
5478,Synergistic 5thgeneration portal,2,Lead Generation,24539,2025-02-14,2025-06-18,Paused
5479,Cross-group zero-defect middleware,2,Remarketing,415940,2026-06-18,2026-10-08,Active
5480,Inverse modular concept,2,Sales,87590,2025-10-21,2026-10-01,Paused
5481,Multi-lateral multimedia success,3,Remarketing,16757,2025-08-20,2026-02-16,Active
5482,Front-line responsive challenge,5,Brand Awareness,227607,2025-03-05,2025-07-22,Paused
5483,Synchronized 3rdgeneration firmware,4,Remarketing,367446,2025-06-23,2026-08-05,Paused
5484,Diverse asymmetric protocol,5,Brand Awareness,26413,2026-02-28,2026-07-14,Completed
5485,Face-to-face bi-directional info-mediaries,3,Remarketing,417330,2025-07-31,2025-08-28,Active
5486,Optional mission-critical database,3,Product Launch,330210,2025-03-17,2025-07-10,Completed
5487,Optimized interactive orchestration,3,Product Launch,408874,2025-01-04,2025-08-17,Completed
5488,Upgradable scalable focus group,1,Remarketing,110247,2026-03-19,2026-04-16,Paused
5489,Digitized even-keeled leverage,5,Lead Generation,344825,2025-11-23,2026-04-02,Active
5490,Synergistic hybrid core,1,Product Launch,404932,2024-08-17,2025-05-26,Active
5491,Focused didactic solution,1,Lead Generation,386866,2026-03-03,2026-08-21,Paused
5492,Down-sized background paradigm,5,Product Launch,337592,2025-09-27,2026-09-09,Paused
5493,Object-based dedicated installation,5,Remarketing,359669,2025-10-05,2026-09-15,Active
5494,Stand-alone bandwidth-monitored methodology,2,Product Launch,76058,2025-02-14,2026-03-23,Paused
5495,Networked multi-tasking neural-net,2,Product Launch,127295,2024-09-11,2026-08-09,Paused
5496,Grass-roots background Graphical User Interface,3,Remarketing,467031,2025-03-20,2026-10-14,Completed
5497,Open-architected tertiary functionalities,2,Brand Awareness,319826,2024-12-08,2025-07-17,Paused
5498,Proactive dedicated monitoring,3,Remarketing,173376,2024-10-08,2026-09-22,Completed
5499,User-friendly scalable moderator,2,Product Launch,40297,2024-07-29,2024-08-28,Active
5500,Down-sized human-resource knowledge user,1,Remarketing,222519,2026-02-19,2026-03-19,Completed
5501,Networked fault-tolerant benchmark,4,Sales,282274,2025-01-15,2025-07-10,Completed
5502,Integrated tangible data-warehouse,4,Remarketing,303172,2025-01-23,2026-03-17,Active
5503,Expanded multimedia contingency,5,Product Launch,355919,2025-09-20,2026-05-13,Paused
5504,Front-line radical initiative,2,Product Launch,109288,2025-10-21,2025-12-04,Completed
5505,Advanced content-based leverage,5,Product Launch,75430,2025-09-22,2026-06-10,Active
5506,User-friendly analyzing knowledge user,5,Sales,410265,2026-04-12,2026-09-18,Active
5507,Team-oriented reciprocal protocol,4,Lead Generation,296346,2025-08-04,2026-04-28,Completed
5508,Networked static artificial intelligence,5,Sales,248503,2025-12-02,2026-03-06,Completed
5509,Compatible executive time-frame,3,Brand Awareness,97997,2026-04-17,2026-06-13,Active
5510,Visionary responsive time-frame,4,Remarketing,79308,2026-02-18,2026-04-21,Paused
5511,User-centric analyzing model,3,Product Launch,156582,2026-07-14,2026-08-25,Completed
5512,Realigned 24/7 moderator,5,Brand Awareness,144033,2026-03-24,2026-04-06,Completed
5513,Proactive tertiary implementation,2,Lead Generation,385523,2025-11-29,2025-11-29,Active
5514,De-engineered homogeneous matrices,1,Product Launch,125797,2025-07-23,2026-03-27,Completed
5515,Sharable impactful array,1,Brand Awareness,72142,2024-10-21,2025-03-02,Paused
5516,Profit-focused local artificial intelligence,2,Sales,427860,2025-11-04,2026-04-17,Paused
5517,Horizontal zero-defect forecast,4,Product Launch,366516,2025-11-09,2026-06-23,Paused
5518,Mandatory incremental capacity,3,Lead Generation,36307,2024-11-23,2025-12-31,Completed
5519,Adaptive tertiary neural-net,4,Sales,292987,2024-12-11,2025-08-30,Completed
5520,Versatile object-oriented open architecture,3,Sales,174308,2025-10-29,2026-05-31,Paused
5521,Cross-platform empowering support,5,Product Launch,114272,2024-11-01,2026-10-01,Paused
5522,Compatible cohesive hub,1,Product Launch,368288,2024-07-26,2024-12-18,Completed
5523,Customizable responsive projection,1,Remarketing,260490,2026-04-21,2026-06-01,Paused
5524,Implemented intermediate functionalities,3,Sales,22816,2026-04-03,2026-08-07,Completed
5525,Synergized asymmetric methodology,4,Product Launch,351107,2025-01-29,2026-07-15,Completed
5526,Assimilated multi-tasking help-desk,3,Remarketing,275105,2024-11-29,2026-08-30,Active
5527,Multi-layered logistical open architecture,5,Brand Awareness,355997,2024-11-27,2026-02-07,Completed
5528,Proactive web-enabled portal,1,Sales,378309,2025-07-23,2026-04-02,Active
5529,Phased mission-critical leverage,3,Brand Awareness,329709,2025-04-28,2025-05-12,Active
5530,Open-source object-oriented concept,3,Remarketing,13269,2026-03-31,2026-08-05,Completed
5531,Object-based well-modulated orchestration,4,Lead Generation,182119,2025-06-12,2025-08-02,Completed
5532,Profound local flexibility,4,Brand Awareness,417526,2025-12-25,2026-05-26,Completed
5533,Ergonomic 4thgeneration protocol,1,Brand Awareness,292916,2025-07-30,2025-11-03,Completed
5534,Team-oriented incremental implementation,3,Lead Generation,459461,2024-10-06,2026-08-30,Paused
5535,Customizable asymmetric forecast,2,Lead Generation,309695,2024-08-06,2025-05-05,Active
5536,Robust client-driven benchmark,4,Brand Awareness,169346,2026-06-02,2026-10-03,Completed
5537,Optional tertiary help-desk,4,Sales,224685,2025-03-07,2026-07-27,Paused
5538,Sharable cohesive model,1,Lead Generation,442248,2026-05-31,2026-07-04,Completed
5539,Open-source 5thgeneration info-mediaries,5,Lead Generation,254332,2026-06-05,2026-08-02,Completed
5540,Virtual multi-state budgetary management,1,Product Launch,254185,2025-03-23,2026-09-10,Paused
5541,Profound object-oriented synergy,4,Product Launch,272758,2025-06-01,2025-06-23,Active
5542,Up-sized neutral moderator,1,Lead Generation,30269,2025-07-16,2025-12-20,Paused
5543,Devolved empowering toolset,4,Sales,198029,2025-07-21,2025-09-16,Active
5544,Monitored motivating concept,3,Brand Awareness,255964,2026-06-01,2026-06-06,Completed
5545,Business-focused encompassing frame,2,Brand Awareness,261528,2026-04-05,2026-04-20,Completed
5546,Pre-emptive dedicated complexity,3,Product Launch,170751,2025-05-13,2026-04-18,Paused
5547,Right-sized zero administration interface,3,Lead Generation,399225,2025-09-28,2026-03-02,Paused
5548,Automated contextually-based core,5,Product Launch,44685,2024-12-08,2026-01-17,Active
5549,Self-enabling fresh-thinking software,5,Remarketing,415134,2024-12-24,2026-10-04,Active
5550,Assimilated object-oriented intranet,2,Brand Awareness,402748,2025-04-05,2026-01-11,Active
5551,Compatible real-time methodology,3,Remarketing,403582,2025-05-05,2026-02-27,Paused
5552,Sharable didactic data-warehouse,5,Remarketing,252976,2025-09-13,2025-11-16,Completed
5553,Configurable incremental strategy,4,Remarketing,282839,2026-01-27,2026-03-24,Paused
5554,Organized 24hour moratorium,2,Remarketing,399286,2025-09-27,2025-10-07,Paused
5555,Monitored asymmetric Graphic Interface,2,Remarketing,286118,2024-11-12,2025-03-11,Completed
5556,Re-engineered local focus group,3,Remarketing,447896,2025-10-14,2026-05-24,Active
5557,Fundamental logistical product,3,Lead Generation,386269,2026-06-17,2026-09-21,Completed
5558,Centralized well-modulated challenge,4,Remarketing,382879,2025-12-04,2026-09-23,Completed
5559,Reverse-engineered asynchronous methodology,5,Lead Generation,219897,2024-09-18,2025-10-04,Paused
5560,Team-oriented executive throughput,3,Lead Generation,470882,2025-12-03,2026-08-13,Paused
5561,Enterprise-wide user-facing matrix,2,Remarketing,67321,2026-03-30,2026-08-14,Completed
5562,Optional multimedia encoding,3,Product Launch,219036,2026-02-25,2026-09-30,Completed
5563,Inverse bifurcated application,2,Lead Generation,289608,2024-07-18,2025-10-18,Active
5564,Front-line full-range flexibility,3,Lead Generation,336867,2026-02-12,2026-05-08,Completed
5565,Virtual bifurcated application,4,Sales,356482,2025-03-16,2025-08-29,Completed
5566,Distributed next generation function,5,Sales,213512,2025-04-26,2025-05-26,Paused
5567,Mandatory 6thgeneration process improvement,4,Sales,406030,2024-09-03,2025-09-12,Paused
5568,Optimized contextually-based model,5,Remarketing,257375,2026-02-08,2026-03-16,Paused
5569,Re-contextualized intermediate hardware,1,Sales,229591,2025-03-02,2025-05-23,Paused
5570,Realigned context-sensitive firmware,3,Product Launch,415906,2025-02-12,2026-09-28,Active
5571,Synergized human-resource toolset,2,Sales,49294,2025-04-25,2026-02-18,Active
5572,Cross-platform analyzing archive,5,Lead Generation,153172,2025-05-16,2025-08-13,Active
5573,Cross-group static concept,1,Product Launch,222861,2024-11-13,2025-04-28,Completed
5574,Fundamental value-added Local Area Network,1,Remarketing,286688,2025-03-23,2026-07-27,Paused
5575,Cloned impactful adapter,4,Product Launch,340276,2024-07-22,2026-02-28,Paused
5576,Configurable 6thgeneration pricing structure,1,Sales,211801,2025-12-12,2026-08-07,Paused
5577,Robust background monitoring,1,Brand Awareness,298391,2026-04-23,2026-07-08,Completed
5578,Horizontal content-based circuit,4,Remarketing,491487,2025-09-03,2026-09-10,Completed
5579,Compatible clear-thinking functionalities,5,Lead Generation,474222,2026-05-01,2026-07-25,Completed
5580,Team-oriented tertiary open system,3,Remarketing,137442,2025-09-05,2025-11-11,Active
5581,Monitored system-worthy capacity,5,Remarketing,192697,2024-09-25,2024-11-09,Completed
5582,Programmable asymmetric circuit,5,Sales,366729,2025-11-29,2026-05-06,Completed
5583,Persevering global strategy,4,Remarketing,439634,2026-05-21,2026-08-14,Active
5584,Re-engineered exuding alliance,4,Brand Awareness,201306,2025-06-30,2026-08-16,Completed
5585,Sharable bifurcated Local Area Network,3,Brand Awareness,333619,2025-09-01,2025-11-02,Active
5586,Virtual systemic Graphical User Interface,3,Sales,400532,2025-01-08,2025-01-20,Completed
5587,Cloned interactive interface,2,Lead Generation,167129,2025-11-12,2026-05-24,Completed
5588,Reduced high-level projection,1,Brand Awareness,128664,2025-06-29,2026-09-16,Active
5589,Persistent leadingedge open system,4,Remarketing,343991,2024-11-08,2024-11-21,Active
5590,Inverse interactive orchestration,5,Lead Generation,192094,2026-05-26,2026-05-26,Paused
5591,Grass-roots regional leverage,3,Brand Awareness,384088,2026-03-21,2026-06-25,Completed
5592,Configurable bifurcated ability,3,Brand Awareness,464828,2026-02-06,2026-06-08,Completed
5593,Re-contextualized needs-based forecast,1,Product Launch,333151,2026-01-29,2026-06-06,Paused
5594,Exclusive value-added strategy,1,Lead Generation,251975,2026-01-09,2026-04-05,Completed
5595,Object-based context-sensitive circuit,2,Brand Awareness,169859,2026-04-19,2026-09-04,Active
5596,Fully-configurable analyzing Graphical User Interface,5,Remarketing,478337,2025-12-22,2026-10-07,Completed
5597,Assimilated analyzing orchestration,2,Product Launch,421113,2026-03-15,2026-05-10,Paused
5598,Polarized web-enabled focus group,5,Sales,384034,2026-07-17,2026-08-07,Active
5599,Assimilated actuating knowledgebase,2,Product Launch,321835,2024-10-27,2026-03-22,Active
5600,Customizable regional application,2,Lead Generation,18075,2026-03-20,2026-08-23,Active
5601,Cloned full-range concept,2,Lead Generation,47804,2025-02-28,2025-08-05,Active
5602,Triple-buffered mobile success,2,Sales,53276,2026-01-10,2026-03-04,Paused
5603,Ameliorated maximized leverage,1,Product Launch,369930,2025-12-17,2026-03-22,Paused
5604,Re-engineered incremental concept,3,Lead Generation,243099,2024-08-07,2025-01-19,Active
5605,Optimized regional monitoring,3,Remarketing,158305,2026-03-05,2026-10-12,Active
5606,Open-source stable architecture,1,Remarketing,51222,2025-03-18,2025-08-12,Completed
5607,Robust grid-enabled process improvement,3,Product Launch,495975,2024-09-17,2025-03-28,Completed
5608,Pre-emptive heuristic workforce,1,Remarketing,478631,2026-04-09,2026-09-23,Paused
5609,Organic bandwidth-monitored service-desk,2,Brand Awareness,398826,2025-02-16,2026-01-10,Active
5610,User-centric responsive policy,4,Brand Awareness,448835,2025-01-08,2026-05-15,Active
5611,Exclusive intangible complexity,5,Remarketing,399779,2025-06-11,2026-09-24,Paused
5612,Total multi-state benchmark,3,Sales,56655,2025-06-02,2026-03-08,Active
5613,Virtual background challenge,1,Lead Generation,474859,2025-09-04,2025-11-07,Paused
5614,Advanced discrete approach,3,Remarketing,269000,2025-03-10,2026-08-21,Active
5615,Open-source encompassing synergy,1,Product Launch,56282,2025-07-23,2026-03-22,Active
5616,Total system-worthy data-warehouse,2,Product Launch,31571,2025-04-08,2025-04-21,Active
5617,Organic modular structure,3,Sales,120689,2024-07-21,2024-09-29,Active
5618,Synergized dedicated archive,1,Product Launch,201423,2025-10-31,2026-07-07,Paused
5619,Exclusive solution-oriented throughput,3,Remarketing,425423,2024-12-22,2025-10-11,Paused
5620,Optimized national secured line,4,Remarketing,498650,2024-10-29,2026-10-04,Paused
5621,Enterprise-wide explicit contingency,5,Sales,31651,2025-07-11,2026-03-06,Completed
5622,Virtual needs-based throughput,3,Brand Awareness,79543,2024-11-14,2024-12-16,Paused
5623,Grass-roots scalable focus group,4,Sales,333091,2024-10-28,2026-04-12,Completed
5624,Self-enabling systematic Internet solution,1,Remarketing,36132,2025-02-15,2025-03-29,Completed
5625,Multi-layered empowering concept,5,Product Launch,445044,2025-03-04,2025-04-15,Completed
5626,Exclusive well-modulated knowledge user,3,Lead Generation,295555,2025-09-23,2026-02-11,Paused
5627,Visionary client-driven challenge,3,Product Launch,80403,2024-07-21,2025-04-18,Active
5628,Distributed zero-defect task-force,2,Lead Generation,322301,2026-06-07,2026-08-09,Paused
5629,Cloned methodical focus group,4,Lead Generation,96720,2025-01-16,2026-07-30,Completed
5630,Automated asynchronous encryption,3,Sales,495089,2026-01-14,2026-06-26,Paused
5631,Cloned demand-driven extranet,5,Product Launch,237680,2024-09-14,2026-03-15,Completed
5632,Progressive multi-state toolset,5,Remarketing,447176,2024-08-08,2026-06-29,Paused
5633,Synergized demand-driven paradigm,3,Brand Awareness,31494,2025-03-26,2026-06-09,Completed
5634,Object-based directional model,2,Brand Awareness,375144,2024-08-14,2025-11-25,Active
5635,Exclusive scalable pricing structure,4,Lead Generation,191844,2024-11-30,2025-06-24,Paused
5636,Diverse exuding customer loyalty,5,Brand Awareness,200355,2025-06-17,2026-05-19,Paused
5637,Stand-alone mission-critical groupware,4,Product Launch,60695,2026-01-22,2026-07-06,Active
5638,Innovative bi-directional infrastructure,2,Brand Awareness,341100,2026-01-29,2026-06-14,Completed
5639,Synergized empowering leverage,2,Sales,190558,2025-01-11,2026-10-12,Completed
5640,Distributed zero administration success,5,Lead Generation,57276,2025-04-19,2026-06-02,Active
5641,Function-based high-level solution,2,Brand Awareness,228073,2026-02-10,2026-02-13,Active
5642,Balanced analyzing neural-net,2,Sales,232954,2025-11-03,2026-08-31,Completed
5643,Exclusive zero administration circuit,1,Product Launch,163261,2025-02-24,2026-05-29,Paused
5644,Customer-focused fresh-thinking access,2,Lead Generation,330106,2025-01-11,2026-01-26,Paused
5645,Inverse holistic toolset,5,Product Launch,386165,2024-12-02,2025-10-26,Active
5646,Horizontal homogeneous support,4,Product Launch,225710,2026-04-16,2026-07-25,Active
5647,Secured 6thgeneration access,5,Sales,309126,2025-05-11,2025-11-29,Active
5648,Robust logistical portal,3,Remarketing,200611,2025-07-08,2026-04-21,Completed
5649,Enhanced radical synergy,3,Product Launch,162692,2025-08-19,2026-02-13,Completed
5650,Fundamental exuding encoding,5,Sales,330115,2025-06-02,2025-08-03,Paused
5651,Adaptive systemic focus group,1,Remarketing,489072,2025-09-03,2025-11-02,Paused
5652,Total dedicated functionalities,5,Remarketing,218152,2025-08-09,2026-02-17,Active
5653,Centralized value-added protocol,5,Brand Awareness,38955,2024-11-05,2026-03-11,Active
5654,Optional zero administration system engine,1,Remarketing,456962,2026-07-12,2026-07-21,Paused
5655,User-friendly local installation,4,Lead Generation,395349,2025-11-25,2026-02-02,Completed
5656,Ergonomic even-keeled core,4,Brand Awareness,184886,2026-04-01,2026-05-20,Completed
5657,Re-engineered tangible structure,1,Lead Generation,15312,2025-05-25,2025-07-04,Completed
5658,Synergized solution-oriented pricing structure,5,Sales,432698,2024-09-30,2025-10-06,Completed
5659,Total human-resource standardization,4,Remarketing,48868,2024-08-01,2026-06-22,Paused
5660,Innovative full-range orchestration,3,Sales,451455,2026-03-06,2026-03-23,Paused
5661,Total dynamic instruction set,1,Product Launch,415237,2025-10-31,2025-12-05,Active
5662,Business-focused stable protocol,5,Brand Awareness,301424,2024-09-12,2024-12-20,Completed
5663,Phased coherent leverage,1,Brand Awareness,66524,2024-08-11,2026-03-15,Completed
5664,Universal demand-driven infrastructure,4,Sales,424097,2026-02-14,2026-09-04,Completed
5665,Diverse actuating framework,2,Brand Awareness,378824,2025-03-25,2026-05-07,Active
5666,Monitored full-range focus group,3,Product Launch,223351,2024-09-21,2025-02-07,Completed
5667,Synergized 24hour synergy,5,Lead Generation,152913,2026-04-10,2026-05-08,Paused
5668,Open-source stable structure,5,Sales,288321,2025-01-14,2026-08-07,Active
5669,Object-based executive protocol,2,Lead Generation,217790,2026-04-28,2026-05-20,Active
5670,Networked logistical utilization,3,Product Launch,443403,2024-11-23,2026-05-10,Paused
5671,Profound hybrid Local Area Network,4,Brand Awareness,172102,2026-06-21,2026-08-24,Active
5672,Pre-emptive dynamic service-desk,1,Sales,492105,2025-08-14,2025-12-02,Active
5673,Digitized national attitude,3,Brand Awareness,453285,2025-12-24,2026-07-16,Active
5674,Customizable well-modulated definition,4,Remarketing,72115,2025-05-15,2026-02-04,Paused
5675,Intuitive leadingedge circuit,4,Remarketing,250483,2025-08-02,2026-01-24,Active
5676,Total actuating core,1,Brand Awareness,361513,2025-09-15,2026-01-26,Paused
5677,Operative human-resource firmware,2,Brand Awareness,77169,2025-12-02,2025-12-05,Completed
5678,Right-sized directional workforce,1,Product Launch,445126,2024-08-13,2026-07-14,Active
5679,Compatible hybrid Local Area Network,2,Lead Generation,362557,2026-06-08,2026-10-14,Completed
5680,Cloned stable conglomeration,5,Product Launch,176561,2024-10-16,2025-05-01,Paused
5681,Phased zero tolerance neural-net,2,Product Launch,165800,2026-02-25,2026-08-08,Active
5682,Enterprise-wide fresh-thinking paradigm,3,Lead Generation,363477,2024-07-25,2025-06-09,Paused
5683,Organized multi-state Graphical User Interface,3,Sales,414695,2025-12-20,2026-07-26,Active
5684,Vision-oriented actuating challenge,1,Sales,312232,2025-07-24,2026-06-14,Completed
5685,Business-focused scalable functionalities,2,Brand Awareness,152770,2025-11-10,2026-07-20,Completed
5686,Reactive web-enabled access,2,Brand Awareness,170157,2025-04-13,2025-11-13,Active
5687,Compatible fault-tolerant budgetary management,1,Remarketing,221173,2025-08-10,2026-07-29,Active
5688,Profound regional website,3,Remarketing,137250,2026-01-31,2026-05-02,Completed
5689,Team-oriented next generation interface,2,Remarketing,418051,2024-07-29,2024-10-19,Active
5690,Automated responsive info-mediaries,5,Sales,317106,2025-04-14,2025-10-03,Completed
5691,Implemented holistic success,3,Lead Generation,349468,2025-03-31,2026-09-25,Completed
5692,Synergistic needs-based middleware,1,Sales,204139,2025-04-22,2026-01-13,Completed
5693,Distributed 24hour synergy,1,Remarketing,255515,2025-02-10,2025-04-14,Paused
5694,Centralized 5thgeneration software,3,Remarketing,377146,2024-08-07,2025-06-11,Active
5695,Team-oriented impactful algorithm,2,Lead Generation,178540,2024-11-12,2026-04-23,Paused
5696,Optional multimedia secured line,4,Lead Generation,485179,2026-05-29,2026-07-21,Active
5697,Multi-lateral cohesive complexity,3,Sales,307353,2025-09-30,2026-07-12,Completed
5698,Profound context-sensitive service-desk,5,Brand Awareness,145618,2025-10-14,2026-03-10,Completed
5699,Ergonomic eco-centric adapter,2,Brand Awareness,300151,2026-03-11,2026-10-14,Active
5700,Cross-platform leadingedge throughput,5,Product Launch,42585,2025-08-28,2026-09-19,Active
5701,Upgradable content-based neural-net,5,Lead Generation,427197,2026-02-12,2026-05-11,Active
5702,Phased bottom-line approach,3,Product Launch,73155,2024-12-23,2026-07-05,Active
5703,Re-engineered explicit attitude,3,Remarketing,160669,2026-02-09,2026-08-21,Paused
5704,Visionary neutral moratorium,1,Sales,463614,2026-03-11,2026-07-12,Completed
5705,Persistent responsive functionalities,1,Brand Awareness,90386,2024-12-18,2026-06-10,Paused
5706,Total even-keeled encryption,3,Remarketing,336172,2025-05-30,2026-03-13,Paused
5707,Seamless regional migration,3,Lead Generation,142571,2024-09-11,2025-07-11,Paused
5708,Ameliorated system-worthy algorithm,3,Sales,392418,2025-12-09,2026-02-12,Completed
5709,Focused tertiary parallelism,2,Remarketing,102212,2024-10-03,2025-09-23,Completed
5710,Enhanced zero tolerance analyzer,3,Sales,135915,2025-09-24,2026-01-08,Completed
5711,Phased tangible moderator,5,Remarketing,167135,2025-05-17,2026-09-03,Paused
5712,Ameliorated attitude-oriented knowledgebase,2,Product Launch,129074,2025-11-17,2026-07-11,Completed
5713,Face-to-face incremental secured line,5,Product Launch,50697,2026-05-10,2026-07-10,Paused
5714,Synergistic contextually-based software,5,Sales,40960,2025-01-13,2025-08-03,Paused
5715,Horizontal high-level task-force,5,Lead Generation,315045,2025-06-14,2026-09-07,Active
5716,User-centric 24hour utilization,4,Product Launch,330290,2025-04-03,2025-09-08,Paused
5717,Quality-focused optimal Local Area Network,3,Product Launch,25803,2026-02-20,2026-06-28,Paused
5718,Reduced logistical website,5,Product Launch,130242,2024-12-08,2025-09-03,Completed
5719,Mandatory bi-directional customer loyalty,4,Lead Generation,71229,2024-11-01,2026-10-04,Completed
5720,Managed client-server function,3,Remarketing,362273,2026-04-19,2026-09-26,Active
5721,Inverse contextually-based success,3,Product Launch,447806,2025-12-03,2026-03-01,Completed
5722,Organized user-facing firmware,2,Remarketing,209043,2026-01-08,2026-01-28,Paused
5723,Persistent transitional flexibility,4,Brand Awareness,262249,2025-02-14,2026-03-10,Paused
5724,Enterprise-wide grid-enabled instruction set,4,Product Launch,233673,2025-09-24,2025-10-25,Completed
5725,Horizontal optimizing info-mediaries,3,Lead Generation,305409,2024-07-29,2025-12-08,Completed
5726,Networked global framework,1,Sales,290914,2024-08-26,2026-07-14,Paused
5727,Automated scalable instruction set,2,Product Launch,348526,2025-10-23,2026-07-27,Active
5728,Virtual systemic Local Area Network,4,Sales,344897,2025-03-02,2026-07-06,Paused
5729,Managed homogeneous leverage,3,Sales,61537,2025-02-07,2026-07-21,Paused
5730,Intuitive intermediate protocol,2,Brand Awareness,182763,2025-07-25,2026-03-12,Completed
5731,Public-key static focus group,3,Lead Generation,208689,2025-10-18,2026-01-27,Completed
5732,Integrated actuating moderator,2,Sales,62209,2025-10-02,2026-09-01,Completed
5733,Assimilated attitude-oriented emulation,4,Lead Generation,43182,2025-08-27,2025-10-18,Completed
5734,Right-sized homogeneous project,3,Brand Awareness,127898,2024-08-23,2026-02-15,Paused
5735,Fundamental static concept,3,Remarketing,386829,2026-06-08,2026-06-22,Paused
5736,Seamless heuristic paradigm,1,Brand Awareness,260108,2025-12-06,2026-01-05,Paused
5737,Customer-focused motivating implementation,1,Lead Generation,169670,2024-08-30,2026-08-26,Active
5738,Customizable encompassing paradigm,2,Sales,135826,2025-12-11,2026-07-19,Completed
5739,Upgradable demand-driven extranet,1,Remarketing,21532,2026-06-26,2026-10-11,Completed
5740,Secured web-enabled complexity,3,Remarketing,296062,2026-06-19,2026-09-23,Completed
5741,Reduced asynchronous encryption,1,Brand Awareness,104207,2025-04-12,2025-10-05,Paused
5742,Business-focused didactic focus group,1,Brand Awareness,105233,2026-06-17,2026-07-06,Completed
5743,Fully-configurable logistical focus group,3,Product Launch,209923,2025-03-12,2026-01-28,Paused
5744,Assimilated homogeneous monitoring,4,Brand Awareness,330244,2026-06-18,2026-06-18,Completed
5745,Robust incremental intranet,1,Remarketing,382237,2026-01-19,2026-02-17,Active
5746,Right-sized even-keeled array,3,Brand Awareness,225247,2024-09-15,2026-02-04,Completed
5747,Adaptive 4thgeneration flexibility,1,Product Launch,402426,2025-08-06,2026-07-18,Paused
5748,Synergized even-keeled implementation,5,Brand Awareness,109553,2025-04-10,2026-06-06,Completed
5749,Visionary intangible structure,3,Sales,380183,2026-03-23,2026-06-29,Completed
5750,Automated didactic interface,4,Lead Generation,419249,2025-02-15,2025-12-14,Active
5751,Quality-focused eco-centric concept,3,Remarketing,398731,2025-05-05,2025-11-25,Active
5752,Business-focused tangible approach,4,Sales,260478,2025-07-10,2025-09-30,Completed
5753,De-engineered zero-defect array,5,Lead Generation,214219,2025-12-19,2026-06-06,Paused
5754,Persevering responsive structure,2,Remarketing,386611,2025-03-22,2025-08-28,Completed
5755,Triple-buffered composite parallelism,5,Product Launch,281860,2025-10-13,2025-12-09,Completed
5756,Virtual maximized pricing structure,5,Product Launch,200873,2024-11-26,2026-09-03,Completed
5757,Down-sized 5thgeneration customer loyalty,5,Sales,329532,2024-09-19,2026-08-14,Active
5758,Balanced bandwidth-monitored artificial intelligence,3,Product Launch,240854,2025-09-04,2025-09-13,Active
5759,Synergistic attitude-oriented implementation,2,Product Launch,490029,2025-02-13,2026-05-15,Paused
5760,Enterprise-wide content-based function,5,Remarketing,80216,2024-10-26,2025-08-23,Completed
5761,Decentralized analyzing Internet solution,5,Sales,331056,2026-05-19,2026-10-15,Active
5762,Expanded tangible moderator,4,Lead Generation,474251,2025-06-29,2026-08-08,Completed
5763,Networked systemic approach,1,Lead Generation,142602,2025-08-28,2026-05-11,Paused
5764,Optimized value-added methodology,1,Sales,92459,2025-02-09,2026-01-04,Paused
5765,Optional non-volatile artificial intelligence,2,Sales,488683,2024-08-30,2024-11-15,Paused
5766,Quality-focused background database,3,Product Launch,348719,2025-08-28,2025-11-28,Completed
5767,Team-oriented empowering framework,4,Product Launch,412829,2025-03-19,2025-04-02,Completed
5768,Up-sized needs-based parallelism,1,Remarketing,137830,2026-05-17,2026-07-22,Active
5769,Versatile optimizing orchestration,4,Remarketing,306233,2026-07-05,2026-08-05,Active
5770,Triple-buffered intangible project,2,Sales,260848,2024-11-19,2026-08-24,Completed
5771,De-engineered asynchronous matrix,4,Remarketing,82899,2025-01-03,2026-03-23,Completed
5772,Phased leadingedge database,2,Product Launch,47621,2025-06-26,2026-06-27,Active
5773,User-friendly homogeneous budgetary management,4,Brand Awareness,276017,2026-03-15,2026-08-19,Paused
5774,Mandatory homogeneous adapter,5,Brand Awareness,261519,2025-12-15,2026-01-20,Completed
5775,Stand-alone actuating product,4,Lead Generation,61660,2025-07-14,2025-12-15,Completed
5776,Advanced clear-thinking archive,1,Lead Generation,56249,2025-11-13,2026-08-16,Completed
5777,Switchable discrete paradigm,2,Lead Generation,221660,2026-03-03,2026-05-16,Completed
5778,Horizontal content-based leverage,4,Sales,131996,2026-05-18,2026-08-22,Paused
5779,Integrated even-keeled forecast,4,Remarketing,405959,2025-10-13,2025-11-22,Paused
5780,Self-enabling secondary Internet solution,1,Lead Generation,229673,2025-09-09,2026-04-10,Completed
5781,Profound transitional infrastructure,1,Lead Generation,30992,2025-03-05,2025-10-19,Completed
5782,User-centric 24hour parallelism,5,Lead Generation,312103,2026-07-16,2026-07-25,Paused
5783,Optimized encompassing capacity,1,Remarketing,148007,2025-11-01,2025-12-24,Paused
5784,Front-line background protocol,3,Lead Generation,461409,2025-07-13,2025-12-15,Paused
5785,Multi-channeled national moratorium,2,Product Launch,247305,2025-05-18,2025-05-31,Active
5786,Integrated static application,2,Lead Generation,294875,2025-12-22,2026-01-17,Paused
5787,Organized global time-frame,4,Lead Generation,446397,2024-11-03,2026-02-11,Paused
5788,Multi-tiered system-worthy extranet,4,Brand Awareness,452861,2025-12-02,2026-08-01,Active
5789,Total intermediate hub,4,Lead Generation,259242,2025-02-19,2025-12-21,Paused
5790,Assimilated full-range open system,5,Brand Awareness,434216,2024-10-02,2024-11-10,Active
5791,Robust 4thgeneration knowledgebase,5,Sales,299890,2025-04-02,2025-10-14,Paused
5792,Advanced bandwidth-monitored forecast,4,Product Launch,52379,2024-08-04,2025-11-09,Active
5793,Profound needs-based artificial intelligence,2,Remarketing,28059,2024-10-02,2024-11-09,Completed
5794,Robust mission-critical capability,5,Sales,352317,2026-06-07,2026-10-03,Completed
5795,Decentralized dynamic moratorium,4,Lead Generation,162804,2025-09-16,2026-04-17,Completed
5796,Total fault-tolerant solution,1,Product Launch,476450,2024-08-24,2026-08-24,Paused
5797,Seamless modular migration,4,Brand Awareness,97745,2025-05-21,2026-10-03,Completed
5798,Integrated methodical open architecture,4,Remarketing,174165,2025-09-20,2025-10-15,Active
5799,Diverse mobile methodology,2,Sales,153189,2026-01-05,2026-05-10,Paused
5800,Expanded client-driven Graphical User Interface,1,Lead Generation,103170,2025-04-04,2025-08-22,Paused
5801,Ameliorated 3rdgeneration strategy,2,Remarketing,166771,2024-09-22,2025-11-02,Active
5802,Synergized user-facing artificial intelligence,1,Brand Awareness,411703,2025-07-26,2025-10-28,Paused
5803,Exclusive motivating monitoring,5,Lead Generation,319031,2025-02-05,2026-09-27,Completed
5804,Networked mobile data-warehouse,4,Lead Generation,398599,2026-01-10,2026-07-17,Paused
5805,Object-based context-sensitive projection,2,Sales,391680,2026-03-03,2026-06-18,Active
5806,Persistent composite customer loyalty,2,Sales,73977,2025-02-27,2026-07-07,Active
5807,Business-focused real-time Graphic Interface,2,Product Launch,332209,2026-04-21,2026-08-22,Paused
5808,Reduced dedicated secured line,4,Sales,63234,2025-03-06,2025-03-31,Completed
5809,Enhanced even-keeled emulation,1,Product Launch,447821,2026-04-28,2026-08-24,Completed
5810,Progressive holistic budgetary management,2,Sales,445925,2025-07-15,2025-08-21,Paused
5811,Synchronized next generation hardware,5,Product Launch,343083,2026-05-02,2026-09-27,Paused
5812,Switchable grid-enabled hierarchy,1,Brand Awareness,426270,2025-07-05,2026-10-09,Completed
5813,Open-architected maximized throughput,4,Remarketing,453920,2024-11-07,2025-07-01,Completed
5814,Enterprise-wide explicit open system,5,Lead Generation,36918,2025-05-31,2026-01-22,Paused
5815,Digitized disintermediate model,2,Brand Awareness,475722,2025-09-29,2026-02-13,Paused
5816,Function-based static infrastructure,2,Lead Generation,456157,2026-05-13,2026-08-28,Completed
5817,Persistent national policy,1,Product Launch,95102,2026-01-15,2026-09-03,Paused
5818,Synergized disintermediate open architecture,1,Sales,101214,2025-09-27,2026-01-04,Paused
5819,Visionary high-level infrastructure,3,Sales,20213,2025-11-10,2026-09-30,Paused
5820,Reactive motivating software,3,Brand Awareness,409406,2025-09-14,2025-12-30,Active
5821,Self-enabling content-based standardization,1,Remarketing,490188,2026-07-16,2026-09-20,Completed
5822,Vision-oriented client-server extranet,4,Lead Generation,317936,2025-04-25,2025-12-25,Completed
5823,Synergistic encompassing Graphical User Interface,5,Brand Awareness,125067,2025-01-03,2025-03-03,Active
5824,Expanded scalable open architecture,2,Product Launch,401119,2026-02-08,2026-05-14,Paused
5825,Intuitive asynchronous standardization,4,Sales,121470,2025-07-18,2025-08-24,Active
5826,Cloned impactful benchmark,1,Product Launch,298360,2026-03-30,2026-04-26,Completed
5827,Intuitive static moratorium,5,Lead Generation,327882,2025-06-02,2026-03-22,Paused
5828,Optimized directional challenge,1,Product Launch,145557,2026-07-05,2026-10-10,Paused
5829,Operative static definition,2,Remarketing,102387,2025-01-14,2026-04-21,Completed
5830,Pre-emptive next generation Graphic Interface,2,Remarketing,31926,2026-01-17,2026-05-04,Active
5831,Reverse-engineered 24/7 Graphical User Interface,1,Product Launch,376650,2025-05-30,2025-12-14,Completed
5832,Programmable clear-thinking alliance,1,Brand Awareness,238234,2026-06-14,2026-07-14,Active
5833,Multi-lateral transitional hardware,3,Lead Generation,460903,2026-06-30,2026-08-29,Completed
5834,Versatile multimedia middleware,4,Product Launch,96475,2024-10-08,2026-02-18,Paused
5835,Focused zero tolerance moderator,1,Lead Generation,80075,2025-08-28,2026-01-08,Active
5836,Expanded value-added website,3,Remarketing,271581,2026-05-13,2026-09-12,Completed
5837,Function-based zero-defect artificial intelligence,2,Remarketing,188286,2026-04-08,2026-06-26,Active
5838,Object-based client-server functionalities,1,Remarketing,219662,2024-08-16,2024-10-07,Paused
5839,Reactive national middleware,1,Remarketing,336690,2025-12-22,2026-02-25,Paused
5840,Multi-lateral optimal data-warehouse,1,Sales,51792,2025-01-11,2025-04-06,Completed
5841,Multi-lateral clear-thinking workforce,1,Brand Awareness,347409,2024-10-28,2026-09-10,Active
5842,Fundamental system-worthy superstructure,2,Lead Generation,243102,2024-10-24,2025-08-27,Active
5843,Function-based transitional functionalities,3,Remarketing,481184,2024-10-29,2026-03-19,Active
5844,Fully-configurable reciprocal approach,4,Product Launch,316073,2025-08-27,2026-02-01,Active
5845,Ameliorated non-volatile groupware,1,Sales,184064,2025-12-30,2026-05-12,Paused
5846,Open-architected heuristic access,1,Lead Generation,402393,2026-03-06,2026-04-05,Paused
5847,Innovative secondary definition,1,Lead Generation,443585,2026-02-23,2026-03-25,Completed
5848,Automated zero tolerance throughput,5,Brand Awareness,469217,2026-01-20,2026-08-19,Active
5849,Right-sized scalable knowledgebase,1,Lead Generation,373553,2025-09-13,2026-08-01,Active
5850,Business-focused context-sensitive knowledgebase,2,Product Launch,303025,2025-10-26,2026-06-04,Completed
5851,Vision-oriented user-facing projection,3,Brand Awareness,46991,2025-04-26,2026-07-04,Paused
5852,Devolved multi-tasking model,3,Product Launch,281318,2025-05-12,2026-08-31,Paused
5853,Synergistic foreground architecture,4,Lead Generation,124668,2025-07-26,2026-07-26,Active
5854,Devolved full-range structure,5,Lead Generation,96481,2025-10-11,2026-05-31,Completed
5855,Face-to-face radical Graphical User Interface,1,Sales,152028,2025-07-12,2026-08-27,Active
5856,Total transitional software,3,Sales,145449,2025-04-14,2025-05-02,Active
5857,Self-enabling hybrid data-warehouse,3,Lead Generation,330345,2025-06-04,2026-07-26,Paused
5858,Down-sized bifurcated project,3,Lead Generation,264959,2024-12-31,2026-01-25,Active
5859,Balanced 4thgeneration focus group,1,Lead Generation,190071,2025-05-10,2026-10-05,Paused
5860,Team-oriented logistical collaboration,4,Brand Awareness,324803,2026-04-11,2026-07-01,Active
5861,Horizontal tertiary encoding,4,Product Launch,153342,2026-01-31,2026-09-23,Paused
5862,Innovative transitional hub,3,Product Launch,302874,2025-10-15,2026-10-10,Completed
5863,Inverse hybrid data-warehouse,1,Lead Generation,120479,2026-06-10,2026-06-10,Active
5864,Cross-platform attitude-oriented methodology,2,Product Launch,365282,2025-01-27,2025-11-07,Completed
5865,Devolved systemic encryption,3,Sales,472389,2026-03-31,2026-04-14,Active
5866,Expanded system-worthy Graphic Interface,1,Remarketing,494340,2026-04-29,2026-08-13,Completed
5867,Pre-emptive reciprocal migration,4,Brand Awareness,20485,2025-01-27,2025-02-22,Completed
5868,Organized zero tolerance model,2,Lead Generation,346322,2024-12-21,2025-03-22,Paused
5869,Self-enabling 5thgeneration workforce,4,Sales,318980,2025-06-06,2025-07-13,Completed
5870,Enterprise-wide modular migration,2,Product Launch,123005,2025-04-08,2026-02-28,Completed
5871,Implemented real-time pricing structure,2,Product Launch,397283,2026-06-02,2026-08-31,Paused
5872,Synergized dynamic benchmark,2,Product Launch,490932,2026-01-28,2026-10-05,Active
5873,Integrated grid-enabled adapter,2,Remarketing,55171,2025-07-11,2025-10-17,Active
5874,Face-to-face non-volatile core,4,Product Launch,114556,2025-07-04,2026-09-23,Paused
5875,Universal asymmetric array,3,Brand Awareness,129684,2025-11-20,2026-04-12,Paused
5876,Universal tertiary emulation,3,Sales,324454,2025-09-13,2025-11-07,Paused
5877,Reactive upward-trending functionalities,2,Lead Generation,387637,2025-03-22,2025-09-13,Completed
5878,Expanded context-sensitive interface,2,Lead Generation,80263,2025-11-25,2026-01-08,Paused
5879,Upgradable homogeneous instruction set,3,Sales,194351,2026-07-01,2026-07-01,Active
5880,Switchable solution-oriented methodology,5,Brand Awareness,291434,2024-10-10,2025-06-10,Active
5881,Focused user-facing project,1,Lead Generation,494762,2024-08-09,2025-04-25,Paused
5882,Managed optimal open architecture,3,Remarketing,446865,2025-04-25,2026-08-21,Completed
5883,Adaptive intermediate process improvement,4,Brand Awareness,43254,2025-01-15,2025-11-27,Completed
5884,Upgradable regional portal,3,Remarketing,324328,2026-05-01,2026-06-29,Active
5885,Reduced next generation contingency,5,Product Launch,257481,2026-03-16,2026-08-06,Active
5886,Adaptive leadingedge software,4,Brand Awareness,466970,2024-10-20,2025-04-06,Paused
5887,Automated logistical paradigm,1,Brand Awareness,171390,2026-05-10,2026-07-22,Paused
5888,Triple-buffered coherent framework,5,Lead Generation,346003,2024-12-09,2025-07-19,Paused
5889,Adaptive composite installation,2,Remarketing,350602,2024-11-28,2025-11-23,Completed
5890,Reduced stable product,5,Sales,336115,2024-07-21,2024-09-25,Active
5891,Exclusive incremental extranet,4,Product Launch,42128,2024-10-15,2026-01-21,Completed
5892,Universal didactic toolset,4,Lead Generation,251441,2026-06-21,2026-06-27,Paused
5893,Self-enabling real-time open architecture,4,Product Launch,152093,2026-01-26,2026-05-11,Paused
5894,Multi-layered scalable encoding,2,Sales,335804,2025-06-29,2026-07-09,Active
5895,De-engineered global Graphical User Interface,2,Brand Awareness,62767,2025-05-08,2025-11-30,Active
5896,Pre-emptive fault-tolerant process improvement,4,Remarketing,238504,2025-07-15,2025-09-03,Paused
5897,Universal multimedia definition,1,Lead Generation,184401,2026-03-15,2026-05-13,Paused
5898,Total demand-driven groupware,3,Sales,113420,2026-02-25,2026-10-05,Active
5899,Cloned uniform utilization,1,Sales,173176,2024-11-28,2026-02-26,Completed
5900,Ergonomic user-facing analyzer,5,Brand Awareness,44570,2026-07-02,2026-09-13,Active
5901,Versatile radical data-warehouse,1,Product Launch,113462,2024-08-10,2025-09-05,Completed
5902,Upgradable multi-tasking challenge,4,Product Launch,488016,2025-01-31,2025-02-17,Completed
5903,De-engineered discrete extranet,3,Lead Generation,67403,2026-06-24,2026-10-03,Paused
5904,Enhanced eco-centric hierarchy,4,Sales,241507,2024-08-15,2024-12-31,Completed
5905,Object-based multi-state function,2,Remarketing,264157,2026-01-03,2026-03-15,Completed
5906,Decentralized 24/7 extranet,1,Brand Awareness,317990,2024-09-29,2026-09-22,Paused
5907,Re-engineered full-range project,3,Brand Awareness,260941,2024-10-19,2026-04-28,Active
5908,Phased empowering success,3,Product Launch,49750,2025-05-11,2026-10-02,Active
5909,Front-line asynchronous circuit,5,Product Launch,385638,2025-10-22,2026-07-02,Active
5910,Decentralized user-facing superstructure,2,Sales,79095,2025-08-18,2026-01-16,Paused
5911,Exclusive context-sensitive access,4,Brand Awareness,230140,2026-05-19,2026-06-08,Active
5912,Integrated upward-trending functionalities,2,Lead Generation,471544,2025-06-24,2025-06-28,Active
5913,Sharable holistic Graphic Interface,2,Lead Generation,321722,2025-12-09,2026-01-17,Paused
5914,Enterprise-wide human-resource budgetary management,1,Lead Generation,84244,2024-09-12,2025-02-12,Active
5915,Advanced attitude-oriented matrices,1,Brand Awareness,183563,2025-11-13,2026-06-01,Paused
5916,Operative incremental benchmark,4,Remarketing,377207,2026-03-04,2026-05-07,Completed
5917,Right-sized executive open architecture,4,Product Launch,164969,2026-04-11,2026-09-05,Completed
5918,Horizontal local array,2,Lead Generation,107460,2024-11-06,2025-04-08,Paused
5919,Synergized background collaboration,4,Sales,359793,2025-07-10,2026-09-12,Active
5920,Distributed bi-directional customer loyalty,4,Sales,309526,2025-09-01,2025-12-09,Active
5921,Vision-oriented fresh-thinking policy,4,Remarketing,334135,2024-10-24,2025-11-26,Active
5922,Innovative 4thgeneration project,1,Sales,25627,2025-01-28,2025-11-22,Completed
5923,Front-line next generation knowledgebase,1,Sales,482019,2025-11-03,2026-02-05,Completed
5924,Fully-configurable directional info-mediaries,5,Brand Awareness,216071,2025-06-06,2026-09-09,Paused
5925,Progressive bifurcated concept,5,Sales,126531,2024-12-27,2025-11-15,Active
5926,De-engineered user-facing knowledgebase,4,Remarketing,286585,2025-06-05,2025-12-14,Paused
5927,Inverse scalable open architecture,5,Brand Awareness,84394,2024-12-20,2025-12-26,Active
5928,Operative eco-centric interface,1,Lead Generation,377802,2024-07-21,2026-07-03,Completed
5929,Customizable reciprocal capability,2,Product Launch,276657,2025-02-18,2025-08-11,Completed
5930,Public-key intangible model,2,Remarketing,441849,2024-12-02,2026-04-23,Completed
5931,Self-enabling holistic open system,1,Sales,213365,2025-09-01,2025-10-26,Active
5932,Expanded modular parallelism,2,Lead Generation,315288,2025-02-14,2026-09-28,Active
5933,Devolved interactive capability,2,Sales,26509,2025-08-29,2026-05-28,Paused
5934,Sharable client-driven groupware,1,Product Launch,47119,2024-12-14,2026-04-19,Active
5935,Down-sized didactic throughput,2,Product Launch,217255,2025-08-31,2026-06-24,Completed
5936,Progressive optimizing monitoring,5,Sales,346129,2025-09-26,2026-08-11,Active
5937,Inverse encompassing Internet solution,2,Brand Awareness,291417,2026-05-27,2026-05-27,Active
5938,Public-key encompassing benchmark,3,Lead Generation,32346,2025-03-09,2026-05-01,Paused
5939,Organized homogeneous access,1,Lead Generation,168892,2025-03-20,2026-03-01,Active
5940,Public-key eco-centric support,3,Lead Generation,473954,2025-11-11,2026-01-09,Paused
5941,Triple-buffered executive infrastructure,2,Brand Awareness,411198,2025-12-16,2025-12-30,Active
5942,Programmable optimal moratorium,3,Brand Awareness,390797,2025-06-12,2025-11-01,Active
5943,Re-engineered discrete moderator,2,Sales,61034,2024-08-20,2025-11-14,Completed
5944,Re-contextualized tertiary success,3,Remarketing,292779,2025-03-27,2025-12-02,Completed
5945,Assimilated background database,3,Product Launch,177334,2025-10-04,2026-05-23,Paused
5946,Versatile eco-centric infrastructure,4,Lead Generation,213703,2026-02-25,2026-09-19,Active
5947,Vision-oriented executive website,2,Lead Generation,420566,2026-03-22,2026-05-19,Active
5948,Enhanced next generation data-warehouse,5,Sales,193556,2024-08-30,2026-08-27,Active
5949,Front-line fresh-thinking portal,5,Product Launch,146662,2024-09-24,2025-10-13,Active
5950,Synergistic directional productivity,2,Product Launch,238495,2026-05-06,2026-09-02,Active
5951,Advanced mobile protocol,3,Remarketing,119764,2024-12-18,2025-07-20,Completed
5952,Organized logistical orchestration,4,Lead Generation,264245,2025-01-31,2025-12-15,Paused
5953,Enterprise-wide directional matrices,4,Product Launch,403382,2025-10-03,2025-10-28,Active
5954,Managed radical functionalities,3,Sales,11812,2025-12-21,2026-08-18,Completed
5955,Realigned dynamic flexibility,4,Lead Generation,259991,2024-10-03,2025-06-03,Completed
5956,Reverse-engineered user-facing utilization,3,Brand Awareness,253690,2024-11-27,2025-10-05,Completed
5957,Versatile incremental benchmark,1,Sales,465752,2026-05-11,2026-10-12,Active
5958,Networked background model,2,Lead Generation,232978,2025-10-21,2026-05-18,Paused
5959,Robust homogeneous time-frame,2,Brand Awareness,269576,2026-03-21,2026-08-19,Active
5960,Robust coherent neural-net,5,Product Launch,370499,2024-09-22,2025-10-30,Completed
5961,Robust encompassing productivity,2,Brand Awareness,267138,2024-08-28,2025-09-25,Active
5962,Vision-oriented disintermediate matrices,3,Product Launch,290691,2024-10-03,2026-09-05,Paused
5963,Vision-oriented fresh-thinking portal,4,Lead Generation,186832,2024-08-22,2024-11-10,Paused
5964,Profit-focused secondary paradigm,5,Sales,411304,2025-12-21,2026-04-20,Completed
5965,Profit-focused value-added projection,1,Brand Awareness,384036,2025-07-26,2026-07-27,Paused
5966,Automated multimedia portal,5,Sales,319735,2025-05-28,2025-08-05,Active
5967,Reverse-engineered user-facing capability,4,Lead Generation,276270,2025-02-10,2025-10-05,Active
5968,Phased secondary structure,5,Remarketing,484469,2025-01-09,2025-06-07,Active
5969,Inverse impactful definition,3,Brand Awareness,85179,2024-08-21,2025-12-20,Paused
5970,Pre-emptive modular application,1,Lead Generation,442831,2025-08-03,2026-07-12,Completed
5971,Phased client-server structure,5,Brand Awareness,98903,2026-03-10,2026-03-24,Paused
5972,Decentralized tangible product,3,Sales,214296,2026-05-16,2026-08-29,Active
5973,Cross-group bi-directional complexity,5,Remarketing,469998,2026-05-15,2026-08-27,Active
5974,Ameliorated asymmetric Internet solution,1,Lead Generation,38097,2024-11-06,2025-05-20,Paused
5975,Cross-group didactic definition,1,Product Launch,398230,2025-08-05,2026-02-05,Paused
5976,Universal asynchronous throughput,5,Product Launch,160315,2025-02-04,2026-06-20,Paused
5977,Universal 4thgeneration standardization,5,Product Launch,414512,2025-10-30,2026-01-11,Completed
5978,Triple-buffered eco-centric solution,2,Sales,232533,2026-05-05,2026-06-04,Active
5979,Quality-focused uniform moderator,1,Sales,100594,2025-01-02,2026-01-22,Paused
5980,Proactive systemic database,5,Remarketing,488820,2026-06-01,2026-07-13,Active
5981,Ameliorated radical initiative,5,Sales,229856,2024-08-04,2026-10-10,Completed
5982,Intuitive fault-tolerant alliance,5,Lead Generation,387756,2025-12-06,2026-02-25,Active
5983,Operative context-sensitive intranet,4,Brand Awareness,218593,2025-05-25,2026-02-19,Paused
5984,Devolved web-enabled ability,5,Remarketing,419442,2024-10-12,2025-03-26,Paused
5985,Expanded coherent capacity,3,Remarketing,376096,2024-11-01,2026-05-07,Active
5986,Streamlined responsive monitoring,5,Sales,297328,2024-12-05,2025-10-21,Completed
5987,Sharable tertiary open system,1,Sales,326745,2026-01-11,2026-09-20,Active
5988,Open-architected content-based protocol,2,Sales,396865,2024-11-26,2026-08-08,Paused
5989,Synchronized static attitude,5,Remarketing,110697,2024-11-29,2026-04-05,Paused
5990,Exclusive 6thgeneration methodology,2,Product Launch,47336,2025-07-06,2025-07-27,Active
5991,Compatible explicit support,3,Lead Generation,132756,2026-06-29,2026-09-17,Paused
5992,Multi-lateral background capability,4,Sales,22938,2025-06-08,2026-06-26,Paused
5993,Re-engineered bifurcated infrastructure,3,Remarketing,438714,2024-07-31,2024-10-09,Completed
5994,Integrated even-keeled info-mediaries,1,Product Launch,384116,2025-11-06,2026-01-28,Completed
5995,Fundamental static task-force,2,Lead Generation,405387,2025-03-14,2026-04-14,Active
5996,Secured disintermediate Graphical User Interface,1,Brand Awareness,434967,2025-11-12,2026-07-31,Active
5997,Progressive eco-centric hub,4,Product Launch,212292,2024-11-11,2025-07-31,Paused
5998,Focused content-based project,4,Brand Awareness,234459,2026-06-30,2026-08-15,Active
5999,Quality-focused reciprocal standardization,3,Sales,355066,2026-04-21,2026-10-05,Completed
6000,Triple-buffered value-added open architecture,2,Sales,217234,2026-05-30,2026-06-13,Completed
6001,Innovative methodical hub,2,Brand Awareness,208235,2026-06-10,2026-06-24,Paused
6002,Sharable grid-enabled encryption,2,Remarketing,253059,2025-06-12,2025-11-06,Completed
6003,Right-sized holistic encoding,3,Remarketing,28218,2025-01-27,2026-07-06,Completed
6004,Total asynchronous migration,1,Sales,102669,2024-10-17,2025-12-23,Active
6005,Realigned well-modulated encoding,4,Product Launch,276327,2025-02-12,2026-06-18,Completed
6006,Secured static portal,4,Brand Awareness,182392,2026-03-21,2026-07-05,Paused
6007,Multi-layered 4thgeneration Graphic Interface,5,Lead Generation,346133,2026-05-22,2026-09-09,Paused
6008,Mandatory coherent knowledgebase,5,Product Launch,30612,2025-03-25,2025-12-10,Active
6009,Multi-lateral 3rdgeneration customer loyalty,4,Remarketing,58837,2026-04-01,2026-07-22,Paused
6010,Fundamental upward-trending attitude,1,Brand Awareness,47159,2024-09-13,2024-10-25,Active
6011,Synergistic empowering firmware,2,Remarketing,18070,2026-05-14,2026-08-17,Paused
6012,Exclusive 24/7 attitude,1,Lead Generation,100762,2024-11-16,2025-04-06,Completed
6013,Streamlined bi-directional instruction set,5,Brand Awareness,218505,2024-08-15,2026-03-03,Completed
6014,Ameliorated dedicated function,3,Lead Generation,348759,2025-03-13,2026-03-29,Active
6015,Synergized uniform frame,1,Lead Generation,452736,2024-08-12,2025-10-01,Paused
6016,Advanced directional productivity,2,Sales,230980,2025-10-17,2026-02-08,Active
6017,Open-architected attitude-oriented structure,2,Product Launch,108426,2026-01-22,2026-08-12,Active
6018,Open-source even-keeled extranet,1,Brand Awareness,65786,2026-01-13,2026-08-03,Completed
6019,Multi-lateral multimedia help-desk,5,Product Launch,93874,2026-06-02,2026-08-28,Active
6020,Reduced fresh-thinking artificial intelligence,2,Sales,411451,2025-04-18,2026-04-07,Paused
6021,Up-sized multi-tasking Graphic Interface,1,Sales,53959,2026-02-07,2026-09-11,Completed
6022,Synchronized object-oriented hardware,5,Remarketing,414383,2026-03-01,2026-08-29,Active
6023,Automated web-enabled moderator,2,Lead Generation,366957,2025-04-10,2026-04-05,Paused
6024,Optional disintermediate moderator,1,Lead Generation,31440,2024-09-11,2024-11-30,Completed
6025,Innovative exuding productivity,5,Remarketing,408126,2024-11-22,2026-01-05,Paused
6026,Advanced 3rdgeneration initiative,1,Lead Generation,444725,2026-02-04,2026-06-27,Completed
6027,Organic encompassing open architecture,1,Brand Awareness,276459,2026-01-01,2026-07-03,Paused
6028,Automated demand-driven customer loyalty,4,Sales,40752,2026-04-02,2026-06-15,Active
6029,Future-proofed national collaboration,5,Product Launch,416408,2025-05-26,2025-08-06,Completed
6030,Implemented content-based workforce,1,Sales,176746,2025-10-26,2026-01-26,Active
6031,Profit-focused needs-based framework,3,Remarketing,261225,2026-04-27,2026-08-12,Paused
6032,Up-sized client-driven paradigm,1,Lead Generation,370173,2025-10-14,2026-07-14,Completed
6033,Streamlined composite groupware,1,Product Launch,49873,2025-07-12,2025-08-06,Completed
6034,Reactive transitional intranet,1,Brand Awareness,212615,2026-06-13,2026-10-03,Paused
6035,Vision-oriented interactive instruction set,2,Remarketing,302403,2026-07-01,2026-09-29,Completed
6036,Customizable grid-enabled hardware,1,Lead Generation,432733,2025-07-12,2026-08-29,Paused
6037,Object-based actuating challenge,5,Lead Generation,144032,2025-07-09,2026-09-01,Paused
6038,Focused client-server intranet,1,Remarketing,193511,2026-03-18,2026-05-27,Paused
6039,Implemented 5thgeneration algorithm,3,Brand Awareness,430952,2024-12-12,2026-09-07,Completed
6040,Distributed eco-centric Graphic Interface,4,Lead Generation,468602,2025-08-23,2025-11-19,Active
6041,Managed uniform concept,2,Lead Generation,405444,2026-02-14,2026-06-10,Active
6042,Decentralized 4thgeneration installation,3,Product Launch,214641,2025-08-31,2025-11-30,Active
6043,Horizontal zero tolerance interface,4,Remarketing,322839,2025-05-23,2025-10-24,Completed
6044,Public-key local paradigm,2,Remarketing,193812,2025-11-12,2026-05-18,Active
6045,Universal eco-centric model,5,Product Launch,224435,2025-02-06,2026-06-01,Completed
6046,Multi-tiered logistical functionalities,3,Remarketing,206353,2024-10-21,2025-02-26,Active
6047,Implemented impactful framework,3,Product Launch,43877,2025-05-19,2026-01-10,Active
6048,Decentralized tertiary encoding,1,Sales,23354,2025-10-08,2026-08-03,Active
6049,Secured maximized matrix,5,Sales,375590,2024-12-25,2026-05-07,Completed
6050,Open-architected maximized task-force,1,Product Launch,302928,2025-01-30,2025-08-01,Active
6051,Synergistic optimizing budgetary management,5,Lead Generation,299086,2025-01-24,2026-03-29,Paused
6052,Future-proofed fresh-thinking infrastructure,3,Sales,491478,2025-08-12,2026-09-29,Active
6053,Team-oriented intangible intranet,4,Lead Generation,458051,2025-04-14,2026-02-04,Active
6054,Function-based asynchronous flexibility,1,Sales,70589,2025-11-23,2026-07-09,Completed
6055,Switchable directional Graphic Interface,1,Lead Generation,492618,2024-12-10,2026-08-18,Active
6056,Optional intangible open system,1,Product Launch,493377,2025-07-26,2025-09-26,Paused
6057,Assimilated bottom-line orchestration,3,Remarketing,175798,2026-05-25,2026-07-28,Paused
6058,Switchable systemic application,5,Remarketing,152454,2025-01-07,2025-10-05,Paused
6059,Polarized methodical access,1,Brand Awareness,458376,2025-09-11,2026-08-10,Completed
6060,Devolved 6thgeneration moratorium,3,Brand Awareness,225672,2025-08-22,2025-09-10,Completed
6061,Multi-tiered neutral firmware,1,Sales,380079,2024-09-14,2026-01-25,Active
6062,Implemented mobile firmware,1,Remarketing,392367,2025-10-29,2026-01-31,Active
6063,Organic actuating info-mediaries,3,Product Launch,243650,2025-08-26,2026-05-16,Completed
6064,Reverse-engineered leadingedge benchmark,1,Remarketing,301252,2025-07-21,2026-09-27,Active
6065,Managed zero administration firmware,3,Lead Generation,268124,2025-11-09,2026-10-03,Active
6066,Exclusive optimizing policy,2,Brand Awareness,465338,2026-01-14,2026-09-25,Paused
6067,Secured tertiary solution,5,Remarketing,239933,2025-04-18,2025-05-22,Active
6068,Future-proofed foreground leverage,2,Sales,275585,2025-02-22,2025-05-07,Paused
6069,Multi-channeled coherent frame,5,Sales,488532,2024-11-11,2025-09-03,Active
6070,Object-based 24/7 leverage,4,Lead Generation,245473,2025-02-13,2026-01-09,Completed
6071,Fundamental clear-thinking Graphical User Interface,2,Remarketing,27282,2025-04-15,2025-10-20,Active
6072,Inverse object-oriented concept,4,Sales,394444,2026-05-15,2026-08-01,Completed
6073,Persistent fresh-thinking moratorium,1,Brand Awareness,113269,2026-03-07,2026-04-24,Completed
6074,Versatile empowering help-desk,3,Brand Awareness,228303,2026-04-03,2026-05-02,Active
6075,Extended needs-based forecast,2,Sales,250205,2026-02-07,2026-08-27,Active
6076,Devolved object-oriented support,1,Brand Awareness,128060,2024-11-22,2025-08-13,Active
6077,Multi-layered disintermediate task-force,5,Lead Generation,325717,2024-08-24,2026-09-13,Paused
6078,Seamless directional website,2,Lead Generation,473146,2024-08-15,2025-11-07,Paused
6079,Multi-tiered fault-tolerant time-frame,2,Brand Awareness,370216,2025-08-16,2025-09-13,Paused
6080,Programmable solution-oriented secured line,3,Remarketing,309435,2024-11-13,2026-01-19,Active
6081,Cross-platform context-sensitive concept,2,Sales,204482,2025-06-04,2025-09-30,Paused
6082,Enterprise-wide bi-directional artificial intelligence,5,Remarketing,260454,2025-07-04,2026-02-25,Paused
6083,Re-engineered mission-critical collaboration,1,Sales,214651,2025-02-01,2025-03-31,Active
6084,Stand-alone client-server knowledge user,5,Sales,163114,2024-09-05,2026-09-10,Active
6085,Reactive national artificial intelligence,1,Brand Awareness,466166,2026-03-10,2026-05-27,Paused
6086,Centralized contextually-based alliance,1,Sales,20797,2026-04-11,2026-05-25,Active
6087,Open-architected coherent help-desk,3,Lead Generation,417516,2026-02-18,2026-07-13,Completed
6088,Open-architected static conglomeration,5,Lead Generation,277561,2025-10-21,2026-09-21,Active
6089,Synergized neutral instruction set,4,Brand Awareness,10280,2024-09-12,2025-07-30,Completed
6090,Focused 6thgeneration application,1,Remarketing,129617,2026-06-12,2026-07-14,Completed
6091,Fully-configurable contextually-based matrix,2,Lead Generation,129711,2026-01-13,2026-09-06,Active
6092,Multi-lateral human-resource utilization,2,Remarketing,454006,2025-01-03,2026-08-14,Active
6093,Self-enabling analyzing forecast,5,Sales,269004,2025-10-07,2026-02-22,Active
6094,De-engineered discrete functionalities,2,Brand Awareness,42504,2025-10-25,2026-09-30,Paused
6095,Operative zero-defect productivity,5,Product Launch,94468,2026-07-17,2026-08-25,Completed
6096,Operative grid-enabled policy,5,Lead Generation,192844,2025-08-19,2026-09-04,Completed
6097,Quality-focused 5thgeneration alliance,2,Product Launch,16252,2024-09-30,2025-08-19,Active
6098,Quality-focused value-added implementation,5,Brand Awareness,429998,2026-05-18,2026-05-27,Completed
6099,Proactive stable contingency,2,Remarketing,13688,2025-08-29,2026-08-15,Paused
6100,Object-based real-time Internet solution,2,Remarketing,448121,2025-09-22,2025-12-15,Paused
6101,Cross-group attitude-oriented superstructure,3,Lead Generation,476633,2025-02-11,2025-11-26,Paused
6102,Profound hybrid middleware,3,Remarketing,492988,2026-03-05,2026-06-02,Active
6103,Ameliorated multi-tasking toolset,5,Sales,132494,2025-06-21,2026-07-06,Active
6104,User-centric dynamic knowledge user,4,Product Launch,81016,2026-01-15,2026-08-09,Active
6105,Implemented 4thgeneration emulation,5,Brand Awareness,304623,2025-01-03,2025-04-23,Active
6106,Synchronized 4thgeneration policy,3,Lead Generation,236139,2024-12-13,2025-12-04,Completed
6107,Up-sized bifurcated infrastructure,4,Sales,453463,2026-06-21,2026-08-06,Completed
6108,Quality-focused multi-tasking focus group,1,Remarketing,92718,2025-02-01,2026-08-18,Completed
6109,Advanced web-enabled product,4,Lead Generation,306638,2026-02-12,2026-09-30,Active
6110,Synergistic didactic policy,5,Brand Awareness,62862,2025-06-15,2026-03-05,Active
6111,Public-key scalable matrix,4,Product Launch,365790,2025-03-27,2025-11-26,Paused
6112,Customer-focused 6thgeneration emulation,4,Brand Awareness,447498,2024-09-27,2024-12-29,Active
6113,Reverse-engineered homogeneous website,1,Product Launch,105451,2025-02-24,2025-10-24,Paused
6114,Assimilated tertiary matrix,5,Brand Awareness,365701,2025-04-05,2025-06-07,Completed
6115,Ameliorated regional Graphic Interface,1,Sales,211561,2025-04-24,2025-09-18,Active
6116,Extended optimizing throughput,5,Lead Generation,313286,2024-12-08,2025-11-25,Active
6117,Devolved neutral moderator,5,Sales,226135,2024-09-27,2026-07-20,Active
6118,Balanced coherent open architecture,2,Lead Generation,163559,2024-11-12,2026-02-15,Paused
6119,Digitized radical infrastructure,5,Brand Awareness,224863,2025-09-05,2026-03-09,Paused
6120,Mandatory attitude-oriented Internet solution,5,Sales,371949,2024-07-17,2026-01-14,Active
6121,Synergized fresh-thinking collaboration,3,Sales,447221,2024-11-01,2025-01-05,Paused
6122,Reactive systemic concept,3,Remarketing,275543,2024-11-16,2025-11-30,Completed
6123,Inverse methodical pricing structure,3,Remarketing,302246,2025-12-21,2026-07-28,Active
6124,Distributed 5thgeneration complexity,1,Lead Generation,396555,2024-10-26,2026-03-05,Active
6125,Exclusive 3rdgeneration paradigm,3,Lead Generation,483574,2026-05-11,2026-09-02,Completed
6126,Face-to-face tangible open system,3,Remarketing,359855,2024-09-06,2025-12-25,Active
6127,Front-line mobile encoding,2,Product Launch,346578,2025-11-22,2026-01-12,Completed
6128,Fully-configurable mobile workforce,2,Remarketing,94003,2024-08-13,2026-07-18,Active
6129,Total actuating artificial intelligence,3,Remarketing,237714,2025-10-24,2026-01-02,Active
6130,Extended multimedia alliance,4,Product Launch,361106,2026-03-06,2026-09-22,Paused
6131,Business-focused web-enabled array,5,Product Launch,359329,2025-06-20,2025-11-02,Completed
6132,Assimilated scalable matrix,3,Brand Awareness,324904,2024-09-07,2026-04-20,Active
6133,Balanced dynamic budgetary management,4,Lead Generation,333141,2026-03-15,2026-04-11,Paused
6134,Function-based mobile open system,1,Product Launch,476297,2025-08-14,2026-09-22,Active
6135,Assimilated holistic conglomeration,2,Remarketing,200303,2024-12-18,2025-12-12,Active
6136,Visionary composite circuit,4,Lead Generation,228619,2025-07-07,2025-08-27,Active
6137,Realigned mobile policy,3,Product Launch,277905,2026-04-20,2026-05-14,Completed
6138,Synchronized intermediate array,3,Brand Awareness,443866,2025-01-06,2026-06-28,Paused
6139,Vision-oriented static Graphical User Interface,4,Lead Generation,326710,2025-05-21,2025-07-28,Active
6140,Mandatory content-based forecast,3,Remarketing,321208,2025-11-11,2026-03-15,Active
6141,Public-key logistical adapter,1,Remarketing,356573,2025-01-04,2025-06-24,Active
6142,Persistent national protocol,4,Sales,51642,2024-12-09,2025-10-04,Completed
6143,Versatile asynchronous initiative,4,Sales,257799,2025-02-02,2026-09-16,Paused
6144,Synergistic multimedia Local Area Network,5,Lead Generation,81054,2026-03-12,2026-04-28,Paused
6145,Networked fresh-thinking Graphical User Interface,5,Lead Generation,390128,2026-05-27,2026-07-14,Completed
6146,Customizable reciprocal structure,1,Lead Generation,476010,2024-08-10,2026-05-14,Paused
6147,Multi-tiered attitude-oriented help-desk,1,Brand Awareness,202642,2025-11-17,2026-01-18,Paused
6148,Intuitive 3rdgeneration contingency,4,Lead Generation,225854,2025-05-29,2026-05-12,Completed
6149,Object-based holistic function,4,Lead Generation,13616,2025-05-02,2026-10-14,Active
6150,Multi-tiered bifurcated Local Area Network,2,Sales,212836,2025-10-10,2026-09-02,Completed
6151,Virtual solution-oriented encoding,5,Remarketing,462149,2025-11-08,2026-07-06,Completed
6152,Vision-oriented 24/7 standardization,5,Remarketing,84516,2025-10-15,2026-07-16,Completed
6153,Total object-oriented throughput,1,Product Launch,72280,2024-11-11,2026-06-19,Completed
6154,Mandatory leadingedge benchmark,3,Brand Awareness,291516,2025-09-04,2026-06-10,Completed
6155,Phased clear-thinking frame,1,Remarketing,267617,2026-02-06,2026-04-18,Paused
6156,Reduced scalable structure,5,Lead Generation,53550,2026-06-23,2026-08-12,Paused
6157,Distributed motivating extranet,4,Lead Generation,167257,2026-03-22,2026-05-21,Paused
6158,Operative zero tolerance approach,5,Product Launch,383809,2025-10-16,2026-04-19,Active
6159,Seamless bottom-line function,1,Brand Awareness,333679,2025-06-12,2026-10-09,Active
6160,Programmable cohesive interface,1,Sales,263262,2026-05-16,2026-08-17,Active
6161,Reduced mobile forecast,5,Product Launch,463215,2025-11-07,2026-03-17,Active
6162,Centralized maximized algorithm,3,Lead Generation,361929,2026-06-04,2026-08-25,Completed
6163,Fundamental clear-thinking flexibility,5,Sales,221519,2026-07-03,2026-09-23,Paused
6164,Versatile modular Graphical User Interface,5,Lead Generation,471825,2026-01-15,2026-04-23,Completed
6165,Distributed client-driven circuit,2,Brand Awareness,257919,2025-10-04,2026-01-02,Active
6166,User-centric encompassing leverage,3,Sales,406884,2025-07-22,2026-06-15,Completed
6167,De-engineered zero administration instruction set,5,Lead Generation,13335,2025-10-24,2026-05-02,Completed
6168,Quality-focused global moderator,2,Sales,452529,2025-08-31,2026-03-03,Active
6169,Right-sized fault-tolerant matrices,3,Sales,209318,2025-09-29,2026-05-29,Active
6170,Reverse-engineered upward-trending instruction set,4,Lead Generation,116420,2025-12-20,2026-05-30,Completed
6171,Virtual asynchronous functionalities,5,Brand Awareness,118242,2024-07-26,2024-11-01,Paused
6172,Mandatory leadingedge core,2,Lead Generation,200537,2026-04-18,2026-05-24,Active
6173,Distributed static focus group,1,Remarketing,404740,2026-02-14,2026-08-28,Completed
6174,Secured attitude-oriented firmware,5,Product Launch,193466,2025-03-16,2025-11-05,Paused
6175,Synchronized client-driven standardization,5,Product Launch,236001,2025-06-05,2026-07-31,Active
6176,Multi-layered needs-based customer loyalty,1,Lead Generation,23256,2026-03-06,2026-07-06,Paused
6177,Open-architected real-time forecast,1,Lead Generation,101122,2025-10-17,2025-12-07,Paused
6178,Distributed value-added customer loyalty,4,Brand Awareness,237127,2025-01-16,2025-01-26,Completed
6179,Expanded optimizing approach,2,Product Launch,439868,2026-05-31,2026-07-24,Paused
6180,Ameliorated attitude-oriented pricing structure,3,Remarketing,450537,2026-07-09,2026-09-22,Active
6181,Assimilated didactic protocol,3,Remarketing,228768,2026-04-13,2026-06-24,Paused
6182,Face-to-face stable Graphical User Interface,3,Remarketing,340012,2026-05-02,2026-06-12,Completed
6183,Balanced solution-oriented monitoring,5,Product Launch,490732,2026-02-18,2026-09-19,Paused
6184,De-engineered multi-state process improvement,3,Sales,65685,2025-04-27,2026-07-07,Completed
6185,User-friendly encompassing focus group,4,Lead Generation,121982,2025-12-08,2026-07-22,Completed
6186,Object-based cohesive success,5,Remarketing,215800,2026-03-01,2026-07-06,Paused
6187,Proactive discrete array,5,Remarketing,161152,2026-04-05,2026-09-19,Paused
6188,Cross-group maximized benchmark,3,Brand Awareness,430346,2025-10-01,2026-09-11,Active
6189,Digitized client-server focus group,1,Product Launch,36101,2025-12-05,2026-05-09,Paused
6190,Open-architected clear-thinking complexity,4,Sales,352565,2025-01-26,2026-06-09,Completed
6191,Assimilated 4thgeneration standardization,2,Sales,38305,2024-12-24,2026-03-04,Paused
6192,Right-sized eco-centric process improvement,4,Lead Generation,403391,2026-04-03,2026-07-17,Paused
6193,Balanced 24hour workforce,4,Product Launch,406277,2025-08-18,2026-05-31,Paused
6194,Ergonomic intermediate secured line,5,Remarketing,77395,2026-03-15,2026-09-21,Paused
6195,Focused mission-critical productivity,2,Sales,242110,2025-11-14,2026-09-01,Active
6196,Persistent client-driven leverage,4,Product Launch,222378,2024-09-12,2026-07-05,Completed
6197,Synergized contextually-based utilization,1,Product Launch,397394,2025-11-30,2026-03-04,Paused
6198,Customer-focused next generation matrices,1,Remarketing,198346,2025-03-16,2025-10-19,Completed
6199,Object-based upward-trending definition,3,Lead Generation,94768,2024-08-04,2026-04-08,Active
6200,Innovative client-server website,3,Brand Awareness,405071,2025-08-26,2025-09-05,Completed
6201,Profound mobile intranet,3,Lead Generation,363325,2025-07-30,2025-09-13,Active
6202,Optimized leadingedge hardware,3,Sales,275934,2024-10-04,2025-07-26,Active
6203,Virtual neutral moderator,5,Remarketing,283654,2024-08-25,2026-08-14,Active
6204,Ergonomic content-based application,5,Brand Awareness,190552,2025-05-01,2026-01-04,Active
6205,Integrated logistical contingency,4,Remarketing,494223,2025-11-22,2026-04-21,Completed
6206,Right-sized transitional Local Area Network,1,Lead Generation,282985,2026-07-11,2026-09-18,Paused
6207,Cloned content-based product,2,Brand Awareness,219491,2025-03-02,2026-09-06,Paused
6208,Ameliorated multimedia intranet,3,Remarketing,252332,2024-09-19,2026-01-28,Active
6209,User-friendly zero administration secured line,3,Sales,378825,2024-12-04,2026-08-19,Active
6210,Re-engineered high-level parallelism,1,Sales,243138,2024-10-18,2025-05-18,Completed
6211,Enterprise-wide static firmware,4,Product Launch,443150,2025-01-17,2025-12-28,Paused
6212,Secured secondary time-frame,1,Brand Awareness,27210,2026-04-06,2026-04-29,Completed
6213,User-centric next generation extranet,3,Lead Generation,427884,2026-05-20,2026-09-02,Completed
6214,User-centric directional Graphic Interface,1,Sales,204024,2026-02-15,2026-09-30,Completed
6215,Grass-roots composite focus group,1,Lead Generation,313535,2025-10-17,2026-09-27,Active
6216,Mandatory 5thgeneration capability,4,Brand Awareness,459913,2025-09-07,2025-12-31,Completed
6217,Face-to-face tangible encryption,5,Brand Awareness,358454,2025-10-10,2026-09-06,Paused
6218,Right-sized asymmetric standardization,5,Lead Generation,448633,2025-03-23,2025-10-09,Active
6219,User-centric asynchronous help-desk,2,Brand Awareness,11367,2024-11-27,2026-05-14,Paused
6220,Fully-configurable asynchronous migration,1,Sales,291023,2025-08-27,2026-07-20,Active
6221,Face-to-face radical info-mediaries,2,Product Launch,472177,2024-09-27,2026-05-31,Completed
6222,Open-architected background infrastructure,1,Product Launch,69115,2024-10-13,2025-02-24,Completed
6223,Reactive actuating core,3,Product Launch,273092,2024-09-13,2026-06-11,Active
6224,Virtual bandwidth-monitored collaboration,3,Lead Generation,112748,2026-01-26,2026-08-09,Completed
6225,Expanded optimizing open architecture,3,Brand Awareness,494156,2026-07-01,2026-07-14,Completed
6226,Visionary interactive pricing structure,3,Brand Awareness,459823,2025-02-01,2026-03-14,Completed
6227,Total client-server secured line,5,Lead Generation,148007,2025-07-30,2026-03-17,Paused
6228,Extended real-time artificial intelligence,3,Product Launch,278504,2025-12-30,2026-03-26,Active
6229,Persevering empowering ability,2,Sales,297035,2025-09-19,2026-06-14,Paused
6230,Open-source mission-critical projection,2,Sales,53783,2025-01-05,2025-12-28,Paused
6231,Centralized executive synergy,1,Remarketing,468878,2025-12-18,2026-01-06,Paused
6232,Public-key interactive benchmark,3,Remarketing,104528,2024-10-12,2024-12-29,Completed
6233,Triple-buffered 6thgeneration Local Area Network,3,Remarketing,353781,2025-03-07,2026-09-21,Paused
6234,Customizable explicit core,3,Brand Awareness,334534,2025-07-27,2026-03-05,Active
6235,Realigned context-sensitive solution,5,Product Launch,47490,2026-06-27,2026-08-23,Completed
6236,Cross-platform transitional collaboration,5,Sales,143336,2026-06-13,2026-09-29,Completed
6237,Extended non-volatile instruction set,5,Remarketing,372313,2025-11-12,2025-12-22,Completed
6238,Organic 24/7 attitude,1,Brand Awareness,447492,2024-10-06,2026-02-08,Paused
6239,Stand-alone mission-critical concept,4,Product Launch,339243,2025-11-09,2026-08-15,Paused
6240,Public-key leadingedge knowledge user,5,Brand Awareness,468376,2025-03-27,2026-02-02,Completed
6241,Optimized attitude-oriented infrastructure,1,Product Launch,343485,2026-06-12,2026-07-12,Paused
6242,Decentralized high-level pricing structure,2,Remarketing,374984,2025-10-24,2025-12-31,Paused
6243,Universal dedicated secured line,1,Lead Generation,69307,2025-02-19,2025-09-26,Paused
6244,Right-sized reciprocal standardization,5,Brand Awareness,345053,2026-06-05,2026-06-12,Paused
6245,Upgradable scalable leverage,4,Brand Awareness,320796,2024-07-20,2024-09-02,Active
6246,Seamless radical interface,2,Sales,460292,2025-08-13,2025-08-19,Paused
6247,Virtual systematic open system,3,Lead Generation,188879,2025-11-21,2026-03-23,Paused
6248,Cross-group national adapter,2,Remarketing,203097,2025-08-12,2025-08-18,Paused
6249,Decentralized well-modulated benchmark,5,Brand Awareness,479356,2024-07-26,2024-10-12,Completed
6250,Upgradable content-based support,2,Lead Generation,180402,2026-02-12,2026-06-09,Active
6251,Operative motivating implementation,4,Brand Awareness,260957,2025-03-08,2025-09-10,Active
6252,Fully-configurable global encryption,3,Sales,251040,2026-03-09,2026-05-06,Completed
6253,Business-focused homogeneous structure,2,Brand Awareness,95738,2026-04-17,2026-05-29,Active
6254,Synergized empowering algorithm,1,Lead Generation,322011,2025-06-05,2026-06-26,Paused
6255,User-centric interactive superstructure,4,Lead Generation,495440,2024-11-12,2026-05-04,Active
6256,Virtual user-facing superstructure,5,Product Launch,483462,2026-01-29,2026-04-30,Completed
6257,Sharable asynchronous alliance,1,Brand Awareness,311155,2024-11-11,2026-02-03,Active
6258,Monitored even-keeled portal,4,Brand Awareness,195666,2026-02-08,2026-03-24,Completed
6259,Multi-lateral optimizing budgetary management,2,Lead Generation,117147,2024-11-20,2026-04-21,Active
6260,Universal mobile productivity,1,Product Launch,484252,2026-04-21,2026-10-04,Completed
6261,Operative bottom-line customer loyalty,3,Product Launch,137363,2025-11-14,2025-11-14,Active
6262,Face-to-face modular archive,4,Brand Awareness,74152,2026-04-21,2026-05-01,Active
6263,Managed national ability,5,Lead Generation,409577,2025-04-06,2026-09-13,Active
6264,Devolved attitude-oriented emulation,2,Lead Generation,491097,2025-07-29,2026-04-13,Active
6265,Virtual reciprocal instruction set,5,Sales,49838,2025-10-15,2026-04-20,Active
6266,Cloned local protocol,5,Product Launch,333532,2026-01-17,2026-08-06,Completed
6267,Grass-roots motivating neural-net,5,Lead Generation,225400,2025-08-14,2026-08-19,Paused
6268,Polarized didactic contingency,4,Product Launch,294557,2024-10-15,2026-05-21,Completed
6269,Fundamental holistic workforce,1,Lead Generation,465198,2024-10-01,2025-03-28,Paused
6270,Phased intangible budgetary management,5,Brand Awareness,345046,2026-02-18,2026-07-05,Active
6271,Devolved dynamic knowledge user,1,Brand Awareness,392633,2024-10-12,2026-05-21,Completed
6272,Ameliorated web-enabled architecture,4,Remarketing,19018,2026-05-26,2026-09-06,Completed
6273,User-centric upward-trending monitoring,1,Remarketing,480558,2026-04-18,2026-07-04,Paused
6274,Integrated explicit budgetary management,1,Brand Awareness,174529,2026-04-16,2026-05-11,Active
6275,Self-enabling discrete function,4,Sales,181271,2025-09-14,2026-06-25,Completed
6276,Open-source human-resource forecast,5,Remarketing,356928,2024-09-05,2025-07-01,Active
6277,Progressive content-based functionalities,1,Brand Awareness,309139,2024-11-01,2026-03-15,Completed
6278,Team-oriented systemic array,3,Remarketing,275985,2025-01-24,2026-05-03,Paused
6279,Public-key 24/7 portal,1,Remarketing,126134,2025-06-03,2025-12-09,Active
6280,Phased encompassing benchmark,2,Lead Generation,104318,2024-10-17,2026-09-22,Active
6281,Total needs-based capability,4,Product Launch,326481,2024-12-24,2026-07-17,Active
6282,Intuitive leadingedge Internet solution,2,Lead Generation,322537,2025-09-05,2025-12-08,Active
6283,Quality-focused asynchronous secured line,1,Sales,208381,2024-12-28,2026-04-05,Completed
6284,Synergistic coherent moratorium,3,Sales,272217,2025-07-28,2026-02-14,Completed
6285,Integrated value-added throughput,4,Product Launch,320793,2025-12-20,2026-04-19,Active
6286,Focused multimedia Graphical User Interface,1,Remarketing,142219,2026-04-26,2026-05-06,Paused
6287,Seamless radical collaboration,4,Remarketing,434229,2025-12-23,2026-10-01,Completed
6288,De-engineered systemic interface,3,Product Launch,437356,2026-06-07,2026-09-07,Completed
6289,Enterprise-wide exuding open architecture,4,Brand Awareness,412447,2025-06-05,2025-09-12,Active
6290,Devolved 24/7 knowledge user,1,Product Launch,229028,2025-11-04,2026-03-06,Completed
6291,Phased solution-oriented flexibility,3,Sales,412609,2026-03-17,2026-03-24,Active
6292,Ergonomic incremental success,4,Sales,31143,2026-04-08,2026-07-26,Completed
6293,Adaptive methodical workforce,4,Brand Awareness,141669,2026-06-01,2026-06-20,Paused
6294,Distributed next generation help-desk,5,Product Launch,291229,2025-09-11,2025-09-18,Completed
6295,Persevering static parallelism,1,Remarketing,450260,2026-02-22,2026-10-13,Paused
6296,Compatible 5thgeneration success,3,Product Launch,460020,2026-01-19,2026-09-06,Paused
6297,Reverse-engineered 3rdgeneration help-desk,4,Lead Generation,275190,2026-07-02,2026-10-11,Active
6298,Inverse stable customer loyalty,2,Lead Generation,31074,2025-11-12,2026-07-30,Active
6299,Re-engineered context-sensitive customer loyalty,3,Brand Awareness,369789,2025-09-11,2026-04-26,Active
6300,Focused national analyzer,2,Lead Generation,99227,2024-08-30,2025-10-10,Active
6301,Secured grid-enabled archive,2,Sales,25558,2025-04-06,2026-07-20,Completed
6302,Versatile impactful monitoring,3,Remarketing,141961,2026-01-11,2026-07-10,Completed
6303,Networked stable algorithm,4,Brand Awareness,31229,2025-04-26,2026-01-11,Active
6304,User-centric next generation help-desk,5,Brand Awareness,256299,2025-06-21,2025-09-02,Completed
6305,Virtual stable adapter,4,Lead Generation,494602,2025-08-08,2025-12-08,Completed
6306,Reverse-engineered coherent help-desk,1,Product Launch,20630,2026-01-27,2026-10-05,Completed
6307,Re-contextualized didactic support,5,Lead Generation,418302,2024-09-22,2026-07-21,Active
6308,Ergonomic national service-desk,5,Lead Generation,111056,2025-09-19,2026-09-15,Paused
6309,Object-based well-modulated budgetary management,3,Lead Generation,201096,2025-08-05,2025-09-02,Active
6310,Universal intermediate contingency,4,Sales,298657,2025-12-20,2026-06-27,Completed
6311,Managed value-added migration,3,Sales,451545,2026-03-26,2026-10-10,Active
6312,Managed composite framework,3,Brand Awareness,300753,2024-11-22,2026-06-01,Active
6313,Team-oriented systematic website,5,Lead Generation,405961,2024-07-21,2026-04-20,Active
6314,Configurable executive knowledge user,1,Brand Awareness,471686,2024-08-20,2026-07-27,Paused
6315,Persistent full-range moratorium,3,Remarketing,40676,2025-08-22,2025-11-02,Active
6316,Fully-configurable demand-driven policy,3,Remarketing,234740,2024-10-15,2026-07-24,Completed
6317,Organized heuristic challenge,4,Brand Awareness,441147,2024-08-23,2024-09-28,Active
6318,Polarized attitude-oriented access,2,Remarketing,93344,2025-11-08,2026-05-09,Active
6319,Pre-emptive high-level orchestration,5,Lead Generation,147894,2024-08-25,2025-06-25,Active
6320,Ameliorated demand-driven middleware,5,Brand Awareness,381159,2024-09-25,2025-03-12,Completed
6321,Optimized 6thgeneration parallelism,3,Product Launch,244224,2025-10-06,2026-07-18,Active
6322,Upgradable methodical data-warehouse,4,Sales,158378,2025-02-14,2026-04-29,Paused
6323,Realigned mobile application,5,Lead Generation,327648,2026-07-02,2026-07-29,Completed
6324,Distributed exuding leverage,5,Lead Generation,166597,2026-06-13,2026-10-15,Paused
6325,Robust contextually-based customer loyalty,1,Brand Awareness,141768,2025-02-15,2025-12-07,Paused
6326,Realigned bottom-line website,5,Sales,92823,2026-01-06,2026-05-30,Paused
6327,Open-architected upward-trending support,4,Sales,168393,2025-12-11,2026-09-05,Completed
6328,Inverse exuding workforce,3,Remarketing,257967,2025-04-19,2026-06-15,Completed
6329,Object-based 3rdgeneration paradigm,2,Product Launch,123868,2024-10-03,2026-06-12,Paused
6330,Distributed well-modulated attitude,3,Product Launch,84950,2024-10-09,2024-12-04,Paused
6331,Balanced optimal project,1,Sales,12739,2025-06-15,2025-12-22,Paused
6332,Fundamental mobile adapter,5,Lead Generation,119725,2025-10-31,2026-04-25,Active
6333,Profit-focused impactful capability,5,Sales,229519,2024-12-07,2025-01-22,Paused
6334,Implemented clear-thinking capacity,2,Lead Generation,489589,2025-03-09,2025-08-28,Completed
6335,Cross-platform solution-oriented parallelism,1,Product Launch,12023,2026-01-08,2026-02-04,Paused
6336,Customizable didactic challenge,4,Remarketing,345660,2024-08-19,2026-08-16,Completed
6337,Quality-focused intangible migration,2,Remarketing,196996,2026-04-01,2026-04-09,Paused
6338,Robust 4thgeneration complexity,2,Remarketing,66964,2026-05-02,2026-05-18,Paused
6339,Monitored explicit methodology,2,Sales,273507,2024-12-27,2025-04-26,Paused
6340,Seamless exuding contingency,4,Lead Generation,188110,2024-08-27,2025-11-21,Paused
6341,Profound asymmetric architecture,3,Lead Generation,86426,2025-04-27,2025-11-02,Active
6342,Realigned bifurcated time-frame,2,Sales,279739,2026-04-12,2026-07-26,Paused
6343,User-friendly composite projection,4,Product Launch,376164,2025-10-25,2026-08-09,Active
6344,Programmable mobile workforce,5,Brand Awareness,402773,2025-09-20,2026-04-13,Paused
6345,Centralized cohesive installation,4,Remarketing,91129,2025-11-30,2026-03-19,Completed
6346,Cross-platform 3rdgeneration open system,3,Brand Awareness,472692,2025-10-10,2026-02-18,Active
6347,Devolved actuating service-desk,3,Product Launch,276345,2025-05-29,2026-06-30,Active
6348,Virtual uniform emulation,2,Remarketing,442926,2025-06-13,2026-04-02,Paused
6349,Customer-focused systemic ability,1,Brand Awareness,235145,2025-04-20,2026-10-08,Paused
6350,Cloned content-based support,5,Remarketing,289778,2025-05-29,2025-07-11,Active
6351,Reduced directional methodology,3,Remarketing,231241,2025-09-19,2026-03-26,Active
6352,Reactive responsive Graphic Interface,1,Lead Generation,495102,2025-01-30,2026-08-27,Active
6353,Enhanced zero administration benchmark,3,Remarketing,129861,2026-02-06,2026-02-25,Active
6354,Organized executive model,2,Lead Generation,383679,2024-12-03,2025-11-26,Paused
6355,Total grid-enabled standardization,5,Remarketing,321437,2025-07-10,2025-07-21,Active
6356,Enterprise-wide encompassing Internet solution,1,Remarketing,416399,2024-11-19,2025-09-08,Active
6357,User-friendly encompassing help-desk,5,Product Launch,333597,2026-05-19,2026-06-06,Paused
6358,Persevering motivating circuit,3,Remarketing,402416,2025-02-27,2025-08-31,Completed
6359,Re-engineered upward-trending Graphic Interface,1,Sales,71997,2025-11-14,2026-09-15,Active
6360,Ameliorated stable paradigm,1,Product Launch,124935,2024-08-30,2026-01-17,Active
6361,Ameliorated logistical knowledge user,2,Lead Generation,431261,2024-10-30,2025-05-01,Paused
6362,Face-to-face uniform hierarchy,2,Lead Generation,261537,2025-12-25,2026-02-07,Completed
6363,Re-engineered user-facing intranet,5,Sales,448039,2025-01-28,2026-02-14,Active
6364,Progressive optimal firmware,4,Brand Awareness,301858,2024-09-08,2025-07-30,Paused
6365,Enterprise-wide systemic service-desk,5,Brand Awareness,65150,2024-11-09,2026-06-27,Active
6366,Optimized solution-oriented throughput,4,Sales,305805,2026-01-10,2026-01-19,Completed
6367,Open-architected dynamic throughput,1,Brand Awareness,80537,2026-02-20,2026-03-28,Completed
6368,Innovative tertiary matrix,4,Product Launch,47848,2024-09-28,2025-06-27,Paused
6369,Polarized bifurcated circuit,4,Remarketing,476384,2026-02-07,2026-05-19,Paused
6370,Reverse-engineered tangible capability,2,Lead Generation,248681,2025-04-06,2026-03-08,Completed
6371,Expanded next generation encryption,2,Remarketing,287382,2026-01-22,2026-06-08,Active
6372,Polarized logistical portal,4,Sales,263884,2025-03-14,2025-12-19,Active
6373,User-friendly didactic alliance,1,Lead Generation,388906,2025-06-08,2025-09-01,Paused
6374,User-friendly global database,1,Sales,488695,2025-03-31,2026-04-27,Active
6375,Inverse asymmetric workforce,2,Sales,410901,2025-11-18,2026-08-05,Active
6376,Synergized next generation hub,2,Lead Generation,133741,2024-09-28,2025-09-24,Active
6377,Seamless systematic capability,4,Product Launch,367051,2024-07-25,2026-07-06,Completed
6378,Inverse impactful conglomeration,5,Sales,80247,2025-04-23,2026-05-24,Active
6379,User-centric 3rdgeneration data-warehouse,2,Remarketing,47230,2025-05-29,2026-04-09,Paused
6380,Horizontal stable process improvement,5,Sales,361896,2025-10-24,2026-04-26,Paused
6381,Cross-platform secondary alliance,4,Brand Awareness,62597,2026-04-15,2026-08-26,Active
6382,Phased exuding Graphic Interface,3,Lead Generation,139911,2024-08-15,2024-12-12,Active
6383,Reduced web-enabled utilization,4,Product Launch,197429,2025-09-26,2026-04-21,Paused
6384,Open-architected next generation moratorium,3,Sales,323108,2025-05-04,2025-10-10,Completed
6385,Fully-configurable holistic concept,2,Remarketing,496504,2025-09-18,2026-06-26,Active
6386,Assimilated multimedia hierarchy,4,Sales,428790,2026-03-09,2026-07-26,Active
6387,Digitized neutral array,4,Product Launch,59187,2026-04-07,2026-07-18,Completed
6388,Seamless actuating moratorium,4,Product Launch,114859,2026-07-06,2026-08-23,Completed
6389,Balanced human-resource emulation,4,Product Launch,495073,2026-02-28,2026-08-10,Active
6390,Assimilated regional secured line,4,Lead Generation,359473,2026-05-28,2026-10-05,Active
6391,Inverse asymmetric adapter,5,Remarketing,346097,2024-10-01,2025-07-06,Completed
6392,Visionary disintermediate moderator,3,Remarketing,292358,2026-03-09,2026-07-09,Active
6393,Progressive solution-oriented hardware,1,Brand Awareness,137949,2025-11-09,2026-03-03,Completed
6394,Right-sized asymmetric functionalities,1,Product Launch,236590,2025-06-25,2025-08-01,Active
6395,Compatible interactive groupware,4,Remarketing,228753,2025-01-12,2025-07-15,Paused
6396,Distributed zero tolerance encryption,5,Brand Awareness,237628,2025-06-15,2025-11-02,Paused
6397,Diverse radical circuit,1,Remarketing,431698,2026-01-06,2026-02-13,Active
6398,Reactive contextually-based strategy,4,Lead Generation,300932,2025-07-17,2025-09-23,Active
6399,Stand-alone stable customer loyalty,5,Remarketing,74583,2025-03-02,2025-10-26,Completed
6400,Persistent discrete system engine,4,Remarketing,137786,2026-05-15,2026-09-18,Completed
6401,Ergonomic content-based protocol,2,Sales,393434,2025-05-15,2026-07-14,Active
6402,Open-architected local neural-net,4,Product Launch,495741,2025-07-31,2025-12-13,Active
6403,Team-oriented static moderator,5,Product Launch,241603,2024-10-11,2025-04-24,Completed
6404,Grass-roots 4thgeneration secured line,1,Lead Generation,374505,2025-08-01,2026-01-20,Completed
6405,Reactive neutral initiative,2,Product Launch,127332,2024-07-22,2025-02-07,Paused
6406,Configurable multi-tasking complexity,2,Product Launch,33901,2025-05-30,2026-08-13,Active
6407,Robust system-worthy success,4,Product Launch,349015,2025-04-06,2025-12-11,Paused
6408,Distributed bi-directional adapter,2,Brand Awareness,52938,2026-02-07,2026-07-03,Paused
6409,Operative disintermediate contingency,5,Product Launch,105160,2025-05-28,2026-02-19,Paused
6410,Universal actuating knowledge user,3,Brand Awareness,140754,2025-04-30,2026-02-03,Active
6411,Ameliorated background superstructure,5,Brand Awareness,100637,2024-10-19,2026-09-03,Paused
6412,Polarized explicit time-frame,3,Lead Generation,35500,2025-02-10,2025-10-02,Paused
6413,Vision-oriented intermediate knowledge user,5,Product Launch,301748,2024-12-02,2025-09-24,Active
6414,Ameliorated systematic capability,3,Brand Awareness,465351,2025-06-16,2025-07-25,Active
6415,Decentralized eco-centric process improvement,4,Product Launch,162535,2024-12-28,2026-09-29,Paused
6416,Reduced secondary function,2,Lead Generation,164261,2026-05-19,2026-06-16,Paused
6417,Managed eco-centric portal,1,Remarketing,154208,2025-02-10,2025-02-13,Active
6418,Operative bifurcated orchestration,3,Lead Generation,215297,2025-03-23,2025-05-04,Active
6419,Multi-lateral systematic knowledge user,5,Brand Awareness,132191,2025-12-02,2026-10-11,Completed
6420,Reactive high-level knowledgebase,1,Remarketing,340863,2025-04-12,2025-05-07,Completed
6421,Profit-focused systematic flexibility,1,Remarketing,265896,2025-02-28,2025-03-02,Paused
6422,Pre-emptive upward-trending website,1,Lead Generation,350695,2025-06-21,2025-10-13,Completed
6423,Multi-channeled neutral support,5,Remarketing,359773,2024-07-22,2026-02-22,Paused
6424,Profit-focused dynamic pricing structure,5,Remarketing,328613,2026-01-18,2026-01-31,Completed
6425,Universal bifurcated application,5,Product Launch,395488,2024-11-01,2025-12-12,Active
6426,Robust intangible array,1,Product Launch,228191,2025-11-28,2026-02-07,Completed
6427,Profit-focused neutral website,2,Sales,66387,2025-07-19,2025-10-01,Completed
6428,Realigned homogeneous artificial intelligence,3,Remarketing,486530,2024-10-16,2025-10-28,Completed
6429,Pre-emptive attitude-oriented utilization,3,Product Launch,443758,2024-09-12,2025-12-25,Completed
6430,Object-based reciprocal contingency,2,Remarketing,30209,2025-07-11,2025-07-19,Active
6431,Exclusive tertiary hardware,2,Brand Awareness,338528,2025-04-02,2025-09-01,Paused
6432,Robust local analyzer,5,Remarketing,243750,2025-02-21,2025-12-11,Completed
6433,Adaptive optimizing architecture,1,Lead Generation,172705,2026-02-22,2026-04-13,Active
6434,Versatile value-added database,2,Lead Generation,404962,2025-10-07,2026-01-05,Active
6435,Enterprise-wide exuding instruction set,1,Sales,64500,2026-06-15,2026-07-04,Active
6436,User-friendly leadingedge migration,4,Sales,337130,2025-03-09,2026-10-02,Paused
6437,Customizable clear-thinking installation,4,Sales,141410,2024-11-10,2025-03-30,Paused
6438,Sharable asymmetric alliance,2,Sales,315510,2025-11-01,2025-12-02,Active
6439,Balanced interactive success,3,Remarketing,418034,2026-05-23,2026-10-03,Paused
6440,Self-enabling high-level initiative,2,Remarketing,37416,2025-01-04,2026-01-18,Completed
6441,Self-enabling context-sensitive software,4,Product Launch,262764,2024-09-19,2025-10-10,Completed
6442,Organic logistical emulation,5,Brand Awareness,246219,2025-05-21,2025-12-13,Active
6443,Self-enabling tangible moderator,1,Product Launch,60994,2025-02-21,2026-09-04,Paused
6444,Digitized optimal intranet,3,Lead Generation,368682,2026-07-08,2026-07-21,Active
6445,Profit-focused responsive challenge,4,Remarketing,266054,2025-04-03,2025-07-21,Completed
6446,Down-sized encompassing website,2,Brand Awareness,319580,2026-05-01,2026-10-11,Active
6447,Enterprise-wide heuristic knowledgebase,1,Lead Generation,180030,2026-03-03,2026-03-29,Paused
6448,Synchronized human-resource standardization,5,Lead Generation,70360,2024-09-28,2026-06-27,Completed
6449,Polarized mobile hub,2,Sales,343456,2025-10-27,2026-05-12,Completed
6450,Mandatory mission-critical product,3,Product Launch,306522,2025-12-30,2026-02-08,Paused
6451,Cloned hybrid software,2,Product Launch,319748,2024-11-17,2024-11-17,Paused
6452,Networked user-facing capability,1,Remarketing,135051,2025-05-09,2026-03-26,Active
6453,Business-focused discrete adapter,4,Lead Generation,338526,2025-02-17,2025-10-20,Active
6454,Adaptive optimizing moratorium,2,Sales,347580,2026-02-12,2026-05-06,Active
6455,Synergized secondary software,5,Lead Generation,40678,2025-08-08,2025-08-12,Active
6456,Assimilated homogeneous support,2,Remarketing,241228,2025-07-19,2026-04-15,Completed
6457,Configurable coherent benchmark,4,Sales,275756,2024-12-22,2025-12-02,Paused
6458,Multi-layered client-server firmware,4,Product Launch,135316,2024-09-23,2025-12-05,Active
6459,Upgradable methodical challenge,4,Remarketing,110859,2025-04-14,2025-12-27,Paused
6460,Vision-oriented background collaboration,3,Sales,220046,2026-03-17,2026-04-24,Active
6461,Focused analyzing help-desk,2,Lead Generation,264177,2024-08-05,2024-08-18,Completed
6462,Customizable multi-state access,3,Product Launch,101920,2025-06-22,2026-05-21,Active
6463,Decentralized executive portal,3,Sales,307618,2025-11-15,2026-09-24,Active
6464,Virtual demand-driven Internet solution,3,Remarketing,150157,2025-04-10,2025-10-19,Paused
6465,Right-sized object-oriented forecast,2,Sales,356829,2024-09-11,2024-11-21,Completed
6466,Inverse optimal support,2,Remarketing,55021,2026-05-04,2026-07-10,Completed
6467,Business-focused actuating superstructure,4,Remarketing,288010,2025-09-26,2026-07-17,Active
6468,Intuitive intermediate ability,1,Sales,111720,2026-01-24,2026-09-02,Active
6469,Fundamental human-resource data-warehouse,4,Sales,392841,2026-04-22,2026-09-07,Paused
6470,Enterprise-wide heuristic model,5,Brand Awareness,132693,2025-04-14,2026-01-10,Active
6471,Optional solution-oriented methodology,3,Remarketing,189429,2025-11-21,2026-09-06,Completed
6472,Proactive fault-tolerant open system,2,Product Launch,194473,2025-02-27,2025-11-25,Active
6473,Extended coherent Local Area Network,3,Brand Awareness,438718,2025-10-02,2026-05-31,Paused
6474,Open-architected object-oriented extranet,2,Sales,89629,2025-04-22,2026-09-22,Paused
6475,Visionary maximized hierarchy,5,Brand Awareness,77110,2026-03-28,2026-08-14,Paused
6476,Phased optimal product,5,Sales,192198,2026-04-28,2026-07-06,Completed
6477,Assimilated holistic middleware,3,Product Launch,286890,2024-09-29,2025-09-26,Paused
6478,Optimized client-driven hardware,2,Remarketing,351010,2025-07-16,2025-10-24,Paused
6479,Monitored dedicated orchestration,5,Remarketing,360656,2025-06-13,2026-08-08,Active
6480,User-centric non-volatile paradigm,5,Lead Generation,146813,2026-02-03,2026-08-24,Completed
6481,Cross-group non-volatile artificial intelligence,2,Lead Generation,66682,2025-06-21,2026-08-06,Completed
6482,Business-focused executive task-force,1,Lead Generation,43682,2024-07-24,2025-06-09,Paused
6483,Reduced uniform hierarchy,3,Lead Generation,381426,2025-02-16,2026-08-23,Paused
6484,Quality-focused scalable parallelism,3,Lead Generation,308058,2025-01-27,2025-12-24,Paused
6485,Networked optimal middleware,5,Remarketing,192592,2025-04-16,2025-05-28,Completed
6486,Proactive well-modulated flexibility,3,Brand Awareness,12926,2026-06-13,2026-07-09,Completed
6487,Future-proofed client-driven Graphic Interface,3,Product Launch,244322,2024-08-06,2024-09-01,Paused
6488,Ergonomic empowering focus group,4,Sales,393375,2025-05-04,2026-07-19,Active
6489,Switchable composite hub,4,Remarketing,435754,2024-08-12,2024-09-26,Active
6490,Open-architected cohesive capability,1,Sales,24635,2024-09-09,2026-06-08,Completed
6491,Synergistic logistical throughput,1,Brand Awareness,242755,2024-09-25,2026-01-13,Completed
6492,Organic mission-critical product,1,Brand Awareness,320227,2025-03-09,2025-07-19,Paused
6493,Polarized cohesive productivity,2,Sales,42925,2025-08-14,2025-09-30,Active
6494,Mandatory zero tolerance hardware,5,Brand Awareness,351619,2025-04-07,2025-05-22,Active
6495,Reactive client-server alliance,1,Product Launch,416246,2025-05-12,2026-04-22,Active
6496,Optional human-resource artificial intelligence,4,Brand Awareness,335619,2024-10-21,2025-06-21,Completed
6497,Cross-group national toolset,1,Sales,433083,2024-07-31,2024-09-02,Active
6498,Inverse client-server benchmark,2,Lead Generation,249123,2024-12-18,2026-01-02,Active
6499,Fully-configurable contextually-based conglomeration,1,Lead Generation,344377,2024-11-29,2026-05-18,Active
6500,Re-engineered methodical model,4,Product Launch,461401,2025-06-18,2026-04-03,Paused
6501,Decentralized tertiary initiative,2,Sales,25815,2024-10-23,2026-05-25,Active
6502,Profit-focused object-oriented contingency,2,Brand Awareness,347123,2026-02-21,2026-07-03,Paused
6503,Balanced clear-thinking database,1,Remarketing,233831,2025-09-12,2026-10-07,Completed
6504,Stand-alone asynchronous Local Area Network,3,Lead Generation,112124,2025-05-31,2025-09-12,Active
6505,Public-key system-worthy extranet,3,Lead Generation,380831,2026-06-28,2026-09-08,Completed
6506,Customer-focused disintermediate projection,1,Lead Generation,20156,2025-06-03,2025-08-17,Active
6507,Enterprise-wide contextually-based system engine,4,Brand Awareness,386331,2024-11-13,2026-04-10,Paused
6508,Multi-tiered empowering solution,2,Brand Awareness,394668,2025-06-19,2025-10-22,Paused
6509,Integrated radical ability,1,Remarketing,89300,2026-02-01,2026-06-18,Active
6510,Compatible fresh-thinking open system,1,Product Launch,37975,2024-07-20,2025-06-15,Completed
6511,Multi-lateral explicit matrices,4,Brand Awareness,380394,2026-04-23,2026-06-16,Paused
6512,Synergistic needs-based productivity,2,Remarketing,347555,2026-04-07,2026-06-03,Paused
6513,Face-to-face 24/7 productivity,5,Sales,411831,2025-10-18,2026-09-04,Active
6514,Exclusive contextually-based website,4,Brand Awareness,211431,2026-06-14,2026-08-21,Active
6515,Streamlined homogeneous artificial intelligence,1,Remarketing,230502,2025-07-26,2026-02-22,Paused
6516,Front-line zero administration intranet,1,Product Launch,224788,2025-04-29,2026-08-20,Paused
6517,Sharable stable Local Area Network,1,Brand Awareness,389013,2026-06-10,2026-08-05,Active
6518,Pre-emptive empowering matrix,2,Product Launch,325630,2025-01-29,2025-06-24,Active
6519,Monitored eco-centric capability,2,Brand Awareness,198923,2025-06-24,2026-03-11,Completed
6520,Organic heuristic focus group,2,Sales,307626,2025-10-10,2026-02-24,Completed
6521,Extended attitude-oriented flexibility,3,Remarketing,425940,2026-04-01,2026-07-30,Paused
6522,Secured 24/7 ability,2,Sales,154621,2026-02-14,2026-10-09,Active
6523,Multi-lateral directional toolset,1,Sales,284172,2026-05-22,2026-06-25,Completed
6524,Optional zero tolerance collaboration,3,Product Launch,185519,2025-10-29,2026-02-15,Active
6525,Multi-channeled dynamic firmware,3,Remarketing,337246,2025-09-11,2026-03-10,Paused
6526,Devolved zero administration model,5,Product Launch,97071,2025-06-25,2025-08-31,Paused
6527,Polarized modular ability,5,Sales,184621,2025-01-18,2025-10-11,Active
6528,User-centric bottom-line forecast,2,Product Launch,71906,2024-09-06,2025-07-18,Paused
6529,Horizontal intermediate encoding,1,Lead Generation,182118,2025-03-29,2026-08-31,Active
6530,Organized leadingedge solution,1,Sales,196531,2024-10-21,2025-07-20,Active
6531,Multi-channeled regional access,5,Product Launch,48380,2025-11-28,2026-07-10,Paused
6532,Assimilated 4thgeneration throughput,4,Product Launch,466644,2025-10-10,2025-10-22,Active
6533,Progressive reciprocal access,3,Sales,350937,2026-05-19,2026-07-15,Completed
6534,Inverse system-worthy capability,3,Brand Awareness,264056,2025-02-08,2026-03-29,Active
6535,Inverse intermediate adapter,2,Sales,374082,2026-01-17,2026-03-07,Active
6536,Progressive tangible Local Area Network,1,Brand Awareness,150500,2024-08-17,2025-09-13,Paused
6537,Decentralized methodical encoding,4,Product Launch,144032,2025-09-07,2026-08-01,Active
6538,Networked demand-driven Graphical User Interface,5,Sales,435288,2026-01-01,2026-04-22,Completed
6539,Adaptive actuating firmware,4,Product Launch,300380,2025-09-01,2026-08-04,Paused
6540,Horizontal homogeneous analyzer,5,Remarketing,377780,2025-05-21,2026-06-22,Active
6541,Open-architected intermediate knowledgebase,5,Brand Awareness,431143,2024-09-22,2025-05-29,Completed
6542,Implemented real-time help-desk,4,Lead Generation,38213,2024-11-03,2026-09-23,Completed
6543,Quality-focused multi-state hub,5,Sales,72340,2025-01-09,2025-07-15,Active
6544,Adaptive neutral hardware,2,Sales,383290,2024-11-24,2025-11-16,Active
6545,Down-sized zero administration service-desk,3,Lead Generation,42036,2026-06-14,2026-06-24,Completed
6546,Object-based discrete matrix,4,Product Launch,411436,2025-05-06,2026-03-11,Paused
6547,Programmable actuating paradigm,5,Lead Generation,149379,2026-03-13,2026-10-10,Paused
6548,Multi-tiered global support,4,Sales,307249,2025-01-01,2026-04-04,Completed
6549,Public-key stable adapter,2,Remarketing,264033,2024-08-24,2025-06-10,Completed
6550,Future-proofed foreground project,5,Product Launch,344119,2025-10-29,2026-06-29,Completed
6551,Universal 6thgeneration frame,1,Product Launch,131875,2025-04-05,2025-09-13,Paused
6552,Re-engineered 6thgeneration service-desk,4,Product Launch,98833,2025-02-18,2026-03-02,Paused
6553,Organized multimedia matrix,2,Lead Generation,274180,2024-11-11,2025-02-09,Completed
6554,Robust mobile intranet,3,Sales,383989,2025-02-26,2026-05-16,Active
6555,Visionary 6thgeneration database,5,Remarketing,375626,2025-11-21,2026-02-27,Active
6556,Managed dedicated task-force,3,Product Launch,456349,2024-11-14,2026-01-05,Completed
6557,Devolved needs-based moratorium,3,Brand Awareness,243069,2025-10-02,2026-08-19,Paused
6558,Stand-alone systemic forecast,2,Product Launch,282022,2026-06-21,2026-09-27,Completed
6559,Focused transitional neural-net,3,Remarketing,262831,2025-07-29,2026-03-15,Completed
6560,Ergonomic 4thgeneration leverage,1,Brand Awareness,199920,2025-12-29,2026-01-09,Active
6561,Total directional implementation,3,Sales,17123,2025-01-09,2025-07-11,Paused
6562,Persevering multi-state instruction set,3,Brand Awareness,383789,2024-10-09,2025-11-14,Completed
6563,Focused context-sensitive model,4,Sales,65423,2024-09-23,2025-03-22,Active
6564,Business-focused 6thgeneration architecture,3,Sales,498531,2025-09-28,2026-08-11,Completed
6565,Multi-tiered asymmetric matrix,1,Remarketing,427224,2025-05-07,2025-09-14,Paused
6566,Enhanced motivating intranet,4,Sales,215440,2026-02-26,2026-04-18,Active
6567,Adaptive intermediate Internet solution,4,Brand Awareness,55655,2025-02-08,2025-10-31,Active
6568,Secured full-range migration,5,Product Launch,196064,2025-01-27,2025-08-13,Active
6569,Implemented global strategy,1,Product Launch,291048,2025-03-21,2026-09-04,Paused
6570,Configurable executive middleware,1,Sales,482909,2026-06-11,2026-09-12,Completed
6571,Operative analyzing firmware,5,Lead Generation,76841,2025-06-26,2025-09-18,Completed
6572,Stand-alone client-driven knowledgebase,1,Lead Generation,339117,2024-09-09,2024-12-21,Paused
6573,Horizontal web-enabled Internet solution,4,Product Launch,216412,2025-10-16,2026-02-28,Paused
6574,Compatible local project,1,Remarketing,311668,2025-06-24,2025-08-02,Completed
6575,Down-sized composite knowledge user,2,Brand Awareness,399288,2026-03-30,2026-06-17,Paused
6576,Secured next generation leverage,1,Product Launch,339624,2024-08-14,2025-03-14,Active
6577,Diverse logistical toolset,2,Product Launch,493447,2026-04-11,2026-08-17,Active
6578,Right-sized regional help-desk,5,Sales,61607,2025-07-08,2025-11-07,Paused
6579,Universal foreground emulation,4,Brand Awareness,212996,2024-11-19,2025-11-06,Paused
6580,Persevering composite alliance,2,Sales,207704,2026-05-18,2026-05-23,Paused
6581,User-friendly user-facing interface,3,Sales,62168,2025-02-05,2026-06-21,Paused
6582,Robust exuding definition,5,Product Launch,124721,2024-09-17,2024-09-27,Paused
6583,Ergonomic responsive workforce,5,Lead Generation,356348,2026-01-13,2026-03-25,Paused
6584,Fully-configurable systematic moratorium,4,Brand Awareness,327064,2026-02-12,2026-07-26,Completed
6585,Public-key background model,4,Brand Awareness,60099,2025-05-06,2025-06-24,Completed
6586,Multi-tiered executive solution,5,Remarketing,474223,2026-03-25,2026-09-24,Paused
6587,Advanced tangible product,4,Sales,197213,2025-09-02,2025-09-09,Paused
6588,Organized modular implementation,3,Sales,229648,2025-08-09,2026-03-12,Active
6589,Diverse zero administration knowledgebase,4,Brand Awareness,125981,2025-12-09,2026-02-08,Active
6590,Synchronized zero tolerance approach,3,Brand Awareness,427025,2024-11-04,2025-01-24,Completed
6591,Adaptive zero administration matrix,3,Remarketing,203295,2026-05-12,2026-09-20,Completed
6592,Advanced high-level instruction set,1,Remarketing,169398,2024-12-04,2026-03-23,Paused
6593,Open-source 3rdgeneration implementation,2,Product Launch,152331,2025-04-17,2025-09-07,Completed
6594,Streamlined 3rdgeneration moratorium,3,Brand Awareness,27265,2025-03-23,2025-07-29,Completed
6595,Open-source analyzing hardware,1,Sales,294071,2025-12-18,2026-06-10,Completed
6596,Assimilated discrete paradigm,2,Brand Awareness,212709,2026-02-04,2026-03-07,Active
6597,Optional zero-defect strategy,4,Lead Generation,298615,2025-10-03,2025-11-24,Paused
6598,Organic 24/7 task-force,1,Lead Generation,203952,2024-10-04,2026-02-11,Active
6599,Operative context-sensitive synergy,2,Sales,105486,2024-09-23,2025-08-04,Paused
6600,Intuitive static capability,1,Brand Awareness,317900,2025-04-14,2025-05-04,Completed
6601,Configurable stable emulation,4,Lead Generation,388458,2025-01-16,2026-08-30,Completed
6602,De-engineered 4thgeneration productivity,1,Remarketing,93851,2026-03-06,2026-07-22,Completed
6603,Monitored client-server benchmark,4,Remarketing,188034,2026-06-20,2026-10-01,Completed
6604,Balanced discrete capacity,5,Product Launch,265778,2025-09-25,2025-11-12,Active
6605,Organized reciprocal open system,4,Sales,15269,2024-10-11,2025-09-14,Paused
6606,Multi-channeled bifurcated concept,2,Sales,232138,2025-08-15,2026-08-03,Active
6607,Self-enabling disintermediate frame,2,Product Launch,92264,2024-11-26,2026-02-23,Paused
6608,Universal encompassing Internet solution,2,Brand Awareness,296295,2025-07-02,2026-06-26,Completed
6609,Open-source actuating solution,4,Sales,161849,2025-01-21,2025-12-08,Paused
6610,Exclusive grid-enabled analyzer,1,Sales,424831,2025-10-23,2026-06-06,Paused
6611,Extended mission-critical budgetary management,4,Lead Generation,205177,2025-09-06,2026-06-23,Paused
6612,Integrated non-volatile attitude,5,Lead Generation,305072,2025-08-05,2025-11-02,Paused
6613,Operative full-range matrices,3,Product Launch,364531,2024-08-01,2025-12-04,Completed
6614,Fully-configurable multi-tasking application,5,Product Launch,106184,2026-01-19,2026-05-10,Completed
6615,Cloned heuristic policy,3,Remarketing,252553,2025-05-19,2025-08-16,Active
6616,Centralized methodical methodology,4,Lead Generation,282928,2025-07-10,2026-09-23,Paused
6617,Intuitive 4thgeneration concept,3,Sales,411168,2025-08-25,2026-04-20,Active
6618,Expanded demand-driven groupware,3,Sales,263722,2025-11-11,2026-07-02,Completed
6619,Digitized mission-critical superstructure,3,Lead Generation,446147,2025-12-29,2026-04-11,Completed
6620,Managed actuating open architecture,4,Brand Awareness,270157,2025-02-11,2026-06-11,Paused
6621,Synergized optimal encryption,3,Remarketing,296295,2025-09-14,2026-09-08,Completed
6622,Open-architected national open system,1,Sales,390397,2026-05-27,2026-07-12,Completed
6623,Cloned encompassing array,3,Brand Awareness,190331,2025-12-19,2026-01-02,Active
6624,Organic static emulation,3,Remarketing,481099,2024-09-19,2026-06-02,Active
6625,Multi-channeled bandwidth-monitored alliance,3,Brand Awareness,254896,2025-10-26,2025-11-27,Active
6626,Virtual 24hour instruction set,5,Lead Generation,121849,2026-01-01,2026-03-29,Active
6627,Organized encompassing approach,1,Lead Generation,115741,2024-12-29,2025-08-11,Active
6628,Vision-oriented disintermediate orchestration,5,Brand Awareness,47983,2024-12-19,2025-05-16,Active
6629,Multi-lateral maximized database,4,Lead Generation,126989,2025-09-13,2026-07-01,Active
6630,Focused next generation model,4,Remarketing,143334,2025-09-01,2026-09-06,Active
6631,Enterprise-wide bi-directional interface,4,Remarketing,211082,2026-03-12,2026-05-05,Active
6632,Extended dedicated portal,1,Sales,88783,2026-03-20,2026-06-08,Active
6633,Synchronized bifurcated frame,4,Lead Generation,21216,2024-12-15,2025-03-21,Paused
6634,Cross-group analyzing superstructure,2,Product Launch,121969,2026-02-07,2026-03-22,Active
6635,Pre-emptive national core,3,Remarketing,488708,2024-11-26,2025-07-10,Paused
6636,Triple-buffered even-keeled concept,3,Brand Awareness,226853,2024-10-24,2024-11-23,Paused
6637,Focused context-sensitive middleware,2,Sales,153590,2026-04-29,2026-08-25,Completed
6638,Visionary impactful hierarchy,2,Lead Generation,60740,2025-01-05,2026-05-07,Paused
6639,Operative disintermediate alliance,4,Remarketing,38789,2026-06-15,2026-08-22,Active
6640,Synchronized dynamic product,2,Product Launch,329266,2025-01-12,2025-12-22,Paused
6641,Centralized global forecast,5,Product Launch,28793,2024-08-26,2025-03-22,Paused
6642,Versatile 5thgeneration access,2,Lead Generation,92996,2025-09-13,2025-12-25,Completed
6643,Reverse-engineered responsive throughput,3,Remarketing,300471,2025-09-11,2025-12-11,Active
6644,Persevering executive superstructure,2,Product Launch,203193,2025-11-12,2026-03-20,Active
6645,Managed incremental alliance,2,Brand Awareness,267047,2025-08-22,2026-01-23,Active
6646,Vision-oriented 3rdgeneration extranet,2,Brand Awareness,318764,2026-05-08,2026-07-14,Paused
6647,Virtual maximized help-desk,2,Sales,375385,2025-11-20,2026-07-12,Active
6648,Organized asymmetric parallelism,3,Lead Generation,475602,2025-05-29,2025-07-06,Active
6649,Open-source local access,2,Remarketing,171770,2025-01-17,2026-05-25,Paused
6650,Extended background moratorium,2,Product Launch,482357,2026-01-12,2026-07-09,Paused
6651,Expanded contextually-based knowledge user,5,Product Launch,383815,2026-06-27,2026-09-13,Active
6652,Object-based transitional open architecture,4,Remarketing,358169,2025-05-27,2026-08-11,Completed
6653,Fully-configurable intermediate hardware,1,Sales,103711,2025-07-18,2026-09-10,Paused
6654,Organized secondary attitude,4,Sales,191986,2024-08-15,2024-10-11,Active
6655,Synergistic grid-enabled installation,2,Remarketing,170020,2026-02-02,2026-07-31,Completed
6656,Upgradable uniform migration,4,Remarketing,316554,2025-12-28,2026-04-02,Paused
6657,Ergonomic multi-state moderator,2,Remarketing,110545,2025-06-05,2025-09-27,Completed
6658,Advanced mission-critical product,1,Remarketing,32772,2026-03-31,2026-08-17,Paused
6659,Cross-group systemic paradigm,5,Sales,116872,2024-09-05,2024-12-30,Active
6660,Profit-focused 4thgeneration budgetary management,5,Sales,162093,2025-10-17,2026-02-17,Completed
6661,Organized impactful encoding,2,Brand Awareness,252078,2024-09-19,2026-07-22,Paused
6662,Profound context-sensitive encoding,4,Product Launch,335028,2025-10-14,2026-01-18,Completed
6663,Re-contextualized systemic interface,3,Remarketing,31902,2025-06-27,2026-06-16,Active
6664,Visionary grid-enabled Graphic Interface,2,Product Launch,33051,2025-01-18,2025-10-19,Completed
6665,Centralized logistical budgetary management,4,Product Launch,219251,2025-08-12,2026-10-12,Active
6666,Team-oriented encompassing moratorium,2,Remarketing,155497,2025-04-26,2026-02-12,Active
6667,Expanded real-time knowledge user,1,Sales,412835,2025-08-31,2026-02-03,Completed
6668,Digitized empowering Local Area Network,2,Sales,399222,2026-06-24,2026-06-29,Paused
6669,Enhanced web-enabled moratorium,4,Sales,155570,2025-09-29,2026-04-26,Paused
6670,Fundamental neutral encryption,4,Brand Awareness,412857,2024-09-25,2025-08-24,Paused
6671,Reduced bandwidth-monitored data-warehouse,5,Product Launch,454413,2025-05-07,2025-05-26,Completed
6672,Implemented directional collaboration,2,Sales,87778,2025-09-22,2026-01-13,Paused
6673,Profound clear-thinking conglomeration,1,Brand Awareness,316470,2025-09-01,2026-09-15,Completed
6674,Innovative mobile open system,3,Sales,99910,2024-10-14,2025-07-12,Paused
6675,Monitored directional array,1,Lead Generation,490367,2024-09-24,2024-11-24,Active
6676,Cloned background hub,5,Sales,26531,2026-06-11,2026-08-14,Completed
6677,Seamless transitional interface,3,Sales,189794,2025-08-03,2026-07-01,Active
6678,Inverse real-time time-frame,3,Brand Awareness,256578,2025-12-12,2026-09-04,Completed
6679,Object-based tertiary interface,2,Product Launch,379586,2026-04-19,2026-08-27,Active
6680,Innovative exuding intranet,1,Lead Generation,381437,2026-04-01,2026-04-27,Paused
6681,Automated clear-thinking hierarchy,5,Brand Awareness,312519,2026-01-07,2026-07-19,Paused
6682,Profit-focused non-volatile policy,2,Lead Generation,395458,2025-04-20,2026-09-15,Completed
6683,Inverse directional time-frame,3,Product Launch,112277,2025-07-21,2026-05-19,Active
6684,Multi-tiered scalable pricing structure,4,Brand Awareness,341187,2025-08-15,2026-09-20,Paused
6685,Optimized asynchronous initiative,2,Remarketing,452778,2026-03-16,2026-10-14,Active
6686,Centralized secondary groupware,2,Remarketing,397318,2026-06-12,2026-09-02,Paused
6687,Object-based secondary benchmark,3,Brand Awareness,113219,2025-04-19,2026-10-15,Completed
6688,Grass-roots value-added hierarchy,5,Product Launch,243540,2025-09-01,2025-11-28,Paused
6689,Sharable contextually-based ability,3,Brand Awareness,387385,2026-03-12,2026-03-17,Active
6690,Persistent intangible hardware,4,Sales,36854,2025-02-04,2025-03-01,Completed
6691,Front-line encompassing concept,5,Product Launch,12044,2025-11-28,2026-03-26,Active
6692,Centralized analyzing Graphical User Interface,5,Lead Generation,78170,2025-06-22,2025-07-21,Paused
6693,Assimilated value-added flexibility,5,Remarketing,332686,2025-07-22,2025-08-26,Paused
6694,Customer-focused motivating Local Area Network,4,Sales,20780,2025-08-07,2026-04-29,Active
6695,Organized intermediate info-mediaries,5,Brand Awareness,425118,2025-12-30,2026-02-08,Paused
6696,Cross-group grid-enabled project,3,Sales,146477,2026-02-18,2026-08-27,Paused
6697,Phased didactic paradigm,4,Brand Awareness,123553,2024-09-28,2024-11-19,Completed
6698,De-engineered 6thgeneration Graphic Interface,4,Product Launch,335215,2025-08-13,2026-02-27,Active
6699,Centralized 6thgeneration portal,2,Sales,463238,2025-02-28,2026-01-31,Paused
6700,Cloned asymmetric conglomeration,2,Product Launch,183931,2025-04-05,2025-05-15,Paused
6701,Digitized uniform matrices,5,Remarketing,236679,2026-04-21,2026-07-27,Completed
6702,Assimilated bandwidth-monitored attitude,4,Remarketing,298233,2026-04-04,2026-07-24,Completed
6703,Focused context-sensitive throughput,3,Product Launch,406775,2025-06-15,2026-01-19,Paused
6704,Diverse contextually-based software,5,Brand Awareness,422321,2026-05-17,2026-10-05,Paused
6705,Multi-layered 6thgeneration application,1,Remarketing,337745,2026-06-10,2026-07-27,Active
6706,Stand-alone zero administration process improvement,5,Remarketing,448091,2025-07-13,2026-05-31,Paused
6707,Streamlined disintermediate knowledgebase,5,Brand Awareness,272351,2026-01-17,2026-08-09,Active
6708,Virtual heuristic secured line,3,Sales,425083,2026-07-04,2026-08-27,Active
6709,Progressive tertiary productivity,2,Product Launch,414035,2024-09-01,2025-03-29,Completed
6710,Digitized actuating complexity,3,Product Launch,226277,2025-01-22,2025-07-15,Paused
6711,Visionary asymmetric definition,4,Remarketing,380055,2025-10-31,2026-08-08,Completed
6712,Distributed 24/7 product,5,Lead Generation,464623,2025-08-22,2026-08-19,Completed
6713,Quality-focused mission-critical methodology,5,Product Launch,107053,2026-01-23,2026-06-26,Completed
6714,Inverse logistical moderator,1,Product Launch,461441,2025-07-24,2026-01-01,Completed
6715,Horizontal systemic interface,3,Brand Awareness,343024,2025-12-02,2026-01-03,Paused
6716,Cross-platform empowering approach,5,Sales,22647,2024-10-15,2024-12-12,Paused
6717,Total system-worthy toolset,1,Brand Awareness,118501,2024-12-15,2026-01-16,Paused
6718,Multi-tiered homogeneous project,3,Brand Awareness,318510,2024-10-27,2025-09-01,Active
6719,Enhanced homogeneous circuit,5,Brand Awareness,416992,2025-04-11,2026-03-16,Paused
6720,Horizontal solution-oriented pricing structure,3,Product Launch,145456,2026-06-23,2026-09-14,Completed
6721,Enterprise-wide secondary application,5,Product Launch,493409,2026-06-29,2026-10-12,Completed
6722,Public-key human-resource challenge,2,Remarketing,145640,2025-09-29,2026-01-30,Active
6723,Cross-group client-server projection,5,Lead Generation,434654,2025-05-29,2026-04-25,Paused
6724,Centralized actuating installation,5,Product Launch,296328,2024-12-06,2025-03-28,Completed
6725,Profit-focused tertiary matrices,4,Remarketing,204702,2025-07-01,2026-08-18,Completed
6726,Team-oriented demand-driven budgetary management,2,Brand Awareness,222899,2026-06-11,2026-10-05,Active
6727,Streamlined human-resource algorithm,1,Sales,422634,2026-02-11,2026-08-14,Paused
6728,Cloned value-added matrix,2,Product Launch,208547,2025-10-29,2026-03-04,Completed
6729,Synergistic upward-trending help-desk,4,Remarketing,483214,2025-09-11,2026-04-08,Active
6730,Function-based bi-directional moderator,3,Brand Awareness,161583,2024-09-15,2025-10-03,Completed
6731,Balanced hybrid orchestration,1,Sales,184472,2026-01-27,2026-04-26,Paused
6732,Sharable zero-defect definition,5,Lead Generation,59042,2025-10-21,2026-07-22,Paused
6733,Grass-roots 24hour conglomeration,5,Sales,196337,2025-06-20,2025-12-13,Active
6734,Extended bandwidth-monitored database,4,Product Launch,66358,2024-12-31,2025-10-30,Paused
6735,Face-to-face empowering model,3,Sales,166513,2025-08-31,2026-10-02,Paused
6736,Optional zero administration encoding,5,Lead Generation,339636,2024-11-04,2025-11-19,Paused
6737,Exclusive national synergy,4,Remarketing,263490,2025-10-30,2026-09-02,Active
6738,Reduced static synergy,1,Remarketing,314016,2025-08-06,2025-08-27,Completed
6739,Self-enabling attitude-oriented migration,1,Lead Generation,397846,2026-04-29,2026-06-20,Completed
6740,Devolved global support,1,Product Launch,44930,2024-10-27,2026-07-21,Completed
6741,Distributed 24hour installation,3,Lead Generation,467684,2025-12-12,2026-05-14,Paused
6742,Total background orchestration,5,Sales,238254,2024-09-26,2026-03-09,Completed
6743,Synergistic logistical capability,1,Product Launch,104927,2024-09-28,2026-01-01,Active
6744,Customizable 5thgeneration contingency,1,Sales,175876,2024-11-29,2025-11-27,Paused
6745,Right-sized cohesive access,5,Brand Awareness,399042,2025-07-07,2025-08-11,Active
6746,Realigned grid-enabled alliance,2,Sales,255369,2026-04-16,2026-08-03,Paused
6747,Sharable content-based installation,5,Sales,145445,2025-04-19,2026-07-07,Paused
6748,Secured global policy,3,Lead Generation,283503,2026-01-16,2026-05-05,Active
6749,Automated regional workforce,4,Product Launch,369187,2025-12-13,2026-06-12,Active
6750,Total logistical encryption,4,Sales,349377,2026-05-25,2026-06-02,Completed
6751,Face-to-face coherent portal,5,Remarketing,472699,2026-02-23,2026-04-11,Active
6752,Intuitive logistical product,1,Brand Awareness,295424,2025-10-14,2025-12-15,Completed
6753,Streamlined bifurcated info-mediaries,5,Sales,282286,2024-09-27,2024-12-31,Completed
6754,Inverse system-worthy installation,3,Sales,23112,2025-11-30,2026-05-02,Completed
6755,Horizontal 24/7 policy,1,Brand Awareness,239521,2025-10-01,2026-02-28,Completed
6756,Total 24/7 core,5,Sales,56243,2026-04-26,2026-05-21,Active
6757,Cloned responsive info-mediaries,1,Remarketing,215509,2025-09-19,2025-12-24,Completed
6758,Multi-tiered homogeneous budgetary management,5,Sales,233683,2025-01-12,2025-03-22,Paused
6759,Exclusive neutral architecture,1,Sales,495113,2025-08-06,2026-07-04,Active
6760,Public-key composite installation,3,Brand Awareness,235590,2025-11-23,2026-07-24,Completed
6761,Diverse bandwidth-monitored protocol,3,Product Launch,231505,2024-09-12,2026-03-01,Paused
6762,Object-based next generation archive,3,Product Launch,216914,2024-08-10,2025-01-18,Paused
6763,Re-contextualized stable contingency,1,Lead Generation,31261,2026-02-08,2026-07-17,Paused
6764,Realigned hybrid methodology,3,Remarketing,349947,2025-09-03,2026-07-02,Active
6765,Front-line encompassing infrastructure,4,Brand Awareness,66003,2024-08-29,2025-04-28,Completed
6766,Reduced intangible matrices,3,Remarketing,493217,2026-03-15,2026-04-30,Active
6767,User-centric composite circuit,5,Remarketing,43028,2025-09-26,2026-08-04,Active
6768,Fully-configurable executive attitude,4,Sales,233598,2024-12-25,2026-09-08,Completed
6769,Triple-buffered intangible emulation,4,Remarketing,307156,2025-03-17,2026-08-12,Completed
6770,Up-sized static pricing structure,2,Remarketing,148554,2025-02-27,2025-08-05,Completed
6771,Progressive dedicated methodology,1,Brand Awareness,127353,2024-09-17,2025-03-16,Paused
6772,Expanded grid-enabled capacity,3,Remarketing,317943,2025-07-29,2026-03-29,Completed
6773,Ameliorated logistical adapter,4,Sales,139982,2025-09-15,2025-12-01,Active
6774,Digitized context-sensitive open architecture,5,Product Launch,181324,2025-12-15,2026-06-23,Active
6775,Distributed even-keeled solution,5,Product Launch,142644,2024-11-10,2025-03-20,Paused
6776,Multi-layered client-driven circuit,5,Brand Awareness,432736,2025-10-30,2026-08-02,Completed
6777,Profit-focused mobile artificial intelligence,3,Product Launch,172852,2024-12-05,2025-06-10,Completed
6778,Mandatory bifurcated projection,1,Lead Generation,473308,2026-01-15,2026-02-12,Completed
6779,Team-oriented value-added process improvement,3,Brand Awareness,362026,2025-01-10,2026-01-10,Active
6780,Programmable bi-directional interface,1,Brand Awareness,35341,2025-08-19,2025-10-24,Completed
6781,Fundamental radical neural-net,3,Remarketing,115486,2024-12-11,2026-10-08,Active
6782,Versatile tangible system engine,3,Product Launch,181642,2026-03-11,2026-06-28,Active
6783,Quality-focused actuating open architecture,2,Brand Awareness,141700,2025-10-10,2026-01-12,Completed
6784,Operative asynchronous open architecture,3,Product Launch,212173,2026-01-28,2026-02-01,Completed
6785,Fundamental zero tolerance structure,5,Brand Awareness,279874,2025-09-28,2026-10-09,Paused
6786,Multi-channeled clear-thinking methodology,4,Brand Awareness,268554,2026-04-19,2026-04-27,Active
6787,Centralized hybrid installation,3,Sales,389555,2024-09-07,2026-01-24,Completed
6788,Upgradable asymmetric strategy,3,Brand Awareness,429527,2024-09-19,2025-05-23,Paused
6789,Open-source optimal Graphical User Interface,2,Brand Awareness,81868,2026-05-22,2026-09-10,Active
6790,Stand-alone content-based matrix,2,Remarketing,248906,2024-12-23,2025-10-27,Paused
6791,Horizontal motivating secured line,1,Lead Generation,320266,2024-12-28,2025-10-22,Completed
6792,Multi-layered actuating installation,2,Brand Awareness,219256,2024-12-22,2025-01-09,Paused
6793,Inverse cohesive leverage,3,Lead Generation,84485,2026-01-09,2026-01-20,Active
6794,Profit-focused bi-directional Graphic Interface,5,Lead Generation,203339,2026-05-18,2026-07-18,Paused
6795,Assimilated object-oriented support,4,Lead Generation,150526,2025-07-06,2025-10-24,Paused
6796,Secured coherent adapter,3,Lead Generation,378589,2026-01-02,2026-08-31,Completed
6797,Multi-lateral transitional analyzer,1,Product Launch,307764,2025-05-08,2026-08-01,Active
6798,Advanced zero tolerance system engine,2,Product Launch,32990,2025-12-24,2026-09-25,Completed
6799,Open-source global task-force,4,Lead Generation,243021,2025-09-11,2026-01-07,Paused
6800,Ameliorated transitional process improvement,5,Lead Generation,177329,2025-10-23,2026-07-05,Active
6801,Robust interactive Graphical User Interface,4,Brand Awareness,439000,2025-10-13,2026-07-01,Active
6802,Expanded contextually-based success,1,Lead Generation,453011,2026-02-13,2026-09-09,Active
6803,Universal analyzing process improvement,4,Product Launch,229422,2026-07-02,2026-09-19,Active
6804,Mandatory optimal encryption,1,Remarketing,367633,2025-02-16,2025-05-08,Paused
6805,Optional client-driven moratorium,3,Lead Generation,98461,2024-08-14,2026-02-17,Completed
6806,Universal bifurcated system engine,3,Lead Generation,102299,2026-04-22,2026-09-27,Paused
6807,Cloned 4thgeneration infrastructure,1,Sales,432051,2026-02-03,2026-06-28,Active
6808,Decentralized 24hour definition,1,Brand Awareness,431032,2025-10-26,2026-09-16,Paused
6809,Progressive explicit support,4,Sales,223794,2026-05-22,2026-08-11,Paused
6810,Reduced analyzing Internet solution,3,Product Launch,377217,2024-09-20,2025-11-28,Completed
6811,Persevering web-enabled access,1,Product Launch,343880,2025-04-08,2025-11-18,Active
6812,Quality-focused static knowledgebase,4,Brand Awareness,339231,2026-06-05,2026-09-14,Completed
6813,Triple-buffered upward-trending toolset,4,Remarketing,477323,2025-09-03,2026-01-19,Active
6814,Networked discrete data-warehouse,1,Product Launch,277055,2025-08-08,2025-08-15,Completed
6815,Up-sized discrete artificial intelligence,5,Lead Generation,242914,2026-01-27,2026-09-16,Completed
6816,Reduced 6thgeneration website,4,Lead Generation,165470,2024-10-12,2026-03-01,Active
6817,Cloned zero administration moderator,1,Remarketing,330825,2024-12-31,2025-10-11,Completed
6818,Organized next generation forecast,3,Brand Awareness,21079,2025-07-27,2026-03-31,Completed
6819,Upgradable regional flexibility,4,Remarketing,470929,2025-07-26,2026-05-08,Completed
6820,Virtual client-server encryption,1,Product Launch,460459,2024-11-07,2026-04-16,Paused
6821,Digitized radical model,4,Sales,270563,2025-11-11,2025-12-09,Active
6822,Team-oriented zero administration pricing structure,1,Product Launch,499940,2025-06-27,2025-11-16,Paused
6823,Implemented 3rdgeneration orchestration,4,Sales,188735,2025-04-07,2026-07-27,Active
6824,Fundamental composite knowledgebase,3,Remarketing,275462,2025-01-23,2025-08-06,Paused
6825,Triple-buffered secondary groupware,4,Brand Awareness,433305,2025-11-02,2026-09-12,Active
6826,Advanced disintermediate paradigm,3,Remarketing,436338,2025-04-07,2025-11-06,Completed
6827,Devolved intangible task-force,5,Remarketing,153692,2025-04-11,2025-05-21,Active
6828,Persistent national project,1,Product Launch,129101,2025-05-24,2025-07-27,Paused
6829,Triple-buffered non-volatile moderator,4,Sales,441805,2026-06-17,2026-10-09,Paused
6830,Re-engineered tertiary product,1,Product Launch,433330,2026-03-03,2026-03-22,Paused
6831,Devolved foreground encryption,2,Remarketing,189895,2024-11-29,2026-07-31,Completed
6832,Universal didactic moderator,2,Brand Awareness,88047,2026-06-08,2026-06-25,Paused
6833,Distributed encompassing frame,3,Brand Awareness,216014,2025-03-05,2025-08-25,Active
6834,Exclusive mobile benchmark,1,Brand Awareness,447288,2025-03-02,2026-06-17,Completed
6835,Configurable national hardware,4,Brand Awareness,96656,2026-01-17,2026-04-02,Completed
6836,Switchable context-sensitive application,2,Brand Awareness,301963,2024-10-14,2026-03-02,Completed
6837,Extended didactic array,1,Sales,212839,2025-04-05,2025-12-22,Paused
6838,Enterprise-wide interactive encoding,1,Sales,229154,2025-12-06,2026-03-31,Active
6839,Cross-platform intermediate matrix,3,Product Launch,190247,2026-05-04,2026-06-30,Active
6840,Intuitive multi-tasking forecast,5,Product Launch,227425,2026-01-29,2026-05-21,Active
6841,Intuitive multimedia encoding,3,Remarketing,143543,2026-03-24,2026-07-31,Paused
6842,Right-sized uniform ability,2,Lead Generation,236155,2026-04-05,2026-07-26,Paused
6843,Optimized background capability,5,Sales,29584,2024-11-27,2026-09-10,Active
6844,Multi-lateral discrete extranet,5,Product Launch,274704,2025-04-17,2025-12-09,Active
6845,Grass-roots dynamic functionalities,2,Brand Awareness,269188,2026-06-24,2026-10-02,Completed
6846,Business-focused eco-centric hierarchy,5,Remarketing,160117,2025-06-09,2026-03-13,Paused
6847,Up-sized demand-driven array,1,Lead Generation,42701,2026-01-05,2026-05-25,Active
6848,Focused foreground strategy,1,Sales,475646,2026-02-01,2026-06-07,Active
6849,Organized homogeneous encryption,2,Product Launch,44874,2024-10-16,2025-02-15,Completed
6850,Team-oriented bandwidth-monitored hardware,2,Remarketing,154715,2026-02-08,2026-03-14,Completed
6851,Organic eco-centric support,4,Brand Awareness,215605,2026-01-01,2026-01-19,Paused
6852,Cross-platform tertiary definition,2,Product Launch,260604,2026-04-21,2026-09-12,Completed
6853,Mandatory explicit knowledgebase,5,Product Launch,369140,2025-09-25,2025-10-05,Completed
6854,Vision-oriented intangible moderator,3,Lead Generation,356728,2025-12-04,2025-12-24,Active
6855,Monitored user-facing synergy,1,Remarketing,173601,2024-12-25,2025-04-08,Paused
6856,Progressive attitude-oriented info-mediaries,4,Sales,480221,2025-08-25,2026-06-07,Paused
6857,Reverse-engineered motivating capacity,5,Lead Generation,77280,2025-07-10,2026-01-21,Active
6858,Secured eco-centric approach,3,Product Launch,232983,2025-05-23,2025-11-20,Active
6859,Realigned high-level matrices,2,Product Launch,402912,2024-12-17,2026-06-09,Active
6860,Expanded grid-enabled matrix,3,Product Launch,386806,2025-03-07,2025-10-29,Completed
6861,Cross-platform multi-state data-warehouse,5,Remarketing,492335,2026-04-06,2026-07-10,Paused
6862,Ergonomic attitude-oriented projection,3,Sales,190011,2025-05-02,2026-01-08,Completed
6863,Enhanced multi-tasking ability,1,Product Launch,80283,2026-01-06,2026-02-08,Completed
6864,Streamlined encompassing initiative,2,Product Launch,472744,2025-03-09,2025-12-16,Paused
6865,Decentralized hybrid instruction set,1,Lead Generation,433873,2024-12-19,2025-10-11,Active
6866,Seamless exuding software,1,Product Launch,483406,2024-11-04,2025-01-24,Paused
6867,Diverse context-sensitive workforce,2,Sales,137675,2025-03-05,2026-03-25,Active
6868,Self-enabling contextually-based concept,5,Sales,369159,2025-03-16,2025-12-26,Paused
6869,Diverse responsive capacity,5,Sales,220909,2026-06-01,2026-06-07,Completed
6870,Programmable regional open system,1,Sales,32856,2025-02-25,2025-04-09,Paused
6871,Function-based logistical focus group,4,Lead Generation,422646,2024-09-17,2025-12-26,Active
6872,Up-sized solution-oriented encoding,5,Lead Generation,424211,2025-01-26,2025-11-29,Completed
6873,Customizable methodical standardization,2,Product Launch,377733,2026-03-26,2026-03-28,Completed
6874,Intuitive interactive definition,3,Brand Awareness,75273,2024-11-28,2025-11-13,Completed
6875,Down-sized full-range hierarchy,3,Remarketing,235108,2025-02-22,2025-08-16,Completed
6876,Adaptive optimizing time-frame,2,Lead Generation,452416,2024-12-26,2025-10-31,Active
6877,Operative bifurcated projection,5,Lead Generation,492276,2026-01-14,2026-01-24,Completed
6878,Decentralized fault-tolerant infrastructure,4,Brand Awareness,399931,2026-04-07,2026-04-24,Active
6879,Pre-emptive scalable complexity,5,Sales,429675,2024-11-20,2026-06-07,Active
6880,Networked disintermediate model,1,Product Launch,243658,2025-01-07,2025-03-22,Active
6881,Monitored dynamic ability,4,Lead Generation,107097,2025-05-26,2026-09-02,Completed
6882,Persevering modular methodology,1,Remarketing,454703,2025-08-23,2025-08-23,Completed
6883,Diverse impactful customer loyalty,4,Product Launch,50863,2026-03-26,2026-07-06,Completed
6884,Phased contextually-based migration,2,Product Launch,196288,2025-06-22,2026-02-11,Paused
6885,Synergistic global focus group,4,Brand Awareness,71202,2024-09-23,2025-01-02,Active
6886,Integrated exuding knowledge user,2,Brand Awareness,348572,2026-01-25,2026-10-04,Active
6887,Diverse full-range challenge,5,Product Launch,499815,2024-10-03,2025-05-05,Completed
6888,Down-sized local open architecture,1,Brand Awareness,58127,2025-12-22,2026-08-08,Active
6889,Mandatory multi-state interface,3,Lead Generation,116691,2026-02-15,2026-04-02,Active
6890,Inverse 24hour capability,5,Brand Awareness,242859,2026-03-18,2026-08-08,Paused
6891,Team-oriented zero tolerance capacity,2,Remarketing,98178,2026-05-03,2026-07-21,Paused
6892,Front-line motivating task-force,1,Product Launch,69507,2024-11-07,2025-07-15,Paused
6893,Phased background application,5,Product Launch,27413,2026-04-03,2026-04-03,Paused
6894,Enhanced fault-tolerant knowledgebase,1,Sales,323730,2024-09-20,2025-04-13,Paused
6895,Fundamental zero-defect synergy,4,Brand Awareness,334887,2026-06-20,2026-06-26,Paused
6896,User-centric web-enabled Graphical User Interface,4,Remarketing,173685,2024-10-06,2026-01-27,Paused
6897,Streamlined neutral orchestration,5,Brand Awareness,354333,2024-10-22,2026-06-23,Paused
6898,Organic dynamic framework,5,Sales,206764,2024-08-10,2024-12-01,Paused
6899,Focused responsive help-desk,5,Product Launch,412430,2024-12-03,2025-09-23,Paused
6900,Innovative didactic implementation,3,Lead Generation,141320,2026-06-01,2026-06-28,Paused
6901,Profit-focused high-level orchestration,1,Brand Awareness,486462,2025-06-16,2026-01-25,Paused
6902,Vision-oriented coherent firmware,1,Brand Awareness,396769,2025-04-19,2026-10-03,Completed
6903,Configurable didactic forecast,5,Product Launch,319402,2024-09-12,2025-08-12,Active
6904,Fundamental actuating productivity,1,Product Launch,14432,2025-11-28,2026-06-13,Completed
6905,Triple-buffered intangible superstructure,5,Remarketing,379125,2025-09-07,2025-09-15,Active
6906,Self-enabling tertiary emulation,4,Remarketing,450586,2025-11-30,2026-07-16,Paused
6907,Compatible user-facing adapter,1,Brand Awareness,31633,2025-08-20,2026-08-29,Completed
6908,Compatible 3rdgeneration groupware,5,Remarketing,196914,2026-01-07,2026-05-01,Completed
6909,Seamless client-server orchestration,1,Sales,141274,2025-08-27,2026-08-16,Completed
6910,Versatile fault-tolerant installation,5,Brand Awareness,29264,2024-10-29,2026-04-23,Completed
6911,Horizontal radical policy,3,Product Launch,416203,2024-09-01,2025-12-19,Active
6912,Programmable responsive hardware,2,Brand Awareness,352864,2026-01-05,2026-05-25,Active
6913,Implemented homogeneous access,3,Lead Generation,19435,2026-02-15,2026-03-10,Paused
6914,Realigned even-keeled adapter,4,Lead Generation,69674,2026-05-30,2026-07-06,Paused
6915,Right-sized interactive capacity,4,Brand Awareness,86744,2024-12-04,2025-01-30,Completed
6916,Managed user-facing process improvement,5,Brand Awareness,347070,2025-06-09,2026-07-06,Paused
6917,Future-proofed bifurcated artificial intelligence,4,Product Launch,372937,2026-04-06,2026-05-03,Active
6918,Secured user-facing service-desk,1,Lead Generation,367135,2025-08-23,2026-02-02,Active
6919,Enterprise-wide composite access,5,Lead Generation,300884,2024-11-24,2026-01-02,Paused
6920,Enhanced clear-thinking process improvement,4,Lead Generation,280885,2024-12-24,2026-10-03,Completed
6921,Visionary static architecture,4,Lead Generation,172200,2024-12-02,2025-09-23,Paused
6922,Pre-emptive asymmetric workforce,3,Remarketing,173270,2024-09-12,2024-09-26,Paused
6923,Secured exuding ability,1,Sales,497612,2026-06-17,2026-08-25,Paused
6924,Expanded contextually-based interface,2,Product Launch,265065,2025-11-11,2026-10-03,Completed
6925,Persistent systematic neural-net,2,Product Launch,151632,2024-09-13,2025-04-02,Completed
6926,Front-line context-sensitive capacity,5,Product Launch,128192,2025-05-12,2025-10-09,Completed
6927,Right-sized discrete alliance,1,Product Launch,317154,2024-11-01,2025-04-13,Completed
6928,Persistent disintermediate instruction set,5,Sales,152350,2025-10-17,2026-02-01,Completed
6929,Proactive client-driven productivity,4,Remarketing,310757,2025-09-12,2026-05-08,Completed
6930,Seamless local success,1,Sales,338177,2025-06-18,2025-09-29,Paused
6931,Right-sized bifurcated orchestration,4,Lead Generation,354964,2025-01-22,2025-05-28,Active
6932,Business-focused transitional conglomeration,1,Brand Awareness,471753,2026-01-26,2026-06-23,Completed
6933,Triple-buffered high-level collaboration,4,Product Launch,356615,2024-07-17,2025-01-04,Paused
6934,Object-based 4thgeneration project,4,Brand Awareness,108076,2026-03-28,2026-05-15,Paused
6935,Re-engineered asynchronous hardware,2,Brand Awareness,408624,2025-05-20,2025-07-27,Active
6936,Persevering mission-critical intranet,5,Remarketing,422030,2026-03-04,2026-03-30,Completed
6937,Customer-focused multimedia groupware,3,Brand Awareness,496627,2026-04-21,2026-06-01,Completed
6938,Reverse-engineered cohesive data-warehouse,2,Sales,492623,2025-06-04,2026-05-03,Active
6939,Balanced asymmetric hub,3,Remarketing,482264,2025-07-26,2025-08-11,Active
6940,Streamlined 24/7 alliance,3,Brand Awareness,60174,2024-12-03,2025-11-24,Active
6941,Quality-focused logistical utilization,5,Sales,438747,2024-09-06,2026-04-04,Active
6942,Customer-focused cohesive ability,5,Product Launch,215734,2024-09-28,2025-09-26,Completed
6943,Enhanced even-keeled instruction set,4,Sales,340715,2024-12-19,2025-12-02,Paused
6944,Profit-focused fault-tolerant help-desk,2,Sales,129448,2025-06-11,2025-10-21,Paused
6945,Open-source tertiary ability,4,Product Launch,29157,2024-12-19,2025-09-13,Completed
6946,User-centric mission-critical framework,1,Sales,102833,2025-11-25,2025-12-26,Paused
6947,Optimized mobile architecture,5,Remarketing,235843,2025-03-02,2026-01-25,Completed
6948,Organic disintermediate superstructure,5,Product Launch,161986,2026-05-21,2026-10-09,Paused
6949,Customizable empowering challenge,3,Remarketing,482717,2025-03-19,2025-06-02,Paused
6950,Down-sized homogeneous challenge,2,Product Launch,114648,2024-07-30,2026-08-02,Paused
6951,Monitored context-sensitive complexity,1,Product Launch,400647,2024-11-11,2025-04-07,Completed
6952,Digitized modular frame,5,Lead Generation,498454,2025-08-25,2026-03-09,Paused
6953,Grass-roots mobile function,1,Sales,312593,2025-09-15,2026-05-07,Active
6954,Decentralized clear-thinking algorithm,3,Lead Generation,397361,2025-08-19,2026-01-31,Paused
6955,Future-proofed object-oriented functionalities,3,Remarketing,353395,2025-09-09,2026-06-07,Completed
6956,Self-enabling zero administration infrastructure,4,Remarketing,238396,2025-03-08,2026-04-16,Paused
6957,Robust client-driven productivity,4,Brand Awareness,136331,2025-09-05,2026-10-02,Active
6958,Re-engineered web-enabled database,2,Product Launch,422578,2025-09-21,2026-09-02,Active
6959,Enterprise-wide discrete workforce,5,Product Launch,88701,2025-03-16,2026-10-02,Paused
6960,Multi-channeled interactive function,1,Brand Awareness,170492,2025-05-13,2026-01-14,Active
6961,Progressive demand-driven matrix,4,Product Launch,87538,2026-01-13,2026-04-19,Active
6962,Open-architected contextually-based Local Area Network,3,Sales,244520,2025-08-11,2026-04-22,Paused
6963,Re-contextualized multi-state superstructure,2,Product Launch,464581,2025-12-05,2026-08-15,Paused
6964,Stand-alone object-oriented emulation,4,Brand Awareness,360628,2024-12-25,2026-06-27,Paused
6965,Proactive asynchronous info-mediaries,3,Brand Awareness,478053,2026-06-08,2026-10-05,Completed
6966,Devolved transitional neural-net,1,Sales,327241,2024-08-21,2026-05-17,Paused
6967,Visionary optimizing adapter,5,Product Launch,70892,2024-09-02,2026-05-18,Paused
6968,Phased 5thgeneration core,3,Remarketing,478151,2025-08-21,2026-09-12,Active
6969,Managed asymmetric architecture,1,Product Launch,91436,2025-12-03,2026-02-03,Paused
6970,Horizontal logistical product,5,Lead Generation,426539,2026-02-22,2026-03-13,Active
6971,Customizable value-added product,2,Product Launch,441352,2025-03-07,2026-02-16,Completed
6972,Centralized client-driven parallelism,4,Sales,17098,2025-08-29,2026-06-24,Paused
6973,Future-proofed grid-enabled software,1,Remarketing,210575,2026-03-28,2026-10-01,Completed
6974,Advanced analyzing Internet solution,5,Product Launch,394366,2026-02-21,2026-07-27,Completed
6975,Synergistic 24/7 toolset,5,Brand Awareness,469171,2025-03-13,2026-08-18,Active
6976,Reverse-engineered human-resource installation,5,Sales,79992,2025-06-30,2026-04-27,Completed
6977,Multi-lateral optimizing initiative,4,Product Launch,57954,2024-09-04,2026-02-04,Completed
6978,Multi-channeled client-driven contingency,3,Sales,275600,2026-04-20,2026-04-24,Active
6979,Re-engineered local emulation,5,Lead Generation,493288,2025-01-05,2025-10-28,Paused
6980,Persistent fresh-thinking Graphic Interface,1,Lead Generation,318809,2025-05-17,2025-12-24,Paused
6981,Networked systemic task-force,3,Product Launch,33858,2024-08-16,2025-12-21,Paused
6982,Optional static emulation,3,Remarketing,143418,2025-11-19,2026-10-13,Paused
6983,Operative modular array,4,Product Launch,334170,2025-03-06,2026-06-20,Paused
6984,Secured motivating database,2,Brand Awareness,55732,2026-05-27,2026-08-03,Completed
6985,Adaptive logistical productivity,5,Remarketing,369741,2025-03-07,2025-11-23,Completed
6986,Persevering global array,1,Brand Awareness,326683,2025-05-22,2025-07-30,Paused
6987,User-centric user-facing superstructure,3,Product Launch,347703,2026-03-30,2026-05-27,Paused
6988,Implemented maximized utilization,3,Lead Generation,459042,2024-12-07,2024-12-25,Paused
6989,Object-based object-oriented focus group,3,Brand Awareness,179825,2025-06-23,2026-03-20,Paused
6990,Cross-platform actuating strategy,3,Product Launch,30093,2024-11-16,2025-06-26,Active
6991,Integrated scalable help-desk,2,Sales,322651,2025-10-16,2026-10-09,Paused
6992,Devolved reciprocal pricing structure,4,Lead Generation,236419,2024-08-17,2025-11-23,Paused
6993,Monitored 3rdgeneration budgetary management,2,Product Launch,137834,2026-01-15,2026-08-13,Active
6994,Object-based mission-critical synergy,1,Remarketing,296499,2024-09-28,2026-09-16,Active
6995,Synergistic global portal,1,Lead Generation,161316,2025-07-16,2026-05-26,Active
6996,Monitored systematic adapter,5,Remarketing,489383,2024-11-28,2026-02-07,Completed
6997,Enterprise-wide dynamic moderator,5,Sales,343553,2024-11-11,2025-10-01,Active
6998,Multi-layered well-modulated leverage,3,Lead Generation,331347,2024-11-24,2026-06-11,Completed
6999,Networked incremental migration,4,Sales,170736,2024-08-02,2026-03-19,Completed
7000,Reactive transitional pricing structure,5,Lead Generation,195313,2025-11-10,2026-02-19,Active
7001,Open-architected grid-enabled strategy,1,Lead Generation,477346,2024-11-05,2025-11-18,Active
7002,Assimilated optimizing Graphic Interface,3,Remarketing,487830,2024-11-15,2025-05-08,Paused
7003,Assimilated client-server moratorium,2,Lead Generation,204127,2024-08-08,2025-09-15,Paused
7004,Horizontal maximized forecast,5,Brand Awareness,305947,2025-02-11,2026-04-25,Completed
7005,Upgradable grid-enabled software,1,Lead Generation,219425,2025-12-13,2026-03-06,Completed
7006,Secured clear-thinking budgetary management,4,Brand Awareness,66735,2025-05-12,2026-05-30,Active
7007,User-centric radical customer loyalty,1,Product Launch,387665,2025-08-13,2026-02-26,Completed
7008,Multi-layered real-time instruction set,5,Sales,445354,2025-11-11,2025-12-09,Active
7009,Advanced high-level focus group,1,Remarketing,64060,2026-04-27,2026-06-04,Paused
7010,Realigned multi-tasking utilization,4,Remarketing,36261,2026-03-04,2026-07-16,Active
7011,Decentralized secondary portal,1,Lead Generation,45306,2024-07-29,2025-11-08,Active
7012,Synergized coherent collaboration,4,Brand Awareness,247346,2026-06-20,2026-09-01,Completed
7013,Operative solution-oriented concept,4,Sales,363257,2025-05-15,2025-12-29,Active
7014,Exclusive local circuit,3,Remarketing,209094,2025-11-02,2026-09-25,Paused
7015,Adaptive multi-state matrices,3,Lead Generation,448405,2024-08-13,2026-01-19,Paused
7016,Organic 5thgeneration utilization,1,Brand Awareness,335431,2026-03-23,2026-05-13,Completed
7017,User-centric cohesive open architecture,5,Remarketing,320846,2025-07-13,2026-05-16,Completed
7018,Automated local customer loyalty,5,Lead Generation,147225,2024-10-11,2025-03-02,Completed
7019,Pre-emptive mobile data-warehouse,2,Lead Generation,86451,2026-05-02,2026-05-13,Active
7020,Diverse needs-based core,5,Remarketing,82650,2025-02-16,2026-07-29,Active
7021,Vision-oriented national intranet,5,Lead Generation,296812,2025-08-08,2026-06-30,Completed
7022,Self-enabling logistical Internet solution,1,Product Launch,112973,2025-03-31,2026-02-28,Active
7023,Advanced national contingency,3,Brand Awareness,198175,2025-03-21,2026-04-01,Paused
7024,Streamlined responsive hierarchy,4,Lead Generation,24609,2025-02-24,2025-07-18,Paused
7025,Optimized analyzing Local Area Network,5,Brand Awareness,421700,2024-09-14,2025-07-23,Completed
7026,Progressive regional knowledge user,3,Sales,436391,2024-12-10,2026-05-03,Paused
7027,Balanced explicit monitoring,2,Sales,174856,2025-11-13,2025-12-20,Paused
7028,Assimilated directional throughput,2,Sales,490693,2024-11-25,2025-09-06,Paused
7029,Assimilated discrete encoding,5,Remarketing,333813,2025-10-31,2025-11-16,Active
7030,Re-contextualized secondary open system,2,Lead Generation,367123,2025-03-01,2026-05-22,Active
7031,Diverse transitional secured line,2,Remarketing,339943,2024-10-24,2026-08-11,Paused
7032,Polarized dedicated intranet,3,Remarketing,346940,2025-06-11,2026-06-26,Completed
7033,Sharable client-server time-frame,2,Lead Generation,154838,2025-08-26,2026-02-08,Paused
7034,Automated leadingedge conglomeration,2,Remarketing,157688,2025-07-30,2026-02-08,Paused
7035,Face-to-face mission-critical initiative,2,Product Launch,498759,2025-02-22,2025-10-19,Completed
7036,Optional bottom-line superstructure,2,Product Launch,235290,2025-12-12,2026-09-05,Completed
7037,User-centric interactive success,1,Product Launch,173612,2025-06-16,2026-07-29,Active
7038,Team-oriented high-level customer loyalty,2,Remarketing,385829,2025-04-15,2026-03-30,Paused
7039,Re-engineered tertiary collaboration,1,Lead Generation,17030,2026-04-08,2026-06-21,Paused
7040,Optimized intermediate architecture,2,Sales,128810,2026-07-07,2026-08-06,Paused
7041,Intuitive maximized collaboration,5,Brand Awareness,479833,2025-11-12,2026-09-04,Active
7042,Streamlined upward-trending structure,2,Remarketing,441499,2026-05-18,2026-07-31,Paused
7043,Exclusive real-time open system,5,Brand Awareness,248355,2026-07-09,2026-08-05,Paused
7044,Future-proofed 5thgeneration Internet solution,1,Remarketing,85201,2026-01-06,2026-06-29,Active
7045,Team-oriented object-oriented capability,3,Product Launch,107812,2026-03-22,2026-06-30,Completed
7046,Integrated methodical middleware,4,Product Launch,493815,2024-11-06,2025-02-24,Completed
7047,Multi-layered optimizing infrastructure,3,Lead Generation,484096,2026-03-09,2026-09-29,Active
7048,Ameliorated well-modulated policy,3,Lead Generation,63927,2025-08-20,2026-02-17,Active
7049,Future-proofed radical functionalities,2,Product Launch,24305,2025-04-15,2025-05-28,Paused
7050,Devolved encompassing workforce,1,Remarketing,412806,2024-07-20,2025-12-28,Active
7051,Multi-layered attitude-oriented initiative,5,Remarketing,458525,2024-09-17,2024-12-05,Active
7052,Secured fresh-thinking forecast,5,Sales,33547,2025-11-25,2025-12-28,Active
7053,Operative secondary application,3,Remarketing,159744,2025-03-25,2026-08-23,Completed
7054,Switchable dynamic forecast,4,Product Launch,80415,2025-05-11,2025-09-30,Completed
7055,Enhanced foreground collaboration,4,Sales,481286,2025-10-26,2026-06-17,Paused
7056,Configurable clear-thinking Graphical User Interface,5,Brand Awareness,55222,2026-06-15,2026-08-24,Paused
7057,User-friendly 24hour concept,2,Brand Awareness,67409,2025-04-29,2025-05-01,Active
7058,Visionary interactive hub,1,Remarketing,429066,2026-01-03,2026-03-30,Paused
7059,Front-line radical moderator,4,Brand Awareness,484082,2024-10-06,2026-06-27,Paused
7060,Self-enabling multi-tasking firmware,5,Product Launch,491013,2025-03-22,2026-05-26,Paused
7061,Business-focused 24/7 migration,1,Lead Generation,476291,2025-01-15,2026-05-08,Active
7062,Phased user-facing array,4,Sales,439276,2026-06-02,2026-08-09,Completed
7063,Synergized system-worthy migration,5,Brand Awareness,140553,2025-08-19,2026-09-16,Completed
7064,Face-to-face impactful matrix,2,Sales,378259,2026-05-11,2026-09-15,Active
7065,Balanced bandwidth-monitored artificial intelligence,4,Remarketing,487084,2025-04-05,2025-11-05,Completed
7066,Triple-buffered systemic monitoring,3,Brand Awareness,315152,2026-01-23,2026-08-26,Completed
7067,Configurable needs-based parallelism,4,Sales,365347,2026-07-07,2026-09-17,Paused
7068,Total mobile approach,3,Sales,256357,2024-08-13,2024-10-21,Completed
7069,Automated even-keeled application,3,Sales,281169,2025-11-25,2026-09-19,Completed
7070,Organized logistical help-desk,4,Sales,403814,2025-05-10,2025-08-11,Completed
7071,Synergized national initiative,4,Lead Generation,33684,2026-02-03,2026-04-20,Paused
7072,Assimilated attitude-oriented ability,2,Brand Awareness,459852,2026-01-29,2026-08-17,Paused
7073,Realigned explicit task-force,4,Product Launch,313972,2026-04-13,2026-06-27,Paused
7074,Switchable coherent knowledge user,5,Brand Awareness,72129,2024-08-21,2026-09-11,Completed
7075,Synergistic multi-tasking flexibility,3,Sales,412396,2025-11-11,2026-05-24,Paused
7076,Total neutral moderator,5,Remarketing,296537,2024-10-24,2024-11-08,Completed
7077,Reverse-engineered bifurcated ability,3,Sales,381597,2026-04-14,2026-08-01,Paused
7078,Monitored encompassing policy,4,Brand Awareness,365988,2025-01-07,2026-05-12,Active
7079,Ameliorated neutral software,3,Brand Awareness,277447,2024-09-09,2025-09-01,Paused
7080,Self-enabling disintermediate array,1,Product Launch,432192,2025-09-23,2026-05-12,Completed
7081,Synergistic multi-tasking workforce,3,Lead Generation,382758,2025-06-11,2026-09-27,Completed
7082,Function-based tertiary model,5,Sales,29674,2026-04-16,2026-08-15,Paused
7083,Cross-platform bifurcated middleware,1,Sales,143423,2025-11-13,2026-04-10,Active
7084,Persistent dynamic matrices,2,Sales,256282,2026-01-12,2026-07-15,Completed
7085,Assimilated bi-directional moderator,3,Sales,276058,2024-12-02,2025-06-19,Paused
7086,Triple-buffered non-volatile hierarchy,3,Lead Generation,361723,2026-02-18,2026-03-24,Completed
7087,Centralized systematic groupware,4,Remarketing,372993,2026-04-10,2026-08-26,Active
7088,Innovative leadingedge circuit,1,Brand Awareness,219659,2026-01-18,2026-10-01,Completed
7089,Synergized bottom-line installation,2,Sales,98474,2025-07-01,2026-07-18,Active
7090,Secured hybrid implementation,5,Brand Awareness,81905,2025-05-16,2025-10-19,Completed
7091,Expanded optimizing strategy,4,Sales,76545,2024-10-02,2025-11-16,Completed
7092,Phased well-modulated Graphical User Interface,5,Remarketing,143605,2024-10-13,2024-10-20,Active
7093,Organic user-facing model,1,Brand Awareness,387005,2025-10-02,2026-09-21,Active
7094,Cross-platform incremental standardization,1,Remarketing,493159,2025-06-10,2025-10-22,Active
7095,Exclusive system-worthy hierarchy,2,Remarketing,476968,2026-03-22,2026-09-17,Active
7096,Devolved coherent architecture,2,Product Launch,399598,2025-04-21,2026-09-29,Paused
7097,Switchable holistic model,3,Product Launch,356314,2025-09-14,2025-10-03,Paused
7098,Persevering 6thgeneration groupware,4,Sales,438214,2024-12-03,2026-04-18,Paused
7099,Innovative local complexity,1,Remarketing,167007,2025-01-14,2025-02-04,Completed
7100,Persevering regional adapter,4,Lead Generation,38726,2025-08-24,2025-10-23,Completed
7101,Face-to-face dedicated strategy,4,Remarketing,77165,2025-06-10,2025-09-05,Paused
7102,Team-oriented analyzing process improvement,2,Product Launch,286947,2025-01-19,2025-07-17,Paused
7103,Diverse fault-tolerant help-desk,4,Remarketing,155316,2025-08-09,2025-11-10,Completed
7104,Function-based optimizing synergy,2,Sales,216562,2024-09-27,2024-10-07,Completed
7105,Optimized motivating intranet,4,Product Launch,187054,2026-03-31,2026-04-21,Paused
7106,Reverse-engineered hybrid budgetary management,3,Lead Generation,367230,2025-09-05,2026-08-20,Completed
7107,Multi-layered responsive info-mediaries,2,Remarketing,183277,2025-11-24,2026-10-08,Active
7108,Open-architected impactful budgetary management,4,Sales,157603,2024-09-22,2026-07-30,Active
7109,Realigned client-driven secured line,2,Lead Generation,394622,2024-09-24,2024-11-09,Paused
7110,Networked hybrid adapter,4,Brand Awareness,371684,2025-12-01,2026-05-21,Completed
7111,Seamless optimizing functionalities,1,Product Launch,288969,2024-11-19,2025-02-08,Paused
7112,Advanced 4thgeneration benchmark,3,Lead Generation,157503,2025-10-04,2026-07-17,Completed
7113,Polarized context-sensitive matrices,4,Product Launch,380410,2026-02-18,2026-05-27,Completed
7114,Multi-layered client-server software,1,Sales,428436,2025-09-13,2025-11-19,Completed
7115,Diverse encompassing model,5,Product Launch,433516,2024-08-18,2025-06-05,Active
7116,Distributed reciprocal algorithm,4,Remarketing,45963,2025-02-16,2026-05-31,Completed
7117,Enterprise-wide incremental conglomeration,5,Remarketing,164896,2026-04-12,2026-09-15,Completed
7118,Expanded explicit time-frame,4,Sales,303720,2026-05-14,2026-09-29,Paused
7119,Ameliorated even-keeled leverage,3,Sales,212002,2025-11-03,2026-05-24,Paused
7120,Balanced system-worthy solution,4,Product Launch,115441,2024-11-11,2025-11-21,Active
7121,De-engineered responsive knowledge user,1,Sales,86359,2025-08-01,2026-02-18,Active
7122,Team-oriented demand-driven toolset,5,Remarketing,485827,2025-10-21,2026-07-07,Paused
7123,Devolved content-based success,5,Product Launch,434512,2026-05-18,2026-06-26,Paused
7124,Advanced even-keeled solution,4,Brand Awareness,27243,2025-10-28,2026-04-30,Paused
7125,Focused bifurcated flexibility,1,Sales,71446,2026-03-21,2026-06-25,Active
7126,Devolved empowering flexibility,2,Remarketing,140287,2026-03-10,2026-09-05,Active
7127,Extended dynamic definition,3,Brand Awareness,294804,2024-07-23,2025-01-13,Active
7128,Ameliorated non-volatile product,3,Product Launch,226816,2026-01-12,2026-06-02,Active
7129,Grass-roots encompassing application,4,Lead Generation,485645,2025-01-25,2026-08-31,Completed
7130,Cloned holistic infrastructure,4,Sales,464442,2025-05-20,2025-07-20,Completed
7131,Managed discrete matrices,5,Sales,419535,2025-08-15,2026-09-18,Active
7132,Profound mission-critical system engine,4,Brand Awareness,475578,2025-03-26,2025-08-23,Active
7133,Configurable intermediate monitoring,4,Product Launch,84505,2026-03-02,2026-09-19,Completed
7134,Reactive needs-based structure,1,Lead Generation,443160,2026-04-24,2026-05-25,Active
7135,Seamless upward-trending focus group,4,Product Launch,142057,2024-10-29,2026-06-17,Paused
7136,Vision-oriented zero tolerance installation,1,Remarketing,461636,2024-08-16,2026-06-03,Paused
7137,Business-focused radical capability,4,Sales,150423,2024-12-29,2025-09-22,Paused
7138,Front-line optimizing array,1,Remarketing,434061,2024-12-08,2025-03-04,Completed
7139,Ergonomic uniform hardware,3,Product Launch,179339,2024-09-16,2026-07-07,Active
7140,Stand-alone executive capacity,1,Product Launch,367412,2025-03-02,2026-08-16,Completed
7141,Innovative 24hour circuit,2,Sales,269424,2024-08-03,2026-05-16,Paused
7142,Enhanced encompassing product,2,Sales,461913,2025-10-17,2026-08-27,Active
7143,Front-line even-keeled pricing structure,4,Brand Awareness,324837,2025-11-12,2025-11-23,Completed
7144,Open-architected optimal concept,4,Brand Awareness,159531,2026-05-28,2026-10-01,Active
7145,Enhanced dedicated solution,3,Lead Generation,483905,2025-04-27,2026-03-19,Active
7146,User-centric client-server paradigm,1,Remarketing,275343,2024-08-11,2025-03-07,Paused
7147,Reactive directional support,1,Sales,122736,2025-11-18,2026-06-02,Paused
7148,Seamless client-driven process improvement,3,Sales,321665,2024-08-28,2026-09-12,Paused
7149,Re-engineered foreground conglomeration,1,Remarketing,36317,2025-04-07,2026-01-09,Completed
7150,Cross-platform fault-tolerant system engine,4,Brand Awareness,160905,2026-06-08,2026-09-28,Completed
7151,Re-contextualized content-based portal,3,Sales,492494,2025-11-13,2026-07-24,Paused
7152,Multi-lateral fault-tolerant software,5,Remarketing,294395,2026-06-30,2026-09-03,Completed
7153,Quality-focused well-modulated analyzer,1,Lead Generation,155785,2025-11-10,2025-12-17,Completed
7154,Cross-platform well-modulated definition,2,Product Launch,483265,2026-01-06,2026-01-14,Completed
7155,Re-contextualized systemic interface,5,Remarketing,474539,2025-12-01,2026-04-05,Paused
7156,Optimized attitude-oriented analyzer,5,Sales,119709,2026-04-03,2026-08-05,Paused
7157,Streamlined asynchronous matrix,3,Remarketing,251323,2024-12-10,2025-08-31,Paused
7158,User-centric system-worthy synergy,4,Sales,395146,2025-06-11,2026-09-13,Active
7159,Up-sized composite Graphic Interface,2,Lead Generation,341456,2026-06-07,2026-09-04,Completed
7160,Re-contextualized dedicated superstructure,5,Product Launch,142855,2025-08-19,2026-09-26,Active
7161,Persistent eco-centric contingency,2,Product Launch,42157,2025-12-22,2026-10-14,Completed
7162,Business-focused zero tolerance neural-net,3,Brand Awareness,231103,2025-01-22,2025-04-06,Completed
7163,Enterprise-wide bi-directional hub,1,Product Launch,401302,2026-01-05,2026-04-03,Active
7164,Cloned grid-enabled parallelism,4,Sales,238886,2024-07-17,2025-09-27,Paused
7165,Cloned upward-trending policy,2,Lead Generation,155227,2025-05-09,2025-11-14,Active
7166,Right-sized foreground paradigm,2,Lead Generation,37663,2025-04-08,2025-11-25,Paused
7167,Mandatory contextually-based success,2,Sales,145299,2025-07-17,2025-10-12,Paused
7168,Progressive intermediate moderator,4,Brand Awareness,495502,2025-07-17,2026-05-18,Paused
7169,Reactive didactic portal,1,Sales,326579,2025-02-04,2025-12-05,Paused
7170,Optimized stable framework,4,Sales,109189,2024-07-18,2025-12-08,Paused
7171,Devolved actuating moderator,1,Product Launch,296758,2025-07-08,2026-07-20,Active
7172,Synchronized clear-thinking projection,4,Lead Generation,94510,2025-06-26,2025-12-01,Paused
7173,Universal web-enabled matrix,1,Lead Generation,223081,2024-11-26,2025-03-31,Paused
7174,Up-sized coherent help-desk,4,Product Launch,101382,2026-07-16,2026-09-13,Paused
7175,Triple-buffered mission-critical extranet,5,Sales,213012,2024-09-29,2025-01-31,Active
7176,Inverse exuding attitude,1,Lead Generation,360695,2025-06-18,2026-05-20,Active
7177,Re-engineered tertiary function,1,Lead Generation,44087,2025-06-25,2025-11-25,Active
7178,Inverse static secured line,5,Sales,229404,2024-07-30,2025-07-17,Paused
7179,Triple-buffered radical methodology,4,Lead Generation,269036,2026-06-20,2026-10-10,Active
7180,Optimized transitional model,3,Remarketing,450007,2025-08-14,2026-09-12,Paused
7181,Pre-emptive next generation system engine,5,Remarketing,24082,2025-10-14,2026-09-06,Active
7182,Ergonomic user-facing intranet,4,Sales,143953,2024-10-27,2025-03-19,Paused
7183,Organized high-level strategy,2,Brand Awareness,237844,2026-06-18,2026-06-19,Active
7184,Multi-tiered system-worthy contingency,1,Brand Awareness,482521,2026-04-14,2026-06-11,Active
7185,Focused tertiary open architecture,5,Product Launch,65653,2026-05-09,2026-08-27,Active
7186,Up-sized homogeneous pricing structure,1,Lead Generation,266893,2025-09-02,2026-02-02,Paused
7187,Reactive demand-driven framework,2,Lead Generation,344115,2025-05-31,2026-03-24,Paused
7188,Reactive multi-state ability,5,Remarketing,242259,2025-05-22,2026-01-02,Paused
7189,Mandatory intangible knowledgebase,2,Lead Generation,53196,2025-08-09,2025-12-15,Active
7190,Exclusive radical support,2,Brand Awareness,29845,2025-03-07,2026-02-28,Active
7191,Future-proofed intermediate framework,1,Lead Generation,284032,2025-11-02,2026-01-08,Paused
7192,Object-based responsive forecast,2,Lead Generation,338048,2024-11-30,2025-09-26,Active
7193,Versatile zero tolerance Graphic Interface,2,Sales,390804,2025-10-18,2026-04-12,Active
7194,Compatible fault-tolerant benchmark,1,Remarketing,241695,2024-11-14,2025-04-29,Paused
7195,Down-sized non-volatile protocol,4,Lead Generation,208556,2024-12-28,2026-08-06,Paused
7196,Centralized exuding orchestration,5,Remarketing,32780,2025-03-11,2025-11-22,Completed
7197,Expanded exuding interface,5,Product Launch,276921,2025-10-25,2026-07-04,Active
7198,Pre-emptive heuristic firmware,2,Product Launch,56524,2024-08-10,2024-12-19,Completed
7199,Advanced fresh-thinking middleware,5,Sales,19698,2026-05-27,2026-06-04,Completed
7200,Focused dedicated emulation,2,Remarketing,182437,2025-06-29,2026-02-15,Completed
7201,Focused zero tolerance service-desk,1,Brand Awareness,69131,2026-01-13,2026-02-05,Active
7202,Phased context-sensitive flexibility,3,Remarketing,437076,2026-06-26,2026-10-07,Active
7203,Front-line background database,3,Product Launch,109418,2025-02-09,2025-12-31,Completed
7204,Organic dynamic adapter,2,Brand Awareness,150522,2025-11-28,2026-10-07,Completed
7205,Multi-tiered analyzing archive,3,Remarketing,390982,2025-01-03,2026-02-19,Paused
7206,Function-based non-volatile moderator,3,Remarketing,234253,2025-04-02,2026-07-16,Active
7207,Synchronized context-sensitive Local Area Network,1,Brand Awareness,373453,2025-09-19,2025-10-26,Completed
7208,Profound asymmetric architecture,2,Brand Awareness,236616,2025-06-28,2026-03-08,Completed
7209,Total upward-trending throughput,1,Lead Generation,401333,2024-11-23,2025-01-08,Completed
7210,Horizontal homogeneous neural-net,3,Product Launch,333809,2024-11-25,2026-04-10,Completed
7211,Integrated actuating superstructure,3,Brand Awareness,242164,2025-12-27,2026-01-26,Active
7212,Team-oriented needs-based contingency,4,Sales,266847,2025-07-02,2025-12-15,Completed
7213,Proactive human-resource neural-net,5,Product Launch,397579,2025-03-21,2026-09-26,Active
7214,User-centric client-server firmware,5,Product Launch,301167,2026-01-23,2026-04-06,Paused
7215,Enhanced fresh-thinking matrix,1,Remarketing,304871,2024-12-03,2025-06-21,Active
7216,Team-oriented well-modulated functionalities,1,Remarketing,395294,2025-01-22,2026-02-23,Active
7217,Focused holistic challenge,2,Brand Awareness,422712,2025-03-14,2026-02-07,Active
7218,Virtual well-modulated complexity,1,Lead Generation,409291,2026-02-23,2026-03-16,Completed
7219,Innovative bi-directional implementation,4,Lead Generation,156120,2025-01-01,2026-10-07,Paused
7220,Networked static flexibility,2,Lead Generation,159113,2026-03-05,2026-06-26,Paused
7221,Extended radical solution,2,Lead Generation,28945,2026-03-23,2026-07-19,Completed
7222,Virtual discrete implementation,5,Brand Awareness,257101,2025-07-29,2025-12-06,Active
7223,Advanced background migration,2,Lead Generation,129561,2025-01-23,2026-08-08,Paused
7224,Business-focused next generation core,2,Product Launch,32172,2024-08-18,2024-12-26,Paused
7225,Public-key next generation monitoring,1,Product Launch,417626,2025-02-18,2025-04-01,Active
7226,Grass-roots attitude-oriented protocol,1,Brand Awareness,329027,2025-02-09,2026-04-14,Paused
7227,Down-sized mobile Graphical User Interface,4,Brand Awareness,432415,2025-01-03,2026-10-14,Paused
7228,Integrated next generation solution,3,Lead Generation,490929,2026-07-10,2026-08-16,Completed
7229,Horizontal explicit database,3,Brand Awareness,260694,2025-12-05,2026-07-18,Paused
7230,Right-sized homogeneous infrastructure,2,Lead Generation,151757,2026-06-29,2026-10-11,Active
7231,Upgradable actuating secured line,3,Sales,408980,2025-07-20,2026-04-08,Completed
7232,Triple-buffered zero administration parallelism,4,Product Launch,31338,2025-01-12,2025-09-28,Active
7233,Ameliorated radical open system,4,Lead Generation,289608,2024-09-01,2026-02-01,Completed
7234,Realigned modular attitude,2,Product Launch,321821,2025-11-28,2025-12-26,Paused
7235,Stand-alone grid-enabled parallelism,2,Sales,83711,2025-03-04,2025-11-20,Paused
7236,Profit-focused multi-tasking budgetary management,3,Product Launch,89029,2025-07-20,2025-10-19,Active
7237,Re-contextualized object-oriented orchestration,2,Remarketing,181171,2024-09-02,2025-05-25,Completed
7238,Streamlined solution-oriented portal,1,Brand Awareness,131987,2026-02-06,2026-10-10,Active
7239,De-engineered multi-tasking Internet solution,3,Product Launch,14565,2025-07-04,2026-03-09,Paused
7240,Devolved exuding leverage,3,Brand Awareness,487313,2026-01-27,2026-05-12,Completed
7241,Sharable multimedia benchmark,5,Lead Generation,400747,2025-10-24,2026-07-04,Completed
7242,Reactive discrete instruction set,3,Product Launch,181339,2024-09-12,2025-04-26,Completed
7243,Multi-lateral tertiary circuit,4,Lead Generation,113064,2025-08-11,2025-12-05,Completed
7244,Grass-roots didactic matrices,2,Product Launch,377927,2024-09-07,2026-06-01,Active
7245,Enhanced non-volatile success,2,Product Launch,119056,2025-12-30,2026-04-09,Completed
7246,Reverse-engineered zero administration focus group,3,Product Launch,117010,2024-12-29,2026-04-30,Completed
7247,Face-to-face web-enabled collaboration,5,Product Launch,489862,2025-03-08,2026-06-02,Paused
7248,Centralized explicit middleware,3,Brand Awareness,170184,2026-02-07,2026-09-21,Completed
7249,Implemented contextually-based open architecture,3,Sales,108949,2025-01-11,2026-01-20,Paused
7250,Devolved directional matrix,2,Lead Generation,447986,2025-08-28,2026-10-07,Active
7251,Extended client-driven service-desk,4,Lead Generation,454507,2024-08-03,2026-09-23,Completed
7252,Innovative composite capability,1,Sales,320111,2025-04-29,2025-08-05,Paused
7253,Automated reciprocal Graphical User Interface,4,Product Launch,90961,2025-11-04,2025-11-10,Active
7254,Multi-layered systemic throughput,1,Remarketing,430677,2025-12-04,2026-03-17,Paused
7255,Fully-configurable disintermediate emulation,1,Remarketing,108794,2026-07-04,2026-08-02,Completed
7256,Universal bottom-line hardware,4,Product Launch,15011,2025-12-15,2026-06-24,Completed
7257,Operative zero administration orchestration,4,Product Launch,439181,2025-02-27,2025-11-06,Completed
7258,Implemented cohesive alliance,2,Lead Generation,64240,2026-05-05,2026-05-06,Completed
7259,Public-key 4thgeneration customer loyalty,1,Lead Generation,156547,2025-12-02,2026-04-23,Completed
7260,Object-based 4thgeneration encryption,2,Lead Generation,216612,2025-02-19,2026-07-28,Active
7261,Synergistic dedicated function,2,Brand Awareness,39328,2025-12-11,2026-08-26,Active
7262,Open-architected non-volatile collaboration,4,Remarketing,59462,2025-08-23,2026-01-17,Paused
7263,Operative multi-state encryption,4,Brand Awareness,298705,2025-05-01,2026-08-21,Completed
7264,Right-sized scalable hardware,4,Remarketing,353023,2025-10-12,2026-06-18,Active
7265,User-friendly mission-critical Graphic Interface,4,Remarketing,157885,2025-10-13,2026-07-16,Paused
7266,Right-sized dynamic contingency,3,Sales,135613,2025-01-23,2026-03-13,Completed
7267,Multi-tiered disintermediate moderator,3,Sales,224534,2025-05-14,2025-07-09,Paused
7268,Assimilated multi-state circuit,1,Remarketing,23136,2025-11-21,2026-08-01,Paused
7269,User-friendly user-facing workforce,2,Brand Awareness,30859,2025-09-01,2026-09-09,Completed
7270,Persistent leadingedge help-desk,1,Brand Awareness,474523,2025-12-31,2026-06-30,Paused
7271,Multi-layered maximized conglomeration,1,Remarketing,145846,2025-05-16,2026-07-20,Paused
7272,Phased asynchronous array,3,Sales,188451,2025-03-30,2026-07-28,Active
7273,Distributed contextually-based website,2,Lead Generation,433620,2025-10-11,2026-04-27,Completed
7274,Reverse-engineered real-time migration,3,Product Launch,76637,2026-02-15,2026-08-23,Completed
7275,User-centric systemic knowledgebase,3,Remarketing,487711,2025-09-08,2026-09-04,Completed
7276,Self-enabling non-volatile capacity,1,Lead Generation,249488,2025-11-08,2026-04-26,Active
7277,Polarized bi-directional extranet,4,Sales,44466,2025-09-27,2026-06-08,Active
7278,Operative local challenge,1,Sales,33369,2025-04-29,2026-04-27,Paused
7279,Distributed motivating system engine,2,Lead Generation,251846,2025-03-26,2026-07-24,Active
7280,Innovative secondary complexity,4,Sales,270190,2025-03-09,2026-08-29,Paused
7281,Virtual mobile Local Area Network,5,Remarketing,287641,2025-07-24,2026-05-23,Paused
7282,Re-engineered transitional pricing structure,2,Product Launch,467792,2026-06-26,2026-08-09,Active
7283,Polarized systematic complexity,3,Brand Awareness,10792,2025-06-21,2026-10-12,Active
7284,Ameliorated demand-driven portal,4,Product Launch,256668,2025-08-17,2026-09-30,Active
7285,Intuitive fault-tolerant collaboration,5,Sales,64119,2025-08-21,2026-05-03,Completed
7286,Visionary clear-thinking challenge,2,Remarketing,279230,2025-05-03,2026-05-22,Paused
7287,Multi-channeled tangible focus group,4,Lead Generation,235556,2025-11-12,2026-05-26,Paused
7288,Operative directional ability,4,Product Launch,116916,2024-09-13,2026-05-17,Active
7289,Organized upward-trending time-frame,5,Product Launch,314772,2025-03-26,2026-07-30,Completed
7290,Vision-oriented 4thgeneration service-desk,4,Lead Generation,251486,2024-09-07,2025-02-05,Active
7291,Team-oriented exuding portal,4,Lead Generation,113478,2025-01-13,2025-04-04,Paused
7292,Team-oriented 3rdgeneration orchestration,3,Lead Generation,113861,2026-04-18,2026-08-28,Active
7293,Fundamental multi-tasking function,3,Sales,336172,2025-04-12,2026-08-02,Paused
7294,Fully-configurable needs-based contingency,5,Remarketing,473496,2025-03-16,2025-07-05,Paused
7295,Profit-focused 3rdgeneration challenge,5,Lead Generation,114794,2024-08-15,2025-07-09,Paused
7296,Universal even-keeled attitude,2,Sales,68298,2025-12-04,2025-12-22,Completed
7297,Mandatory interactive projection,3,Sales,482912,2024-11-09,2026-03-11,Paused
7298,User-centric bottom-line Internet solution,2,Remarketing,151094,2025-02-14,2025-04-22,Active
7299,Extended 5thgeneration customer loyalty,1,Product Launch,199162,2026-03-06,2026-07-24,Active
7300,Enhanced scalable infrastructure,2,Brand Awareness,232686,2025-03-12,2026-07-06,Completed
7301,Secured empowering portal,5,Lead Generation,263610,2026-04-13,2026-08-31,Paused
7302,Enterprise-wide bandwidth-monitored artificial intelligence,4,Brand Awareness,25502,2024-08-06,2025-10-09,Paused
7303,Phased systematic standardization,5,Sales,70164,2024-07-28,2026-04-16,Completed
7304,Upgradable multimedia methodology,2,Remarketing,154364,2024-07-18,2026-09-29,Active
7305,Versatile encompassing productivity,3,Lead Generation,55373,2025-09-07,2026-05-22,Completed
7306,Multi-lateral needs-based architecture,5,Lead Generation,99298,2024-08-30,2026-01-04,Paused
7307,Synergistic background budgetary management,4,Product Launch,103372,2025-10-30,2026-03-20,Completed
7308,Team-oriented needs-based standardization,2,Sales,138727,2025-02-07,2025-07-23,Paused
7309,Front-line local portal,4,Remarketing,44141,2025-09-17,2026-06-09,Completed
7310,Optimized static service-desk,4,Remarketing,377962,2025-04-06,2026-01-16,Active
7311,Persistent needs-based definition,4,Brand Awareness,455347,2025-07-13,2025-11-19,Completed
7312,Function-based dynamic Graphic Interface,5,Lead Generation,289132,2026-05-16,2026-06-27,Completed
7313,Virtual optimizing service-desk,3,Sales,452075,2026-04-15,2026-07-12,Paused
7314,Virtual maximized process improvement,4,Product Launch,366010,2025-04-21,2026-05-21,Completed
7315,Ergonomic content-based moderator,4,Remarketing,146805,2026-04-01,2026-06-07,Active
7316,Ameliorated bandwidth-monitored throughput,5,Lead Generation,116307,2026-07-03,2026-09-18,Paused
7317,Grass-roots bandwidth-monitored orchestration,1,Remarketing,420450,2025-11-16,2026-01-13,Active
7318,Enterprise-wide bandwidth-monitored approach,5,Product Launch,351439,2025-03-15,2025-04-15,Completed
7319,Team-oriented grid-enabled database,3,Lead Generation,373972,2025-12-31,2026-02-22,Paused
7320,User-friendly modular strategy,1,Product Launch,340323,2025-04-24,2026-04-28,Completed
7321,Multi-channeled demand-driven moderator,1,Lead Generation,14218,2026-07-09,2026-10-11,Completed
7322,Phased 4thgeneration extranet,1,Lead Generation,144682,2025-10-09,2026-03-06,Paused
7323,Synergistic multi-state toolset,4,Brand Awareness,385250,2025-07-07,2026-09-01,Paused
7324,Operative intermediate moratorium,2,Sales,12578,2026-03-31,2026-06-28,Paused
7325,Down-sized eco-centric database,3,Product Launch,286773,2025-04-06,2025-05-28,Active
7326,Fundamental dedicated knowledgebase,4,Remarketing,225702,2024-12-24,2025-03-10,Active
7327,Balanced homogeneous throughput,2,Remarketing,328062,2026-03-14,2026-08-23,Completed
7328,Universal system-worthy complexity,1,Product Launch,376895,2025-08-21,2025-10-01,Paused
7329,Customizable uniform application,3,Sales,138384,2024-08-03,2025-05-13,Active
7330,De-engineered composite moderator,5,Lead Generation,22939,2025-11-25,2025-12-11,Paused
7331,Advanced mobile open system,4,Sales,322502,2026-03-26,2026-06-27,Paused
7332,Optional encompassing matrix,5,Sales,487991,2025-12-15,2026-10-07,Completed
7333,Adaptive bottom-line alliance,1,Product Launch,196519,2026-07-12,2026-08-24,Paused
7334,Pre-emptive content-based product,2,Product Launch,91351,2025-12-29,2026-01-02,Paused
7335,Cloned secondary strategy,2,Remarketing,120312,2024-08-02,2025-05-28,Paused
7336,Exclusive mission-critical capability,3,Lead Generation,99065,2025-11-08,2025-11-14,Active
7337,User-friendly full-range Graphical User Interface,1,Brand Awareness,96484,2025-10-14,2026-10-01,Active
7338,Monitored systematic frame,1,Sales,379954,2025-12-02,2026-05-25,Completed
7339,Re-contextualized transitional software,5,Sales,69652,2026-05-12,2026-07-07,Paused
7340,Extended zero tolerance firmware,1,Lead Generation,115740,2024-11-09,2025-05-22,Active
7341,Centralized stable budgetary management,2,Remarketing,186328,2025-02-20,2025-09-16,Active
7342,Exclusive eco-centric function,1,Sales,150928,2026-01-12,2026-06-02,Active
7343,Monitored foreground portal,5,Sales,111193,2025-11-07,2026-10-06,Active
7344,Centralized discrete implementation,5,Brand Awareness,118670,2025-02-14,2026-02-07,Completed
7345,Face-to-face full-range system engine,4,Lead Generation,321095,2025-08-22,2025-12-26,Paused
7346,Team-oriented grid-enabled hardware,3,Remarketing,318836,2024-11-03,2025-01-17,Paused
7347,Optimized national strategy,2,Lead Generation,42150,2025-09-24,2026-07-26,Active
7348,Digitized zero administration structure,3,Sales,29494,2026-03-17,2026-05-06,Completed
7349,Expanded systemic collaboration,3,Sales,115506,2025-11-09,2026-02-18,Completed
7350,Public-key dynamic concept,3,Sales,375300,2026-02-24,2026-03-23,Active
7351,Decentralized radical artificial intelligence,5,Product Launch,61962,2024-11-11,2026-04-21,Completed
7352,Enterprise-wide 24/7 flexibility,5,Lead Generation,75455,2025-05-16,2025-11-18,Completed
7353,Extended incremental pricing structure,5,Brand Awareness,490789,2025-07-22,2026-05-28,Active
7354,Decentralized optimal definition,3,Sales,357561,2025-10-02,2026-02-03,Active
7355,Synergistic multimedia projection,2,Lead Generation,335433,2026-03-12,2026-10-07,Paused
7356,Vision-oriented scalable interface,4,Product Launch,429818,2025-07-18,2025-10-19,Active
7357,Fundamental static archive,3,Brand Awareness,186804,2026-03-17,2026-09-17,Active
7358,Compatible tangible hierarchy,5,Sales,95786,2024-11-28,2025-07-17,Paused
7359,Fundamental asynchronous protocol,3,Brand Awareness,60196,2026-01-23,2026-04-20,Active
7360,Quality-focused solution-oriented support,3,Remarketing,416475,2024-10-09,2026-06-03,Completed
7361,Multi-lateral dynamic access,3,Remarketing,39779,2024-12-02,2026-09-29,Paused
7362,Streamlined foreground capability,5,Sales,266400,2025-08-22,2026-07-09,Paused
7363,Diverse coherent intranet,1,Lead Generation,445238,2026-02-26,2026-06-27,Active
7364,Synchronized global ability,4,Remarketing,56720,2025-07-09,2025-12-29,Active
7365,Focused eco-centric implementation,5,Remarketing,250963,2025-11-30,2026-08-04,Completed
7366,Grass-roots 3rdgeneration intranet,4,Lead Generation,147486,2026-06-10,2026-06-30,Completed
7367,Multi-lateral value-added frame,3,Sales,331235,2025-09-24,2026-08-19,Active
7368,Quality-focused fresh-thinking emulation,5,Sales,261873,2025-12-24,2026-08-15,Completed
7369,Optional object-oriented implementation,5,Remarketing,160948,2024-07-22,2025-09-01,Active
7370,Organized composite groupware,5,Lead Generation,272416,2025-09-03,2025-09-24,Active
7371,Mandatory intangible process improvement,5,Brand Awareness,47396,2026-02-16,2026-05-08,Completed
7372,Customer-focused systemic paradigm,3,Brand Awareness,225553,2025-06-27,2025-12-23,Active
7373,Inverse coherent task-force,1,Remarketing,410441,2025-07-17,2026-03-30,Paused
7374,Quality-focused uniform paradigm,4,Sales,312655,2026-04-10,2026-08-16,Paused
7375,Function-based object-oriented frame,5,Remarketing,231082,2026-02-22,2026-09-24,Completed
7376,Organized maximized concept,5,Lead Generation,318201,2025-06-05,2025-09-19,Paused
7377,Cross-group local paradigm,4,Brand Awareness,76704,2024-10-05,2026-05-31,Paused
7378,Reduced intermediate leverage,4,Lead Generation,301708,2024-10-26,2025-11-29,Active
7379,Re-engineered holistic solution,1,Lead Generation,54876,2026-05-10,2026-07-17,Active
7380,Synergistic encompassing application,5,Sales,126815,2025-11-03,2026-07-11,Completed
7381,Multi-layered asymmetric complexity,1,Product Launch,487883,2026-03-27,2026-09-23,Active
7382,Reactive mission-critical strategy,4,Lead Generation,155912,2026-04-03,2026-09-17,Active
7383,Switchable national contingency,4,Remarketing,335934,2026-06-13,2026-09-17,Completed
7384,Persevering background firmware,3,Product Launch,223772,2024-08-27,2025-02-02,Paused
7385,Switchable value-added strategy,2,Remarketing,266442,2025-06-16,2025-07-08,Completed
7386,Advanced 24/7 task-force,2,Lead Generation,222319,2024-10-28,2025-03-29,Active
7387,Profound uniform parallelism,5,Sales,221634,2025-11-15,2026-01-24,Paused
7388,Front-line bifurcated open architecture,1,Product Launch,27457,2026-04-11,2026-09-18,Completed
7389,Future-proofed full-range encoding,2,Remarketing,440156,2026-02-09,2026-07-26,Active
7390,Re-engineered zero tolerance instruction set,2,Product Launch,269098,2024-09-21,2025-11-29,Active
7391,Multi-lateral 4thgeneration productivity,2,Product Launch,230679,2026-04-30,2026-06-11,Paused
7392,Up-sized dedicated secured line,4,Product Launch,283823,2026-06-17,2026-08-11,Completed
7393,Organized bifurcated capability,1,Product Launch,211868,2025-08-18,2026-03-14,Active
7394,Cross-group tangible Graphic Interface,1,Sales,178464,2026-02-25,2026-03-28,Active
7395,Total 5thgeneration ability,2,Sales,249516,2024-07-24,2025-08-02,Completed
7396,Expanded zero administration focus group,4,Lead Generation,340776,2025-09-01,2025-09-24,Active
7397,Sharable human-resource approach,1,Sales,269284,2025-09-01,2025-09-04,Paused
7398,Profit-focused mission-critical initiative,5,Lead Generation,475243,2025-11-29,2026-03-31,Paused
7399,Diverse executive project,4,Sales,26407,2024-10-13,2025-07-16,Active
7400,Future-proofed logistical definition,4,Sales,219996,2025-05-29,2025-10-06,Paused
7401,Sharable encompassing application,2,Product Launch,33402,2024-09-06,2026-04-10,Completed
7402,Centralized optimizing firmware,2,Lead Generation,232771,2025-03-12,2025-07-18,Completed
7403,Extended local frame,3,Lead Generation,338877,2025-07-01,2026-09-29,Active
7404,Function-based fresh-thinking knowledge user,3,Product Launch,341820,2025-02-25,2025-12-15,Completed
7405,Optional reciprocal hub,5,Remarketing,322561,2025-07-22,2025-12-27,Active
7406,Assimilated solution-oriented encryption,3,Product Launch,224543,2026-04-21,2026-07-08,Active
7407,Universal radical application,5,Sales,90420,2025-03-14,2026-03-14,Completed
7408,Robust needs-based software,2,Remarketing,227056,2025-03-16,2025-03-18,Paused
7409,Fully-configurable system-worthy frame,3,Product Launch,10750,2026-06-30,2026-07-26,Active
7410,Re-engineered stable paradigm,1,Lead Generation,384159,2024-09-28,2025-07-26,Completed
7411,Adaptive high-level implementation,5,Remarketing,298645,2024-08-24,2026-06-22,Active
7412,Face-to-face optimal website,2,Sales,340911,2026-01-18,2026-04-17,Active
7413,Adaptive tertiary extranet,3,Brand Awareness,279756,2025-10-22,2026-10-11,Paused
7414,Universal systematic contingency,2,Remarketing,159495,2026-04-05,2026-04-16,Active
7415,Robust executive success,5,Lead Generation,58351,2026-04-11,2026-09-17,Active
7416,Cloned interactive implementation,2,Lead Generation,19967,2025-08-28,2025-12-27,Completed
7417,Face-to-face homogeneous encryption,1,Brand Awareness,123573,2026-04-22,2026-06-02,Active
7418,Future-proofed actuating system engine,4,Remarketing,343962,2025-06-27,2026-08-14,Active
7419,Secured 3rdgeneration implementation,1,Sales,116516,2024-07-22,2025-01-05,Completed
7420,Decentralized 24hour structure,5,Product Launch,456479,2026-03-08,2026-05-17,Paused
7421,Open-source incremental array,3,Lead Generation,72926,2026-06-21,2026-09-10,Paused
7422,Advanced local hub,3,Brand Awareness,219963,2024-07-17,2025-02-04,Paused
7423,Programmable uniform website,2,Remarketing,179660,2026-05-04,2026-06-12,Paused
7424,Programmable context-sensitive neural-net,4,Sales,132648,2025-07-20,2025-08-01,Paused
7425,Triple-buffered bi-directional synergy,2,Remarketing,315796,2025-05-20,2026-04-06,Paused
7426,Realigned 5thgeneration standardization,2,Sales,115451,2024-11-18,2025-08-09,Completed
7427,Fundamental local implementation,1,Remarketing,42521,2025-05-18,2025-07-17,Active
7428,Pre-emptive upward-trending access,5,Brand Awareness,300663,2026-06-17,2026-07-01,Completed
7429,Open-source non-volatile matrices,1,Lead Generation,316521,2024-12-21,2025-08-26,Completed
7430,Enhanced bottom-line hierarchy,3,Sales,138607,2025-10-31,2026-07-29,Active
7431,Customizable optimizing capability,1,Remarketing,319765,2025-04-29,2026-04-09,Completed
7432,Phased demand-driven migration,5,Lead Generation,343204,2024-12-15,2025-09-24,Completed
7433,Persevering static time-frame,3,Lead Generation,334573,2025-09-24,2025-09-29,Active
7434,Decentralized modular artificial intelligence,3,Lead Generation,334174,2025-01-14,2025-10-11,Active
7435,Multi-tiered tertiary alliance,5,Remarketing,65210,2026-01-09,2026-06-09,Completed
7436,Realigned exuding conglomeration,1,Product Launch,248078,2025-11-07,2026-05-30,Completed
7437,Profit-focused intermediate emulation,3,Brand Awareness,373611,2026-06-12,2026-06-25,Paused
7438,Ergonomic discrete artificial intelligence,2,Brand Awareness,290157,2024-10-01,2026-01-31,Active
7439,Synchronized explicit functionalities,2,Lead Generation,447141,2024-10-21,2026-04-21,Paused
7440,Proactive exuding collaboration,3,Lead Generation,331977,2024-12-21,2025-07-27,Completed
7441,Switchable transitional parallelism,1,Sales,11969,2026-04-23,2026-07-24,Completed
7442,Re-contextualized incremental algorithm,1,Remarketing,405808,2024-10-05,2024-10-10,Completed
7443,Reactive mobile capacity,4,Brand Awareness,190521,2025-06-27,2025-07-19,Paused
7444,Re-contextualized 4thgeneration solution,1,Brand Awareness,201328,2025-08-21,2026-02-09,Paused
7445,Self-enabling systematic project,2,Sales,29679,2026-05-18,2026-09-26,Active
7446,Realigned leadingedge framework,1,Brand Awareness,419135,2025-10-28,2026-05-24,Completed
7447,Expanded directional pricing structure,3,Remarketing,174412,2025-01-24,2026-09-28,Paused
7448,Innovative user-facing superstructure,1,Sales,344758,2025-10-31,2026-06-05,Paused
7449,Multi-channeled heuristic adapter,1,Brand Awareness,275834,2025-07-03,2025-10-17,Completed
7450,Centralized grid-enabled data-warehouse,2,Product Launch,42577,2026-05-05,2026-09-05,Active
7451,Stand-alone needs-based knowledge user,3,Remarketing,244145,2024-10-14,2026-08-19,Paused
7452,Multi-lateral 6thgeneration middleware,4,Lead Generation,427957,2024-09-16,2026-07-28,Active
7453,Virtual client-driven focus group,4,Brand Awareness,223111,2026-03-08,2026-08-14,Completed
7454,Self-enabling regional core,3,Lead Generation,43568,2024-07-23,2026-08-26,Paused
7455,Focused scalable synergy,2,Remarketing,198223,2025-02-20,2025-05-15,Active
7456,Open-source encompassing knowledgebase,1,Lead Generation,487539,2025-07-23,2026-10-05,Completed
7457,Self-enabling global info-mediaries,5,Sales,57371,2026-06-27,2026-08-02,Completed
7458,Centralized modular support,2,Sales,497234,2025-06-25,2026-04-29,Completed
7459,Devolved client-server encoding,3,Product Launch,343658,2026-07-16,2026-07-30,Completed
7460,Intuitive dynamic migration,2,Sales,33334,2025-03-15,2025-06-13,Paused
7461,Persistent maximized orchestration,2,Product Launch,292755,2025-02-11,2025-12-09,Paused
7462,Devolved regional toolset,2,Brand Awareness,438996,2024-09-02,2025-08-23,Active
7463,Quality-focused fault-tolerant archive,4,Product Launch,365668,2024-10-10,2025-09-09,Completed
7464,Horizontal bottom-line knowledge user,3,Brand Awareness,342897,2026-02-23,2026-09-11,Completed
7465,Diverse non-volatile database,2,Remarketing,252143,2025-03-16,2025-08-10,Active
7466,Innovative systematic help-desk,2,Brand Awareness,449161,2024-12-03,2025-03-07,Paused
7467,Phased human-resource emulation,2,Lead Generation,291603,2026-01-14,2026-07-17,Paused
7468,Triple-buffered context-sensitive groupware,2,Brand Awareness,460155,2025-04-12,2026-06-30,Active
7469,Universal multi-tasking budgetary management,4,Product Launch,247155,2026-01-13,2026-05-30,Active
7470,Profit-focused motivating standardization,4,Product Launch,144180,2025-07-27,2026-09-30,Completed
7471,Extended clear-thinking approach,4,Remarketing,171060,2026-02-27,2026-03-18,Paused
7472,Configurable background core,2,Sales,266182,2026-05-23,2026-09-12,Paused
7473,Extended bifurcated complexity,2,Remarketing,426304,2026-06-24,2026-09-18,Completed
7474,Configurable stable help-desk,1,Lead Generation,497275,2025-08-31,2026-01-24,Active
7475,Persevering zero-defect leverage,4,Lead Generation,179507,2026-02-09,2026-07-07,Completed
7476,Operative national complexity,4,Brand Awareness,492140,2025-06-03,2025-11-06,Active
7477,Fully-configurable didactic info-mediaries,4,Sales,193772,2024-09-15,2026-08-31,Completed
7478,Innovative context-sensitive synergy,4,Sales,201241,2025-09-21,2026-09-17,Active
7479,Multi-layered next generation Graphic Interface,5,Remarketing,351796,2026-06-03,2026-06-10,Completed
7480,Assimilated even-keeled throughput,2,Product Launch,474496,2025-07-07,2026-08-29,Completed
7481,Front-line hybrid Internet solution,2,Brand Awareness,404927,2024-12-14,2026-08-08,Paused
7482,Distributed well-modulated extranet,1,Brand Awareness,291969,2025-03-01,2026-02-02,Active
7483,Advanced global challenge,3,Sales,25441,2024-10-23,2025-05-30,Paused
7484,Distributed homogeneous ability,2,Product Launch,246059,2024-12-05,2025-05-24,Completed
7485,Inverse bi-directional emulation,1,Sales,44148,2025-08-21,2026-09-03,Completed
7486,Focused logistical encoding,5,Lead Generation,121765,2026-02-19,2026-09-11,Completed
7487,Polarized systemic support,1,Remarketing,10709,2025-09-04,2025-09-26,Completed
7488,Re-contextualized human-resource Graphic Interface,1,Remarketing,41923,2025-12-16,2025-12-26,Paused
7489,Quality-focused radical methodology,2,Product Launch,323193,2026-03-26,2026-04-28,Completed
7490,Reduced contextually-based secured line,2,Product Launch,69104,2026-07-16,2026-08-11,Paused
7491,Balanced uniform data-warehouse,1,Brand Awareness,332052,2024-10-26,2025-09-12,Completed
7492,Universal coherent utilization,5,Product Launch,41573,2026-05-19,2026-07-23,Completed
7493,Automated homogeneous pricing structure,3,Brand Awareness,345397,2025-03-10,2026-05-24,Paused
7494,Pre-emptive coherent core,1,Lead Generation,360864,2025-07-06,2026-09-05,Completed
7495,Diverse contextually-based toolset,1,Brand Awareness,57497,2024-07-29,2026-05-23,Completed
7496,Versatile object-oriented collaboration,2,Sales,406250,2024-09-23,2024-12-07,Active
7497,Visionary incremental framework,3,Lead Generation,214360,2024-08-19,2026-05-16,Active
7498,Sharable zero administration Graphic Interface,2,Lead Generation,391740,2024-11-22,2025-04-11,Paused
7499,Object-based full-range knowledge user,4,Product Launch,456689,2024-11-28,2026-02-12,Active
7500,Synergistic heuristic throughput,5,Remarketing,147249,2025-03-05,2026-02-20,Paused
7501,User-centric zero administration success,2,Brand Awareness,405889,2026-05-25,2026-05-29,Active
7502,Multi-layered 4thgeneration firmware,2,Lead Generation,407835,2026-05-02,2026-07-04,Paused
7503,Persevering bandwidth-monitored software,1,Lead Generation,247803,2025-04-01,2026-01-11,Active
7504,Organized leadingedge budgetary management,2,Brand Awareness,362622,2026-06-06,2026-10-08,Completed
7505,Realigned scalable algorithm,3,Remarketing,30077,2026-01-22,2026-07-15,Completed
7506,Multi-channeled client-server success,5,Brand Awareness,261856,2024-07-24,2025-03-28,Active
7507,Integrated tertiary pricing structure,5,Sales,230660,2026-07-07,2026-07-11,Paused
7508,Re-contextualized fresh-thinking secured line,3,Sales,138990,2024-11-14,2024-12-19,Paused
7509,Multi-tiered bandwidth-monitored protocol,5,Lead Generation,239987,2026-05-24,2026-06-03,Completed
7510,Reverse-engineered explicit paradigm,1,Remarketing,169479,2025-12-03,2026-01-24,Paused
7511,Reactive neutral infrastructure,5,Sales,14099,2025-01-07,2026-07-10,Paused
7512,Organic high-level complexity,3,Sales,123106,2025-02-20,2025-10-15,Active
7513,Organized systemic array,3,Brand Awareness,345324,2025-09-29,2026-04-01,Completed
7514,Extended systematic contingency,3,Brand Awareness,311483,2025-06-04,2025-06-05,Active
7515,Profound analyzing open architecture,4,Remarketing,397219,2025-12-21,2026-02-01,Active
7516,Balanced well-modulated open system,5,Remarketing,242292,2025-03-17,2025-04-13,Paused
7517,Quality-focused foreground encryption,3,Brand Awareness,380655,2026-02-24,2026-10-01,Active
7518,Reverse-engineered multi-tasking time-frame,3,Remarketing,246439,2026-03-07,2026-06-20,Active
7519,Reactive dynamic orchestration,1,Sales,202254,2025-01-13,2026-02-13,Active
7520,Innovative uniform standardization,3,Sales,89911,2026-03-04,2026-03-09,Paused
7521,Seamless system-worthy adapter,3,Product Launch,265290,2025-07-09,2026-05-28,Paused
7522,Realigned optimal matrix,1,Remarketing,151951,2025-06-17,2025-07-28,Paused
7523,Streamlined discrete strategy,5,Product Launch,447142,2025-11-15,2026-03-04,Completed
7524,Optimized homogeneous superstructure,3,Lead Generation,10208,2024-11-30,2025-12-26,Completed
7525,Organic local capacity,3,Product Launch,279017,2025-03-12,2025-08-29,Completed
7526,Face-to-face foreground throughput,1,Lead Generation,45330,2026-01-29,2026-07-13,Paused
7527,Assimilated zero tolerance budgetary management,1,Remarketing,498421,2026-05-05,2026-08-07,Completed
7528,Assimilated neutral infrastructure,1,Brand Awareness,440800,2025-08-15,2026-01-02,Paused
7529,Assimilated multi-tasking extranet,3,Product Launch,495570,2025-10-26,2026-09-18,Completed
7530,Total optimal leverage,4,Brand Awareness,479214,2026-06-15,2026-07-23,Active
7531,Grass-roots needs-based model,3,Sales,194458,2025-08-03,2025-09-13,Paused
7532,Proactive mission-critical algorithm,4,Lead Generation,400144,2024-09-17,2026-07-10,Completed
7533,Extended tangible encoding,3,Sales,390232,2025-08-29,2025-12-21,Active
7534,Devolved client-server functionalities,4,Sales,162501,2024-11-26,2026-04-22,Paused
7535,Face-to-face impactful service-desk,1,Sales,132541,2025-12-17,2026-06-22,Completed
7536,Multi-layered heuristic moderator,1,Lead Generation,254713,2024-09-19,2025-01-29,Paused
7537,Networked explicit moratorium,2,Lead Generation,399692,2025-11-04,2026-08-29,Paused
7538,Open-source maximized product,4,Lead Generation,485213,2025-10-13,2025-11-01,Active
7539,Reactive multimedia support,2,Remarketing,440322,2025-12-11,2026-04-22,Paused
7540,Reactive eco-centric encryption,1,Sales,14530,2025-04-22,2026-08-10,Paused
7541,Ergonomic 4thgeneration data-warehouse,5,Product Launch,359822,2024-12-28,2026-09-11,Completed
7542,Proactive demand-driven support,2,Sales,286366,2026-02-26,2026-06-22,Active
7543,Monitored background functionalities,2,Brand Awareness,462512,2026-04-12,2026-06-25,Completed
7544,Open-source impactful structure,2,Brand Awareness,198790,2025-03-25,2025-07-13,Completed
7545,Enterprise-wide zero-defect moratorium,4,Brand Awareness,132038,2026-04-01,2026-06-22,Paused
7546,Fully-configurable next generation flexibility,1,Sales,138313,2024-12-10,2025-01-13,Paused
7547,Sharable regional attitude,4,Remarketing,306757,2025-04-28,2025-08-20,Paused
7548,Proactive responsive adapter,4,Remarketing,93573,2024-08-07,2026-03-22,Completed
7549,Diverse national policy,4,Product Launch,23483,2025-04-04,2026-10-07,Active
7550,Proactive 6thgeneration time-frame,2,Brand Awareness,349150,2025-08-20,2026-07-06,Active
7551,Re-engineered reciprocal initiative,4,Remarketing,473184,2024-10-20,2025-09-18,Completed
7552,Polarized bi-directional firmware,1,Brand Awareness,39110,2024-11-05,2026-08-04,Completed
7553,Cloned needs-based time-frame,4,Remarketing,39070,2026-01-27,2026-02-03,Paused
7554,Managed user-facing monitoring,4,Product Launch,368044,2025-05-17,2025-09-20,Completed
7555,Open-architected eco-centric benchmark,2,Product Launch,330370,2026-03-31,2026-05-26,Paused
7556,Devolved coherent utilization,2,Lead Generation,443621,2024-09-28,2024-11-11,Completed
7557,Stand-alone intermediate pricing structure,3,Product Launch,52223,2025-10-16,2026-10-12,Completed
7558,Open-architected user-facing attitude,2,Remarketing,320897,2026-01-25,2026-06-30,Active
7559,Grass-roots system-worthy leverage,5,Remarketing,301253,2025-07-24,2025-08-03,Completed
7560,Stand-alone heuristic hub,3,Product Launch,219668,2025-01-01,2025-03-03,Paused
7561,Proactive responsive circuit,5,Lead Generation,267544,2024-09-27,2025-03-14,Paused
7562,Organized 24hour pricing structure,2,Product Launch,85787,2025-05-08,2025-09-17,Completed
7563,Diverse tertiary database,4,Product Launch,376460,2025-09-29,2026-06-23,Active
7564,Grass-roots user-facing matrix,2,Lead Generation,132510,2025-06-02,2026-09-29,Paused
7565,Vision-oriented 6thgeneration workforce,1,Remarketing,197533,2025-08-28,2026-03-31,Completed
7566,Secured empowering utilization,3,Product Launch,311274,2026-03-12,2026-03-13,Completed
7567,Compatible multi-state extranet,4,Sales,470907,2025-02-09,2026-08-18,Paused
7568,Advanced reciprocal moderator,2,Product Launch,264082,2025-01-16,2025-10-06,Completed
7569,Team-oriented coherent emulation,3,Remarketing,399287,2026-06-06,2026-10-09,Paused
7570,Devolved neutral project,3,Lead Generation,217614,2025-10-03,2026-02-10,Completed
7571,Grass-roots 3rdgeneration contingency,1,Remarketing,314664,2026-04-24,2026-07-16,Completed
7572,Extended system-worthy strategy,1,Sales,403991,2024-08-19,2026-08-28,Active
7573,Organized foreground artificial intelligence,2,Product Launch,460482,2025-10-27,2026-03-28,Active
7574,Networked tertiary system engine,3,Product Launch,222597,2025-11-28,2026-01-17,Paused
7575,Right-sized client-driven encryption,3,Remarketing,178765,2025-05-27,2025-06-18,Active
7576,Organized next generation circuit,4,Remarketing,484387,2024-08-21,2025-10-08,Active
7577,Open-architected transitional matrix,2,Remarketing,108056,2025-07-29,2025-10-09,Paused
7578,Synergistic interactive database,3,Brand Awareness,464380,2026-02-13,2026-07-14,Completed
7579,Secured asynchronous groupware,1,Brand Awareness,195653,2026-06-06,2026-09-08,Active
7580,Grass-roots bandwidth-monitored strategy,4,Sales,490281,2025-11-03,2026-04-23,Completed
7581,Mandatory non-volatile functionalities,4,Brand Awareness,438289,2025-09-11,2026-06-30,Paused
7582,Phased eco-centric budgetary management,4,Remarketing,198412,2025-09-14,2026-08-05,Active
7583,Fully-configurable web-enabled application,3,Brand Awareness,360328,2025-10-19,2025-11-23,Paused
7584,Enterprise-wide eco-centric neural-net,5,Sales,439716,2025-02-07,2025-06-22,Active
7585,Multi-layered exuding hierarchy,2,Sales,113523,2025-11-12,2026-04-04,Completed
7586,Upgradable discrete capacity,4,Sales,309160,2026-05-27,2026-09-04,Paused
7587,Open-architected incremental hierarchy,3,Sales,208153,2025-07-16,2026-05-23,Active
7588,Cross-group methodical analyzer,4,Remarketing,186217,2024-12-20,2024-12-27,Active
7589,Exclusive real-time project,4,Remarketing,13310,2024-10-28,2024-11-05,Active
7590,User-centric context-sensitive structure,2,Product Launch,256564,2026-04-11,2026-04-13,Active
7591,Innovative transitional instruction set,4,Sales,354984,2026-04-17,2026-08-20,Completed
7592,Open-source asymmetric synergy,1,Lead Generation,366637,2025-03-19,2026-05-11,Active
7593,Operative 24/7 moderator,4,Lead Generation,423234,2025-07-26,2025-11-04,Completed
7594,Public-key methodical methodology,3,Sales,116290,2026-06-03,2026-06-24,Paused
7595,Optimized next generation parallelism,2,Product Launch,51273,2024-11-27,2025-04-08,Completed
7596,Cross-group demand-driven challenge,4,Brand Awareness,320556,2025-08-21,2026-01-26,Completed
7597,Optimized even-keeled archive,2,Remarketing,283767,2024-10-22,2026-07-05,Active
7598,Configurable multimedia architecture,1,Brand Awareness,441977,2025-02-09,2025-09-05,Paused
7599,Down-sized regional approach,4,Sales,382134,2024-08-06,2025-02-15,Completed
7600,Implemented composite open system,3,Brand Awareness,460786,2025-04-20,2026-08-08,Completed
7601,Public-key impactful installation,5,Lead Generation,439548,2026-01-05,2026-08-04,Completed
7602,Centralized directional array,5,Remarketing,491117,2026-02-05,2026-09-29,Active
7603,Total static orchestration,2,Brand Awareness,109325,2026-03-12,2026-04-09,Completed
7604,Advanced 4thgeneration info-mediaries,5,Brand Awareness,326758,2025-05-28,2025-10-09,Completed
7605,Fundamental multimedia Graphical User Interface,1,Product Launch,288184,2025-05-17,2026-02-12,Completed
7606,Virtual 5thgeneration analyzer,4,Sales,456839,2026-01-10,2026-09-28,Active
7607,Distributed demand-driven process improvement,1,Lead Generation,346639,2025-07-21,2026-04-27,Completed
7608,Secured solution-oriented system engine,5,Lead Generation,458998,2024-11-13,2025-01-30,Completed
7609,Optimized zero administration capability,3,Sales,440152,2026-01-22,2026-09-15,Active
7610,Reactive next generation Graphical User Interface,1,Product Launch,481173,2024-12-14,2025-10-29,Active
7611,Implemented tertiary groupware,1,Remarketing,27708,2026-02-02,2026-07-23,Completed
7612,Seamless user-facing capability,4,Product Launch,286973,2025-02-03,2025-03-01,Completed
7613,Upgradable analyzing conglomeration,1,Remarketing,133397,2024-12-09,2026-07-16,Paused
7614,Extended homogeneous knowledgebase,4,Remarketing,194617,2026-05-18,2026-09-23,Completed
7615,Sharable object-oriented hierarchy,3,Remarketing,291724,2026-03-03,2026-05-17,Paused
7616,Programmable mobile budgetary management,4,Brand Awareness,443147,2025-09-23,2026-07-09,Active
7617,Customizable context-sensitive approach,2,Lead Generation,343381,2026-02-04,2026-06-02,Completed
7618,Distributed multi-state project,3,Remarketing,107032,2026-02-06,2026-08-14,Paused
7619,Stand-alone high-level encryption,5,Lead Generation,224010,2024-10-23,2026-07-31,Paused
7620,Compatible radical productivity,3,Remarketing,207921,2025-03-30,2025-04-12,Active
7621,Customizable asynchronous alliance,2,Product Launch,49006,2025-11-02,2026-07-16,Active
7622,Robust real-time interface,1,Lead Generation,82815,2026-04-03,2026-06-06,Completed
7623,Universal demand-driven collaboration,5,Product Launch,419371,2025-07-12,2026-04-29,Active
7624,Re-contextualized zero tolerance adapter,4,Lead Generation,446448,2025-02-04,2026-07-18,Active
7625,Synergistic fresh-thinking array,4,Lead Generation,474546,2025-03-09,2025-05-02,Completed
7626,Cross-group system-worthy leverage,1,Lead Generation,376181,2025-01-23,2025-04-26,Paused
7627,Virtual needs-based synergy,1,Brand Awareness,73926,2025-08-24,2026-05-24,Active
7628,Robust full-range capability,3,Product Launch,264681,2025-04-26,2026-01-30,Active
7629,Focused bandwidth-monitored adapter,3,Sales,497504,2025-08-30,2026-02-08,Completed
7630,Vision-oriented interactive migration,2,Brand Awareness,315310,2024-09-11,2024-11-22,Active
7631,Compatible real-time solution,2,Remarketing,454761,2026-04-29,2026-07-06,Paused
7632,Ameliorated responsive groupware,3,Remarketing,88029,2026-01-12,2026-04-16,Active
7633,Sharable 24hour Graphic Interface,2,Sales,262552,2025-10-16,2026-04-30,Active
7634,Organic tangible matrix,2,Product Launch,78444,2025-11-04,2026-09-13,Completed
7635,Decentralized local knowledge user,3,Product Launch,199350,2025-02-13,2025-11-08,Completed
7636,Cross-group demand-driven analyzer,3,Brand Awareness,362563,2026-07-12,2026-07-23,Paused
7637,Synergized radical info-mediaries,4,Lead Generation,44001,2026-03-18,2026-07-16,Completed
7638,Future-proofed secondary standardization,2,Remarketing,96498,2025-03-02,2026-02-10,Paused
7639,Extended needs-based conglomeration,5,Sales,97560,2026-05-23,2026-06-16,Paused
7640,Multi-lateral heuristic software,5,Brand Awareness,439479,2025-10-18,2026-09-13,Paused
7641,Future-proofed web-enabled support,2,Remarketing,299171,2025-12-20,2026-02-02,Paused
7642,Total static core,2,Product Launch,402305,2025-09-17,2026-04-08,Completed
7643,Multi-tiered tertiary complexity,4,Brand Awareness,129753,2026-06-25,2026-08-16,Paused
7644,Ergonomic directional collaboration,5,Remarketing,152301,2025-11-21,2026-07-05,Active
7645,Ameliorated bandwidth-monitored help-desk,2,Lead Generation,428439,2024-12-20,2025-12-21,Active
7646,Synchronized 5thgeneration website,3,Remarketing,436606,2026-01-06,2026-08-02,Paused
7647,Ergonomic encompassing functionalities,1,Brand Awareness,325740,2024-10-16,2025-02-06,Completed
7648,Devolved disintermediate service-desk,3,Brand Awareness,10618,2026-06-16,2026-08-19,Completed
7649,Distributed static open system,5,Remarketing,333750,2026-02-12,2026-03-16,Completed
7650,Future-proofed responsive circuit,4,Product Launch,191032,2025-01-09,2025-03-06,Active
7651,Integrated eco-centric concept,3,Product Launch,13308,2026-05-23,2026-08-15,Completed
7652,Customizable 3rdgeneration emulation,3,Product Launch,328867,2025-03-10,2026-09-23,Completed
7653,Multi-channeled system-worthy database,2,Lead Generation,266254,2025-12-19,2026-03-17,Active
7654,Business-focused disintermediate intranet,1,Brand Awareness,475534,2025-06-01,2026-01-27,Paused
7655,Public-key stable superstructure,4,Remarketing,61022,2025-08-12,2025-10-15,Paused
7656,Networked uniform data-warehouse,3,Lead Generation,212770,2026-04-05,2026-06-26,Active
7657,Operative transitional parallelism,4,Sales,60728,2026-02-16,2026-05-22,Active
7658,Adaptive methodical database,5,Remarketing,203095,2026-04-30,2026-09-18,Active
7659,Cloned mission-critical access,5,Remarketing,429609,2024-09-18,2026-05-03,Completed
7660,Polarized attitude-oriented monitoring,3,Lead Generation,382584,2026-04-08,2026-04-17,Completed
7661,Object-based 3rdgeneration alliance,4,Brand Awareness,78714,2024-12-28,2025-12-16,Active
7662,Ergonomic responsive product,5,Brand Awareness,460591,2025-10-11,2025-11-23,Active
7663,Re-engineered secondary framework,2,Brand Awareness,464517,2025-07-18,2025-11-08,Paused
7664,Mandatory uniform support,3,Lead Generation,212758,2026-01-10,2026-06-20,Active
7665,Operative needs-based interface,2,Brand Awareness,339309,2026-05-26,2026-08-01,Paused
7666,Function-based upward-trending alliance,2,Lead Generation,150216,2024-11-20,2026-02-11,Completed
7667,Optimized 24/7 initiative,3,Brand Awareness,147512,2024-08-31,2026-02-19,Active
7668,Multi-tiered disintermediate artificial intelligence,1,Product Launch,284756,2025-08-24,2026-09-13,Completed
7669,Diverse national circuit,1,Product Launch,185065,2024-10-27,2026-05-26,Completed
7670,Robust uniform matrices,4,Brand Awareness,366288,2025-06-02,2025-09-26,Paused
7671,Networked multimedia synergy,2,Sales,362137,2024-10-07,2026-05-22,Active
7672,Future-proofed 24/7 Graphic Interface,4,Remarketing,170656,2024-08-02,2025-04-02,Completed
7673,Programmable static synergy,5,Remarketing,432697,2025-07-01,2026-03-02,Active
7674,Phased client-server conglomeration,1,Remarketing,252489,2025-05-12,2026-03-29,Paused
7675,Triple-buffered coherent implementation,5,Lead Generation,195403,2025-12-14,2026-08-23,Paused
7676,Synergized non-volatile synergy,5,Product Launch,280035,2026-03-07,2026-08-19,Completed
7677,Robust zero-defect budgetary management,5,Product Launch,49226,2025-10-05,2026-02-05,Paused
7678,Reactive real-time task-force,3,Remarketing,100019,2024-11-26,2026-01-28,Active
7679,Robust disintermediate alliance,4,Product Launch,318036,2024-08-20,2025-11-24,Paused
7680,Up-sized next generation frame,5,Lead Generation,163166,2024-12-03,2025-12-28,Active
7681,Digitized zero tolerance array,5,Product Launch,86997,2026-05-28,2026-07-01,Completed
7682,Innovative maximized synergy,2,Lead Generation,165715,2026-01-16,2026-05-17,Active
7683,Up-sized heuristic circuit,5,Lead Generation,166189,2025-04-10,2025-07-07,Completed
7684,Mandatory dedicated firmware,1,Product Launch,259702,2026-05-21,2026-10-12,Active
7685,Open-architected object-oriented hierarchy,3,Brand Awareness,464425,2024-11-21,2026-05-16,Active
7686,Cloned even-keeled knowledge user,2,Brand Awareness,407131,2025-08-09,2025-12-13,Completed
7687,Multi-lateral encompassing adapter,1,Lead Generation,27759,2024-10-29,2025-01-23,Paused
7688,Adaptive modular definition,4,Brand Awareness,422383,2024-10-17,2026-10-14,Active
7689,Grass-roots user-facing analyzer,2,Brand Awareness,105509,2024-07-20,2026-05-20,Active
7690,Virtual 5thgeneration circuit,3,Remarketing,372741,2025-08-15,2026-05-21,Paused
7691,Sharable client-server customer loyalty,1,Remarketing,84134,2026-02-19,2026-06-16,Completed
7692,Seamless homogeneous structure,2,Sales,251849,2025-01-09,2026-05-01,Paused
7693,Fundamental asynchronous ability,4,Remarketing,411923,2024-12-17,2025-12-27,Active
7694,Switchable motivating core,5,Brand Awareness,451210,2025-02-19,2025-03-18,Paused
7695,Distributed executive array,4,Lead Generation,228888,2025-03-10,2026-01-18,Active
7696,Quality-focused coherent archive,4,Sales,124570,2026-06-07,2026-07-26,Completed
7697,Reduced 3rdgeneration toolset,4,Brand Awareness,44334,2025-05-14,2026-09-13,Active
7698,Customizable web-enabled moratorium,2,Remarketing,268886,2025-08-06,2026-06-05,Active
7699,Seamless multi-tasking open architecture,4,Lead Generation,337884,2025-01-19,2026-01-15,Completed
7700,Innovative scalable info-mediaries,1,Sales,22089,2026-05-04,2026-07-26,Completed
7701,Grass-roots upward-trending framework,2,Remarketing,372491,2024-10-27,2025-03-15,Completed
7702,Multi-channeled leadingedge structure,1,Remarketing,487709,2026-04-23,2026-10-07,Paused
7703,Automated next generation application,2,Brand Awareness,11998,2024-10-27,2026-01-01,Completed
7704,Multi-channeled object-oriented system engine,2,Lead Generation,472893,2026-03-19,2026-06-12,Active
7705,Cloned cohesive software,3,Brand Awareness,270616,2026-06-28,2026-09-06,Completed
7706,Vision-oriented client-driven strategy,2,Product Launch,312182,2025-06-19,2026-06-10,Completed
7707,Enterprise-wide bottom-line hub,3,Product Launch,178401,2024-09-26,2025-06-07,Completed
7708,Programmable fresh-thinking productivity,5,Brand Awareness,378055,2025-04-14,2026-05-07,Completed
7709,Polarized reciprocal neural-net,1,Remarketing,186084,2024-11-01,2026-02-22,Active
7710,De-engineered maximized knowledgebase,4,Lead Generation,308745,2024-12-30,2025-01-21,Active
7711,Ameliorated bottom-line portal,3,Brand Awareness,471904,2025-11-16,2026-01-19,Active
7712,Synergized static protocol,4,Lead Generation,29459,2026-07-03,2026-08-27,Completed
7713,Open-source eco-centric intranet,4,Lead Generation,253458,2025-05-05,2026-09-08,Active
7714,Customer-focused upward-trending complexity,5,Remarketing,471909,2025-06-12,2025-09-30,Active
7715,Intuitive bottom-line framework,1,Product Launch,393610,2025-10-11,2026-04-01,Active
7716,Robust transitional capability,5,Remarketing,14747,2025-02-03,2025-05-14,Paused
7717,Configurable actuating algorithm,5,Lead Generation,137015,2025-10-27,2025-11-25,Completed
7718,Open-source 4thgeneration projection,1,Brand Awareness,167388,2026-05-16,2026-06-16,Completed
7719,Enhanced heuristic policy,3,Remarketing,154691,2024-09-22,2025-02-11,Completed
7720,Inverse dynamic implementation,2,Product Launch,302872,2026-03-22,2026-09-11,Active
7721,Robust 4thgeneration archive,3,Lead Generation,489621,2025-01-20,2025-04-14,Paused
7722,Re-contextualized value-added encryption,1,Remarketing,362605,2024-09-17,2026-07-26,Completed
7723,Proactive context-sensitive protocol,2,Lead Generation,44614,2025-10-29,2025-11-13,Active
7724,Sharable impactful Local Area Network,3,Sales,316423,2026-05-11,2026-09-23,Active
7725,Seamless discrete website,2,Remarketing,368249,2025-10-07,2025-10-24,Completed
7726,Sharable zero administration ability,3,Product Launch,381542,2025-03-15,2025-12-24,Completed
7727,Cross-group uniform emulation,2,Sales,316567,2026-03-04,2026-10-08,Active
7728,Multi-lateral regional hub,3,Sales,204978,2025-09-08,2025-11-26,Active
7729,Diverse holistic open system,2,Brand Awareness,236187,2026-01-02,2026-05-02,Paused
7730,Digitized clear-thinking application,4,Sales,90887,2025-09-15,2026-07-26,Completed
7731,Team-oriented 4thgeneration emulation,2,Lead Generation,72924,2025-01-18,2026-01-04,Paused
7732,Enterprise-wide 3rdgeneration moderator,2,Lead Generation,26939,2026-06-12,2026-06-16,Completed
7733,Mandatory composite infrastructure,3,Lead Generation,74373,2026-02-14,2026-04-26,Paused
7734,Down-sized directional standardization,5,Product Launch,469512,2025-03-16,2025-11-24,Completed
7735,Innovative value-added Local Area Network,5,Sales,454633,2025-07-17,2026-02-26,Active
7736,Customer-focused bandwidth-monitored initiative,5,Sales,127774,2025-01-30,2026-09-22,Active
7737,Implemented uniform ability,3,Sales,375173,2025-04-18,2026-03-12,Paused
7738,Innovative incremental instruction set,2,Sales,355666,2026-04-07,2026-07-16,Active
7739,Reactive multimedia initiative,5,Brand Awareness,60886,2024-10-20,2025-12-14,Paused
7740,Re-contextualized didactic time-frame,5,Remarketing,196662,2024-12-28,2025-02-14,Paused
7741,Phased logistical firmware,4,Lead Generation,228544,2024-12-14,2026-07-19,Active
7742,Balanced multimedia contingency,2,Product Launch,281506,2025-11-20,2026-04-08,Active
7743,Customer-focused explicit firmware,4,Brand Awareness,122999,2025-05-14,2026-02-06,Paused
7744,Monitored real-time data-warehouse,3,Product Launch,384059,2026-04-14,2026-05-03,Paused
7745,Assimilated systematic policy,5,Remarketing,285756,2025-07-31,2026-03-22,Active
7746,Horizontal intermediate installation,2,Lead Generation,74076,2025-06-21,2025-12-16,Completed
7747,Sharable fault-tolerant conglomeration,5,Sales,155915,2025-05-29,2026-02-24,Paused
7748,Synergized neutral definition,4,Remarketing,29528,2024-09-17,2025-09-27,Paused
7749,Re-engineered systematic service-desk,3,Brand Awareness,124190,2025-01-30,2025-12-12,Paused
7750,Profit-focused leadingedge open architecture,4,Product Launch,332205,2025-06-20,2025-07-14,Active
7751,Implemented directional strategy,3,Lead Generation,87249,2026-02-22,2026-10-14,Paused
7752,Business-focused real-time toolset,2,Sales,99433,2026-07-17,2026-09-26,Completed
7753,Team-oriented 3rdgeneration orchestration,5,Remarketing,413311,2025-02-12,2026-06-02,Completed
7754,Expanded coherent attitude,1,Product Launch,403689,2025-12-28,2026-01-25,Paused
7755,Persevering foreground encoding,1,Sales,140349,2024-08-18,2025-03-26,Paused
7756,Adaptive optimal Internet solution,1,Brand Awareness,290397,2026-06-15,2026-09-01,Paused
7757,Vision-oriented optimal projection,4,Lead Generation,467977,2026-01-15,2026-03-10,Paused
7758,Open-architected dynamic frame,2,Product Launch,365964,2026-01-01,2026-04-14,Active
7759,Open-source solution-oriented migration,3,Sales,35829,2024-09-29,2025-04-30,Active
7760,Devolved client-server structure,3,Product Launch,148124,2025-12-21,2026-05-11,Paused
7761,Managed encompassing moratorium,3,Sales,490014,2024-11-27,2025-06-30,Active
7762,Digitized exuding protocol,4,Lead Generation,149984,2024-08-13,2025-10-05,Completed
7763,Phased actuating system engine,5,Product Launch,49402,2026-01-21,2026-09-13,Paused
7764,Ergonomic system-worthy alliance,5,Lead Generation,231825,2026-07-06,2026-09-08,Completed
7765,Organic methodical core,5,Sales,124686,2024-09-08,2026-03-13,Active
7766,Switchable mission-critical Internet solution,1,Lead Generation,342523,2026-03-03,2026-04-18,Paused
7767,Distributed bottom-line Local Area Network,4,Brand Awareness,422001,2025-10-22,2026-06-20,Completed
7768,Upgradable client-driven info-mediaries,2,Lead Generation,57257,2026-04-26,2026-08-28,Active
7769,Reduced analyzing service-desk,3,Brand Awareness,102925,2025-10-01,2026-01-11,Paused
7770,Compatible zero-defect system engine,3,Remarketing,144328,2026-05-06,2026-08-17,Completed
7771,Total content-based challenge,1,Sales,305814,2024-11-26,2025-08-12,Completed
7772,Stand-alone tangible productivity,4,Product Launch,186445,2024-09-08,2025-09-05,Paused
7773,Inverse holistic data-warehouse,1,Lead Generation,39910,2025-07-09,2026-10-03,Completed
7774,Object-based homogeneous system engine,2,Sales,340402,2024-11-26,2026-01-14,Active
7775,Streamlined disintermediate analyzer,3,Brand Awareness,138618,2026-05-18,2026-08-03,Active
7776,Function-based client-server data-warehouse,3,Lead Generation,81956,2026-01-31,2026-02-20,Completed
7777,Right-sized background project,5,Sales,14541,2024-09-15,2025-08-25,Paused
7778,Compatible tertiary utilization,2,Lead Generation,193571,2026-03-07,2026-10-06,Completed
7779,Intuitive static attitude,5,Lead Generation,360644,2026-06-21,2026-09-20,Active
7780,Public-key explicit customer loyalty,4,Brand Awareness,401456,2025-05-11,2025-10-27,Active
7781,Digitized cohesive hardware,2,Sales,347315,2026-02-09,2026-05-22,Completed
7782,User-centric encompassing frame,5,Brand Awareness,131421,2026-04-18,2026-05-07,Active
7783,Self-enabling actuating moratorium,1,Lead Generation,195290,2025-02-16,2025-05-21,Paused
7784,Expanded system-worthy process improvement,4,Sales,153905,2025-03-18,2026-04-07,Completed
7785,Digitized stable utilization,3,Remarketing,284807,2026-01-21,2026-08-26,Active
7786,Intuitive client-driven array,4,Sales,433174,2025-09-17,2026-06-16,Completed
7787,Face-to-face intangible circuit,4,Sales,293586,2024-12-12,2025-08-10,Completed
7788,Operative intermediate approach,1,Sales,17158,2025-12-27,2026-02-10,Paused
7789,Progressive incremental process improvement,3,Brand Awareness,275388,2025-10-16,2026-03-17,Completed
7790,Optimized reciprocal architecture,5,Remarketing,325716,2025-08-23,2026-09-20,Completed
7791,Ergonomic asynchronous workforce,3,Remarketing,419916,2025-09-24,2025-10-02,Active
7792,Stand-alone composite throughput,1,Product Launch,30189,2025-05-30,2025-08-29,Completed
7793,Advanced multimedia monitoring,3,Remarketing,101263,2026-06-04,2026-08-22,Paused
7794,Optimized zero-defect time-frame,2,Brand Awareness,34355,2025-07-08,2026-01-06,Active
7795,Multi-layered asymmetric capacity,3,Product Launch,34053,2025-10-10,2025-11-17,Completed
7796,Robust methodical monitoring,2,Remarketing,138654,2025-12-24,2026-06-01,Completed
7797,Reactive 3rdgeneration framework,4,Brand Awareness,221993,2025-03-22,2026-10-01,Completed
7798,Implemented neutral conglomeration,2,Product Launch,67105,2025-10-16,2026-06-18,Completed
7799,Managed uniform implementation,5,Brand Awareness,403232,2024-11-19,2024-11-27,Paused
7800,Cloned stable attitude,3,Brand Awareness,91673,2025-04-02,2025-04-10,Paused
7801,Cloned solution-oriented product,3,Remarketing,53169,2025-10-14,2026-08-24,Paused
7802,Function-based grid-enabled adapter,1,Lead Generation,87761,2026-04-17,2026-09-05,Completed
7803,Reverse-engineered even-keeled success,2,Lead Generation,142189,2025-11-24,2026-06-09,Completed
7804,User-friendly scalable capability,1,Remarketing,362619,2025-08-17,2026-02-17,Paused
7805,Versatile discrete pricing structure,4,Product Launch,27624,2026-05-02,2026-05-11,Active
7806,Advanced 24/7 customer loyalty,3,Sales,320311,2025-08-07,2026-08-19,Active
7807,Right-sized web-enabled moderator,2,Product Launch,456001,2026-02-15,2026-08-21,Completed
7808,Configurable neutral capacity,3,Lead Generation,162563,2025-10-10,2026-10-08,Paused
7809,Function-based directional budgetary management,1,Brand Awareness,485521,2025-12-10,2025-12-20,Active
7810,Optimized object-oriented capacity,5,Brand Awareness,180518,2025-08-07,2025-12-09,Paused
7811,Stand-alone asynchronous info-mediaries,1,Lead Generation,48507,2025-06-06,2026-02-28,Paused
7812,Decentralized multi-tasking flexibility,5,Lead Generation,174886,2025-09-28,2026-07-15,Active
7813,Persevering non-volatile pricing structure,4,Sales,100625,2026-05-13,2026-08-25,Paused
7814,Optimized explicit toolset,3,Lead Generation,390041,2026-02-06,2026-05-15,Paused
7815,Centralized neutral monitoring,5,Lead Generation,389253,2025-03-19,2026-05-30,Completed
7816,Horizontal real-time strategy,2,Remarketing,363988,2026-02-09,2026-06-09,Completed
7817,Compatible well-modulated collaboration,3,Remarketing,24488,2024-10-29,2025-10-30,Completed
7818,Integrated didactic benchmark,5,Brand Awareness,289225,2025-09-04,2026-06-24,Paused
7819,Focused content-based approach,1,Sales,439425,2024-10-08,2025-06-23,Active
7820,Self-enabling attitude-oriented instruction set,5,Remarketing,143056,2024-09-14,2025-09-03,Completed
7821,Polarized disintermediate budgetary management,2,Product Launch,303682,2024-12-04,2026-02-24,Completed
7822,De-engineered regional contingency,4,Sales,163607,2025-08-26,2026-02-21,Paused
7823,Profound value-added installation,4,Product Launch,166933,2025-03-20,2026-03-30,Completed
7824,Enhanced client-driven capability,4,Brand Awareness,297855,2026-01-30,2026-04-29,Completed
7825,Synergistic system-worthy concept,4,Brand Awareness,428002,2025-10-25,2026-03-20,Paused
7826,Configurable impactful ability,1,Remarketing,82860,2025-09-05,2026-06-10,Active
7827,Cross-platform mobile superstructure,1,Product Launch,196237,2025-07-17,2026-04-04,Paused
7828,Enhanced fault-tolerant standardization,1,Remarketing,459996,2025-12-24,2026-03-21,Paused
7829,Virtual 6thgeneration encryption,5,Product Launch,80150,2025-10-20,2026-01-25,Paused
7830,Down-sized background middleware,3,Product Launch,429842,2025-07-05,2026-08-29,Active
7831,Digitized asynchronous contingency,2,Remarketing,150140,2025-06-12,2025-10-19,Completed
7832,Reactive incremental encryption,5,Sales,440298,2025-05-21,2026-07-11,Paused
7833,Compatible even-keeled benchmark,1,Remarketing,157866,2025-01-09,2026-01-21,Completed
7834,Open-architected cohesive capacity,4,Product Launch,231215,2026-03-09,2026-09-02,Active
7835,Open-source zero administration workforce,2,Lead Generation,224772,2025-09-14,2025-12-28,Paused
7836,Front-line secondary toolset,5,Product Launch,237777,2024-12-19,2026-05-16,Paused
7837,Operative optimizing Graphical User Interface,4,Lead Generation,112270,2025-09-28,2026-03-29,Paused
7838,Business-focused optimizing application,5,Remarketing,391567,2025-11-27,2026-03-01,Completed
7839,Progressive transitional intranet,2,Brand Awareness,495798,2025-01-27,2025-10-07,Completed
7840,Fundamental tangible open system,2,Remarketing,351021,2025-09-10,2026-02-14,Active
7841,Phased content-based leverage,5,Brand Awareness,249812,2026-01-22,2026-05-11,Active
7842,Compatible contextually-based structure,2,Brand Awareness,157570,2024-12-27,2025-06-05,Active
7843,Operative global neural-net,5,Brand Awareness,104474,2025-05-21,2026-01-25,Paused
7844,Team-oriented methodical software,3,Product Launch,287560,2025-07-08,2025-07-09,Active
7845,Public-key grid-enabled framework,4,Lead Generation,177993,2026-03-09,2026-09-12,Active
7846,Robust tangible utilization,2,Lead Generation,151537,2025-04-30,2025-06-18,Completed
7847,Proactive national data-warehouse,3,Remarketing,109291,2025-06-16,2025-12-27,Paused
7848,Visionary multimedia benchmark,5,Brand Awareness,158715,2025-09-13,2026-09-05,Completed
7849,Profound multi-state workforce,2,Brand Awareness,291653,2026-06-01,2026-09-28,Completed
7850,Future-proofed 24hour encryption,1,Remarketing,179731,2025-01-09,2026-06-10,Active
7851,Future-proofed analyzing middleware,2,Brand Awareness,211677,2024-11-21,2026-02-18,Completed
7852,Implemented disintermediate contingency,1,Sales,406687,2024-10-30,2025-08-25,Paused
7853,Multi-tiered empowering help-desk,2,Lead Generation,318644,2024-11-23,2024-12-02,Paused
7854,Profit-focused bottom-line instruction set,3,Remarketing,123971,2025-05-25,2026-08-30,Paused
7855,Multi-lateral composite architecture,1,Brand Awareness,233322,2025-10-07,2026-06-13,Completed
7856,Switchable multimedia migration,2,Sales,113321,2026-05-30,2026-07-01,Active
7857,Persistent executive forecast,3,Product Launch,297460,2025-11-09,2026-09-24,Paused
7858,De-engineered national array,3,Product Launch,425551,2025-10-21,2026-02-27,Paused
7859,Polarized logistical circuit,2,Brand Awareness,404363,2024-11-22,2026-09-18,Paused
7860,Robust scalable open system,4,Remarketing,437329,2025-08-22,2026-01-24,Completed
7861,Self-enabling full-range architecture,4,Product Launch,37099,2026-03-04,2026-09-27,Completed
7862,Organized maximized service-desk,3,Lead Generation,132008,2025-09-03,2026-05-06,Paused
7863,Mandatory dedicated attitude,1,Remarketing,396052,2026-02-15,2026-08-07,Paused
7864,Extended dedicated task-force,4,Brand Awareness,50355,2025-04-18,2026-05-14,Active
7865,Up-sized empowering conglomeration,5,Remarketing,80752,2025-05-24,2026-04-07,Completed
7866,Synergized well-modulated synergy,4,Lead Generation,366758,2024-11-02,2025-09-30,Completed
7867,Organic 24hour protocol,2,Sales,337203,2026-01-30,2026-05-04,Completed
7868,Synchronized directional model,3,Product Launch,370000,2025-10-26,2026-02-16,Paused
7869,Face-to-face mission-critical contingency,5,Lead Generation,436754,2025-09-11,2026-05-04,Completed
7870,Digitized intermediate firmware,2,Lead Generation,429122,2026-01-25,2026-08-29,Completed
7871,Cross-group optimizing methodology,1,Sales,336576,2025-09-13,2026-03-08,Active
7872,Multi-channeled scalable solution,4,Sales,211269,2024-11-19,2026-03-28,Completed
7873,Re-contextualized non-volatile strategy,2,Remarketing,335509,2026-03-02,2026-04-12,Completed
7874,Object-based bifurcated standardization,4,Brand Awareness,163021,2025-07-23,2026-07-31,Paused
7875,Team-oriented mobile flexibility,5,Remarketing,228106,2025-07-28,2026-03-29,Active
7876,Robust needs-based core,3,Lead Generation,366905,2024-10-22,2024-11-16,Active
7877,Total reciprocal concept,3,Remarketing,274888,2025-11-06,2025-12-09,Paused
7878,Public-key impactful architecture,1,Lead Generation,19117,2025-11-25,2026-06-09,Active
7879,Universal maximized success,3,Lead Generation,400122,2025-12-09,2026-01-14,Paused
7880,Multi-lateral well-modulated open architecture,2,Brand Awareness,40466,2025-02-05,2025-03-12,Active
7881,Ameliorated user-facing synergy,1,Product Launch,87356,2024-08-23,2026-02-16,Paused
7882,Stand-alone contextually-based success,5,Remarketing,258915,2024-10-02,2025-11-20,Paused
7883,Digitized discrete superstructure,5,Brand Awareness,105411,2025-02-13,2026-02-05,Completed
7884,Right-sized exuding intranet,1,Sales,407679,2026-03-26,2026-06-09,Paused
7885,Extended 5thgeneration application,5,Remarketing,191564,2025-09-24,2026-01-29,Paused
7886,Stand-alone incremental process improvement,2,Remarketing,24056,2026-06-10,2026-10-08,Paused
7887,Enhanced bandwidth-monitored productivity,2,Lead Generation,358087,2025-12-18,2026-05-30,Active
7888,Customizable high-level superstructure,2,Product Launch,304116,2025-12-04,2026-08-27,Completed
7889,Business-focused heuristic intranet,1,Remarketing,218578,2024-10-24,2026-08-12,Paused
7890,Phased eco-centric knowledge user,5,Sales,86744,2026-01-06,2026-10-04,Completed
7891,Programmable composite moderator,1,Product Launch,158808,2025-07-03,2025-12-09,Paused
7892,Right-sized encompassing interface,2,Lead Generation,155490,2024-10-20,2025-07-29,Completed
7893,Devolved actuating system engine,1,Brand Awareness,91663,2025-07-31,2025-09-09,Paused
7894,User-friendly background Graphic Interface,1,Brand Awareness,20437,2025-05-05,2025-07-10,Paused
7895,Implemented multi-tasking firmware,1,Product Launch,419735,2025-12-15,2026-01-07,Paused
7896,Object-based static middleware,2,Brand Awareness,99518,2024-08-01,2025-07-19,Completed
7897,Grass-roots didactic core,1,Sales,275847,2024-08-02,2026-02-15,Active
7898,User-centric human-resource archive,5,Lead Generation,166999,2025-08-07,2026-01-28,Active
7899,Programmable 6thgeneration software,3,Brand Awareness,134049,2024-10-16,2026-04-22,Completed
7900,Reduced exuding synergy,4,Remarketing,169571,2025-04-14,2026-01-05,Active
7901,Ergonomic disintermediate instruction set,2,Remarketing,326473,2025-08-18,2025-11-17,Active
7902,Expanded bi-directional solution,4,Lead Generation,431654,2024-08-29,2024-09-07,Completed
7903,Integrated object-oriented extranet,2,Brand Awareness,33508,2026-02-14,2026-07-10,Paused
7904,Multi-layered hybrid firmware,5,Remarketing,454499,2025-05-03,2025-10-16,Active
7905,User-centric web-enabled archive,2,Remarketing,89219,2026-02-28,2026-03-31,Paused
7906,Monitored next generation matrices,2,Brand Awareness,140776,2025-03-20,2026-05-14,Paused
7907,Horizontal 24hour instruction set,2,Product Launch,39326,2025-02-14,2025-09-04,Active
7908,Extended regional complexity,5,Lead Generation,65226,2025-08-28,2026-01-28,Paused
7909,User-centric asynchronous implementation,3,Remarketing,360312,2025-11-09,2025-11-28,Completed
7910,Assimilated real-time contingency,1,Product Launch,53438,2026-06-26,2026-08-13,Active
7911,Monitored high-level definition,5,Brand Awareness,251436,2025-06-21,2025-07-11,Completed
7912,Horizontal directional collaboration,4,Sales,458385,2026-01-31,2026-09-10,Paused
7913,Multi-channeled 24/7 initiative,2,Brand Awareness,294453,2025-10-26,2026-03-25,Active
7914,De-engineered logistical encoding,3,Brand Awareness,186375,2024-11-28,2026-02-24,Completed
7915,Distributed content-based circuit,4,Brand Awareness,477066,2025-10-02,2025-12-25,Paused
7916,Universal leadingedge moratorium,3,Remarketing,151276,2026-06-27,2026-07-20,Active
7917,Function-based needs-based open architecture,3,Product Launch,461153,2024-11-11,2025-09-05,Active
7918,Multi-tiered client-driven circuit,1,Product Launch,294148,2024-10-14,2025-12-22,Paused
7919,Expanded eco-centric definition,4,Sales,263756,2026-03-28,2026-09-07,Completed
7920,Object-based multimedia initiative,4,Product Launch,438944,2025-06-27,2026-10-13,Paused
7921,Face-to-face 4thgeneration methodology,4,Brand Awareness,490789,2025-04-13,2025-06-20,Completed
7922,Customer-focused local info-mediaries,4,Product Launch,453988,2025-01-08,2025-11-18,Active
7923,Adaptive systemic matrices,1,Product Launch,50894,2024-11-14,2025-06-14,Paused
7924,Visionary 5thgeneration firmware,5,Product Launch,77597,2025-12-06,2026-07-10,Paused
7925,Digitized exuding standardization,5,Lead Generation,291304,2025-11-25,2025-12-08,Completed
7926,Grass-roots foreground firmware,5,Remarketing,239511,2025-11-01,2026-07-13,Completed
7927,Vision-oriented web-enabled product,5,Lead Generation,327204,2025-09-01,2026-05-17,Paused
7928,Enhanced multimedia capacity,1,Sales,213611,2025-03-26,2025-11-05,Completed
7929,Adaptive analyzing Local Area Network,2,Product Launch,449416,2025-08-02,2026-07-18,Paused
7930,Synergized object-oriented support,4,Product Launch,16098,2026-01-25,2026-04-29,Completed
7931,Persistent systematic service-desk,4,Product Launch,123288,2026-05-28,2026-06-11,Paused
7932,Team-oriented heuristic hierarchy,3,Sales,50613,2025-04-26,2025-08-09,Paused
7933,Synchronized intangible access,5,Product Launch,377430,2025-01-18,2025-08-06,Active
7934,Phased non-volatile matrix,1,Brand Awareness,283319,2024-07-22,2024-08-24,Completed
7935,Open-architected systemic moratorium,1,Remarketing,456214,2026-06-05,2026-09-17,Paused
7936,Advanced non-volatile emulation,1,Brand Awareness,189281,2026-01-02,2026-02-28,Completed
7937,Synergistic motivating portal,3,Brand Awareness,73605,2024-09-02,2026-05-21,Paused
7938,Open-source uniform model,2,Lead Generation,474936,2024-09-25,2026-05-20,Paused
7939,Public-key bottom-line intranet,3,Lead Generation,313058,2025-01-16,2026-08-26,Active
7940,Decentralized solution-oriented paradigm,4,Sales,189393,2025-05-31,2026-03-12,Paused
7941,Advanced mobile infrastructure,5,Sales,312789,2024-11-30,2025-11-07,Completed
7942,Monitored next generation success,5,Product Launch,331711,2026-01-20,2026-02-09,Completed
7943,Triple-buffered tertiary definition,5,Brand Awareness,196234,2025-11-21,2025-12-04,Paused
7944,Virtual asymmetric core,2,Remarketing,50699,2024-11-16,2026-01-16,Active
7945,Synchronized zero tolerance throughput,5,Lead Generation,197880,2026-02-15,2026-02-23,Completed
7946,Future-proofed contextually-based collaboration,3,Brand Awareness,298522,2026-03-19,2026-03-27,Active
7947,Inverse actuating utilization,1,Brand Awareness,479713,2026-04-03,2026-06-11,Active
7948,Synchronized optimizing strategy,1,Lead Generation,203140,2025-01-03,2025-08-15,Completed
7949,Digitized grid-enabled Graphic Interface,2,Lead Generation,342558,2024-09-26,2025-04-05,Completed
7950,Exclusive leadingedge synergy,5,Remarketing,236408,2024-11-27,2024-11-28,Active
7951,Quality-focused composite archive,2,Product Launch,44908,2025-12-09,2025-12-09,Active
7952,Up-sized context-sensitive neural-net,2,Lead Generation,384084,2026-01-04,2026-06-14,Paused
7953,Inverse client-driven utilization,5,Sales,387332,2026-04-03,2026-05-18,Paused
7954,Seamless fault-tolerant approach,5,Lead Generation,206503,2026-05-11,2026-09-05,Paused
7955,Face-to-face bifurcated Local Area Network,5,Remarketing,273011,2025-07-31,2026-05-10,Completed
7956,Synchronized zero tolerance secured line,1,Sales,293127,2026-03-17,2026-05-11,Active
7957,Digitized real-time approach,2,Lead Generation,474002,2025-03-27,2025-06-06,Active
7958,Stand-alone leadingedge throughput,3,Remarketing,72127,2026-03-03,2026-06-18,Paused
7959,Diverse eco-centric productivity,4,Lead Generation,140461,2025-12-16,2026-04-18,Paused
7960,Profit-focused intermediate architecture,2,Brand Awareness,131441,2024-12-09,2026-05-15,Active
7961,Synergized modular array,2,Product Launch,162592,2025-08-01,2025-11-06,Completed
7962,Future-proofed client-server capability,4,Product Launch,431864,2025-08-25,2025-09-10,Completed
7963,Triple-buffered zero-defect circuit,1,Sales,284438,2026-04-16,2026-10-05,Paused
7964,Profound systemic protocol,2,Brand Awareness,21903,2025-02-26,2026-01-14,Active
7965,Multi-channeled multimedia knowledgebase,5,Remarketing,32681,2025-05-21,2025-12-14,Completed
7966,Sharable tangible paradigm,1,Remarketing,82091,2026-05-19,2026-09-22,Active
7967,User-centric leadingedge projection,5,Sales,131911,2025-10-28,2025-12-07,Paused
7968,Reverse-engineered clear-thinking productivity,4,Product Launch,42793,2026-05-13,2026-06-29,Completed
7969,Decentralized grid-enabled leverage,3,Sales,239722,2024-12-08,2025-03-15,Completed
7970,Reverse-engineered incremental budgetary management,1,Sales,274675,2025-10-28,2026-01-23,Paused
7971,Horizontal context-sensitive Local Area Network,5,Product Launch,86783,2025-06-14,2025-07-24,Paused
7972,Exclusive bifurcated hierarchy,3,Sales,439007,2024-11-26,2026-01-18,Completed
7973,Managed asymmetric hierarchy,5,Sales,467264,2024-07-18,2025-10-14,Completed
7974,Synchronized responsive time-frame,5,Product Launch,155144,2026-07-09,2026-10-03,Completed
7975,Inverse multi-state Graphic Interface,2,Brand Awareness,206765,2024-07-18,2024-12-26,Active
7976,Horizontal mission-critical capability,2,Product Launch,271896,2026-04-20,2026-06-18,Active
7977,Business-focused impactful pricing structure,1,Lead Generation,351180,2025-09-19,2026-09-28,Paused
7978,Streamlined optimizing paradigm,1,Brand Awareness,184628,2025-04-11,2026-07-24,Completed
7979,Intuitive composite policy,2,Lead Generation,414490,2024-09-03,2025-04-27,Completed
7980,Enterprise-wide object-oriented service-desk,2,Lead Generation,396233,2025-02-11,2025-07-06,Completed
7981,Persevering empowering workforce,5,Lead Generation,159577,2024-07-28,2025-11-02,Paused
7982,Customer-focused clear-thinking throughput,5,Lead Generation,273090,2024-09-29,2025-07-04,Paused
7983,Assimilated well-modulated definition,1,Product Launch,444955,2026-07-14,2026-09-13,Active
7984,Sharable attitude-oriented focus group,4,Product Launch,74456,2026-01-16,2026-06-23,Paused
7985,Organized disintermediate info-mediaries,4,Sales,20400,2025-03-23,2025-08-28,Completed
7986,Sharable needs-based model,3,Product Launch,204371,2025-02-21,2025-05-18,Completed
7987,Customizable optimizing solution,5,Sales,222713,2024-12-02,2026-03-22,Active
7988,User-friendly non-volatile utilization,3,Lead Generation,327173,2026-03-11,2026-07-12,Paused
7989,Enhanced fresh-thinking system engine,3,Lead Generation,62893,2026-02-17,2026-04-08,Completed
7990,Function-based contextually-based pricing structure,2,Product Launch,17972,2025-01-24,2026-10-13,Active
7991,Multi-layered systematic instruction set,2,Remarketing,213979,2025-11-11,2026-03-29,Paused
7992,Multi-tiered value-added support,4,Product Launch,348201,2025-08-15,2026-02-11,Paused
7993,Secured 4thgeneration extranet,3,Product Launch,285686,2024-11-21,2025-10-21,Paused
7994,Ameliorated clear-thinking adapter,4,Lead Generation,324833,2025-09-27,2025-10-13,Active
7995,Managed value-added focus group,4,Remarketing,396916,2025-04-20,2026-09-16,Active
7996,Reactive value-added instruction set,3,Remarketing,140435,2024-11-26,2025-06-08,Paused
7997,Self-enabling empowering solution,2,Brand Awareness,304318,2024-08-06,2025-08-24,Active
7998,Secured directional analyzer,1,Remarketing,301072,2026-02-18,2026-07-27,Completed
7999,Expanded discrete focus group,4,Product Launch,212942,2025-04-30,2025-12-16,Active
8000,Open-source eco-centric model,4,Product Launch,296874,2025-11-29,2026-04-16,Completed
8001,Profound contextually-based strategy,3,Product Launch,69484,2025-03-21,2025-09-07,Paused
8002,Stand-alone multimedia throughput,5,Remarketing,335592,2026-04-03,2026-08-15,Paused
8003,Devolved dynamic database,2,Remarketing,433344,2026-06-23,2026-10-10,Paused
8004,Total transitional leverage,5,Remarketing,24817,2025-08-03,2025-11-09,Completed
8005,Balanced 3rdgeneration alliance,5,Brand Awareness,73008,2025-02-18,2026-06-21,Completed
8006,Cross-group local task-force,5,Brand Awareness,137884,2024-12-02,2024-12-18,Active
8007,Cross-group analyzing encoding,2,Remarketing,490286,2026-02-24,2026-05-16,Completed
8008,Total bifurcated parallelism,5,Lead Generation,208448,2025-03-01,2025-11-01,Completed
8009,Re-engineered tangible frame,2,Lead Generation,414323,2026-02-26,2026-07-07,Active
8010,De-engineered executive customer loyalty,4,Remarketing,282355,2026-07-13,2026-07-20,Paused
8011,Multi-lateral asymmetric process improvement,2,Remarketing,190021,2025-08-10,2026-09-15,Paused
8012,Customer-focused web-enabled Local Area Network,5,Product Launch,127176,2024-07-19,2024-07-22,Active
8013,Synergized national interface,1,Remarketing,121024,2026-01-08,2026-03-23,Active
8014,Pre-emptive impactful neural-net,3,Remarketing,489898,2025-11-10,2025-11-22,Completed
8015,Business-focused attitude-oriented model,3,Product Launch,239838,2025-10-15,2025-10-31,Paused
8016,Exclusive multi-state extranet,2,Product Launch,248621,2026-06-16,2026-09-16,Paused
8017,Synergistic 24/7 service-desk,4,Sales,250673,2026-01-30,2026-08-12,Paused
8018,Enhanced reciprocal core,5,Brand Awareness,245049,2025-01-04,2025-09-21,Active
8019,Multi-tiered encompassing algorithm,4,Lead Generation,384467,2026-01-18,2026-04-16,Active
8020,Persevering eco-centric initiative,2,Product Launch,257140,2025-11-19,2026-07-03,Active
8021,Advanced multi-tasking software,2,Product Launch,446470,2024-11-11,2026-02-21,Active
8022,Pre-emptive composite architecture,5,Product Launch,183726,2026-04-05,2026-05-29,Active
8023,Customer-focused tertiary database,4,Lead Generation,125621,2025-10-07,2026-06-23,Paused
8024,Inverse context-sensitive Graphical User Interface,3,Lead Generation,127327,2026-05-10,2026-07-19,Active
8025,Integrated asymmetric circuit,5,Product Launch,79978,2024-11-19,2025-02-10,Completed
8026,Triple-buffered bifurcated capability,2,Remarketing,287020,2025-01-08,2025-06-19,Active
8027,Self-enabling zero tolerance secured line,5,Sales,267297,2024-12-29,2026-09-17,Active
8028,Open-source incremental open architecture,3,Sales,200359,2025-03-23,2025-06-13,Completed
8029,Visionary 5thgeneration task-force,3,Sales,111457,2026-01-12,2026-05-14,Completed
8030,Open-source well-modulated parallelism,5,Sales,380887,2026-05-02,2026-08-18,Active
8031,Automated systemic orchestration,4,Sales,28514,2026-05-06,2026-09-18,Completed
8032,Customer-focused intangible forecast,1,Sales,436077,2025-12-12,2026-05-29,Paused
8033,Team-oriented solution-oriented firmware,3,Product Launch,206863,2026-05-02,2026-06-04,Paused
8034,Multi-channeled 24hour encoding,1,Remarketing,455690,2025-09-11,2026-01-25,Completed
8035,Mandatory background software,1,Remarketing,24681,2026-04-26,2026-09-19,Paused
8036,Intuitive attitude-oriented project,2,Sales,397437,2024-09-14,2025-02-12,Completed
8037,Seamless background info-mediaries,5,Sales,398623,2025-09-11,2025-12-05,Paused
8038,Assimilated systematic time-frame,3,Product Launch,334610,2025-10-28,2026-10-14,Paused
8039,Streamlined incremental open architecture,4,Lead Generation,189749,2025-06-01,2026-01-06,Paused
8040,Networked neutral help-desk,2,Sales,284211,2026-04-12,2026-09-19,Active
8041,Open-architected hybrid portal,5,Brand Awareness,129186,2025-10-08,2026-05-18,Completed
8042,Adaptive stable model,3,Lead Generation,394708,2025-10-19,2026-10-02,Active
8043,Optimized bifurcated standardization,5,Lead Generation,434100,2024-12-24,2026-05-29,Paused
8044,Adaptive motivating function,2,Remarketing,262185,2025-11-04,2026-03-17,Paused
8045,Polarized upward-trending pricing structure,4,Product Launch,51481,2024-10-13,2026-01-21,Paused
8046,Right-sized transitional framework,1,Remarketing,144031,2026-07-09,2026-07-21,Paused
8047,Switchable neutral projection,1,Brand Awareness,400552,2025-12-20,2026-03-26,Active
8048,Decentralized interactive encryption,5,Lead Generation,313146,2026-03-22,2026-05-28,Active
8049,Innovative mobile migration,1,Remarketing,24604,2025-08-07,2026-10-08,Paused
8050,Cloned executive solution,5,Brand Awareness,395823,2026-01-15,2026-04-28,Paused
8051,Fundamental full-range instruction set,1,Lead Generation,478443,2026-04-29,2026-06-09,Paused
8052,Reduced regional functionalities,3,Remarketing,431000,2025-08-28,2026-07-19,Paused
8053,Ameliorated bottom-line success,4,Product Launch,272280,2025-02-27,2025-09-01,Completed
8054,Integrated executive hardware,1,Brand Awareness,356327,2024-12-24,2025-04-17,Completed
8055,Multi-channeled regional middleware,4,Sales,492304,2026-06-01,2026-09-05,Active
8056,Ergonomic 4thgeneration knowledge user,3,Lead Generation,242998,2026-04-11,2026-06-23,Completed
8057,Pre-emptive radical system engine,1,Remarketing,19498,2025-01-26,2025-07-14,Active
8058,Versatile optimal benchmark,5,Brand Awareness,259945,2026-05-07,2026-06-24,Completed
8059,Enhanced fresh-thinking policy,5,Brand Awareness,265131,2024-11-21,2026-05-09,Paused
8060,Exclusive static process improvement,2,Sales,115633,2025-02-09,2026-08-27,Paused
8061,User-centric regional archive,4,Remarketing,141125,2025-12-02,2026-03-06,Completed
8062,Down-sized high-level open architecture,2,Remarketing,272273,2024-09-20,2026-09-05,Paused
8063,Cross-group attitude-oriented budgetary management,4,Brand Awareness,301235,2024-11-16,2026-01-22,Paused
8064,Synchronized transitional architecture,5,Sales,147068,2026-02-07,2026-04-18,Completed
8065,Cross-group radical complexity,4,Product Launch,43123,2025-05-22,2026-04-02,Active
8066,Exclusive clear-thinking moratorium,4,Product Launch,282232,2025-08-17,2026-07-22,Paused
8067,Customizable transitional contingency,5,Sales,250077,2024-11-25,2026-09-09,Active
8068,Devolved non-volatile orchestration,5,Remarketing,362896,2024-08-05,2025-04-23,Active
8069,Public-key impactful success,3,Sales,34461,2026-04-07,2026-06-03,Paused
8070,Seamless real-time firmware,4,Sales,335758,2024-09-05,2024-11-14,Completed
8071,Managed intangible methodology,4,Lead Generation,133830,2025-04-03,2026-01-28,Paused
8072,Synchronized radical forecast,3,Product Launch,422244,2026-05-30,2026-09-08,Paused
8073,Business-focused scalable parallelism,3,Remarketing,494942,2025-02-27,2026-01-11,Completed
8074,Synergized zero administration algorithm,2,Product Launch,80847,2025-05-23,2025-06-28,Completed
8075,Configurable high-level artificial intelligence,1,Sales,487848,2024-12-16,2026-07-09,Completed
8076,Compatible asynchronous installation,2,Lead Generation,460323,2026-01-25,2026-02-13,Active
8077,Compatible 24/7 focus group,2,Remarketing,26685,2025-10-25,2026-04-21,Completed
8078,Focused logistical focus group,4,Product Launch,78234,2025-08-24,2026-05-03,Active
8079,Organized tangible paradigm,5,Sales,233967,2025-12-07,2026-06-17,Active
8080,Re-contextualized multimedia framework,5,Product Launch,124850,2025-12-10,2026-02-25,Active
8081,Re-contextualized reciprocal Graphical User Interface,1,Remarketing,135808,2025-11-17,2026-07-19,Paused
8082,Reactive user-facing infrastructure,1,Remarketing,139815,2026-02-07,2026-05-18,Completed
8083,Optimized bandwidth-monitored encoding,1,Remarketing,70628,2025-01-05,2026-05-07,Paused
8084,Streamlined mobile policy,1,Product Launch,152297,2024-11-03,2026-03-19,Paused
8085,Down-sized hybrid architecture,1,Sales,206932,2024-11-04,2025-09-22,Paused
8086,Function-based bandwidth-monitored info-mediaries,3,Product Launch,152728,2024-10-21,2024-12-05,Active
8087,Integrated fresh-thinking moderator,1,Sales,318660,2024-09-26,2026-04-11,Active
8088,User-centric scalable help-desk,5,Remarketing,313343,2025-12-23,2026-02-03,Paused
8089,User-centric zero tolerance model,5,Sales,74181,2025-08-04,2025-11-22,Completed
8090,Switchable intangible function,2,Sales,102136,2025-06-19,2025-07-22,Paused
8091,Persevering composite budgetary management,3,Lead Generation,301280,2025-02-07,2025-06-08,Paused
8092,Reduced eco-centric installation,3,Lead Generation,355547,2024-08-02,2025-01-17,Active
8093,Cross-group interactive leverage,2,Brand Awareness,222489,2025-08-21,2025-11-26,Completed
8094,Centralized analyzing toolset,2,Sales,478153,2026-05-19,2026-09-22,Paused
8095,Diverse responsive emulation,2,Brand Awareness,65182,2026-07-10,2026-09-06,Completed
8096,Triple-buffered dynamic capacity,2,Product Launch,368799,2024-09-03,2025-01-04,Active
8097,Organized composite algorithm,3,Lead Generation,379789,2025-02-15,2025-12-05,Paused
8098,Networked needs-based software,3,Remarketing,438122,2025-09-12,2026-01-18,Completed
8099,Public-key mission-critical encryption,2,Brand Awareness,380260,2026-02-25,2026-03-11,Paused
8100,Profound clear-thinking concept,1,Product Launch,492488,2024-10-04,2025-10-22,Active
8101,Right-sized eco-centric moderator,2,Product Launch,202586,2024-11-07,2025-07-08,Active
8102,Monitored tertiary contingency,1,Lead Generation,483097,2025-11-16,2026-06-09,Paused
8103,Centralized mission-critical moratorium,5,Brand Awareness,195812,2024-10-20,2025-01-14,Active
8104,Decentralized coherent algorithm,5,Lead Generation,208328,2024-11-20,2026-04-02,Completed
8105,Organic local frame,3,Sales,101960,2026-04-05,2026-09-24,Active
8106,Robust intermediate secured line,4,Remarketing,350946,2024-12-29,2026-04-12,Completed
8107,Compatible neutral algorithm,1,Sales,87095,2025-10-15,2026-05-22,Paused
8108,Down-sized heuristic forecast,1,Brand Awareness,41497,2024-10-20,2024-11-21,Completed
8109,Virtual solution-oriented intranet,4,Product Launch,437719,2026-01-12,2026-07-02,Active
8110,Sharable 24hour parallelism,3,Lead Generation,98809,2024-07-27,2024-11-16,Completed
8111,Re-engineered foreground secured line,2,Product Launch,73512,2026-03-17,2026-05-25,Active
8112,Versatile optimizing capacity,2,Product Launch,433828,2025-01-09,2025-07-17,Paused
8113,Assimilated secondary knowledge user,1,Lead Generation,419955,2025-07-05,2026-03-14,Active
8114,Implemented holistic policy,1,Brand Awareness,499156,2025-05-18,2025-09-17,Paused
8115,Universal multimedia challenge,2,Product Launch,105662,2026-03-24,2026-03-29,Active
8116,Cloned user-facing archive,3,Product Launch,173823,2025-01-20,2025-02-23,Paused
8117,User-friendly multi-state throughput,1,Brand Awareness,55884,2025-07-03,2025-07-04,Paused
8118,Proactive 3rdgeneration knowledge user,3,Sales,421936,2026-05-12,2026-09-24,Active
8119,Persevering 24hour moderator,3,Sales,406615,2026-01-12,2026-05-31,Paused
8120,Extended 5thgeneration product,5,Product Launch,83881,2026-02-16,2026-03-22,Active
8121,Horizontal 3rdgeneration intranet,3,Remarketing,98465,2026-01-27,2026-08-27,Active
8122,Mandatory multimedia customer loyalty,2,Product Launch,498553,2025-10-25,2026-10-02,Completed
8123,Proactive well-modulated ability,2,Brand Awareness,98005,2026-02-04,2026-07-10,Paused
8124,Extended logistical encoding,1,Lead Generation,168595,2025-01-13,2025-09-08,Active
8125,Diverse user-facing hardware,3,Brand Awareness,216163,2024-11-13,2025-04-11,Active
8126,De-engineered grid-enabled complexity,1,Product Launch,408097,2025-10-08,2026-05-03,Active
8127,Right-sized 3rdgeneration parallelism,3,Brand Awareness,314485,2024-10-20,2025-10-24,Active
8128,Re-engineered clear-thinking complexity,2,Lead Generation,225197,2026-02-24,2026-03-24,Paused
8129,Synergized holistic customer loyalty,1,Brand Awareness,428980,2025-10-04,2025-12-29,Active
8130,Object-based next generation approach,3,Lead Generation,159918,2024-08-16,2026-07-21,Active
8131,Phased stable support,5,Lead Generation,342762,2026-03-15,2026-10-01,Active
8132,Extended transitional software,3,Remarketing,317720,2024-11-28,2025-06-10,Active
8133,Total national encryption,2,Brand Awareness,21119,2024-12-07,2024-12-11,Active
8134,Expanded asynchronous forecast,1,Brand Awareness,61936,2025-07-26,2026-07-26,Completed
8135,Centralized real-time matrix,2,Brand Awareness,87453,2025-02-22,2026-01-12,Completed
8136,User-centric discrete solution,1,Lead Generation,442784,2026-01-30,2026-07-21,Paused
8137,Advanced zero administration capability,4,Product Launch,317870,2026-07-03,2026-10-06,Active
8138,Focused transitional database,1,Remarketing,61801,2026-05-02,2026-07-21,Completed
8139,Programmable reciprocal firmware,3,Sales,316005,2025-04-07,2026-05-23,Completed
8140,Multi-channeled full-range collaboration,2,Lead Generation,365795,2025-09-26,2025-10-06,Active
8141,Networked fresh-thinking frame,3,Product Launch,441730,2024-09-13,2025-09-20,Active
8142,Switchable modular frame,2,Lead Generation,198907,2025-07-04,2026-01-03,Paused
8143,Grass-roots mobile framework,3,Lead Generation,99819,2025-11-24,2026-10-07,Paused
8144,Multi-layered motivating paradigm,3,Brand Awareness,222259,2025-04-15,2025-07-28,Paused
8145,Ameliorated local paradigm,5,Sales,392567,2026-04-01,2026-06-25,Completed
8146,Proactive neutral policy,5,Remarketing,129736,2024-11-05,2026-09-13,Paused
8147,Universal tangible process improvement,1,Brand Awareness,187171,2025-01-20,2025-04-03,Active
8148,Universal holistic moderator,3,Remarketing,491232,2026-05-07,2026-07-10,Active
8149,Expanded didactic protocol,1,Product Launch,212673,2025-06-30,2026-04-30,Paused
8150,Robust heuristic utilization,1,Lead Generation,222164,2026-01-20,2026-03-20,Active
8151,Managed client-driven product,3,Product Launch,68991,2025-11-29,2026-08-05,Completed
8152,Multi-layered bandwidth-monitored service-desk,5,Lead Generation,82452,2026-03-10,2026-03-10,Active
8153,Optimized actuating moderator,2,Sales,442059,2024-11-16,2026-01-18,Completed
8154,Multi-tiered modular encryption,2,Sales,332134,2025-12-12,2026-08-10,Completed
8155,Quality-focused holistic initiative,4,Remarketing,290250,2026-05-07,2026-05-29,Active
8156,Total human-resource secured line,5,Sales,61029,2024-09-29,2025-06-19,Completed
8157,Programmable object-oriented capacity,4,Product Launch,256724,2024-09-08,2026-03-27,Paused
8158,Team-oriented directional application,5,Lead Generation,73238,2025-09-01,2026-06-26,Completed
8159,Managed systemic strategy,1,Remarketing,145205,2026-07-12,2026-07-13,Completed
8160,Vision-oriented actuating parallelism,3,Product Launch,129467,2025-03-23,2026-03-04,Completed
8161,Multi-lateral content-based array,5,Sales,382845,2025-11-18,2026-03-01,Paused
8162,Re-engineered foreground synergy,1,Brand Awareness,276244,2024-07-19,2025-03-28,Active
8163,Down-sized bifurcated core,2,Sales,440892,2025-12-15,2026-07-13,Paused
8164,Enhanced high-level Graphic Interface,2,Remarketing,397443,2024-08-31,2025-11-30,Completed
8165,Object-based 3rdgeneration software,5,Product Launch,125192,2025-09-04,2026-05-20,Paused
8166,Right-sized didactic concept,4,Brand Awareness,274665,2026-05-25,2026-06-05,Active
8167,Secured cohesive projection,3,Sales,162295,2026-03-26,2026-10-06,Paused
8168,Grass-roots composite array,2,Sales,424381,2025-03-05,2026-09-04,Paused
8169,Optional clear-thinking circuit,5,Remarketing,468617,2025-03-14,2025-07-20,Active
8170,Total mobile focus group,1,Sales,176246,2025-09-26,2025-12-20,Paused
8171,Fully-configurable logistical knowledgebase,4,Brand Awareness,290969,2026-07-03,2026-07-26,Active
8172,Reactive coherent focus group,1,Product Launch,223477,2025-12-05,2026-10-12,Completed
8173,Reactive incremental superstructure,1,Product Launch,77505,2024-08-31,2026-05-26,Active
8174,Multi-channeled optimizing neural-net,4,Brand Awareness,483193,2025-07-06,2026-02-03,Paused
8175,Monitored real-time parallelism,1,Brand Awareness,154868,2024-10-18,2025-01-11,Paused
8176,Grass-roots 5thgeneration challenge,2,Product Launch,31104,2025-10-17,2026-04-04,Active
8177,Balanced heuristic moratorium,3,Remarketing,233629,2026-03-06,2026-09-14,Active
8178,Organized needs-based data-warehouse,1,Remarketing,204869,2024-11-22,2026-04-09,Completed
8179,Networked cohesive website,1,Product Launch,165279,2025-09-21,2025-11-09,Completed
8180,Triple-buffered neutral success,2,Brand Awareness,342499,2024-08-09,2024-10-07,Active
8181,User-centric foreground product,2,Lead Generation,342249,2025-03-02,2026-01-01,Paused
8182,Enhanced reciprocal secured line,1,Lead Generation,77522,2026-04-12,2026-08-30,Completed
8183,Team-oriented executive strategy,4,Lead Generation,496153,2025-09-02,2026-07-23,Completed
8184,Intuitive content-based moratorium,5,Brand Awareness,45524,2024-08-21,2025-07-19,Completed
8185,Networked maximized hardware,2,Product Launch,165979,2024-10-12,2026-09-23,Paused
8186,Synchronized hybrid knowledge user,5,Lead Generation,231780,2025-06-07,2026-09-28,Completed
8187,Expanded tertiary architecture,2,Brand Awareness,284795,2024-11-25,2026-01-19,Paused
8188,Monitored zero tolerance functionalities,4,Brand Awareness,310723,2025-06-12,2025-10-10,Paused
8189,Object-based modular Internet solution,3,Sales,385974,2026-05-29,2026-08-07,Paused
8190,Focused needs-based pricing structure,3,Remarketing,150742,2025-04-01,2025-12-07,Paused
8191,Configurable user-facing productivity,2,Product Launch,423419,2025-12-23,2026-01-06,Completed
8192,User-friendly multi-tasking Internet solution,2,Remarketing,107147,2026-02-14,2026-09-13,Paused
8193,Monitored homogeneous solution,1,Sales,266833,2025-01-04,2025-01-06,Paused
8194,Future-proofed encompassing capability,4,Brand Awareness,289358,2025-07-08,2026-04-27,Active
8195,Public-key dedicated Graphic Interface,1,Sales,202021,2024-08-12,2025-08-20,Active
8196,Proactive optimal workforce,2,Remarketing,101426,2026-03-26,2026-07-10,Completed
8197,Fundamental incremental structure,1,Product Launch,186669,2025-05-19,2025-07-25,Completed
8198,Robust executive conglomeration,4,Sales,79810,2025-08-02,2026-04-18,Completed
8199,Focused didactic info-mediaries,4,Lead Generation,321087,2025-08-06,2026-01-25,Paused
8200,Ameliorated needs-based contingency,4,Brand Awareness,41042,2026-01-21,2026-08-12,Completed
8201,Public-key foreground installation,4,Brand Awareness,289230,2026-01-11,2026-03-13,Paused
8202,Customizable object-oriented project,5,Sales,107968,2024-09-28,2026-10-01,Completed
8203,Centralized motivating functionalities,3,Sales,103970,2025-12-17,2026-08-12,Paused
8204,Streamlined systematic standardization,2,Brand Awareness,383072,2025-11-23,2026-06-25,Active
8205,Reverse-engineered non-volatile help-desk,2,Product Launch,312848,2024-10-22,2025-04-30,Paused
8206,Innovative transitional neural-net,1,Sales,247921,2024-11-13,2025-10-14,Active
8207,Progressive asymmetric focus group,5,Brand Awareness,427867,2024-10-20,2025-04-18,Active
8208,Digitized 24/7 adapter,3,Product Launch,251868,2025-11-03,2026-04-23,Paused
8209,Future-proofed bottom-line moratorium,2,Sales,188623,2026-06-04,2026-09-11,Completed
8210,Horizontal multi-tasking approach,2,Remarketing,335111,2024-08-30,2025-04-15,Completed
8211,Future-proofed bandwidth-monitored superstructure,4,Product Launch,238342,2024-08-29,2026-10-10,Active
8212,Distributed motivating structure,1,Sales,323932,2024-08-27,2025-10-09,Completed
8213,Assimilated empowering structure,2,Sales,364686,2025-02-28,2025-11-13,Active
8214,Business-focused background definition,4,Brand Awareness,226221,2026-06-18,2026-10-07,Active
8215,Sharable client-server monitoring,5,Sales,451777,2025-03-09,2026-05-21,Paused
8216,Switchable clear-thinking encryption,1,Brand Awareness,457278,2025-07-29,2025-09-24,Active
8217,Adaptive maximized moratorium,2,Brand Awareness,149852,2024-11-11,2026-03-01,Paused
8218,Reverse-engineered hybrid utilization,4,Brand Awareness,312586,2025-08-25,2026-05-28,Paused
8219,Seamless actuating model,5,Lead Generation,196330,2026-01-04,2026-05-06,Completed
8220,Operative methodical ability,2,Lead Generation,49624,2025-03-01,2025-05-26,Completed
8221,Secured clear-thinking framework,5,Brand Awareness,427436,2025-09-28,2025-10-18,Completed
8222,Versatile demand-driven time-frame,2,Brand Awareness,217203,2026-07-08,2026-10-10,Active
8223,Decentralized global analyzer,4,Sales,424642,2024-09-09,2026-10-04,Active
8224,Configurable tertiary framework,3,Sales,17354,2025-09-05,2026-06-16,Paused
8225,Secured regional policy,2,Product Launch,135012,2026-03-26,2026-07-01,Completed
8226,Integrated disintermediate success,5,Sales,352785,2025-04-14,2026-02-03,Paused
8227,Grass-roots clear-thinking data-warehouse,2,Sales,296321,2025-01-16,2026-07-20,Paused
8228,Open-source transitional ability,1,Sales,301946,2026-05-03,2026-10-04,Paused
8229,Multi-lateral 4thgeneration toolset,2,Product Launch,120624,2025-12-26,2026-01-18,Paused
8230,Assimilated composite orchestration,1,Remarketing,339671,2026-03-24,2026-08-01,Active
8231,Sharable 24/7 array,1,Product Launch,456332,2025-07-31,2026-03-06,Paused
8232,Multi-layered multi-tasking frame,2,Sales,436626,2025-02-19,2025-03-24,Paused
8233,User-centric responsive encryption,2,Lead Generation,45448,2025-10-18,2026-07-22,Completed
8234,Distributed even-keeled flexibility,2,Product Launch,129107,2026-04-10,2026-07-18,Paused
8235,Reverse-engineered 5thgeneration initiative,4,Lead Generation,448768,2024-07-29,2025-09-28,Completed
8236,Exclusive asynchronous software,1,Product Launch,214780,2024-12-24,2026-03-14,Paused
8237,Decentralized system-worthy encoding,3,Brand Awareness,58542,2025-05-19,2025-05-23,Paused
8238,Enhanced logistical knowledgebase,5,Remarketing,282973,2025-11-28,2026-07-25,Completed
8239,Open-architected static capacity,2,Product Launch,299245,2026-05-24,2026-09-30,Completed
8240,Advanced radical structure,5,Lead Generation,73387,2025-05-27,2025-06-12,Active
8241,Networked motivating website,2,Remarketing,362032,2025-02-02,2025-12-06,Active
8242,Optional client-driven info-mediaries,4,Product Launch,50479,2026-06-21,2026-09-16,Paused
8243,Cross-platform coherent contingency,4,Brand Awareness,242141,2025-12-01,2026-07-19,Completed
8244,Diverse composite time-frame,3,Brand Awareness,489393,2025-02-28,2026-02-17,Completed
8245,User-centric radical ability,1,Brand Awareness,66163,2025-08-06,2026-10-12,Active
8246,Proactive dedicated success,5,Sales,168569,2025-10-31,2025-11-10,Paused
8247,Assimilated leadingedge function,2,Remarketing,384799,2026-02-14,2026-04-30,Active
8248,Upgradable holistic archive,2,Sales,388314,2026-02-08,2026-03-18,Paused
8249,Reactive zero-defect complexity,1,Product Launch,251119,2026-07-15,2026-09-13,Completed
8250,Organized full-range circuit,2,Sales,273609,2024-10-02,2024-12-11,Active
8251,Horizontal bandwidth-monitored hub,4,Sales,122622,2025-05-31,2026-09-15,Completed
8252,Inverse national open system,5,Brand Awareness,110689,2026-05-13,2026-10-13,Active
8253,Stand-alone background open system,3,Remarketing,264923,2024-11-21,2026-04-08,Active
8254,Fully-configurable foreground forecast,1,Remarketing,227460,2024-08-30,2025-04-22,Paused
8255,Ergonomic analyzing throughput,5,Lead Generation,270252,2025-01-30,2025-08-04,Completed
8256,Expanded even-keeled website,1,Sales,73969,2026-04-17,2026-08-11,Active
8257,Switchable intangible challenge,4,Brand Awareness,428084,2024-11-19,2026-06-17,Completed
8258,Persevering empowering customer loyalty,3,Remarketing,379388,2025-05-15,2026-04-06,Completed
8259,Face-to-face multi-tasking algorithm,3,Lead Generation,171596,2024-10-01,2025-07-31,Completed
8260,Multi-channeled explicit framework,4,Brand Awareness,471387,2025-05-03,2026-03-21,Paused
8261,Enterprise-wide object-oriented firmware,4,Brand Awareness,291395,2025-02-24,2026-05-30,Paused
8262,Seamless attitude-oriented leverage,4,Product Launch,381569,2024-08-27,2026-09-06,Completed
8263,Public-key composite analyzer,3,Brand Awareness,165214,2025-06-10,2025-12-12,Active
8264,Seamless zero administration throughput,2,Product Launch,274053,2024-08-10,2025-06-26,Completed
8265,Function-based dedicated encoding,4,Sales,325430,2025-08-27,2026-07-19,Completed
8266,Ameliorated foreground challenge,5,Lead Generation,287519,2025-03-13,2025-03-24,Active
8267,Cross-platform 24/7 secured line,2,Brand Awareness,257005,2026-05-05,2026-07-26,Paused
8268,Customizable local moderator,2,Sales,155909,2024-09-18,2025-12-13,Completed
8269,Balanced mission-critical circuit,3,Sales,317938,2025-11-07,2026-09-03,Active
8270,Cross-platform zero-defect array,2,Product Launch,477599,2025-10-07,2026-10-04,Paused
8271,Organized asynchronous frame,2,Remarketing,468291,2024-11-13,2025-05-05,Paused
8272,Fundamental 24/7 structure,3,Sales,249800,2025-12-26,2026-08-30,Paused
8273,Synchronized real-time Graphical User Interface,1,Product Launch,50785,2025-11-20,2026-08-25,Paused
8274,Streamlined uniform middleware,2,Product Launch,456817,2026-06-01,2026-07-19,Active
8275,Total optimizing groupware,4,Product Launch,490118,2024-09-23,2024-12-23,Paused
8276,Up-sized mobile policy,1,Remarketing,107728,2024-10-02,2026-04-22,Active
8277,Focused zero-defect concept,3,Remarketing,344656,2025-02-18,2025-09-29,Paused
8278,Seamless uniform knowledgebase,2,Product Launch,335749,2025-08-25,2026-07-01,Completed
8279,Extended value-added process improvement,1,Sales,331733,2026-04-11,2026-08-15,Paused
8280,Programmable incremental core,4,Lead Generation,106928,2024-12-16,2025-11-29,Completed
8281,Reduced human-resource budgetary management,5,Remarketing,237145,2026-05-08,2026-09-20,Paused
8282,Polarized zero tolerance portal,2,Remarketing,442159,2024-07-29,2025-12-23,Completed
8283,Secured full-range paradigm,1,Lead Generation,156790,2025-03-11,2025-05-08,Completed
8284,Centralized contextually-based process improvement,2,Brand Awareness,352350,2025-09-10,2026-03-15,Paused
8285,Triple-buffered zero tolerance matrix,2,Sales,85213,2024-10-13,2025-06-18,Completed
8286,Assimilated system-worthy policy,1,Lead Generation,470423,2025-04-16,2026-04-06,Active
8287,Organic actuating analyzer,1,Remarketing,472001,2024-12-27,2026-06-07,Active
8288,Future-proofed methodical instruction set,2,Lead Generation,99148,2025-10-21,2026-09-24,Completed
8289,Stand-alone eco-centric complexity,3,Remarketing,300379,2025-07-06,2025-10-24,Completed
8290,Inverse heuristic definition,1,Remarketing,468502,2026-04-17,2026-08-06,Active
8291,Fully-configurable optimizing standardization,4,Brand Awareness,224499,2025-07-04,2026-10-08,Active
8292,Diverse well-modulated middleware,5,Product Launch,422266,2024-08-04,2025-08-28,Completed
8293,Visionary multimedia artificial intelligence,1,Sales,368706,2025-12-10,2026-10-09,Completed
8294,Multi-tiered eco-centric Internet solution,3,Remarketing,424524,2024-12-11,2026-04-27,Active
8295,Assimilated non-volatile info-mediaries,1,Brand Awareness,425771,2025-09-18,2026-05-07,Paused
8296,Upgradable eco-centric knowledgebase,4,Product Launch,347688,2026-04-27,2026-08-26,Paused
8297,Right-sized web-enabled flexibility,3,Brand Awareness,422734,2024-09-16,2025-01-20,Paused
8298,Integrated demand-driven circuit,5,Sales,237591,2025-02-09,2026-05-23,Paused
8299,Persistent well-modulated neural-net,5,Brand Awareness,116233,2026-03-07,2026-07-03,Paused
8300,Diverse multi-tasking process improvement,3,Product Launch,340011,2025-02-15,2026-08-29,Active
8301,Proactive radical secured line,3,Remarketing,63422,2025-01-28,2025-02-08,Completed
8302,Reactive multimedia attitude,1,Remarketing,13133,2026-04-19,2026-05-27,Completed
8303,Synergized encompassing intranet,2,Product Launch,492163,2025-12-29,2026-06-15,Paused
8304,Customer-focused interactive artificial intelligence,1,Sales,342668,2024-10-13,2026-10-15,Active
8305,Multi-tiered user-facing Local Area Network,4,Lead Generation,498596,2025-12-14,2026-02-23,Completed
8306,Object-based incremental utilization,2,Lead Generation,256926,2026-04-21,2026-07-05,Active
8307,Operative incremental knowledge user,5,Brand Awareness,198471,2025-08-02,2025-10-26,Completed
8308,Universal heuristic Local Area Network,5,Remarketing,185469,2026-01-28,2026-08-31,Paused
8309,Polarized asymmetric pricing structure,5,Remarketing,440728,2025-09-18,2026-03-13,Active
8310,Automated foreground support,2,Sales,80509,2024-12-06,2025-08-22,Completed
8311,Monitored tangible paradigm,4,Lead Generation,155102,2025-06-22,2025-12-06,Completed
8312,Managed dynamic adapter,2,Remarketing,162627,2024-07-28,2024-10-07,Completed
8313,Multi-tiered multi-state migration,1,Remarketing,173459,2024-10-22,2025-05-31,Completed
8314,Devolved bottom-line projection,2,Product Launch,321577,2025-07-01,2026-04-25,Active
8315,Universal clear-thinking archive,4,Remarketing,313079,2026-04-06,2026-06-02,Paused
8316,Optimized multi-tasking encoding,2,Product Launch,470939,2024-11-29,2025-06-10,Paused
8317,Assimilated executive groupware,5,Sales,79739,2026-03-10,2026-07-13,Completed
8318,Cross-platform full-range benchmark,3,Remarketing,32955,2026-01-28,2026-09-27,Active
8319,Operative modular benchmark,4,Brand Awareness,178924,2025-05-18,2026-03-04,Active
8320,Multi-lateral local implementation,2,Product Launch,374527,2025-07-22,2025-08-22,Paused
8321,Reduced multimedia monitoring,3,Sales,490562,2025-07-13,2026-03-24,Paused
8322,Organized zero-defect workforce,3,Brand Awareness,414432,2025-06-11,2026-04-05,Paused
8323,Cross-group responsive migration,2,Brand Awareness,417968,2024-10-11,2026-01-02,Completed
8324,Re-engineered solution-oriented solution,3,Brand Awareness,334813,2025-02-25,2026-05-04,Completed
8325,Operative optimal analyzer,1,Lead Generation,335059,2025-11-20,2026-10-13,Active
8326,User-centric eco-centric moderator,5,Brand Awareness,454795,2024-10-04,2026-06-01,Completed
8327,Managed client-server paradigm,1,Remarketing,35477,2026-06-02,2026-07-13,Active
8328,Virtual didactic throughput,5,Lead Generation,73806,2025-05-06,2026-02-22,Active
8329,Focused demand-driven database,3,Brand Awareness,397936,2025-04-10,2026-01-26,Completed
8330,Intuitive mobile pricing structure,5,Sales,232319,2025-03-31,2026-02-01,Completed
8331,Face-to-face 6thgeneration conglomeration,4,Lead Generation,113192,2026-03-07,2026-08-09,Completed
8332,Realigned 24/7 interface,3,Brand Awareness,192864,2025-08-30,2026-04-27,Paused
8333,Pre-emptive tangible website,5,Lead Generation,61780,2025-02-10,2025-04-12,Active
8334,Fully-configurable heuristic support,3,Remarketing,272869,2026-05-10,2026-09-05,Active
8335,Quality-focused next generation framework,5,Sales,258951,2026-01-30,2026-05-24,Active
8336,Configurable solution-oriented implementation,1,Sales,212725,2025-11-30,2026-08-14,Paused
8337,Implemented bifurcated ability,3,Product Launch,17941,2024-11-22,2026-09-16,Active
8338,Realigned optimal throughput,3,Remarketing,10077,2026-06-15,2026-09-16,Completed
8339,Profound zero administration open system,2,Sales,47147,2025-11-27,2026-02-02,Active
8340,Innovative multi-tasking application,4,Product Launch,123041,2024-11-06,2026-04-25,Paused
8341,Face-to-face contextually-based project,2,Brand Awareness,53653,2025-07-25,2026-04-20,Paused
8342,Horizontal static product,2,Brand Awareness,83461,2025-03-04,2025-06-01,Completed
8343,Monitored holistic approach,5,Lead Generation,356953,2024-07-21,2025-08-04,Completed
8344,Face-to-face mission-critical encryption,5,Brand Awareness,197527,2025-06-19,2025-11-28,Paused
8345,Multi-channeled uniform encoding,1,Lead Generation,367443,2024-11-23,2025-05-23,Paused
8346,User-friendly empowering database,5,Sales,485293,2026-02-24,2026-07-13,Paused
8347,Automated bottom-line installation,4,Brand Awareness,80635,2025-10-26,2025-12-16,Completed
8348,Compatible executive challenge,5,Product Launch,437691,2026-06-03,2026-06-20,Active
8349,Organized regional encoding,2,Brand Awareness,75633,2025-03-27,2026-06-24,Completed
8350,Persevering non-volatile product,2,Lead Generation,420122,2026-06-18,2026-06-19,Paused
8351,Virtual system-worthy methodology,5,Product Launch,128824,2026-03-09,2026-08-29,Paused
8352,Upgradable client-server system engine,1,Brand Awareness,357787,2024-10-19,2025-09-23,Active
8353,Realigned cohesive productivity,2,Sales,323504,2025-11-19,2026-03-22,Completed
8354,Realigned homogeneous intranet,4,Brand Awareness,57506,2024-09-19,2025-11-14,Paused
8355,Object-based motivating artificial intelligence,1,Product Launch,469149,2024-07-24,2024-08-02,Completed
8356,Public-key local throughput,3,Product Launch,54544,2025-03-19,2025-07-18,Paused
8357,Expanded incremental secured line,1,Remarketing,472565,2024-11-17,2025-01-08,Completed
8358,Multi-lateral system-worthy open architecture,3,Lead Generation,268592,2024-08-07,2025-06-13,Active
8359,Programmable global support,5,Lead Generation,432488,2026-05-08,2026-06-10,Paused
8360,Reactive hybrid approach,4,Remarketing,213119,2025-05-04,2026-03-27,Completed
8361,Face-to-face attitude-oriented standardization,2,Sales,474548,2024-09-19,2026-09-13,Active
8362,Open-source exuding portal,1,Sales,365710,2026-06-06,2026-09-05,Paused
8363,Digitized attitude-oriented projection,2,Product Launch,17026,2025-11-18,2026-01-07,Paused
8364,Realigned attitude-oriented standardization,1,Product Launch,144599,2025-12-16,2026-01-03,Paused
8365,Optimized mobile matrix,5,Sales,143698,2025-12-06,2026-07-28,Completed
8366,Streamlined tangible encoding,1,Brand Awareness,207609,2026-04-24,2026-08-17,Paused
8367,Assimilated 5thgeneration open system,1,Brand Awareness,433897,2025-12-30,2026-08-15,Paused
8368,Phased content-based extranet,5,Product Launch,482950,2025-06-29,2026-06-14,Active
8369,De-engineered executive adapter,2,Sales,439822,2024-09-02,2026-04-20,Paused
8370,Reduced optimal portal,1,Brand Awareness,302157,2026-07-04,2026-07-23,Active
8371,Integrated didactic attitude,5,Remarketing,106016,2026-03-14,2026-10-03,Active
8372,Sharable content-based instruction set,1,Lead Generation,415593,2025-02-06,2026-10-11,Paused
8373,Object-based composite Graphic Interface,4,Remarketing,64727,2026-07-10,2026-07-28,Active
8374,Triple-buffered intermediate archive,4,Brand Awareness,35638,2026-03-07,2026-07-27,Active
8375,Quality-focused actuating productivity,5,Sales,302835,2024-12-11,2025-02-07,Active
8376,Robust upward-trending budgetary management,5,Remarketing,434833,2024-09-19,2025-05-18,Active
8377,Fundamental analyzing emulation,4,Remarketing,387214,2025-12-09,2026-05-06,Active
8378,Universal clear-thinking installation,1,Sales,348351,2025-08-15,2026-02-06,Active
8379,Self-enabling optimizing groupware,3,Remarketing,84875,2024-07-21,2025-08-10,Active
8380,Customer-focused empowering secured line,4,Brand Awareness,319838,2025-02-17,2026-04-08,Active
8381,Team-oriented secondary utilization,4,Remarketing,378382,2025-09-17,2026-04-24,Paused
8382,Stand-alone grid-enabled protocol,1,Sales,385375,2026-04-28,2026-05-10,Paused
8383,Visionary high-level support,2,Remarketing,250653,2025-10-20,2025-10-20,Active
8384,Public-key next generation forecast,3,Lead Generation,458065,2025-07-15,2026-01-03,Active
8385,Progressive full-range focus group,3,Remarketing,44604,2025-06-08,2026-03-20,Active
8386,Triple-buffered incremental utilization,4,Remarketing,285023,2025-10-01,2026-07-11,Active
8387,Networked zero tolerance migration,2,Sales,283286,2025-08-30,2025-10-11,Paused
8388,Automated uniform interface,5,Remarketing,429785,2025-12-25,2026-09-01,Paused
8389,Balanced asynchronous flexibility,3,Remarketing,217092,2025-06-27,2026-04-14,Active
8390,Centralized bandwidth-monitored portal,3,Remarketing,116899,2025-12-25,2026-07-06,Completed
8391,Streamlined disintermediate process improvement,4,Product Launch,208071,2024-09-30,2025-03-14,Completed
8392,Re-engineered analyzing model,1,Brand Awareness,362294,2024-12-20,2025-11-24,Paused
8393,Front-line 4thgeneration standardization,5,Brand Awareness,471976,2026-06-26,2026-09-16,Paused
8394,Open-architected radical synergy,4,Product Launch,75088,2025-01-12,2025-07-26,Active
8395,Profit-focused demand-driven time-frame,5,Product Launch,173117,2025-05-01,2025-07-23,Active
8396,User-centric cohesive extranet,1,Product Launch,393083,2026-05-19,2026-08-16,Active
8397,Up-sized next generation architecture,2,Sales,14983,2025-05-26,2025-12-12,Active
8398,Quality-focused attitude-oriented artificial intelligence,1,Brand Awareness,496801,2025-06-19,2026-05-24,Paused
8399,Proactive fresh-thinking forecast,2,Product Launch,343342,2025-07-30,2026-01-08,Completed
8400,Total eco-centric intranet,3,Lead Generation,372406,2025-12-05,2026-06-09,Active
8401,Networked radical pricing structure,5,Product Launch,180185,2025-05-09,2026-05-15,Active
8402,Enterprise-wide web-enabled emulation,2,Remarketing,136765,2026-06-02,2026-06-26,Active
8403,Future-proofed systematic complexity,3,Product Launch,438295,2025-09-24,2026-09-04,Active
8404,User-centric composite functionalities,2,Sales,196539,2026-05-30,2026-08-31,Paused
8405,Proactive radical attitude,3,Sales,138934,2025-12-24,2026-05-10,Active
8406,Reduced context-sensitive definition,5,Lead Generation,257210,2024-10-26,2026-06-05,Paused
8407,Switchable empowering help-desk,4,Product Launch,462563,2025-02-27,2026-08-29,Paused
8408,Enhanced even-keeled strategy,4,Lead Generation,348404,2026-05-13,2026-06-06,Active
8409,Team-oriented multi-state knowledgebase,4,Brand Awareness,383330,2024-11-29,2026-07-03,Completed
8410,Ameliorated responsive monitoring,3,Remarketing,315405,2024-12-26,2025-12-19,Paused
8411,Innovative bottom-line emulation,1,Brand Awareness,372425,2026-03-06,2026-06-12,Active
8412,Decentralized zero administration monitoring,5,Brand Awareness,370623,2024-09-15,2024-11-24,Completed
8413,Secured uniform interface,1,Brand Awareness,69461,2025-11-02,2026-02-24,Paused
8414,Triple-buffered coherent installation,1,Brand Awareness,406502,2026-05-24,2026-08-19,Active
8415,Intuitive 5thgeneration time-frame,1,Brand Awareness,169225,2026-02-01,2026-06-06,Completed
8416,Persistent dynamic instruction set,3,Sales,337460,2026-02-20,2026-07-03,Paused
8417,Versatile bi-directional groupware,4,Sales,410554,2025-01-03,2025-10-05,Active
8418,Business-focused mobile Graphical User Interface,1,Remarketing,257910,2026-03-27,2026-08-11,Paused
8419,Upgradable dynamic benchmark,4,Remarketing,332236,2025-01-28,2026-02-07,Completed
8420,Reactive client-driven ability,2,Sales,391986,2025-01-31,2025-02-21,Active
8421,Profit-focused radical knowledgebase,1,Product Launch,293508,2025-01-04,2025-06-19,Completed
8422,Monitored multi-state capability,3,Sales,172820,2025-06-18,2026-06-01,Active
8423,Virtual 24/7 model,3,Product Launch,99277,2024-08-20,2026-01-20,Active
8424,Cloned 4thgeneration approach,5,Remarketing,273782,2025-01-07,2026-01-26,Paused
8425,Synchronized reciprocal analyzer,4,Remarketing,289759,2024-12-07,2025-02-28,Completed
8426,Optimized static projection,1,Remarketing,356387,2025-01-10,2026-08-29,Completed
8427,Assimilated bi-directional alliance,5,Product Launch,236695,2025-04-03,2025-12-30,Active
8428,Persistent demand-driven interface,5,Lead Generation,60808,2024-12-13,2025-11-06,Completed
8429,Polarized transitional knowledge user,3,Brand Awareness,199358,2025-03-03,2026-08-12,Active
8430,Cross-group grid-enabled approach,1,Lead Generation,145081,2024-10-21,2026-02-21,Paused
8431,Versatile well-modulated parallelism,2,Sales,170968,2026-01-09,2026-08-16,Completed
8432,Front-line needs-based strategy,2,Lead Generation,326051,2026-01-14,2026-06-02,Paused
8433,Right-sized human-resource product,3,Remarketing,487984,2024-12-09,2025-03-10,Paused
8434,Assimilated didactic artificial intelligence,4,Sales,462708,2025-04-16,2025-07-17,Completed
8435,Enhanced scalable core,2,Lead Generation,472694,2025-04-08,2026-04-16,Active
8436,Virtual 24/7 focus group,3,Sales,464587,2024-09-09,2026-08-11,Active
8437,De-engineered content-based forecast,4,Lead Generation,192231,2025-09-19,2025-10-04,Active
8438,Fully-configurable methodical knowledge user,4,Sales,143858,2024-09-17,2026-08-12,Paused
8439,Profound dynamic challenge,5,Remarketing,82072,2025-01-24,2026-03-26,Paused
8440,Object-based leadingedge ability,3,Product Launch,425319,2026-03-04,2026-04-12,Active
8441,Exclusive modular implementation,3,Brand Awareness,469408,2024-09-07,2025-10-30,Active
8442,Switchable 6thgeneration extranet,1,Product Launch,278113,2026-05-01,2026-06-22,Active
8443,Up-sized solution-oriented productivity,1,Product Launch,280886,2024-11-29,2026-04-23,Paused
8444,Robust clear-thinking implementation,3,Lead Generation,75639,2024-09-11,2025-04-11,Completed
8445,Decentralized hybrid groupware,3,Sales,348049,2024-11-15,2025-08-01,Completed
8446,Versatile encompassing database,3,Lead Generation,185082,2024-12-11,2026-02-12,Paused
8447,Cross-platform clear-thinking flexibility,3,Product Launch,343143,2026-03-24,2026-05-07,Completed
8448,Inverse systemic software,3,Lead Generation,39670,2025-12-01,2026-07-12,Paused
8449,Digitized asynchronous ability,1,Remarketing,272588,2024-11-25,2025-01-21,Paused
8450,Focused full-range utilization,2,Brand Awareness,260417,2026-03-09,2026-03-11,Active
8451,Sharable transitional concept,1,Product Launch,183935,2025-07-23,2025-09-20,Paused
8452,Optimized asymmetric algorithm,2,Sales,498840,2025-07-16,2026-01-12,Completed
8453,Streamlined heuristic parallelism,5,Sales,253876,2025-03-27,2025-08-07,Completed
8454,Advanced 5thgeneration attitude,2,Brand Awareness,424568,2024-09-04,2026-07-29,Active
8455,Devolved well-modulated hub,3,Product Launch,209390,2025-09-11,2026-05-15,Paused
8456,Total systemic instruction set,5,Product Launch,99787,2024-08-16,2024-12-13,Paused
8457,De-engineered high-level definition,5,Brand Awareness,76111,2024-12-06,2025-02-08,Active
8458,Pre-emptive tertiary analyzer,5,Remarketing,263309,2025-12-02,2026-08-04,Active
8459,Integrated demand-driven throughput,1,Sales,114892,2025-10-06,2025-10-19,Paused
8460,Advanced discrete process improvement,2,Sales,194981,2025-06-11,2025-12-07,Completed
8461,Fully-configurable directional core,5,Lead Generation,484260,2025-05-31,2026-10-15,Paused
8462,Automated local infrastructure,5,Product Launch,94597,2026-07-02,2026-10-13,Completed
8463,Realigned actuating installation,5,Product Launch,48295,2025-03-22,2026-06-06,Completed
8464,Grass-roots 4thgeneration synergy,2,Sales,71212,2025-02-22,2026-02-03,Active
8465,Total next generation strategy,5,Sales,26638,2024-09-02,2026-02-20,Active
8466,Progressive context-sensitive hub,4,Product Launch,329362,2025-03-16,2025-09-14,Completed
8467,Multi-lateral didactic circuit,2,Remarketing,252674,2025-08-29,2026-05-30,Paused
8468,Cloned reciprocal matrix,2,Remarketing,37598,2024-11-13,2025-03-20,Completed
8469,Quality-focused composite process improvement,1,Sales,25500,2025-01-24,2025-07-16,Active
8470,Pre-emptive executive adapter,4,Lead Generation,456403,2024-10-26,2026-08-26,Active
8471,Team-oriented interactive definition,2,Remarketing,174514,2026-02-01,2026-06-15,Completed
8472,Visionary static array,4,Lead Generation,134416,2025-06-03,2026-05-07,Completed
8473,Down-sized tertiary methodology,5,Sales,338270,2026-03-29,2026-08-12,Paused
8474,Re-contextualized empowering emulation,3,Lead Generation,336889,2024-09-20,2025-02-14,Active
8475,Quality-focused value-added forecast,1,Product Launch,137254,2026-05-02,2026-05-09,Completed
8476,Profit-focused attitude-oriented infrastructure,5,Lead Generation,483872,2025-05-11,2026-01-09,Completed
8477,Cloned systemic customer loyalty,1,Remarketing,413551,2024-09-18,2024-10-20,Active
8478,Persevering composite capability,2,Brand Awareness,153041,2026-01-28,2026-04-07,Paused
8479,Cloned attitude-oriented knowledge user,3,Remarketing,244089,2024-10-27,2025-03-05,Paused
8480,Down-sized multi-tasking Internet solution,2,Brand Awareness,240991,2025-08-26,2026-01-11,Active
8481,Profit-focused didactic installation,1,Product Launch,144572,2025-08-17,2025-12-15,Completed
8482,Expanded discrete migration,1,Lead Generation,316877,2025-08-15,2025-11-22,Completed
8483,Automated multimedia archive,4,Product Launch,376512,2024-10-14,2025-01-15,Paused
8484,Fundamental optimizing frame,1,Product Launch,265171,2025-10-18,2025-11-10,Paused
8485,Configurable mission-critical synergy,5,Remarketing,202690,2024-09-21,2026-07-12,Paused
8486,Re-engineered leadingedge policy,1,Product Launch,359378,2025-03-28,2026-09-07,Completed
8487,Proactive client-server help-desk,1,Remarketing,352696,2024-10-03,2025-08-10,Paused
8488,Advanced actuating methodology,5,Brand Awareness,282457,2026-05-17,2026-09-21,Active
8489,Optimized solution-oriented leverage,5,Remarketing,278053,2025-05-04,2025-07-21,Active
8490,Inverse next generation task-force,4,Sales,212859,2024-09-12,2025-04-21,Completed
8491,Re-contextualized even-keeled website,5,Lead Generation,170239,2026-02-04,2026-09-05,Active
8492,Fundamental client-driven secured line,5,Product Launch,74570,2026-05-28,2026-06-08,Paused
8493,Managed transitional Local Area Network,4,Lead Generation,189540,2025-03-22,2025-04-25,Active
8494,Compatible responsive approach,1,Remarketing,336467,2024-10-30,2025-07-06,Completed
8495,Focused bottom-line data-warehouse,5,Sales,93839,2025-04-05,2025-11-19,Completed
8496,Up-sized context-sensitive analyzer,3,Remarketing,237236,2024-09-20,2025-04-10,Active
8497,Fully-configurable neutral focus group,3,Sales,156983,2024-10-29,2024-12-02,Completed
8498,Realigned radical focus group,1,Brand Awareness,147179,2025-08-05,2026-09-07,Completed
8499,Multi-lateral dynamic frame,1,Brand Awareness,192184,2026-01-25,2026-09-10,Completed
8500,Stand-alone mission-critical forecast,4,Sales,339564,2026-05-22,2026-07-19,Paused
8501,Horizontal methodical workforce,4,Remarketing,162622,2025-06-05,2026-04-15,Paused
8502,Right-sized non-volatile instruction set,3,Remarketing,340253,2025-06-05,2025-12-05,Completed
8503,Virtual zero administration functionalities,4,Lead Generation,304900,2025-08-06,2025-12-28,Paused
8504,Distributed 3rdgeneration standardization,2,Lead Generation,374368,2026-02-07,2026-05-19,Completed
8505,Profit-focused multimedia infrastructure,4,Lead Generation,330920,2024-07-20,2025-06-29,Active
8506,Future-proofed 6thgeneration implementation,4,Brand Awareness,128610,2025-01-26,2026-07-13,Active
8507,Persistent user-facing moderator,3,Lead Generation,116117,2024-09-11,2026-06-24,Completed
8508,Re-engineered needs-based process improvement,3,Product Launch,393533,2024-09-23,2026-04-21,Paused
8509,Organized zero-defect flexibility,2,Brand Awareness,425177,2026-06-08,2026-10-13,Paused
8510,Sharable contextually-based data-warehouse,1,Sales,47975,2025-10-28,2025-10-29,Active
8511,Devolved even-keeled instruction set,3,Lead Generation,495104,2024-11-12,2026-06-24,Paused
8512,Visionary object-oriented secured line,1,Remarketing,292501,2024-12-09,2026-06-19,Paused
8513,Synchronized scalable initiative,2,Lead Generation,160163,2024-09-27,2024-11-02,Paused
8514,Multi-channeled fault-tolerant monitoring,1,Lead Generation,65674,2026-04-26,2026-07-27,Paused
8515,Implemented global Graphic Interface,4,Product Launch,269250,2026-07-01,2026-10-09,Active
8516,Object-based foreground infrastructure,5,Brand Awareness,109767,2024-12-25,2025-07-20,Paused
8517,Seamless actuating utilization,1,Lead Generation,175094,2025-09-10,2025-12-29,Paused
8518,Adaptive coherent instruction set,3,Lead Generation,492630,2025-07-24,2026-06-08,Completed
8519,Proactive executive database,5,Remarketing,87828,2025-02-09,2025-07-30,Paused
8520,Open-source even-keeled alliance,2,Sales,81874,2026-05-08,2026-06-13,Completed
8521,Front-line non-volatile ability,5,Lead Generation,496881,2025-11-08,2026-07-23,Active
8522,Devolved analyzing architecture,4,Lead Generation,496516,2025-04-17,2026-02-04,Completed
8523,Expanded coherent Graphic Interface,1,Lead Generation,11621,2026-07-17,2026-09-12,Paused
8524,Switchable coherent infrastructure,2,Product Launch,392590,2025-02-13,2026-09-06,Paused
8525,Front-line interactive secured line,3,Sales,398189,2025-07-07,2026-03-13,Paused
8526,Persevering intangible protocol,2,Brand Awareness,346797,2026-06-13,2026-10-11,Completed
8527,Multi-tiered maximized extranet,4,Remarketing,11093,2024-11-22,2026-02-22,Active
8528,Cloned fault-tolerant ability,1,Brand Awareness,93162,2025-05-16,2026-04-10,Paused
8529,Re-engineered grid-enabled product,4,Remarketing,455238,2026-05-05,2026-05-15,Completed
8530,Cross-group tertiary encoding,3,Product Launch,272507,2026-06-06,2026-09-27,Paused
8531,Configurable modular system engine,4,Product Launch,386586,2026-01-05,2026-07-17,Active
8532,Cross-group fault-tolerant protocol,2,Sales,182776,2026-01-06,2026-08-08,Completed
8533,Organized directional budgetary management,1,Brand Awareness,174495,2026-05-19,2026-05-26,Paused
8534,Multi-tiered upward-trending installation,4,Brand Awareness,119334,2026-01-13,2026-08-21,Paused
8535,Secured bottom-line protocol,2,Remarketing,330860,2025-08-25,2025-11-09,Paused
8536,Future-proofed client-driven throughput,3,Remarketing,116536,2026-03-24,2026-05-23,Paused
8537,Assimilated didactic moderator,4,Lead Generation,180222,2024-11-19,2026-09-29,Completed
8538,User-friendly national knowledgebase,1,Lead Generation,311398,2025-11-15,2026-02-26,Active
8539,Fully-configurable next generation structure,5,Lead Generation,332451,2025-10-22,2026-09-03,Paused
8540,Cross-platform high-level middleware,5,Lead Generation,135522,2025-03-19,2025-10-14,Active
8541,Reduced solution-oriented complexity,2,Remarketing,80507,2025-11-07,2025-12-12,Active
8542,Enhanced global frame,5,Lead Generation,468682,2024-11-22,2025-06-12,Paused
8543,Cross-group asynchronous data-warehouse,5,Product Launch,130614,2026-07-07,2026-09-15,Completed
8544,Balanced intermediate matrices,4,Sales,142480,2025-08-11,2025-09-10,Paused
8545,Adaptive web-enabled product,4,Product Launch,160979,2024-10-09,2025-11-10,Paused
8546,Multi-channeled mission-critical orchestration,1,Product Launch,488578,2024-08-01,2025-05-21,Active
8547,Organized responsive orchestration,4,Lead Generation,33134,2025-09-06,2025-12-26,Paused
8548,Decentralized transitional architecture,1,Lead Generation,323516,2025-01-07,2025-10-29,Paused
8549,Virtual foreground array,5,Sales,344616,2024-10-07,2026-02-27,Completed
8550,Organized maximized encryption,4,Lead Generation,15870,2025-12-25,2026-09-09,Completed
8551,De-engineered explicit task-force,1,Brand Awareness,366870,2025-08-29,2026-05-07,Active
8552,Face-to-face intermediate concept,3,Lead Generation,145598,2026-05-05,2026-07-15,Active
8553,Customizable local Internet solution,3,Brand Awareness,94391,2024-10-23,2026-09-02,Active
8554,Organized object-oriented info-mediaries,4,Remarketing,91775,2024-08-29,2026-09-05,Active
8555,Advanced grid-enabled toolset,2,Lead Generation,59428,2025-09-19,2026-10-15,Active
8556,Self-enabling 5thgeneration collaboration,4,Sales,463577,2025-05-23,2026-07-17,Paused
8557,Enterprise-wide homogeneous frame,4,Lead Generation,343403,2026-06-24,2026-08-10,Active
8558,Streamlined empowering matrix,1,Sales,241002,2024-11-06,2026-05-07,Active
8559,Managed optimizing migration,5,Sales,373764,2024-07-19,2026-03-22,Paused
8560,Inverse transitional matrix,1,Sales,138521,2025-01-06,2025-08-19,Paused
8561,Phased demand-driven orchestration,4,Product Launch,347400,2025-07-23,2026-07-15,Paused
8562,Integrated upward-trending hub,2,Sales,132722,2024-11-08,2025-10-28,Completed
8563,Managed zero administration process improvement,5,Sales,426318,2025-01-06,2026-02-13,Paused
8564,Adaptive bandwidth-monitored protocol,1,Product Launch,156980,2025-07-19,2026-07-30,Completed
8565,Reverse-engineered systematic productivity,3,Brand Awareness,192238,2026-02-11,2026-10-14,Completed
8566,Synergistic multimedia utilization,1,Product Launch,406251,2025-12-16,2026-07-17,Active
8567,Proactive hybrid focus group,4,Sales,315483,2024-12-03,2026-06-06,Paused
8568,Open-source zero-defect architecture,1,Brand Awareness,487895,2026-01-08,2026-09-15,Completed
8569,Enhanced local contingency,2,Brand Awareness,386917,2025-03-04,2026-08-01,Active
8570,Virtual high-level challenge,4,Lead Generation,477340,2026-03-07,2026-06-19,Active
8571,Business-focused global moderator,1,Remarketing,241759,2026-03-13,2026-06-03,Completed
8572,Distributed analyzing system engine,1,Brand Awareness,63899,2024-08-26,2026-08-22,Active
8573,Balanced heuristic budgetary management,5,Lead Generation,414727,2026-02-09,2026-06-07,Active
8574,Reverse-engineered real-time encryption,4,Remarketing,499009,2026-04-13,2026-07-14,Completed
8575,Ameliorated bifurcated secured line,2,Product Launch,257336,2025-01-09,2025-08-03,Completed
8576,Focused fault-tolerant infrastructure,4,Product Launch,432512,2025-05-27,2025-12-30,Completed
8577,User-friendly 6thgeneration interface,3,Product Launch,407032,2026-06-03,2026-07-05,Paused
8578,Object-based dedicated attitude,1,Remarketing,176802,2025-11-02,2026-07-26,Paused
8579,Cross-group tangible Graphical User Interface,2,Sales,479095,2025-11-19,2026-06-11,Active
8580,User-friendly clear-thinking website,2,Product Launch,25845,2025-02-23,2025-08-02,Completed
8581,Proactive 5thgeneration Graphical User Interface,3,Sales,424945,2025-02-21,2026-05-16,Completed
8582,Visionary bottom-line projection,1,Lead Generation,388133,2024-11-29,2026-02-06,Paused
8583,Business-focused transitional intranet,4,Product Launch,231961,2026-05-09,2026-06-16,Completed
8584,Multi-tiered encompassing moratorium,1,Sales,461269,2026-06-24,2026-09-07,Active
8585,Polarized human-resource structure,1,Product Launch,438296,2025-09-15,2026-04-14,Completed
8586,Seamless zero administration conglomeration,4,Remarketing,135921,2024-11-18,2025-10-12,Paused
8587,Assimilated background superstructure,5,Brand Awareness,88424,2024-12-01,2025-03-24,Active
8588,Progressive intermediate middleware,5,Product Launch,32616,2025-04-30,2026-10-12,Paused
8589,Synchronized needs-based Local Area Network,3,Product Launch,168531,2025-01-16,2025-09-05,Paused
8590,Managed stable structure,5,Product Launch,45050,2026-06-14,2026-09-07,Paused
8591,Automated web-enabled knowledgebase,4,Lead Generation,312646,2024-12-02,2026-05-06,Completed
8592,Upgradable heuristic neural-net,3,Remarketing,459024,2025-08-30,2025-09-03,Paused
8593,Ergonomic value-added support,2,Remarketing,106872,2024-08-29,2026-06-06,Paused
8594,Enhanced zero-defect firmware,2,Brand Awareness,334900,2026-02-20,2026-08-05,Paused
8595,Organized tertiary artificial intelligence,4,Brand Awareness,12331,2025-08-29,2026-09-08,Completed
8596,Reactive tangible application,4,Product Launch,404482,2026-06-05,2026-06-26,Active
8597,Team-oriented multimedia framework,1,Brand Awareness,432415,2025-08-06,2025-08-12,Active
8598,Ergonomic mission-critical workforce,5,Sales,322817,2025-12-20,2026-07-29,Paused
8599,Exclusive needs-based neural-net,3,Sales,60028,2026-05-01,2026-08-14,Active
8600,Face-to-face homogeneous orchestration,1,Brand Awareness,338145,2025-10-28,2026-05-06,Paused
8601,Organized dedicated hardware,2,Sales,62969,2026-06-27,2026-08-13,Completed
8602,Expanded actuating attitude,2,Lead Generation,430278,2025-12-14,2026-08-04,Completed
8603,Extended directional website,3,Brand Awareness,70388,2024-07-29,2026-08-11,Completed
8604,Down-sized intangible middleware,3,Lead Generation,460246,2024-12-25,2025-05-09,Completed
8605,Diverse zero-defect methodology,5,Brand Awareness,375606,2025-04-29,2026-02-09,Paused
8606,Front-line leadingedge system engine,1,Brand Awareness,47813,2026-04-03,2026-04-18,Active
8607,Versatile solution-oriented utilization,5,Lead Generation,51179,2025-05-07,2025-10-09,Active
8608,Cloned contextually-based open architecture,1,Sales,378945,2026-05-31,2026-06-28,Completed
8609,Cross-platform tertiary matrix,4,Remarketing,355177,2025-11-26,2026-01-06,Completed
8610,Visionary next generation migration,5,Remarketing,58086,2025-07-22,2026-01-18,Active
8611,Inverse encompassing open architecture,2,Remarketing,180835,2025-10-27,2026-09-17,Completed
8612,Extended 3rdgeneration matrix,5,Product Launch,374923,2025-06-16,2025-08-19,Active
8613,Cross-group tangible emulation,4,Sales,454941,2025-06-26,2026-05-30,Completed
8614,Persistent human-resource ability,5,Remarketing,418597,2025-11-19,2026-09-13,Completed
8615,Operative multi-tasking definition,4,Product Launch,248291,2024-08-28,2025-03-17,Active
8616,Streamlined well-modulated website,3,Remarketing,238038,2025-02-08,2025-04-29,Completed
8617,Virtual client-driven data-warehouse,1,Product Launch,399272,2026-05-17,2026-05-26,Paused
8618,Organic composite encoding,2,Lead Generation,198062,2024-11-23,2025-04-05,Completed
8619,Mandatory full-range array,3,Brand Awareness,132645,2025-02-07,2025-09-25,Completed
8620,Configurable disintermediate support,1,Remarketing,331467,2025-08-04,2026-01-04,Active
8621,Programmable 3rdgeneration customer loyalty,1,Brand Awareness,156925,2024-11-02,2025-05-02,Active
8622,Multi-channeled leadingedge process improvement,3,Sales,400263,2024-12-01,2026-04-01,Paused
8623,Ergonomic dedicated attitude,3,Remarketing,77846,2025-07-17,2025-07-30,Paused
8624,Seamless explicit productivity,5,Product Launch,116227,2025-07-25,2025-10-09,Active
8625,Fundamental zero tolerance Internet solution,4,Lead Generation,301311,2025-04-17,2026-06-27,Paused
8626,Down-sized stable system engine,1,Lead Generation,244775,2025-03-14,2026-09-25,Completed
8627,Digitized contextually-based functionalities,2,Brand Awareness,306283,2025-10-05,2025-11-18,Completed
8628,Multi-channeled well-modulated support,5,Lead Generation,214175,2026-01-15,2026-05-14,Active
8629,Operative exuding hierarchy,5,Lead Generation,190892,2025-11-24,2026-10-09,Active
8630,Adaptive motivating open architecture,2,Remarketing,416297,2025-05-14,2026-05-31,Paused
8631,Customer-focused contextually-based complexity,1,Remarketing,159434,2024-08-15,2025-09-12,Completed
8632,Profit-focused leadingedge access,4,Brand Awareness,150485,2026-02-09,2026-06-12,Active
8633,Universal mission-critical array,1,Remarketing,246415,2025-07-22,2026-01-25,Paused
8634,Digitized bottom-line budgetary management,4,Brand Awareness,269408,2026-06-08,2026-06-30,Completed
8635,Multi-lateral fault-tolerant interface,5,Brand Awareness,90719,2024-09-09,2025-09-12,Paused
8636,Optional directional framework,1,Brand Awareness,187098,2026-07-16,2026-09-27,Completed
8637,Advanced multi-state adapter,2,Remarketing,24365,2025-11-04,2026-05-14,Active
8638,Cross-group multi-state middleware,1,Sales,55943,2025-05-19,2026-06-20,Completed
8639,Enhanced leadingedge ability,3,Sales,240149,2024-12-11,2025-07-20,Active
8640,Triple-buffered hybrid product,4,Lead Generation,94775,2025-06-22,2025-06-22,Paused
8641,Re-engineered system-worthy core,2,Remarketing,336703,2025-06-15,2026-01-19,Paused
8642,Grass-roots 4thgeneration hardware,3,Lead Generation,25092,2025-06-24,2026-06-02,Completed
8643,Mandatory motivating service-desk,1,Lead Generation,430476,2026-07-10,2026-09-02,Paused
8644,Ergonomic foreground middleware,4,Remarketing,492388,2024-12-22,2025-06-30,Completed
8645,De-engineered background ability,1,Product Launch,31710,2026-05-06,2026-07-04,Completed
8646,Vision-oriented asymmetric utilization,4,Remarketing,420701,2026-05-02,2026-05-25,Active
8647,Managed full-range collaboration,5,Lead Generation,422172,2024-09-14,2026-07-08,Active
8648,Visionary cohesive contingency,5,Remarketing,51870,2025-12-14,2026-02-01,Active
8649,Customizable local help-desk,1,Lead Generation,34916,2025-04-08,2025-11-10,Completed
8650,Up-sized actuating interface,3,Sales,437170,2025-06-30,2026-04-22,Completed
8651,Innovative upward-trending functionalities,4,Sales,380079,2025-07-01,2026-07-23,Completed
8652,Triple-buffered full-range Local Area Network,2,Product Launch,351467,2025-07-12,2026-09-25,Paused
8653,Organic static matrix,2,Remarketing,188099,2025-10-17,2026-05-22,Active
8654,De-engineered eco-centric system engine,1,Sales,386547,2025-08-21,2025-11-14,Paused
8655,Customizable reciprocal knowledgebase,2,Remarketing,98150,2026-04-03,2026-05-12,Completed
8656,Diverse coherent attitude,2,Remarketing,33662,2026-02-14,2026-07-19,Active
8657,Seamless fault-tolerant flexibility,4,Remarketing,204271,2025-10-08,2026-06-19,Active
8658,Synchronized disintermediate system engine,5,Lead Generation,272333,2025-10-25,2026-01-02,Completed
8659,Managed foreground monitoring,2,Lead Generation,406963,2024-11-06,2024-12-13,Paused
8660,Fundamental 3rdgeneration protocol,5,Lead Generation,173071,2024-08-01,2025-11-26,Completed
8661,Reverse-engineered intangible moderator,1,Lead Generation,359291,2025-11-18,2025-11-19,Completed
8662,Multi-lateral regional policy,4,Remarketing,57207,2025-09-12,2026-09-23,Active
8663,Open-source cohesive challenge,5,Sales,133076,2025-11-27,2026-01-13,Active
8664,Down-sized well-modulated data-warehouse,3,Brand Awareness,402549,2025-06-17,2025-09-03,Active
8665,Virtual grid-enabled archive,5,Sales,103695,2025-11-18,2026-05-05,Completed
8666,Ergonomic multi-tasking installation,5,Sales,298845,2025-12-02,2026-08-01,Active
8667,Reduced next generation moratorium,5,Brand Awareness,425663,2025-06-23,2026-03-09,Active
8668,Managed global solution,3,Lead Generation,390238,2025-09-05,2026-06-21,Active
8669,Profound multimedia encryption,1,Lead Generation,355802,2025-09-17,2026-07-18,Completed
8670,Progressive zero-defect task-force,3,Brand Awareness,436695,2024-08-03,2025-06-19,Active
8671,Realigned 4thgeneration alliance,3,Brand Awareness,211395,2025-01-09,2025-06-14,Paused
8672,Integrated tertiary parallelism,1,Lead Generation,107749,2025-07-16,2026-01-19,Active
8673,Multi-channeled uniform attitude,1,Lead Generation,117207,2026-02-06,2026-08-15,Completed
8674,Programmable transitional standardization,4,Lead Generation,141450,2024-10-28,2025-03-14,Completed
8675,Vision-oriented bifurcated challenge,2,Lead Generation,83765,2026-04-17,2026-09-05,Completed
8676,Switchable solution-oriented database,1,Product Launch,290074,2024-12-08,2025-01-16,Active
8677,Synergized transitional task-force,3,Product Launch,27384,2026-05-20,2026-10-12,Completed
8678,Secured scalable intranet,5,Product Launch,130073,2025-11-13,2026-09-21,Completed
8679,Balanced clear-thinking collaboration,4,Remarketing,449156,2024-12-04,2026-10-04,Active
8680,Assimilated eco-centric function,3,Product Launch,173949,2025-05-30,2026-02-05,Active
8681,Fundamental even-keeled concept,4,Product Launch,159576,2026-06-05,2026-08-22,Active
8682,Devolved multimedia utilization,3,Brand Awareness,354817,2025-11-19,2026-04-24,Completed
8683,Down-sized secondary adapter,3,Remarketing,499281,2024-10-13,2025-09-29,Paused
8684,Reactive multimedia hierarchy,5,Brand Awareness,193957,2024-08-01,2026-07-13,Paused
8685,Robust interactive product,4,Remarketing,373800,2025-01-02,2026-07-09,Completed
8686,Advanced multi-tasking superstructure,1,Sales,396757,2024-08-28,2025-10-25,Paused
8687,Universal modular neural-net,5,Lead Generation,338369,2025-07-27,2025-09-02,Completed
8688,Streamlined human-resource success,3,Lead Generation,127134,2026-06-19,2026-08-13,Active
8689,Compatible clear-thinking flexibility,5,Remarketing,25032,2024-07-25,2025-03-12,Active
8690,Inverse attitude-oriented instruction set,3,Lead Generation,426408,2026-06-09,2026-08-14,Paused
8691,Future-proofed content-based orchestration,1,Remarketing,448184,2025-05-28,2025-09-17,Paused
8692,Streamlined transitional groupware,3,Lead Generation,397378,2026-07-17,2026-08-28,Active
8693,Future-proofed multimedia archive,2,Sales,419875,2025-05-25,2026-07-19,Paused
8694,Automated mission-critical standardization,3,Remarketing,45348,2024-10-25,2026-02-23,Active
8695,Configurable dedicated capacity,3,Brand Awareness,336232,2025-06-23,2026-07-02,Completed
8696,Reactive upward-trending initiative,1,Lead Generation,117402,2024-10-21,2026-06-29,Paused
8697,Organized regional database,4,Lead Generation,191450,2024-09-22,2025-03-31,Completed
8698,Implemented modular hierarchy,2,Sales,217227,2025-04-25,2026-09-04,Paused
8699,Team-oriented web-enabled capability,4,Product Launch,291874,2025-05-16,2026-03-07,Active
8700,Automated attitude-oriented archive,3,Brand Awareness,192121,2024-07-24,2025-01-16,Completed
8701,Re-engineered mobile secured line,3,Brand Awareness,199315,2024-09-22,2026-08-02,Active
8702,Inverse multimedia orchestration,5,Remarketing,119652,2026-07-04,2026-09-06,Paused
8703,Open-architected motivating neural-net,1,Product Launch,20019,2025-07-18,2026-01-29,Active
8704,Decentralized maximized Internet solution,1,Sales,112705,2025-11-26,2026-09-13,Completed
8705,Managed reciprocal knowledge user,5,Lead Generation,336376,2025-06-02,2025-12-24,Active
8706,Ameliorated 6thgeneration adapter,2,Sales,488686,2025-06-26,2025-08-22,Active
8707,Integrated non-volatile archive,1,Remarketing,172793,2025-04-19,2026-07-28,Active
8708,Integrated grid-enabled interface,2,Remarketing,222037,2025-09-26,2026-06-28,Completed
8709,Operative multimedia solution,4,Lead Generation,213014,2025-01-12,2026-02-14,Active
8710,Innovative contextually-based benchmark,3,Brand Awareness,407750,2024-10-03,2025-11-20,Paused
8711,Business-focused system-worthy policy,3,Lead Generation,62835,2024-08-02,2025-11-21,Completed
8712,Synergistic 24hour definition,3,Product Launch,326229,2026-01-18,2026-02-18,Completed
8713,Devolved empowering secured line,2,Remarketing,50451,2026-04-25,2026-09-02,Paused
8714,Intuitive systematic intranet,1,Brand Awareness,285326,2025-05-01,2025-07-26,Paused
8715,Centralized fresh-thinking moratorium,3,Lead Generation,408126,2025-12-23,2026-03-28,Active
8716,Reverse-engineered zero tolerance capacity,2,Sales,166694,2025-02-10,2026-05-31,Active
8717,Vision-oriented optimal knowledgebase,5,Brand Awareness,348735,2025-05-07,2026-05-14,Active
8718,Open-source logistical orchestration,4,Brand Awareness,343012,2024-08-24,2026-08-08,Completed
8719,Compatible multi-state methodology,5,Lead Generation,184693,2026-01-19,2026-05-27,Completed
8720,Multi-layered mission-critical orchestration,3,Product Launch,297506,2026-03-03,2026-05-25,Paused
8721,Synchronized holistic complexity,2,Product Launch,475177,2026-04-07,2026-07-13,Completed
8722,Persistent zero tolerance workforce,1,Brand Awareness,61917,2026-06-29,2026-07-10,Completed
8723,User-friendly scalable moderator,1,Remarketing,40428,2026-02-27,2026-08-28,Completed
8724,Function-based demand-driven middleware,5,Sales,493402,2026-06-05,2026-09-23,Active
8725,Managed explicit moratorium,3,Lead Generation,55778,2026-04-21,2026-08-08,Completed
8726,Customer-focused value-added leverage,1,Sales,454042,2025-12-11,2026-04-18,Active
8727,Team-oriented needs-based archive,1,Product Launch,28035,2024-12-11,2026-06-29,Completed
8728,Future-proofed mobile open architecture,2,Lead Generation,488245,2025-09-30,2026-02-28,Paused
8729,Integrated next generation analyzer,2,Brand Awareness,493802,2025-02-03,2026-02-09,Active
8730,Proactive bifurcated challenge,4,Brand Awareness,17928,2025-04-16,2026-05-24,Active
8731,Future-proofed intangible customer loyalty,1,Lead Generation,434013,2024-07-31,2026-03-13,Completed
8732,Pre-emptive upward-trending knowledge user,5,Sales,312330,2025-12-30,2026-02-22,Paused
8733,Self-enabling even-keeled moratorium,3,Sales,411146,2026-07-15,2026-07-31,Completed
8734,Team-oriented mobile superstructure,3,Product Launch,228653,2025-02-01,2025-10-05,Completed
8735,Self-enabling grid-enabled functionalities,4,Remarketing,251091,2025-08-20,2026-07-14,Active
8736,Enhanced mission-critical capability,3,Product Launch,50701,2024-10-16,2026-02-16,Active
8737,De-engineered grid-enabled neural-net,1,Product Launch,424103,2026-06-08,2026-08-10,Completed
8738,Face-to-face logistical synergy,4,Brand Awareness,110271,2026-01-07,2026-10-06,Paused
8739,Secured object-oriented frame,1,Lead Generation,410561,2026-04-24,2026-05-02,Paused
8740,Expanded non-volatile definition,4,Sales,108195,2024-08-28,2026-07-05,Active
8741,Implemented regional support,5,Sales,361237,2026-06-24,2026-07-18,Active
8742,Customer-focused methodical groupware,1,Lead Generation,427359,2025-05-03,2026-08-01,Paused
8743,Multi-lateral intangible budgetary management,2,Remarketing,124961,2025-02-23,2025-03-20,Active
8744,Streamlined incremental solution,1,Remarketing,142331,2025-09-03,2026-04-06,Completed
8745,Horizontal secondary synergy,1,Remarketing,417542,2024-10-07,2026-08-20,Paused
8746,Reactive well-modulated circuit,5,Product Launch,388328,2025-01-22,2025-08-30,Active
8747,Polarized coherent initiative,4,Brand Awareness,228386,2025-01-12,2025-03-18,Paused
8748,Adaptive needs-based Graphical User Interface,4,Lead Generation,474063,2026-04-11,2026-09-12,Paused
8749,Exclusive dynamic moratorium,3,Product Launch,10975,2026-05-10,2026-07-26,Completed
8750,Self-enabling needs-based parallelism,2,Remarketing,426186,2026-02-28,2026-07-07,Paused
8751,Enterprise-wide systemic infrastructure,4,Lead Generation,127479,2025-07-31,2026-02-19,Completed
8752,Persistent optimal projection,5,Brand Awareness,314080,2025-07-26,2026-02-18,Completed
8753,Ergonomic demand-driven portal,1,Brand Awareness,286541,2025-06-19,2026-07-16,Active
8754,Managed systemic collaboration,2,Lead Generation,267277,2025-11-24,2026-06-05,Active
8755,Profit-focused analyzing success,5,Brand Awareness,336645,2025-08-19,2026-03-05,Paused
8756,Re-engineered methodical structure,1,Remarketing,245995,2026-06-26,2026-08-02,Active
8757,Exclusive static initiative,2,Remarketing,112090,2024-11-15,2026-08-14,Paused
8758,Quality-focused radical encoding,3,Product Launch,147100,2026-06-09,2026-06-26,Active
8759,Multi-lateral intermediate utilization,1,Remarketing,256722,2024-12-03,2026-03-24,Active
8760,Managed responsive attitude,4,Remarketing,498150,2024-10-29,2025-05-09,Completed
8761,Business-focused bi-directional encoding,2,Remarketing,478836,2025-09-29,2026-03-04,Completed
8762,Managed heuristic orchestration,2,Sales,418365,2026-06-28,2026-09-29,Active
8763,Proactive mission-critical workforce,4,Product Launch,492962,2024-11-07,2025-10-08,Active
8764,Face-to-face systemic software,2,Remarketing,257048,2025-09-01,2026-08-14,Paused
8765,Expanded background workforce,4,Product Launch,331453,2025-12-01,2026-07-20,Active
8766,Progressive needs-based initiative,3,Remarketing,97750,2025-01-01,2026-10-01,Completed
8767,Fundamental intangible structure,1,Remarketing,267597,2024-08-15,2025-06-16,Paused
8768,Streamlined modular success,3,Sales,34945,2026-03-10,2026-05-16,Paused
8769,Monitored multimedia throughput,5,Remarketing,217765,2026-05-04,2026-07-15,Active
8770,Decentralized incremental knowledgebase,4,Remarketing,157116,2024-08-31,2025-10-29,Active
8771,Distributed impactful moderator,4,Remarketing,319285,2025-05-16,2025-11-29,Completed
8772,Persistent 4thgeneration encoding,5,Brand Awareness,95537,2025-12-03,2026-06-15,Active
8773,Progressive multimedia toolset,2,Product Launch,421602,2025-12-01,2026-03-21,Completed
8774,Polarized multimedia frame,4,Sales,462008,2024-08-22,2024-10-09,Active
8775,Open-source heuristic utilization,5,Sales,231644,2025-08-13,2026-07-19,Completed
8776,Object-based bottom-line moratorium,4,Lead Generation,203755,2026-02-22,2026-08-28,Paused
8777,Down-sized contextually-based concept,1,Brand Awareness,381126,2025-11-03,2025-12-31,Paused
8778,Intuitive well-modulated function,3,Brand Awareness,435835,2024-07-21,2024-08-29,Paused
8779,Expanded 24hour emulation,5,Sales,485686,2026-05-03,2026-05-28,Active
8780,Versatile needs-based structure,2,Sales,497966,2025-10-27,2026-03-23,Active
8781,Cross-group analyzing instruction set,4,Remarketing,215863,2024-07-28,2026-07-26,Completed
8782,Open-source 6thgeneration info-mediaries,4,Remarketing,105766,2026-02-05,2026-09-16,Active
8783,Centralized stable access,1,Brand Awareness,476351,2025-10-31,2026-05-25,Active
8784,Re-contextualized content-based solution,5,Sales,400169,2025-12-29,2026-08-27,Paused
8785,Future-proofed optimizing focus group,2,Lead Generation,308895,2026-02-22,2026-02-28,Paused
8786,Organic needs-based groupware,4,Brand Awareness,116542,2026-04-15,2026-10-01,Paused
8787,Open-source next generation access,4,Sales,463224,2026-05-13,2026-06-10,Active
8788,Networked impactful challenge,3,Lead Generation,166347,2025-03-18,2026-05-16,Completed
8789,Organic solution-oriented knowledge user,1,Sales,127188,2026-03-30,2026-09-20,Paused
8790,Advanced human-resource extranet,3,Product Launch,349881,2024-10-09,2025-02-10,Paused
8791,Down-sized 5thgeneration orchestration,4,Product Launch,76933,2025-10-02,2026-01-07,Paused
8792,Distributed actuating benchmark,5,Remarketing,462771,2025-02-02,2025-10-30,Active
8793,Ergonomic intermediate extranet,4,Remarketing,314954,2024-12-25,2024-12-26,Completed
8794,Optional reciprocal interface,2,Lead Generation,475542,2024-10-01,2026-07-09,Paused
8795,De-engineered radical framework,3,Lead Generation,193344,2026-05-10,2026-09-28,Active
8796,Vision-oriented attitude-oriented solution,5,Sales,127224,2025-09-18,2026-02-25,Completed
8797,Advanced optimizing Local Area Network,4,Remarketing,259850,2025-08-15,2025-11-04,Paused
8798,Horizontal national superstructure,5,Lead Generation,15663,2024-09-19,2026-06-13,Paused
8799,Universal executive algorithm,3,Remarketing,140614,2024-09-28,2026-02-18,Paused
8800,Diverse bi-directional system engine,4,Sales,391143,2025-12-09,2026-05-13,Paused
8801,Secured executive hub,5,Lead Generation,484989,2025-08-11,2026-04-26,Active
8802,Quality-focused stable product,4,Brand Awareness,193466,2025-04-29,2026-09-14,Completed
8803,Cloned scalable product,3,Brand Awareness,23419,2024-09-24,2024-12-28,Paused
8804,Total uniform data-warehouse,5,Sales,384211,2024-10-20,2025-04-22,Paused
8805,Expanded bandwidth-monitored system engine,5,Sales,311301,2026-04-26,2026-10-12,Active
8806,Inverse encompassing info-mediaries,1,Product Launch,437215,2026-05-03,2026-08-09,Paused
8807,Digitized explicit hardware,4,Brand Awareness,175325,2025-11-26,2026-10-06,Active
8808,Adaptive systematic methodology,2,Product Launch,49687,2026-05-22,2026-09-02,Completed
8809,Face-to-face impactful success,3,Remarketing,357693,2026-05-17,2026-09-24,Paused
8810,Synergized fresh-thinking throughput,3,Product Launch,334281,2025-05-22,2026-03-02,Active
8811,Team-oriented content-based capability,2,Product Launch,189312,2024-10-09,2025-02-17,Active
8812,Profit-focused intermediate customer loyalty,4,Sales,494993,2026-05-23,2026-08-19,Paused
8813,Organized maximized system engine,3,Product Launch,409389,2024-08-28,2024-11-28,Paused
8814,Open-architected intangible installation,2,Remarketing,117827,2025-08-08,2026-04-01,Paused
8815,Optional transitional alliance,1,Product Launch,276237,2026-02-04,2026-04-10,Paused
8816,Devolved optimal analyzer,3,Lead Generation,277066,2025-06-17,2026-10-15,Active
8817,Face-to-face value-added methodology,5,Lead Generation,430254,2026-03-14,2026-06-19,Active
8818,Pre-emptive upward-trending database,3,Brand Awareness,99011,2026-04-26,2026-10-11,Active
8819,Automated optimal groupware,3,Brand Awareness,165684,2024-08-12,2025-06-21,Paused
8820,User-centric encompassing neural-net,5,Brand Awareness,78877,2025-09-05,2026-09-08,Active
8821,Reactive holistic process improvement,1,Remarketing,181028,2026-01-29,2026-09-17,Completed
8822,Monitored 4thgeneration strategy,5,Remarketing,397189,2025-12-13,2026-02-22,Completed
8823,Up-sized 4thgeneration Local Area Network,5,Product Launch,253206,2024-12-09,2025-03-19,Active
8824,Organized modular info-mediaries,5,Lead Generation,436539,2025-02-11,2026-05-02,Active
8825,Advanced global paradigm,2,Brand Awareness,156533,2024-11-28,2025-06-01,Completed
8826,Self-enabling incremental benchmark,5,Brand Awareness,261712,2026-03-19,2026-09-07,Paused
8827,Up-sized impactful Graphical User Interface,4,Lead Generation,412231,2025-11-10,2026-07-08,Paused
8828,Operative analyzing project,4,Remarketing,257717,2025-01-23,2025-05-21,Active
8829,Reduced user-facing customer loyalty,1,Sales,126750,2025-08-14,2026-04-08,Completed
8830,Object-based uniform projection,5,Brand Awareness,230868,2025-12-09,2026-07-19,Completed
8831,Versatile tertiary challenge,5,Brand Awareness,260324,2025-08-29,2025-12-23,Paused
8832,Function-based user-facing emulation,4,Brand Awareness,347418,2025-10-27,2025-12-31,Active
8833,Distributed coherent firmware,3,Product Launch,197721,2026-06-08,2026-09-16,Active
8834,Customizable global task-force,2,Lead Generation,351979,2026-04-09,2026-05-28,Active
8835,Extended high-level parallelism,1,Sales,133140,2025-06-17,2026-08-30,Completed
8836,Optimized neutral website,1,Remarketing,148057,2026-03-01,2026-08-01,Paused
8837,Automated needs-based customer loyalty,3,Product Launch,214258,2024-09-14,2025-05-04,Active
8838,Fully-configurable optimal encryption,5,Remarketing,349593,2026-04-23,2026-08-18,Completed
8839,Centralized even-keeled conglomeration,2,Product Launch,188921,2025-11-30,2026-10-08,Active
8840,Front-line object-oriented system engine,3,Brand Awareness,33091,2026-03-13,2026-04-14,Completed
8841,Up-sized explicit Graphic Interface,5,Product Launch,480185,2025-10-08,2026-09-02,Active
8842,Right-sized attitude-oriented solution,1,Brand Awareness,357789,2024-11-05,2025-10-06,Completed
8843,Visionary user-facing service-desk,1,Sales,407135,2025-08-20,2025-12-01,Paused
8844,Right-sized high-level methodology,2,Product Launch,173420,2025-03-26,2026-10-11,Completed
8845,Advanced next generation open system,5,Remarketing,201857,2025-08-28,2026-02-01,Completed
8846,Multi-tiered content-based groupware,1,Brand Awareness,131263,2026-05-25,2026-07-13,Paused
8847,Front-line impactful middleware,4,Sales,68645,2025-01-23,2025-05-07,Completed
8848,Focused next generation matrix,3,Sales,420223,2024-07-29,2024-08-02,Paused
8849,Reactive needs-based superstructure,1,Remarketing,81140,2026-02-23,2026-06-06,Paused
8850,Multi-lateral tangible forecast,3,Sales,35485,2026-04-29,2026-08-09,Completed
8851,Profit-focused contextually-based approach,1,Lead Generation,294181,2025-09-22,2026-06-18,Completed
8852,Centralized foreground data-warehouse,3,Brand Awareness,472018,2025-02-11,2025-12-26,Completed
8853,Seamless empowering open system,1,Remarketing,349788,2025-10-29,2026-03-25,Completed
8854,Future-proofed contextually-based intranet,3,Lead Generation,112518,2024-11-27,2026-06-23,Paused
8855,Mandatory empowering access,1,Sales,138934,2024-07-21,2025-08-10,Completed
8856,Up-sized directional methodology,4,Brand Awareness,302616,2026-03-07,2026-10-01,Active
8857,Inverse foreground standardization,1,Lead Generation,232112,2025-09-29,2026-04-17,Paused
8858,Exclusive bifurcated architecture,5,Product Launch,123541,2025-09-14,2025-12-13,Completed
8859,Exclusive empowering artificial intelligence,3,Product Launch,187089,2025-01-14,2026-07-15,Paused
8860,Enterprise-wide didactic array,2,Brand Awareness,445377,2026-05-26,2026-07-26,Active
8861,Horizontal client-server task-force,2,Lead Generation,387502,2025-03-05,2026-06-06,Active
8862,Managed homogeneous middleware,1,Product Launch,430176,2026-01-08,2026-08-29,Completed
8863,Function-based content-based artificial intelligence,3,Remarketing,221171,2025-11-07,2026-06-26,Completed
8864,Secured bottom-line Graphical User Interface,1,Sales,120471,2025-12-28,2026-06-17,Completed
8865,Intuitive incremental initiative,4,Product Launch,339529,2024-07-17,2025-02-26,Active
8866,Secured executive productivity,5,Product Launch,363213,2026-04-23,2026-09-05,Active
8867,Devolved demand-driven forecast,4,Remarketing,424871,2024-08-31,2026-04-13,Active
8868,Organic systematic capability,5,Product Launch,491549,2025-06-20,2026-02-06,Active
8869,Universal stable neural-net,2,Sales,107821,2025-08-21,2026-08-05,Paused
8870,Distributed systemic workforce,5,Product Launch,480982,2024-12-02,2025-09-15,Completed
8871,Streamlined bandwidth-monitored installation,3,Product Launch,316481,2025-09-12,2026-01-02,Active
8872,Robust non-volatile solution,2,Sales,274127,2025-07-31,2026-06-18,Active
8873,Visionary background attitude,2,Product Launch,228315,2025-04-07,2025-11-12,Active
8874,Right-sized upward-trending neural-net,3,Lead Generation,278499,2025-08-13,2026-05-29,Active
8875,Mandatory dynamic Graphical User Interface,2,Lead Generation,13765,2025-07-03,2026-09-02,Paused
8876,Digitized even-keeled definition,3,Remarketing,134578,2026-04-21,2026-07-28,Completed
8877,Automated transitional contingency,3,Lead Generation,216938,2024-09-11,2026-06-10,Active
8878,Innovative executive firmware,3,Product Launch,375139,2026-01-01,2026-04-21,Active
8879,Compatible content-based matrix,5,Remarketing,212861,2025-06-26,2026-10-02,Paused
8880,Reactive intermediate alliance,1,Remarketing,269178,2026-02-27,2026-07-08,Paused
8881,Customizable eco-centric Graphic Interface,4,Sales,172676,2026-06-07,2026-09-18,Paused
8882,Multi-lateral multimedia conglomeration,1,Lead Generation,316623,2025-04-18,2026-01-26,Completed
8883,Open-architected system-worthy open system,5,Sales,343466,2026-05-17,2026-08-26,Active
8884,Monitored optimizing task-force,1,Sales,410196,2024-12-20,2025-11-26,Paused
8885,Ergonomic scalable project,3,Brand Awareness,460219,2025-07-24,2026-06-03,Paused
8886,Managed mission-critical interface,2,Lead Generation,129455,2025-05-23,2026-06-20,Paused
8887,Open-architected secondary encryption,5,Sales,358885,2026-06-19,2026-08-06,Paused
8888,Mandatory object-oriented throughput,2,Product Launch,395642,2025-07-26,2025-08-30,Paused
8889,Enterprise-wide context-sensitive challenge,5,Lead Generation,171395,2025-12-04,2025-12-10,Paused
8890,Intuitive human-resource workforce,1,Brand Awareness,442827,2024-09-25,2024-10-06,Active
8891,Horizontal bi-directional Graphical User Interface,3,Remarketing,157829,2025-08-23,2026-03-27,Completed
8892,Optimized fresh-thinking application,2,Sales,132950,2026-02-28,2026-06-26,Paused
8893,Optimized human-resource policy,5,Brand Awareness,446630,2025-02-25,2025-10-31,Completed
8894,Programmable background implementation,1,Product Launch,382729,2026-02-24,2026-07-06,Active
8895,Persevering value-added interface,3,Product Launch,339132,2024-09-18,2025-05-03,Active
8896,Re-contextualized real-time utilization,2,Product Launch,16866,2026-05-24,2026-08-28,Paused
8897,Balanced next generation hardware,4,Brand Awareness,214662,2025-09-18,2026-04-18,Active
8898,User-friendly human-resource projection,2,Sales,242055,2026-03-17,2026-10-15,Paused
8899,Persevering bifurcated open system,5,Remarketing,101975,2025-04-03,2026-06-10,Paused
8900,Balanced systematic neural-net,3,Lead Generation,156667,2025-08-01,2025-09-10,Active
8901,Compatible content-based function,1,Sales,391800,2025-08-29,2025-11-21,Completed
8902,Proactive 5thgeneration budgetary management,3,Brand Awareness,162775,2024-08-18,2026-02-18,Paused
8903,Extended national support,1,Sales,263370,2024-10-15,2025-01-08,Paused
8904,Advanced bottom-line strategy,1,Brand Awareness,208022,2026-03-25,2026-09-18,Completed
8905,Fully-configurable next generation moratorium,1,Brand Awareness,370233,2024-09-05,2024-10-04,Completed
8906,Customizable fresh-thinking moratorium,2,Sales,385466,2025-04-25,2025-04-27,Completed
8907,Cross-group exuding Local Area Network,2,Brand Awareness,292406,2024-12-28,2025-06-28,Paused
8908,Focused dedicated policy,5,Brand Awareness,133603,2025-05-07,2026-09-27,Completed
8909,Visionary even-keeled definition,3,Remarketing,243868,2025-02-22,2026-04-30,Active
8910,Virtual cohesive collaboration,4,Product Launch,266558,2025-02-23,2026-07-21,Paused
8911,Diverse 24hour service-desk,4,Brand Awareness,135917,2026-03-10,2026-04-05,Active
8912,Proactive methodical firmware,3,Remarketing,94431,2024-08-13,2025-12-24,Paused
8913,Fully-configurable holistic migration,5,Remarketing,189910,2025-11-02,2026-05-05,Completed
8914,Polarized optimizing leverage,2,Lead Generation,365144,2025-09-17,2025-12-28,Completed
8915,Reverse-engineered client-server forecast,3,Lead Generation,393461,2025-04-17,2025-12-14,Paused
8916,Reactive bandwidth-monitored product,3,Product Launch,85354,2026-04-05,2026-09-05,Completed
8917,Virtual asymmetric process improvement,2,Lead Generation,252383,2024-08-08,2026-03-14,Paused
8918,Cross-platform intermediate flexibility,4,Product Launch,68996,2026-03-27,2026-10-07,Completed
8919,Automated methodical support,3,Remarketing,181954,2025-07-31,2025-12-02,Active
8920,Universal 24/7 access,5,Sales,373920,2025-06-07,2026-01-05,Paused
8921,Versatile modular open architecture,3,Remarketing,294592,2025-02-18,2025-05-26,Paused
8922,User-centric encompassing concept,1,Product Launch,192482,2025-08-02,2026-06-19,Paused
8923,De-engineered optimal customer loyalty,2,Product Launch,291065,2026-04-30,2026-09-07,Active
8924,Profound explicit challenge,5,Lead Generation,235142,2024-12-03,2025-05-01,Completed
8925,Multi-lateral full-range concept,1,Remarketing,372893,2024-11-16,2025-03-29,Paused
8926,Persevering 24/7 system engine,5,Lead Generation,493735,2026-04-27,2026-07-09,Active
8927,Networked client-server migration,1,Lead Generation,380504,2025-05-31,2025-07-23,Paused
8928,Programmable zero-defect infrastructure,4,Brand Awareness,210753,2026-02-10,2026-08-09,Active
8929,Inverse user-facing adapter,2,Sales,466024,2025-03-01,2025-03-27,Completed
8930,Operative zero administration artificial intelligence,4,Product Launch,241171,2024-09-20,2026-05-10,Paused
8931,Right-sized explicit parallelism,4,Remarketing,298510,2025-05-17,2026-07-22,Active
8932,Implemented national portal,3,Lead Generation,440734,2026-07-08,2026-10-06,Active
8933,Triple-buffered multi-tasking knowledge user,5,Lead Generation,472208,2024-09-11,2026-10-13,Completed
8934,Cross-platform homogeneous product,3,Lead Generation,186805,2025-09-26,2026-06-13,Completed
8935,Reduced client-server portal,3,Brand Awareness,181003,2026-02-17,2026-05-06,Active
8936,Synergized encompassing hardware,2,Product Launch,109259,2025-06-12,2026-02-22,Paused
8937,Stand-alone dedicated forecast,3,Sales,429407,2024-12-20,2026-03-14,Active
8938,Vision-oriented client-server matrices,1,Product Launch,202329,2025-03-16,2026-09-24,Completed
8939,Customer-focused motivating product,1,Sales,374152,2024-12-06,2025-07-15,Active
8940,Stand-alone coherent definition,1,Sales,273837,2025-06-19,2026-07-01,Completed
8941,Organic contextually-based algorithm,3,Brand Awareness,466082,2024-09-29,2025-08-24,Paused
8942,Team-oriented attitude-oriented groupware,1,Lead Generation,148856,2026-06-09,2026-06-12,Completed
8943,User-friendly methodical artificial intelligence,3,Sales,419281,2025-02-28,2026-03-19,Active
8944,Devolved asymmetric neural-net,4,Lead Generation,194552,2024-08-26,2025-06-13,Paused
8945,Compatible optimal product,5,Sales,300825,2024-08-11,2026-05-04,Completed
8946,Compatible systematic synergy,3,Brand Awareness,404669,2026-06-02,2026-06-17,Paused
8947,Integrated well-modulated synergy,5,Lead Generation,157382,2024-09-29,2026-01-07,Active
8948,Extended 6thgeneration analyzer,4,Remarketing,380110,2025-06-17,2026-10-04,Active
8949,Managed bi-directional Graphic Interface,3,Remarketing,354256,2026-02-04,2026-02-10,Active
8950,Advanced local productivity,1,Product Launch,293033,2025-12-15,2026-06-08,Paused
8951,Customizable coherent instruction set,1,Product Launch,228378,2025-12-14,2026-04-15,Active
8952,Multi-channeled eco-centric encoding,2,Remarketing,370008,2025-04-08,2026-03-30,Paused
8953,Seamless hybrid migration,1,Lead Generation,63836,2026-02-21,2026-10-04,Paused
8954,Cross-platform scalable infrastructure,3,Brand Awareness,372904,2025-02-14,2025-04-08,Active
8955,Streamlined actuating hierarchy,3,Brand Awareness,351280,2025-08-24,2025-09-12,Active
8956,Universal background frame,2,Lead Generation,66380,2026-01-04,2026-07-31,Completed
8957,Cross-group contextually-based migration,5,Lead Generation,74433,2024-11-26,2025-01-19,Completed
8958,Multi-tiered responsive service-desk,4,Lead Generation,492113,2025-06-09,2026-04-10,Completed
8959,Synchronized hybrid customer loyalty,3,Lead Generation,112624,2026-01-09,2026-01-15,Active
8960,Decentralized 3rdgeneration function,4,Sales,26493,2025-07-01,2026-08-08,Completed
8961,Cloned mission-critical open system,3,Brand Awareness,375102,2024-08-05,2025-06-07,Paused
8962,Automated multimedia projection,3,Brand Awareness,493266,2026-04-07,2026-09-15,Paused
8963,Persistent systematic definition,2,Brand Awareness,76521,2025-01-10,2026-01-26,Active
8964,Secured impactful website,5,Sales,334996,2025-10-07,2025-10-25,Completed
8965,Focused composite help-desk,3,Lead Generation,188757,2026-05-08,2026-09-14,Paused
8966,Extended full-range website,5,Remarketing,371972,2025-05-14,2026-07-27,Active
8967,Assimilated zero tolerance intranet,4,Sales,50357,2025-01-21,2025-02-06,Active
8968,Seamless holistic projection,5,Sales,21383,2025-08-23,2025-12-14,Completed
8969,Vision-oriented impactful methodology,5,Brand Awareness,124337,2025-07-08,2026-03-15,Active
8970,Stand-alone multi-state flexibility,1,Brand Awareness,357153,2025-03-15,2026-05-19,Paused
8971,Progressive exuding product,3,Remarketing,259587,2026-03-10,2026-05-11,Paused
8972,Synergized human-resource encryption,3,Sales,115266,2026-05-07,2026-07-06,Completed
8973,Streamlined full-range installation,5,Lead Generation,120852,2025-11-13,2026-06-21,Paused
8974,Secured asynchronous workforce,4,Remarketing,27872,2025-02-24,2026-05-28,Paused
8975,Organic empowering solution,4,Remarketing,467073,2024-08-11,2025-09-17,Paused
8976,Switchable multi-tasking circuit,3,Remarketing,304714,2026-05-28,2026-06-08,Active
8977,Stand-alone hybrid architecture,4,Remarketing,301283,2025-04-22,2025-12-30,Active
8978,Down-sized 6thgeneration methodology,3,Product Launch,38489,2024-12-13,2025-11-02,Active
8979,Switchable context-sensitive productivity,5,Remarketing,68583,2025-11-05,2026-04-20,Active
8980,Ergonomic transitional circuit,5,Product Launch,454486,2024-09-12,2026-03-21,Paused
8981,Triple-buffered user-facing parallelism,2,Remarketing,42085,2025-07-18,2026-02-28,Paused
8982,Business-focused asymmetric workforce,1,Sales,446630,2026-06-12,2026-06-14,Paused
8983,Multi-channeled asymmetric system engine,4,Sales,122925,2024-09-07,2026-08-08,Paused
8984,Down-sized executive initiative,3,Remarketing,290610,2025-08-01,2026-03-14,Paused
8985,Devolved attitude-oriented model,3,Brand Awareness,384328,2024-07-25,2025-02-01,Active
8986,Expanded contextually-based application,3,Sales,58191,2025-04-05,2026-02-28,Completed
8987,Sharable non-volatile hierarchy,2,Lead Generation,499639,2025-04-10,2025-09-03,Completed
8988,Visionary fault-tolerant budgetary management,2,Lead Generation,67007,2025-01-05,2025-09-15,Active
8989,Virtual reciprocal help-desk,4,Lead Generation,65670,2025-01-28,2025-09-10,Paused
8990,Progressive fresh-thinking time-frame,3,Brand Awareness,33369,2026-03-10,2026-09-07,Completed
8991,Exclusive foreground concept,4,Lead Generation,385160,2025-05-25,2025-06-22,Completed
8992,Persistent attitude-oriented frame,2,Sales,11586,2026-02-21,2026-04-06,Paused
8993,Cross-platform global frame,3,Brand Awareness,372472,2024-12-03,2026-03-09,Completed
8994,Adaptive exuding circuit,5,Lead Generation,215386,2024-12-02,2024-12-22,Paused
8995,Down-sized real-time challenge,3,Remarketing,428960,2026-03-03,2026-04-15,Active
8996,Versatile user-facing Graphical User Interface,2,Sales,457140,2025-04-15,2025-07-09,Completed
8997,Centralized global Graphical User Interface,3,Sales,246672,2025-10-11,2025-11-28,Completed
8998,Fully-configurable actuating monitoring,3,Brand Awareness,193645,2024-12-06,2026-09-10,Completed
8999,Ergonomic tangible benchmark,5,Brand Awareness,345512,2026-02-11,2026-04-02,Active
9000,Exclusive value-added protocol,5,Brand Awareness,314945,2026-04-07,2026-09-12,Completed
9001,Automated 4thgeneration hierarchy,1,Product Launch,136206,2025-04-05,2025-10-06,Active
9002,Integrated multi-state task-force,2,Brand Awareness,68515,2025-10-06,2026-07-28,Completed
9003,Ergonomic asymmetric conglomeration,2,Brand Awareness,116026,2025-09-03,2025-12-02,Completed
9004,Streamlined intermediate workforce,1,Remarketing,475948,2025-08-14,2026-03-17,Active
9005,Pre-emptive foreground policy,3,Remarketing,475208,2026-04-24,2026-05-03,Active
9006,Reduced modular artificial intelligence,4,Remarketing,262993,2026-06-11,2026-06-23,Completed
9007,Programmable coherent benchmark,1,Lead Generation,422230,2026-01-01,2026-09-16,Paused
9008,Horizontal intangible intranet,1,Remarketing,454063,2024-11-12,2025-08-22,Paused
9009,Distributed system-worthy array,1,Product Launch,456038,2026-07-08,2026-10-05,Paused
9010,Monitored 24/7 data-warehouse,4,Remarketing,460019,2025-04-30,2026-08-02,Paused
9011,Automated 24/7 open system,4,Remarketing,416972,2025-05-31,2026-08-04,Completed
9012,Extended demand-driven system engine,5,Sales,210956,2025-06-12,2025-07-26,Paused
9013,Open-architected static neural-net,5,Sales,196387,2025-03-06,2025-08-13,Completed
9014,Vision-oriented leadingedge core,3,Product Launch,378484,2025-12-01,2026-01-13,Completed
9015,Extended multimedia middleware,5,Brand Awareness,120773,2025-10-22,2026-04-02,Completed
9016,Adaptive explicit leverage,5,Brand Awareness,346359,2025-08-26,2026-02-08,Paused
9017,Multi-channeled regional customer loyalty,1,Brand Awareness,112934,2026-07-11,2026-10-10,Paused
9018,Diverse zero tolerance hub,3,Brand Awareness,367286,2025-05-27,2026-07-03,Paused
9019,Persistent systematic focus group,3,Remarketing,109998,2024-12-13,2025-04-20,Active
9020,User-friendly user-facing throughput,4,Sales,43986,2024-12-18,2026-04-19,Active
9021,User-centric multimedia info-mediaries,5,Lead Generation,329630,2026-07-14,2026-07-25,Completed
9022,De-engineered tertiary application,4,Sales,442926,2025-12-04,2026-03-09,Completed
9023,Multi-tiered homogeneous process improvement,3,Brand Awareness,484179,2026-02-16,2026-08-18,Active
9024,Reactive reciprocal concept,5,Remarketing,469955,2025-09-22,2026-08-18,Completed
9025,Optional systemic capability,3,Remarketing,94613,2026-04-23,2026-08-05,Active
9026,Adaptive disintermediate support,4,Brand Awareness,340501,2025-01-15,2025-10-20,Paused
9027,Face-to-face homogeneous workforce,4,Lead Generation,220284,2025-10-14,2026-02-23,Completed
9028,Realigned dynamic Internet solution,3,Product Launch,417335,2024-12-07,2026-03-10,Completed
9029,Balanced cohesive solution,1,Lead Generation,413604,2026-03-16,2026-08-20,Paused
9030,Business-focused fault-tolerant moratorium,1,Remarketing,315497,2025-03-31,2026-01-20,Completed
9031,De-engineered dynamic Internet solution,3,Product Launch,354962,2025-09-25,2026-04-08,Paused
9032,Networked fault-tolerant info-mediaries,4,Product Launch,472721,2024-11-05,2026-01-30,Paused
9033,Horizontal dedicated moderator,4,Remarketing,267393,2025-01-04,2025-03-11,Paused
9034,Focused system-worthy hardware,3,Lead Generation,458775,2025-09-11,2025-11-26,Paused
9035,Cloned discrete neural-net,4,Sales,318484,2025-08-18,2025-10-24,Completed
9036,Re-contextualized executive customer loyalty,2,Brand Awareness,292670,2026-06-30,2026-08-04,Paused
9037,Profound even-keeled collaboration,5,Remarketing,149205,2025-02-05,2026-06-28,Active
9038,Multi-tiered actuating matrix,4,Sales,22473,2026-01-19,2026-02-05,Completed
9039,Up-sized holistic extranet,4,Remarketing,98278,2025-06-01,2025-08-16,Active
9040,Proactive 5thgeneration open architecture,2,Remarketing,229028,2025-09-02,2026-06-11,Active
9041,Programmable context-sensitive moratorium,4,Lead Generation,173749,2025-02-08,2025-08-14,Completed
9042,Devolved attitude-oriented time-frame,3,Lead Generation,439389,2025-03-15,2025-07-29,Active
9043,Optimized dedicated hierarchy,3,Lead Generation,181513,2026-01-09,2026-01-30,Paused
9044,Horizontal intermediate system engine,4,Brand Awareness,192981,2025-10-05,2025-10-23,Paused
9045,Exclusive neutral policy,4,Product Launch,340090,2026-06-22,2026-09-22,Paused
9046,Streamlined methodical ability,2,Product Launch,441941,2024-07-19,2025-05-19,Active
9047,Object-based empowering open system,3,Brand Awareness,255197,2025-10-15,2026-04-22,Completed
9048,Public-key solution-oriented migration,2,Brand Awareness,147928,2025-10-26,2026-06-23,Active
9049,Fully-configurable bottom-line initiative,1,Lead Generation,22623,2025-09-03,2025-12-16,Completed
9050,Persistent analyzing intranet,3,Remarketing,364936,2025-11-10,2026-08-31,Paused
9051,Inverse attitude-oriented productivity,5,Product Launch,273221,2024-11-01,2025-05-19,Completed
9052,Secured empowering initiative,4,Sales,101968,2025-09-01,2026-08-19,Paused
9053,Switchable multi-state model,5,Product Launch,212559,2025-09-10,2026-01-06,Active
9054,Visionary logistical data-warehouse,1,Product Launch,462704,2025-09-30,2026-07-14,Paused
9055,Enhanced client-server collaboration,4,Remarketing,99482,2025-11-17,2026-08-17,Completed
9056,Object-based bandwidth-monitored process improvement,5,Brand Awareness,282813,2024-12-25,2026-06-11,Completed
9057,Cloned radical paradigm,2,Sales,71171,2025-07-12,2025-12-08,Active
9058,Upgradable leadingedge portal,2,Sales,135812,2024-08-08,2026-05-28,Active
9059,Compatible regional solution,3,Product Launch,89400,2026-04-09,2026-08-05,Completed
9060,Streamlined static matrices,3,Lead Generation,384571,2025-05-15,2026-03-22,Completed
9061,Compatible didactic strategy,5,Remarketing,330342,2024-09-07,2025-01-06,Active
9062,Ergonomic zero administration toolset,4,Brand Awareness,139636,2024-11-26,2024-12-13,Completed
9063,Re-engineered high-level matrix,3,Remarketing,386379,2026-04-24,2026-06-08,Active
9064,Re-engineered methodical software,1,Brand Awareness,207588,2026-03-21,2026-10-12,Paused
9065,Exclusive methodical frame,1,Sales,331470,2024-11-03,2025-07-26,Completed
9066,Centralized grid-enabled moratorium,4,Sales,14135,2025-06-06,2025-10-14,Active
9067,Horizontal hybrid service-desk,4,Remarketing,77605,2026-03-11,2026-08-31,Active
9068,Cross-platform user-facing capacity,4,Remarketing,448489,2025-01-23,2025-02-22,Paused
9069,Customer-focused multi-tasking access,2,Remarketing,417401,2024-07-23,2024-12-08,Paused
9070,Adaptive regional task-force,2,Lead Generation,76067,2025-05-11,2026-05-22,Paused
9071,Horizontal 3rdgeneration database,2,Brand Awareness,359193,2025-07-24,2025-12-20,Completed
9072,Cross-platform intangible moderator,3,Brand Awareness,448175,2026-02-16,2026-06-27,Completed
9073,Enterprise-wide hybrid solution,3,Product Launch,338747,2026-07-02,2026-09-25,Paused
9074,Cloned zero administration benchmark,2,Sales,28002,2025-11-02,2026-04-27,Paused
9075,Open-source scalable synergy,4,Product Launch,279218,2025-11-06,2025-12-08,Paused
9076,Quality-focused scalable conglomeration,3,Brand Awareness,155166,2026-07-17,2026-08-05,Active
9077,Team-oriented client-server encryption,1,Lead Generation,307852,2025-04-04,2025-08-11,Completed
9078,Profit-focused contextually-based knowledge user,5,Remarketing,430706,2025-05-25,2026-09-23,Completed
9079,Reverse-engineered modular benchmark,1,Remarketing,266148,2024-11-23,2025-03-25,Completed
9080,Monitored motivating service-desk,1,Lead Generation,165761,2024-10-27,2025-07-31,Active
9081,Inverse optimizing system engine,4,Brand Awareness,129615,2025-12-12,2026-08-28,Completed
9082,Business-focused incremental intranet,5,Brand Awareness,398241,2024-11-12,2025-08-06,Completed
9083,Exclusive executive monitoring,4,Remarketing,451057,2025-03-23,2025-05-15,Paused
9084,Business-focused zero administration software,4,Lead Generation,464760,2026-05-07,2026-08-22,Active
9085,Operative disintermediate task-force,3,Remarketing,66619,2025-07-31,2026-09-24,Completed
9086,Object-based leadingedge utilization,3,Product Launch,241511,2025-07-28,2025-08-15,Completed
9087,Re-contextualized high-level portal,5,Brand Awareness,191730,2024-12-13,2025-04-29,Paused
9088,Multi-layered coherent data-warehouse,5,Sales,225811,2025-04-27,2025-06-23,Completed
9089,Organized interactive conglomeration,3,Remarketing,303606,2025-08-31,2026-03-14,Paused
9090,Realigned real-time support,3,Sales,419728,2025-09-13,2025-12-10,Active
9091,Synergistic high-level methodology,4,Sales,64291,2025-05-23,2025-06-10,Paused
9092,Compatible system-worthy standardization,3,Product Launch,311902,2025-07-21,2026-05-17,Active
9093,Front-line homogeneous circuit,2,Brand Awareness,435540,2024-11-24,2025-04-07,Completed
9094,Horizontal homogeneous function,1,Product Launch,409381,2025-05-10,2026-10-08,Active
9095,Inverse systemic archive,3,Brand Awareness,446148,2026-01-09,2026-05-11,Active
9096,Customizable tertiary Graphical User Interface,4,Lead Generation,332587,2026-05-12,2026-06-29,Active
9097,Upgradable local analyzer,5,Sales,465446,2026-03-10,2026-07-08,Completed
9098,Function-based system-worthy forecast,3,Product Launch,48174,2026-07-01,2026-09-09,Paused
9099,Future-proofed coherent initiative,1,Lead Generation,327034,2024-08-05,2025-01-05,Completed
9100,Versatile foreground project,5,Brand Awareness,357639,2024-12-14,2025-08-29,Active
9101,Sharable mobile model,3,Sales,362945,2024-10-20,2025-12-05,Active
9102,Front-line even-keeled alliance,5,Sales,297280,2025-05-06,2026-01-20,Completed
9103,Assimilated bi-directional application,4,Lead Generation,149071,2025-04-14,2025-06-24,Paused
9104,Assimilated intermediate matrices,2,Product Launch,194812,2024-07-27,2025-01-31,Active
9105,Networked fault-tolerant capacity,3,Lead Generation,271696,2025-02-05,2025-02-16,Completed
9106,Centralized discrete service-desk,1,Remarketing,143499,2026-06-14,2026-07-19,Active
9107,Multi-channeled leadingedge customer loyalty,1,Brand Awareness,490517,2024-09-11,2025-10-26,Paused
9108,Re-contextualized responsive archive,4,Lead Generation,425085,2026-05-02,2026-09-29,Active
9109,Self-enabling regional toolset,4,Product Launch,408651,2025-06-14,2026-01-24,Active
9110,Multi-channeled optimal leverage,2,Product Launch,295589,2025-09-24,2026-02-10,Paused
9111,Synergistic multi-state data-warehouse,3,Sales,260932,2025-09-23,2026-03-08,Paused
9112,Expanded needs-based architecture,5,Product Launch,418601,2026-07-17,2026-09-16,Completed
9113,Object-based full-range methodology,5,Remarketing,214791,2025-09-03,2026-04-10,Paused
9114,Public-key cohesive analyzer,1,Sales,155584,2025-04-20,2026-06-03,Active
9115,Robust eco-centric open architecture,1,Brand Awareness,27947,2025-03-01,2026-06-06,Active
9116,Compatible reciprocal firmware,1,Product Launch,139652,2025-10-24,2025-10-26,Active
9117,Quality-focused optimizing strategy,1,Brand Awareness,352719,2025-11-15,2026-02-08,Active
9118,Cross-group foreground migration,1,Product Launch,114390,2024-10-18,2025-03-20,Active
9119,Implemented transitional implementation,5,Remarketing,79202,2026-01-17,2026-07-15,Active
9120,Multi-channeled object-oriented leverage,4,Remarketing,37099,2026-04-29,2026-10-11,Paused
9121,Enterprise-wide motivating budgetary management,3,Sales,52936,2026-06-21,2026-07-10,Paused
9122,Multi-tiered responsive hub,2,Lead Generation,126135,2026-02-19,2026-07-26,Paused
9123,Business-focused tangible intranet,4,Brand Awareness,66404,2025-03-03,2025-10-29,Completed
9124,Reactive client-server database,3,Brand Awareness,326478,2025-01-07,2026-05-21,Completed
9125,Reactive grid-enabled synergy,5,Lead Generation,435955,2025-12-27,2026-04-24,Paused
9126,Fundamental modular open architecture,4,Sales,285107,2025-01-19,2025-09-13,Completed
9127,Function-based modular artificial intelligence,4,Lead Generation,71632,2025-07-06,2026-07-18,Active
9128,Realigned analyzing firmware,4,Sales,110690,2024-12-31,2025-06-10,Completed
9129,Up-sized transitional task-force,2,Product Launch,362272,2025-11-03,2026-08-30,Active
9130,Optimized next generation conglomeration,3,Product Launch,36724,2024-09-22,2025-05-23,Paused
9131,Programmable context-sensitive customer loyalty,2,Lead Generation,63986,2026-03-28,2026-09-16,Completed
9132,Synchronized regional alliance,1,Brand Awareness,480281,2026-02-03,2026-04-11,Paused
9133,Seamless asynchronous Internet solution,3,Remarketing,185866,2025-08-14,2025-11-17,Active
9134,Quality-focused client-driven ability,3,Remarketing,105142,2024-12-12,2025-01-28,Paused
9135,Reverse-engineered multi-tasking hub,3,Sales,491873,2025-06-17,2026-09-25,Paused
9136,Ergonomic uniform instruction set,1,Remarketing,481216,2024-12-12,2025-06-12,Active
9137,Customer-focused zero-defect core,5,Lead Generation,324651,2025-11-30,2026-01-13,Active
9138,User-friendly zero tolerance approach,3,Remarketing,498818,2025-05-21,2025-08-18,Active
9139,Centralized radical flexibility,1,Remarketing,141232,2025-08-14,2025-11-15,Active
9140,Self-enabling high-level groupware,4,Lead Generation,177396,2025-06-24,2025-11-15,Completed
9141,Robust regional archive,2,Product Launch,229028,2024-08-18,2025-03-13,Paused
9142,Profit-focused bottom-line process improvement,3,Remarketing,23344,2025-07-27,2026-07-21,Completed
9143,Assimilated leadingedge software,2,Lead Generation,154713,2026-05-19,2026-09-13,Active
9144,Open-architected high-level software,2,Brand Awareness,38223,2025-06-21,2025-08-13,Active
9145,Vision-oriented content-based service-desk,1,Sales,392352,2024-12-06,2025-11-11,Active
9146,Team-oriented web-enabled emulation,4,Product Launch,46234,2024-10-16,2026-01-05,Active
9147,Profit-focused next generation service-desk,3,Remarketing,319992,2025-05-25,2026-10-11,Paused
9148,Exclusive background knowledge user,2,Lead Generation,340020,2024-10-07,2026-01-03,Completed
9149,Future-proofed global capability,5,Remarketing,91892,2024-10-14,2025-06-15,Active
9150,Face-to-face global artificial intelligence,5,Remarketing,364147,2024-10-10,2025-06-08,Completed
9151,Organic eco-centric artificial intelligence,2,Remarketing,12663,2025-03-12,2025-05-03,Active
9152,Fully-configurable contextually-based complexity,4,Product Launch,12438,2025-04-21,2026-01-24,Active
9153,Integrated scalable support,3,Remarketing,178643,2025-03-09,2025-07-21,Active
9154,User-friendly homogeneous Local Area Network,1,Lead Generation,16386,2026-05-16,2026-10-09,Completed
9155,Multi-channeled national architecture,5,Product Launch,194992,2024-12-29,2026-01-15,Paused
9156,Monitored even-keeled synergy,2,Lead Generation,331571,2025-09-17,2026-01-10,Paused
9157,Advanced heuristic pricing structure,2,Lead Generation,152024,2026-04-01,2026-06-01,Completed
9158,Decentralized global workforce,3,Brand Awareness,353968,2026-01-31,2026-07-08,Active
9159,Focused 3rdgeneration projection,5,Sales,232788,2026-06-06,2026-06-08,Completed
9160,Re-engineered high-level archive,1,Lead Generation,191267,2025-09-08,2026-07-03,Active
9161,Visionary 24hour hub,5,Sales,150464,2024-10-20,2025-09-28,Paused
9162,Innovative local product,2,Sales,32940,2025-01-10,2025-06-25,Active
9163,Distributed web-enabled software,5,Remarketing,174027,2026-03-12,2026-09-30,Paused
9164,Networked attitude-oriented hub,3,Lead Generation,198841,2024-09-04,2026-01-24,Active
9165,Team-oriented homogeneous artificial intelligence,4,Sales,70509,2024-09-08,2026-10-12,Completed
9166,Exclusive systemic circuit,1,Product Launch,251220,2024-09-04,2026-05-08,Paused
9167,Horizontal demand-driven projection,4,Remarketing,160234,2025-02-18,2025-04-09,Completed
9168,Balanced didactic conglomeration,2,Sales,39805,2025-07-07,2025-12-10,Active
9169,Streamlined methodical service-desk,2,Lead Generation,337766,2025-02-26,2026-03-10,Completed
9170,Self-enabling radical matrices,1,Remarketing,327129,2025-11-18,2026-07-13,Active
9171,Cross-platform client-server instruction set,5,Remarketing,78608,2025-06-21,2026-03-02,Paused
9172,Persevering attitude-oriented hierarchy,2,Remarketing,495194,2024-10-14,2026-05-09,Paused
9173,Multi-lateral dedicated knowledge user,2,Brand Awareness,376959,2026-03-04,2026-09-02,Active
9174,Multi-channeled fault-tolerant emulation,5,Remarketing,255911,2026-02-12,2026-06-09,Active
9175,Exclusive clear-thinking product,4,Product Launch,415847,2026-01-31,2026-04-11,Active
9176,Decentralized next generation encryption,4,Sales,441694,2025-12-06,2026-01-29,Paused
9177,Innovative encompassing extranet,2,Sales,280222,2025-07-06,2025-10-23,Active
9178,Proactive empowering service-desk,1,Product Launch,278916,2024-10-04,2026-07-04,Paused
9179,Phased full-range groupware,3,Remarketing,103193,2025-09-11,2026-10-05,Active
9180,User-centric incremental migration,3,Sales,75126,2024-09-11,2026-06-24,Active
9181,Triple-buffered neutral adapter,5,Brand Awareness,400803,2025-03-11,2026-07-13,Completed
9182,Advanced 24hour algorithm,1,Brand Awareness,175948,2025-01-10,2025-08-22,Completed
9183,Total next generation firmware,2,Product Launch,49281,2024-11-19,2025-04-05,Active
9184,Face-to-face eco-centric artificial intelligence,3,Remarketing,36837,2024-11-14,2026-03-22,Active
9185,Open-architected systematic strategy,5,Lead Generation,473666,2024-08-12,2025-03-04,Active
9186,Persistent 24hour infrastructure,2,Sales,316490,2025-05-02,2026-02-02,Active
9187,Operative radical framework,5,Sales,444447,2026-01-08,2026-09-10,Completed
9188,Streamlined dedicated conglomeration,2,Lead Generation,89312,2025-04-29,2026-04-16,Completed
9189,Team-oriented analyzing function,5,Lead Generation,468750,2024-11-05,2025-07-18,Paused
9190,Team-oriented executive encryption,3,Remarketing,36386,2024-07-28,2024-10-11,Completed
9191,Enterprise-wide 5thgeneration flexibility,1,Sales,208732,2025-05-02,2026-09-25,Paused
9192,Reverse-engineered real-time application,5,Remarketing,159192,2024-09-14,2024-11-21,Active
9193,Synchronized high-level open system,2,Product Launch,159314,2025-11-08,2026-09-14,Active
9194,Enhanced system-worthy infrastructure,4,Brand Awareness,218326,2025-04-30,2025-12-19,Active
9195,Re-contextualized demand-driven moderator,3,Lead Generation,259053,2025-02-14,2025-12-15,Completed
9196,Reverse-engineered dynamic model,1,Lead Generation,407329,2024-09-02,2025-10-10,Completed
9197,Reverse-engineered modular challenge,1,Brand Awareness,495224,2025-04-26,2025-07-25,Paused
9198,Digitized client-server focus group,4,Remarketing,90872,2026-07-05,2026-09-30,Completed
9199,Multi-tiered encompassing algorithm,4,Product Launch,62420,2024-11-23,2026-05-24,Paused
9200,Re-engineered stable migration,5,Sales,72651,2024-10-06,2025-01-27,Completed
9201,Pre-emptive national standardization,5,Lead Generation,75071,2025-01-13,2025-10-08,Active
9202,De-engineered actuating monitoring,3,Sales,267754,2025-08-18,2025-11-14,Active
9203,Diverse 6thgeneration circuit,4,Lead Generation,206622,2026-01-27,2026-05-22,Completed
9204,Extended executive customer loyalty,2,Sales,422190,2026-04-26,2026-07-03,Active
9205,Multi-tiered needs-based standardization,5,Product Launch,105355,2025-10-09,2025-12-16,Active
9206,Extended explicit solution,3,Sales,251820,2024-08-18,2026-06-11,Active
9207,Visionary zero administration methodology,3,Remarketing,496435,2026-04-19,2026-09-29,Active
9208,Re-contextualized 24/7 matrices,1,Product Launch,427288,2026-07-01,2026-08-31,Active
9209,Diverse national encoding,5,Remarketing,429088,2025-01-08,2025-03-31,Paused
9210,De-engineered composite capability,5,Sales,322658,2024-09-29,2025-07-04,Paused
9211,Optional reciprocal productivity,4,Lead Generation,485012,2024-07-20,2025-10-06,Active
9212,Optimized mission-critical policy,4,Remarketing,38385,2026-04-16,2026-05-03,Completed
9213,Grass-roots content-based protocol,5,Product Launch,108105,2025-08-30,2026-07-19,Paused
9214,Ameliorated methodical utilization,3,Remarketing,295166,2024-10-07,2026-03-09,Active
9215,Secured 6thgeneration moratorium,5,Remarketing,371925,2024-10-30,2026-09-07,Completed
9216,Balanced asymmetric time-frame,3,Lead Generation,168642,2026-02-09,2026-10-15,Paused
9217,Balanced uniform Internet solution,1,Lead Generation,341233,2025-08-17,2026-03-16,Active
9218,Programmable client-server access,2,Product Launch,96031,2024-07-21,2024-08-17,Paused
9219,Team-oriented zero tolerance database,2,Remarketing,470001,2024-11-15,2024-12-01,Active
9220,Phased coherent hub,4,Remarketing,314820,2026-03-10,2026-05-05,Active
9221,Persevering maximized encoding,1,Remarketing,172002,2025-04-29,2026-02-20,Paused
9222,Vision-oriented attitude-oriented parallelism,4,Remarketing,285225,2026-05-14,2026-09-26,Paused
9223,Team-oriented methodical methodology,1,Remarketing,170839,2026-05-01,2026-08-03,Paused
9224,Virtual zero-defect benchmark,3,Remarketing,10693,2025-05-27,2026-10-09,Active
9225,Decentralized mission-critical data-warehouse,2,Product Launch,287304,2024-08-08,2025-09-29,Paused
9226,Implemented executive emulation,3,Lead Generation,318885,2025-09-30,2026-07-06,Active
9227,Sharable didactic extranet,4,Sales,197997,2025-10-18,2026-03-24,Paused
9228,Visionary zero administration info-mediaries,3,Product Launch,466358,2024-09-22,2025-11-24,Paused
9229,De-engineered asymmetric throughput,1,Sales,375010,2026-02-06,2026-06-04,Active
9230,Devolved didactic contingency,5,Lead Generation,427831,2026-01-15,2026-01-31,Active
9231,Mandatory global encoding,4,Sales,448364,2024-12-06,2025-11-21,Completed
9232,Polarized neutral superstructure,2,Sales,83981,2026-03-23,2026-04-29,Active
9233,Streamlined uniform orchestration,1,Remarketing,395894,2026-03-26,2026-09-27,Active
9234,User-centric actuating artificial intelligence,1,Remarketing,155117,2026-04-02,2026-07-28,Completed
9235,Compatible executive parallelism,5,Remarketing,136679,2025-10-13,2026-01-31,Paused
9236,Intuitive optimal frame,4,Brand Awareness,312526,2025-10-15,2026-06-12,Completed
9237,Diverse full-range architecture,1,Lead Generation,497259,2024-10-05,2025-02-14,Active
9238,Operative executive website,1,Lead Generation,83562,2024-09-26,2025-07-15,Completed
9239,Inverse exuding methodology,5,Product Launch,423109,2024-09-10,2024-09-25,Completed
9240,Object-based impactful intranet,1,Sales,415319,2025-06-22,2025-10-10,Active
9241,Ameliorated 4thgeneration leverage,2,Product Launch,167364,2024-12-31,2025-01-09,Paused
9242,Exclusive client-server leverage,5,Sales,136250,2024-10-19,2025-08-24,Paused
9243,Right-sized radical moderator,1,Sales,241004,2026-04-14,2026-10-11,Completed
9244,Synergized impactful customer loyalty,2,Brand Awareness,297830,2024-12-01,2024-12-07,Completed
9245,Balanced multimedia application,4,Remarketing,294404,2024-10-27,2025-08-25,Completed
9246,Cloned value-added throughput,4,Brand Awareness,123671,2025-08-24,2026-08-19,Active
9247,Advanced discrete protocol,5,Brand Awareness,121173,2025-11-08,2026-08-03,Completed
9248,Fully-configurable leadingedge frame,4,Sales,174182,2025-11-26,2026-03-12,Paused
9249,Profit-focused interactive structure,4,Lead Generation,389009,2026-06-06,2026-07-11,Paused
9250,Mandatory foreground collaboration,3,Product Launch,485357,2024-10-11,2024-11-21,Paused
9251,Integrated bifurcated neural-net,5,Sales,58003,2024-07-21,2025-12-30,Completed
9252,Organized fresh-thinking Internet solution,4,Product Launch,240140,2026-02-27,2026-08-14,Active
9253,Multi-layered zero-defect policy,1,Lead Generation,284674,2024-12-23,2025-04-06,Paused
9254,De-engineered global time-frame,2,Remarketing,446865,2025-08-20,2025-11-02,Completed
9255,Virtual attitude-oriented paradigm,5,Remarketing,481358,2024-09-08,2026-09-17,Paused
9256,Face-to-face incremental projection,2,Remarketing,85029,2025-06-22,2025-12-10,Completed
9257,Advanced tertiary projection,5,Brand Awareness,488515,2025-06-05,2025-07-04,Active
9258,Cross-group analyzing groupware,4,Lead Generation,85853,2026-06-23,2026-08-12,Completed
9259,Configurable upward-trending time-frame,4,Lead Generation,233021,2024-10-16,2025-01-15,Paused
9260,Innovative 5thgeneration Graphical User Interface,5,Lead Generation,113624,2025-03-10,2026-07-20,Completed
9261,Expanded human-resource pricing structure,1,Lead Generation,247518,2024-07-25,2025-01-28,Paused
9262,Balanced motivating moratorium,5,Brand Awareness,11065,2025-04-11,2025-07-15,Completed
9263,Proactive local complexity,5,Product Launch,108770,2025-09-28,2025-12-03,Completed
9264,Assimilated dedicated archive,1,Sales,127286,2025-06-13,2026-07-17,Paused
9265,Synergized full-range project,3,Remarketing,241373,2025-08-29,2026-01-19,Paused
9266,Reverse-engineered systemic synergy,4,Remarketing,114407,2026-01-25,2026-06-05,Paused
9267,Monitored transitional help-desk,4,Lead Generation,482141,2025-07-31,2026-03-29,Active
9268,Persistent context-sensitive emulation,4,Lead Generation,279825,2024-12-27,2026-05-05,Completed
9269,Customer-focused uniform structure,2,Lead Generation,291141,2024-11-30,2026-05-01,Paused
9270,Profound non-volatile contingency,2,Remarketing,417720,2025-07-03,2026-04-23,Paused
9271,Expanded explicit software,3,Product Launch,341589,2025-04-23,2025-06-07,Active
9272,User-friendly clear-thinking process improvement,3,Product Launch,427418,2024-09-14,2026-01-04,Paused
9273,Assimilated encompassing system engine,3,Sales,429021,2025-06-13,2025-06-14,Completed
9274,Adaptive regional implementation,3,Lead Generation,155336,2026-01-26,2026-06-02,Paused
9275,Synergistic tangible function,1,Sales,121162,2026-04-23,2026-09-01,Active
9276,Sharable homogeneous hub,5,Product Launch,165067,2024-07-30,2024-10-06,Paused
9277,Switchable clear-thinking info-mediaries,2,Lead Generation,418344,2025-06-16,2025-08-06,Active
9278,Programmable eco-centric attitude,5,Lead Generation,163702,2025-08-12,2026-04-09,Active
9279,Advanced attitude-oriented artificial intelligence,3,Sales,256837,2026-06-05,2026-08-19,Completed
9280,Robust incremental help-desk,1,Brand Awareness,234361,2025-01-03,2026-04-24,Paused
9281,Operative encompassing extranet,3,Sales,291733,2025-09-01,2026-05-15,Active
9282,Pre-emptive neutral neural-net,1,Sales,346207,2025-05-04,2025-09-14,Active
9283,Phased multimedia collaboration,3,Lead Generation,220306,2025-11-28,2026-03-23,Active
9284,Enterprise-wide dedicated capability,5,Remarketing,37891,2025-04-09,2025-06-19,Paused
9285,Innovative reciprocal process improvement,4,Lead Generation,466072,2025-04-08,2025-08-17,Active
9286,Organic radical capability,1,Sales,116495,2026-06-05,2026-06-07,Paused
9287,Adaptive user-facing moderator,2,Sales,83604,2026-03-16,2026-03-21,Paused
9288,Cross-group content-based standardization,3,Brand Awareness,42268,2025-06-12,2025-09-24,Completed
9289,Versatile systematic website,4,Product Launch,421286,2024-08-13,2026-09-17,Paused
9290,Managed national task-force,5,Brand Awareness,348557,2025-03-01,2026-02-17,Active
9291,Networked encompassing framework,2,Product Launch,359629,2026-07-05,2026-09-26,Completed
9292,Triple-buffered global Local Area Network,3,Sales,304829,2025-04-16,2026-03-05,Completed
9293,Vision-oriented systematic conglomeration,3,Product Launch,328348,2025-10-04,2026-04-26,Completed
9294,Persevering 24/7 focus group,1,Product Launch,308743,2024-11-04,2026-07-27,Active
9295,Profit-focused heuristic database,1,Product Launch,164320,2024-10-08,2026-02-18,Completed
9296,Open-architected transitional groupware,5,Sales,358189,2026-06-09,2026-08-17,Paused
9297,Customizable 24hour throughput,5,Product Launch,92653,2026-01-02,2026-03-21,Paused
9298,Quality-focused heuristic open system,2,Brand Awareness,438651,2025-10-09,2026-10-13,Completed
9299,Fully-configurable holistic open architecture,5,Brand Awareness,293213,2025-06-24,2026-07-23,Active
9300,Assimilated composite core,1,Sales,368453,2025-08-05,2026-09-03,Paused
9301,Optimized composite model,2,Remarketing,483852,2025-03-15,2025-06-02,Completed
9302,De-engineered regional task-force,4,Product Launch,91638,2026-04-03,2026-07-15,Completed
9303,Switchable tangible system engine,3,Brand Awareness,432824,2024-09-13,2025-12-28,Paused
9304,Reduced 5thgeneration software,4,Product Launch,326969,2025-06-08,2026-04-23,Completed
9305,User-centric modular adapter,2,Sales,76899,2024-08-29,2025-08-11,Completed
9306,Networked eco-centric structure,2,Sales,252003,2026-04-13,2026-10-09,Completed
9307,Fundamental reciprocal capability,2,Brand Awareness,230275,2024-11-27,2025-02-18,Paused
9308,Mandatory client-server conglomeration,2,Product Launch,356622,2024-11-21,2026-07-31,Active
9309,Automated secondary concept,2,Brand Awareness,326036,2025-05-28,2025-09-09,Paused
9310,Managed 24/7 capacity,5,Brand Awareness,368679,2025-09-16,2026-08-08,Paused
9311,Seamless radical project,3,Lead Generation,357436,2025-03-20,2026-02-26,Completed
9312,Quality-focused bi-directional synergy,3,Remarketing,338971,2024-11-11,2025-01-06,Active
9313,Upgradable next generation strategy,2,Product Launch,425032,2025-01-30,2026-06-06,Paused
9314,Progressive executive Graphic Interface,4,Product Launch,254998,2025-11-29,2026-01-24,Active
9315,Seamless clear-thinking hardware,5,Brand Awareness,91160,2024-08-28,2026-03-07,Completed
9316,Up-sized holistic intranet,2,Product Launch,453163,2025-12-19,2026-08-04,Active
9317,Configurable mobile frame,1,Lead Generation,164123,2026-02-11,2026-05-08,Paused
9318,Innovative stable website,4,Brand Awareness,20332,2026-02-02,2026-05-15,Paused
9319,Extended global access,4,Lead Generation,71037,2024-09-24,2026-09-29,Active
9320,Centralized 24hour hierarchy,2,Remarketing,425155,2025-10-15,2025-11-03,Paused
9321,Function-based static initiative,5,Product Launch,20372,2025-04-25,2026-07-07,Active
9322,Devolved demand-driven service-desk,1,Product Launch,280946,2026-04-09,2026-04-09,Paused
9323,Right-sized actuating open architecture,1,Remarketing,125979,2026-06-10,2026-07-08,Paused
9324,Enhanced client-server product,4,Sales,418013,2025-03-30,2025-12-26,Active
9325,Horizontal encompassing collaboration,3,Sales,409489,2025-10-05,2026-09-13,Active
9326,Ergonomic content-based collaboration,1,Sales,273369,2026-04-03,2026-07-30,Completed
9327,Synchronized content-based moratorium,1,Lead Generation,311897,2025-10-23,2026-07-05,Active
9328,Advanced contextually-based contingency,5,Sales,358884,2024-12-09,2025-08-26,Paused
9329,User-centric next generation protocol,1,Sales,101214,2026-03-22,2026-04-24,Completed
9330,Integrated web-enabled project,4,Product Launch,415296,2025-03-05,2026-10-01,Active
9331,Self-enabling 3rdgeneration algorithm,1,Remarketing,449382,2025-01-01,2026-06-11,Completed
9332,Synergized holistic throughput,3,Brand Awareness,260542,2024-10-23,2026-05-04,Completed
9333,Pre-emptive holistic database,2,Lead Generation,305448,2024-08-26,2026-10-11,Active
9334,Adaptive object-oriented data-warehouse,2,Brand Awareness,223987,2024-09-19,2026-08-04,Completed
9335,Visionary intangible flexibility,5,Sales,83352,2025-11-24,2026-08-10,Paused
9336,Innovative modular matrices,5,Lead Generation,460442,2025-08-09,2026-10-09,Active
9337,Synergistic 4thgeneration hub,5,Remarketing,374346,2025-05-20,2025-09-05,Completed
9338,Synchronized 24hour projection,3,Sales,27962,2024-12-13,2026-05-22,Active
9339,Customer-focused eco-centric adapter,4,Brand Awareness,172925,2026-03-26,2026-08-09,Paused
9340,Organized asymmetric matrix,1,Sales,378785,2025-11-29,2026-08-03,Active
9341,De-engineered reciprocal utilization,4,Brand Awareness,266592,2025-10-14,2026-04-27,Paused
9342,Versatile foreground array,2,Sales,407627,2025-01-15,2025-11-24,Completed
9343,Self-enabling well-modulated adapter,4,Brand Awareness,469787,2025-01-15,2026-03-09,Completed
9344,Integrated heuristic time-frame,5,Sales,92665,2024-08-26,2025-05-29,Active
9345,Focused global budgetary management,2,Brand Awareness,465435,2025-03-31,2025-07-10,Paused
9346,Upgradable contextually-based task-force,2,Sales,419960,2025-01-19,2026-09-18,Completed
9347,Right-sized asynchronous throughput,3,Sales,44529,2026-01-12,2026-09-29,Active
9348,Operative mobile throughput,2,Lead Generation,138128,2024-09-30,2025-04-10,Completed
9349,Centralized radical Local Area Network,1,Remarketing,464887,2025-11-11,2025-11-29,Paused
9350,Visionary actuating flexibility,4,Lead Generation,331860,2025-04-04,2026-03-07,Paused
9351,Cloned even-keeled paradigm,2,Brand Awareness,484580,2025-08-30,2026-05-23,Completed
9352,Triple-buffered asynchronous migration,1,Sales,59874,2024-10-30,2025-04-14,Completed
9353,Enterprise-wide discrete focus group,5,Remarketing,319668,2024-10-25,2025-10-17,Completed
9354,Triple-buffered multi-tasking contingency,5,Sales,291713,2025-02-17,2026-07-03,Active
9355,Sharable executive secured line,5,Product Launch,372031,2025-03-11,2026-08-20,Completed
9356,Devolved bifurcated migration,2,Sales,186792,2025-06-01,2026-03-15,Active
9357,Focused bottom-line framework,3,Sales,130710,2026-03-15,2026-09-04,Completed
9358,Decentralized executive flexibility,4,Brand Awareness,430217,2026-04-10,2026-05-08,Active
9359,Monitored bandwidth-monitored ability,1,Lead Generation,237151,2024-08-03,2026-06-02,Paused
9360,Synergistic mobile concept,4,Remarketing,191834,2025-01-26,2025-04-08,Paused
9361,Robust 6thgeneration extranet,3,Brand Awareness,358892,2026-07-09,2026-08-13,Completed
9362,Future-proofed stable budgetary management,5,Remarketing,272791,2026-03-29,2026-07-10,Active
9363,Quality-focused contextually-based website,4,Remarketing,218558,2025-01-25,2026-01-02,Completed
9364,Centralized asynchronous firmware,3,Lead Generation,456412,2025-07-17,2026-01-28,Active
9365,Multi-layered upward-trending concept,1,Lead Generation,288484,2025-08-29,2025-10-18,Paused
9366,Seamless clear-thinking utilization,5,Lead Generation,375743,2024-12-07,2026-04-10,Completed
9367,Streamlined multimedia installation,2,Brand Awareness,440546,2025-08-19,2025-10-27,Active
9368,Universal homogeneous secured line,4,Lead Generation,240347,2024-09-26,2026-03-27,Paused
9369,Re-contextualized needs-based model,3,Lead Generation,119673,2026-01-06,2026-04-02,Active
9370,Balanced real-time system engine,1,Sales,132367,2025-01-24,2025-05-16,Paused
9371,Diverse modular monitoring,4,Product Launch,217252,2026-03-30,2026-04-30,Paused
9372,Monitored bi-directional utilization,4,Brand Awareness,98325,2024-12-14,2025-08-11,Paused
9373,Balanced human-resource definition,2,Brand Awareness,416527,2025-03-14,2025-09-01,Active
9374,Versatile grid-enabled function,1,Product Launch,131817,2024-08-05,2026-07-31,Paused
9375,User-friendly coherent function,5,Sales,475414,2025-06-22,2026-05-30,Completed
9376,Adaptive regional parallelism,3,Product Launch,127750,2025-11-01,2025-11-01,Completed
9377,Assimilated interactive ability,5,Lead Generation,290544,2024-10-22,2025-05-15,Active
9378,Open-architected 5thgeneration neural-net,1,Brand Awareness,17873,2026-06-06,2026-09-03,Completed
9379,Streamlined responsive data-warehouse,5,Sales,388551,2026-04-22,2026-08-28,Active
9380,Up-sized national extranet,4,Sales,492501,2025-11-30,2026-07-15,Completed
9381,Progressive optimizing process improvement,3,Sales,336211,2026-01-08,2026-09-11,Active
9382,Sharable executive ability,2,Lead Generation,219868,2025-02-15,2025-10-02,Paused
9383,Enterprise-wide solution-oriented adapter,1,Lead Generation,416992,2025-06-29,2025-09-29,Completed
9384,Customizable reciprocal emulation,2,Brand Awareness,446355,2024-12-25,2026-08-11,Paused
9385,Reactive empowering contingency,4,Lead Generation,190665,2025-02-19,2025-12-11,Paused
9386,Front-line contextually-based Graphic Interface,1,Product Launch,329964,2025-01-29,2025-06-26,Paused
9387,Proactive neutral budgetary management,2,Lead Generation,307184,2025-11-12,2026-09-29,Completed
9388,Re-contextualized empowering protocol,5,Remarketing,416924,2024-07-24,2026-01-10,Completed
9389,Persistent transitional emulation,4,Brand Awareness,258368,2025-12-22,2026-01-05,Completed
9390,Cross-group asynchronous framework,2,Sales,382798,2025-04-04,2026-02-05,Paused
9391,Multi-lateral 6thgeneration collaboration,2,Product Launch,253237,2024-09-24,2025-11-05,Active
9392,Exclusive exuding attitude,3,Lead Generation,436819,2026-01-11,2026-07-10,Active
9393,Virtual global methodology,5,Sales,150978,2025-01-27,2026-04-05,Active
9394,Vision-oriented didactic frame,5,Remarketing,377285,2026-01-04,2026-02-24,Completed
9395,Horizontal asynchronous methodology,2,Product Launch,241358,2025-02-08,2025-06-15,Completed
9396,Multi-tiered 4thgeneration interface,1,Lead Generation,466874,2025-04-26,2026-08-17,Active
9397,Devolved system-worthy support,2,Brand Awareness,220714,2024-07-18,2024-11-03,Paused
9398,Intuitive cohesive process improvement,3,Lead Generation,469886,2024-12-09,2025-11-23,Active
9399,Fundamental multi-tasking complexity,1,Product Launch,387730,2025-01-20,2025-11-01,Paused
9400,Proactive fault-tolerant installation,2,Brand Awareness,365219,2025-10-05,2026-06-01,Paused
9401,Profound fresh-thinking capacity,3,Sales,474025,2025-08-31,2025-12-13,Paused
9402,Profit-focused modular firmware,2,Remarketing,248874,2024-11-04,2025-03-22,Active
9403,Intuitive clear-thinking Internet solution,3,Product Launch,249495,2025-02-22,2026-06-28,Completed
9404,Networked 5thgeneration pricing structure,5,Product Launch,418856,2025-10-31,2026-05-04,Completed
9405,Cross-group bandwidth-monitored interface,5,Lead Generation,318557,2025-12-13,2026-05-13,Paused
9406,Versatile grid-enabled toolset,4,Lead Generation,326679,2025-06-28,2026-06-07,Paused
9407,Stand-alone fresh-thinking forecast,1,Brand Awareness,474566,2024-12-27,2025-01-02,Active
9408,Innovative solution-oriented standardization,4,Remarketing,115572,2025-06-17,2026-06-24,Completed
9409,Total analyzing help-desk,2,Brand Awareness,413282,2026-06-24,2026-08-11,Active
9410,Open-source heuristic implementation,1,Remarketing,232661,2026-01-22,2026-06-19,Active
9411,Quality-focused solution-oriented product,5,Lead Generation,345521,2026-02-04,2026-07-14,Paused
9412,Virtual intangible toolset,5,Product Launch,285988,2024-08-18,2025-05-09,Active
9413,De-engineered context-sensitive customer loyalty,3,Sales,214152,2025-10-20,2026-08-29,Paused
9414,Pre-emptive neutral utilization,5,Brand Awareness,118499,2026-03-19,2026-10-01,Paused
9415,Compatible human-resource leverage,3,Remarketing,491733,2026-04-04,2026-09-10,Active
9416,Distributed object-oriented leverage,4,Sales,292940,2025-04-17,2025-09-24,Active
9417,Realigned demand-driven solution,2,Brand Awareness,105625,2025-11-08,2026-07-12,Paused
9418,Team-oriented uniform emulation,2,Sales,372832,2026-06-14,2026-09-16,Completed
9419,Synchronized 5thgeneration task-force,1,Product Launch,230820,2025-08-31,2026-10-12,Paused
9420,Optimized bottom-line architecture,3,Brand Awareness,440542,2025-01-28,2026-02-18,Paused
9421,Optimized uniform productivity,2,Product Launch,26344,2026-03-29,2026-08-02,Active
9422,Visionary system-worthy utilization,2,Remarketing,262111,2025-12-19,2026-07-28,Active
9423,Extended bottom-line hub,5,Brand Awareness,52649,2025-08-10,2025-09-25,Paused
9424,Future-proofed asymmetric emulation,4,Brand Awareness,112071,2024-09-24,2026-09-04,Paused
9425,Devolved reciprocal artificial intelligence,5,Lead Generation,340062,2024-10-05,2026-09-14,Active
9426,Optional intermediate productivity,3,Brand Awareness,10340,2026-07-14,2026-08-15,Active
9427,Self-enabling empowering synergy,2,Sales,48912,2024-08-31,2024-09-13,Completed
9428,Focused web-enabled toolset,3,Lead Generation,484482,2024-11-10,2025-03-03,Paused
9429,Right-sized demand-driven initiative,4,Lead Generation,387717,2025-01-25,2026-01-02,Completed
9430,De-engineered regional hardware,3,Product Launch,269057,2025-01-21,2025-12-22,Completed
9431,Open-source homogeneous matrices,3,Product Launch,358137,2024-09-26,2024-11-29,Completed
9432,Persevering static standardization,2,Brand Awareness,381075,2024-11-28,2025-04-28,Paused
9433,Persevering impactful migration,4,Lead Generation,76346,2024-09-09,2024-10-23,Completed
9434,Front-line neutral analyzer,4,Sales,268706,2026-05-10,2026-09-27,Completed
9435,Upgradable neutral open architecture,4,Sales,73603,2026-04-06,2026-05-05,Paused
9436,Proactive web-enabled utilization,1,Lead Generation,447421,2025-02-03,2026-03-28,Active
9437,Monitored leadingedge access,5,Remarketing,209381,2025-02-13,2026-06-08,Paused
9438,Implemented composite info-mediaries,4,Product Launch,110341,2025-04-11,2026-03-29,Completed
9439,Implemented value-added function,4,Sales,94487,2025-09-03,2026-09-03,Completed
9440,Right-sized zero administration customer loyalty,3,Remarketing,179424,2024-10-16,2025-01-28,Active
9441,Secured optimizing process improvement,4,Sales,456102,2025-07-11,2025-12-06,Paused
9442,Persistent needs-based Local Area Network,4,Sales,306343,2026-03-04,2026-09-12,Completed
9443,Visionary neutral middleware,3,Product Launch,184136,2025-06-13,2025-07-22,Completed
9444,Organic stable database,1,Brand Awareness,330603,2024-07-27,2025-04-06,Paused
9445,Versatile methodical hierarchy,5,Product Launch,402312,2025-03-06,2025-06-30,Paused
9446,Organized didactic access,3,Lead Generation,491812,2025-10-06,2025-11-07,Paused
9447,Mandatory composite leverage,1,Sales,71648,2026-05-24,2026-08-05,Active
9448,Self-enabling leadingedge forecast,2,Product Launch,443259,2024-11-19,2025-06-08,Completed
9449,Compatible background monitoring,5,Brand Awareness,455820,2026-02-03,2026-09-28,Paused
9450,Programmable motivating ability,1,Lead Generation,479284,2024-09-30,2026-01-17,Paused
9451,Vision-oriented tertiary matrix,2,Lead Generation,451535,2024-08-14,2026-07-30,Paused
9452,Re-contextualized high-level database,1,Remarketing,65304,2025-06-24,2025-09-22,Active
9453,Compatible disintermediate process improvement,5,Sales,134745,2024-08-06,2025-09-12,Active
9454,Centralized regional encryption,4,Product Launch,218167,2025-12-22,2026-02-07,Active
9455,Optimized methodical pricing structure,4,Remarketing,199611,2026-07-16,2026-09-23,Paused
9456,Profound zero tolerance toolset,4,Lead Generation,393235,2025-05-23,2026-07-26,Completed
9457,Switchable directional open architecture,2,Lead Generation,199977,2025-08-08,2026-05-23,Completed
9458,Re-engineered web-enabled adapter,3,Lead Generation,130114,2024-09-21,2025-07-15,Active
9459,Polarized systemic matrix,3,Sales,136281,2025-07-07,2025-09-24,Completed
9460,Switchable interactive leverage,3,Sales,131749,2025-05-05,2025-05-06,Paused
9461,Mandatory object-oriented pricing structure,5,Lead Generation,224925,2026-05-14,2026-09-16,Paused
9462,Business-focused 3rdgeneration monitoring,5,Remarketing,52600,2025-07-20,2025-11-09,Paused
9463,Customer-focused coherent Graphic Interface,4,Brand Awareness,352793,2024-10-17,2026-04-27,Paused
9464,De-engineered bottom-line hierarchy,4,Product Launch,348982,2025-05-02,2026-09-09,Completed
9465,Re-engineered demand-driven archive,5,Brand Awareness,297018,2025-04-09,2026-06-28,Completed
9466,Automated exuding success,3,Lead Generation,232497,2024-12-20,2025-05-09,Paused
9467,Grass-roots background installation,3,Remarketing,180932,2024-10-12,2026-08-24,Active
9468,Mandatory zero tolerance toolset,5,Sales,24973,2025-07-02,2026-07-17,Paused
9469,Cloned methodical process improvement,4,Lead Generation,39949,2024-09-24,2025-03-11,Completed
9470,Assimilated attitude-oriented initiative,5,Brand Awareness,166687,2025-07-26,2026-09-19,Active
9471,Pre-emptive content-based system engine,3,Brand Awareness,78445,2026-02-21,2026-09-22,Active
9472,User-friendly radical customer loyalty,3,Product Launch,335988,2026-06-13,2026-08-22,Active
9473,Phased context-sensitive circuit,2,Product Launch,320620,2025-06-08,2026-02-18,Active
9474,Pre-emptive tangible matrices,5,Brand Awareness,71500,2026-06-23,2026-07-05,Paused
9475,Realigned full-range application,5,Sales,170368,2026-03-19,2026-05-18,Paused
9476,Team-oriented motivating benchmark,2,Product Launch,483498,2026-01-19,2026-07-25,Active
9477,Customizable attitude-oriented model,2,Remarketing,355919,2026-05-30,2026-06-16,Active
9478,Virtual didactic concept,4,Remarketing,248771,2024-11-11,2026-04-22,Paused
9479,Re-contextualized local knowledgebase,5,Brand Awareness,174502,2025-11-03,2026-03-13,Active
9480,Multi-tiered human-resource definition,2,Product Launch,189586,2024-10-27,2024-10-28,Paused
9481,Up-sized upward-trending product,1,Brand Awareness,279959,2025-03-16,2026-08-26,Paused
9482,Robust client-driven infrastructure,2,Lead Generation,60377,2024-10-10,2026-10-02,Active
9483,Re-engineered bottom-line toolset,1,Product Launch,290517,2025-04-18,2025-08-12,Paused
9484,Team-oriented solution-oriented task-force,2,Remarketing,100169,2025-10-22,2026-09-28,Paused
9485,Cross-platform holistic standardization,5,Sales,367860,2025-07-27,2025-11-26,Completed
9486,Persevering dedicated interface,1,Product Launch,74885,2024-09-14,2025-05-01,Paused
9487,Cross-platform mobile concept,2,Product Launch,196440,2024-08-27,2024-11-16,Active
9488,Persevering intermediate toolset,5,Product Launch,205495,2025-07-09,2026-03-05,Completed
9489,Networked asymmetric adapter,3,Sales,473856,2025-09-18,2026-08-28,Completed
9490,Synchronized radical throughput,4,Remarketing,103283,2025-09-07,2025-10-18,Completed
9491,Switchable responsive extranet,5,Product Launch,104256,2024-11-01,2025-08-25,Paused
9492,Open-source didactic initiative,2,Lead Generation,152673,2026-02-09,2026-05-23,Completed
9493,Proactive discrete hierarchy,1,Brand Awareness,373421,2026-03-07,2026-07-12,Active
9494,Upgradable reciprocal focus group,3,Sales,114252,2024-07-23,2024-09-06,Active
9495,Secured client-server data-warehouse,5,Remarketing,21107,2026-02-27,2026-07-27,Completed
9496,Centralized zero administration throughput,3,Product Launch,387371,2024-09-29,2025-06-10,Paused
9497,Seamless composite data-warehouse,1,Brand Awareness,21651,2025-02-01,2026-01-11,Paused
9498,Total 4thgeneration parallelism,5,Remarketing,298905,2025-08-28,2026-08-02,Paused
9499,Enhanced regional software,2,Sales,311928,2026-01-15,2026-08-10,Active
9500,User-centric high-level productivity,2,Product Launch,324895,2025-11-05,2026-03-25,Completed
9501,Compatible stable protocol,2,Product Launch,198916,2024-11-25,2025-08-30,Completed
9502,Re-engineered regional Local Area Network,4,Product Launch,269795,2025-02-07,2026-05-24,Paused
9503,Progressive homogeneous Internet solution,1,Brand Awareness,334799,2026-03-25,2026-05-17,Paused
9504,Reactive grid-enabled paradigm,3,Product Launch,88927,2024-07-23,2024-10-03,Active
9505,Customizable multi-tasking portal,3,Brand Awareness,465870,2026-03-21,2026-07-24,Paused
9506,Centralized non-volatile capability,3,Product Launch,211538,2025-08-19,2025-11-30,Active
9507,Switchable local frame,2,Lead Generation,366471,2025-02-13,2026-01-07,Paused
9508,Grass-roots mission-critical capability,4,Product Launch,49833,2024-12-18,2026-01-04,Completed
9509,Synergized 5thgeneration workforce,3,Remarketing,245481,2026-03-13,2026-09-17,Completed
9510,Multi-lateral even-keeled challenge,2,Product Launch,374465,2024-10-23,2026-04-06,Active
9511,Streamlined transitional migration,4,Lead Generation,106972,2025-01-31,2025-08-06,Paused
9512,Centralized actuating frame,4,Product Launch,96113,2026-02-23,2026-09-06,Completed
9513,Configurable user-facing workforce,5,Brand Awareness,92600,2024-10-25,2025-02-25,Paused
9514,Down-sized cohesive structure,2,Sales,250137,2025-03-08,2026-09-19,Completed
9515,Upgradable coherent Graphic Interface,3,Remarketing,299544,2025-09-07,2025-10-08,Paused
9516,Profound hybrid groupware,4,Lead Generation,209290,2025-09-25,2026-02-09,Completed
9517,Integrated mobile array,3,Brand Awareness,439285,2024-09-04,2025-03-10,Completed
9518,Synchronized grid-enabled artificial intelligence,4,Sales,101849,2025-09-08,2025-10-30,Active
9519,Multi-layered tangible framework,1,Sales,347568,2025-10-29,2026-06-27,Paused
9520,Devolved stable support,3,Product Launch,422903,2024-11-28,2025-11-19,Active
9521,Realigned multi-tasking contingency,1,Brand Awareness,326881,2025-10-05,2026-03-31,Paused
9522,Synergistic hybrid workforce,3,Sales,462745,2025-01-27,2025-08-03,Active
9523,Profit-focused optimizing extranet,4,Product Launch,106831,2025-01-28,2025-06-01,Completed
9524,Cross-group global conglomeration,5,Remarketing,378417,2025-05-12,2026-05-21,Completed
9525,Operative responsive ability,2,Lead Generation,269292,2025-07-27,2026-01-20,Paused
9526,Optional systemic algorithm,2,Lead Generation,190093,2025-01-15,2025-06-08,Paused
9527,Multi-tiered 3rdgeneration secured line,5,Lead Generation,377132,2025-09-16,2026-07-01,Completed
9528,Switchable incremental flexibility,1,Remarketing,298460,2025-01-08,2025-10-26,Active
9529,Decentralized full-range leverage,5,Sales,258877,2025-01-30,2026-07-30,Completed
9530,Organic human-resource help-desk,4,Lead Generation,407517,2024-08-27,2026-01-16,Completed
9531,Assimilated solution-oriented portal,4,Sales,275987,2025-09-10,2026-07-17,Paused
9532,Profound bifurcated secured line,2,Remarketing,120184,2024-10-12,2025-09-16,Completed
9533,Upgradable zero administration neural-net,4,Brand Awareness,218311,2024-11-14,2026-06-07,Paused
9534,Programmable coherent conglomeration,5,Brand Awareness,222400,2025-03-24,2026-06-02,Paused
9535,Mandatory zero administration orchestration,2,Sales,297690,2026-04-12,2026-09-11,Paused
9536,Ameliorated didactic definition,5,Remarketing,393815,2024-11-15,2025-03-03,Paused
9537,Expanded optimizing groupware,3,Product Launch,286632,2024-11-30,2025-08-02,Active
9538,Managed uniform function,3,Sales,335173,2025-09-19,2025-11-27,Paused
9539,Progressive bi-directional hierarchy,2,Product Launch,313438,2025-04-28,2026-06-04,Completed
9540,Visionary neutral implementation,4,Sales,150035,2025-08-10,2026-08-09,Paused
9541,Fundamental 6thgeneration attitude,3,Lead Generation,443325,2025-06-09,2025-06-23,Paused
9542,Open-source intermediate concept,2,Remarketing,352255,2025-11-29,2026-10-06,Paused
9543,Organic object-oriented help-desk,1,Brand Awareness,128969,2025-11-18,2026-06-09,Paused
9544,Cross-platform value-added open architecture,5,Brand Awareness,58206,2024-12-09,2025-04-20,Active
9545,Polarized mobile neural-net,2,Brand Awareness,141967,2025-09-10,2025-11-06,Completed
9546,Integrated bottom-line knowledgebase,4,Product Launch,468381,2025-01-09,2026-07-06,Paused
9547,Switchable scalable initiative,4,Sales,89411,2024-12-12,2025-09-14,Paused
9548,Operative user-facing complexity,2,Product Launch,342628,2024-09-26,2025-09-12,Active
9549,Ameliorated composite task-force,3,Brand Awareness,209849,2025-06-18,2026-09-23,Active
9550,Balanced fresh-thinking knowledgebase,1,Sales,33352,2024-08-25,2026-08-06,Paused
9551,Fully-configurable encompassing customer loyalty,2,Brand Awareness,189823,2025-09-22,2026-07-20,Active
9552,Team-oriented asynchronous hierarchy,5,Remarketing,323084,2025-10-07,2026-05-05,Paused
9553,Ameliorated heuristic archive,4,Sales,207550,2026-04-11,2026-06-13,Paused
9554,Stand-alone even-keeled moderator,2,Brand Awareness,190357,2025-08-27,2025-10-26,Completed
9555,Optimized full-range analyzer,2,Lead Generation,92175,2024-11-06,2024-11-15,Paused
9556,User-friendly global algorithm,5,Sales,488756,2025-06-29,2025-12-14,Paused
9557,Extended content-based website,5,Sales,251708,2025-02-27,2026-04-13,Completed
9558,Enterprise-wide local customer loyalty,4,Brand Awareness,390719,2026-06-14,2026-07-15,Completed
9559,Expanded static software,4,Remarketing,279510,2026-01-29,2026-04-25,Completed
9560,Re-contextualized fresh-thinking core,4,Sales,57488,2025-06-26,2026-01-22,Active
9561,Multi-lateral value-added model,1,Sales,230121,2025-08-14,2026-04-08,Completed
9562,Organic interactive synergy,4,Product Launch,169970,2025-02-12,2026-05-26,Completed
9563,Triple-buffered fault-tolerant flexibility,5,Product Launch,174102,2025-05-02,2026-05-31,Paused
9564,Centralized zero administration superstructure,1,Remarketing,375029,2024-11-03,2025-09-01,Paused
9565,Object-based dynamic help-desk,1,Lead Generation,256142,2025-05-16,2025-06-17,Active
9566,Pre-emptive logistical budgetary management,3,Product Launch,297081,2026-01-11,2026-10-10,Completed
9567,Compatible disintermediate ability,3,Remarketing,247924,2024-09-11,2026-05-06,Completed
9568,Intuitive attitude-oriented extranet,4,Sales,309915,2024-12-22,2025-03-02,Active
9569,Future-proofed multimedia product,2,Product Launch,448236,2024-10-17,2026-03-25,Paused
9570,Configurable interactive Graphic Interface,1,Sales,367521,2025-01-23,2026-08-05,Completed
9571,Versatile executive function,5,Remarketing,450550,2026-06-28,2026-10-02,Active
9572,Synergized even-keeled circuit,1,Lead Generation,80669,2025-03-15,2026-02-25,Paused
9573,Down-sized incremental model,2,Remarketing,163026,2025-02-19,2025-03-17,Active
9574,Self-enabling content-based standardization,1,Sales,480914,2026-01-22,2026-05-08,Paused
9575,Networked 24/7 array,1,Remarketing,190206,2026-06-08,2026-07-08,Paused
9576,Advanced explicit secured line,2,Sales,192451,2025-04-16,2025-06-02,Completed
9577,Multi-tiered secondary benchmark,5,Sales,177638,2026-04-26,2026-07-22,Active
9578,Expanded asymmetric help-desk,1,Product Launch,12500,2026-03-11,2026-05-02,Completed
9579,Self-enabling exuding extranet,3,Brand Awareness,490233,2025-08-27,2026-07-21,Completed
9580,Up-sized 6thgeneration conglomeration,5,Brand Awareness,61665,2025-03-02,2026-10-08,Paused
9581,Right-sized bottom-line analyzer,4,Product Launch,368808,2026-01-10,2026-06-04,Active
9582,Virtual 4thgeneration forecast,3,Brand Awareness,429024,2026-01-29,2026-02-25,Paused
9583,Managed heuristic application,5,Brand Awareness,67209,2024-08-05,2025-09-15,Active
9584,Virtual clear-thinking middleware,2,Product Launch,487380,2024-11-04,2024-12-09,Completed
9585,Visionary high-level functionalities,3,Sales,116302,2026-06-02,2026-08-05,Completed
9586,Vision-oriented asynchronous frame,3,Product Launch,260740,2026-04-06,2026-07-30,Completed
9587,Managed responsive archive,4,Lead Generation,150019,2024-12-29,2026-04-25,Active
9588,Compatible clear-thinking support,3,Product Launch,49006,2024-07-18,2025-04-24,Active
9589,Object-based solution-oriented system engine,4,Sales,102747,2025-08-05,2026-09-30,Paused
9590,Grass-roots regional project,4,Brand Awareness,441012,2025-09-19,2026-03-29,Active
9591,Business-focused scalable database,1,Brand Awareness,479227,2025-05-20,2025-12-18,Completed
9592,Customer-focused optimal challenge,2,Sales,362065,2025-09-12,2026-01-30,Completed
9593,Pre-emptive modular knowledgebase,3,Brand Awareness,163545,2024-12-20,2025-05-17,Paused
9594,Future-proofed content-based extranet,1,Product Launch,159724,2025-03-06,2026-07-22,Active
9595,Reduced tangible frame,2,Product Launch,243538,2025-04-06,2025-04-07,Active
9596,Multi-tiered client-driven challenge,4,Sales,249584,2026-01-20,2026-08-03,Active
9597,Networked stable projection,5,Sales,89792,2025-09-11,2025-11-09,Completed
9598,Total hybrid middleware,4,Sales,108223,2025-11-03,2026-07-18,Active
9599,Customer-focused high-level utilization,3,Product Launch,230690,2025-07-19,2025-09-19,Completed
9600,Visionary contextually-based data-warehouse,4,Lead Generation,100862,2026-06-21,2026-07-20,Paused
9601,Right-sized mission-critical middleware,5,Product Launch,45811,2024-11-22,2026-04-16,Paused
9602,Switchable encompassing framework,1,Product Launch,250694,2025-09-05,2026-06-08,Completed
9603,Public-key attitude-oriented function,2,Remarketing,248513,2024-10-19,2026-07-17,Active
9604,Managed multi-state emulation,4,Lead Generation,324758,2026-04-11,2026-09-23,Paused
9605,Triple-buffered intermediate matrices,3,Sales,463070,2024-11-17,2026-02-05,Active
9606,Optimized dedicated portal,4,Remarketing,224406,2024-09-20,2025-11-09,Paused
9607,Customizable motivating moratorium,3,Sales,160669,2025-08-14,2025-10-07,Completed
9608,Centralized incremental hub,1,Brand Awareness,384956,2026-01-13,2026-02-13,Completed
9609,Customer-focused leadingedge initiative,2,Lead Generation,227512,2025-06-29,2026-08-14,Completed
9610,Persevering value-added Local Area Network,5,Lead Generation,82105,2026-07-09,2026-09-15,Completed
9611,Open-architected analyzing contingency,3,Brand Awareness,470394,2024-12-08,2026-05-05,Completed
9612,Customer-focused global neural-net,3,Remarketing,385080,2024-09-03,2025-02-01,Active
9613,Profound multimedia superstructure,4,Product Launch,110982,2026-06-28,2026-08-11,Paused
9614,Ergonomic even-keeled throughput,4,Remarketing,490854,2026-01-23,2026-08-26,Completed
9615,Centralized non-volatile customer loyalty,1,Lead Generation,21407,2025-05-05,2025-12-18,Active
9616,Ergonomic next generation structure,4,Brand Awareness,148518,2026-02-19,2026-06-10,Active
9617,Enhanced context-sensitive paradigm,4,Product Launch,442840,2025-02-27,2026-03-25,Active
9618,Multi-channeled foreground parallelism,1,Brand Awareness,423495,2025-04-29,2026-05-08,Completed
9619,Operative dedicated info-mediaries,4,Sales,298788,2024-07-31,2026-09-02,Completed
9620,Switchable cohesive parallelism,3,Product Launch,164253,2025-06-28,2025-10-28,Completed
9621,Business-focused motivating algorithm,5,Product Launch,434397,2025-08-12,2025-09-30,Completed
9622,Focused zero-defect task-force,1,Brand Awareness,96331,2025-04-13,2025-09-21,Completed
9623,Vision-oriented executive open architecture,5,Lead Generation,390563,2026-04-23,2026-08-03,Active
9624,Fundamental multi-state customer loyalty,2,Sales,382360,2025-04-15,2025-07-18,Active
9625,Inverse exuding solution,4,Remarketing,472713,2024-07-30,2025-02-13,Paused
9626,Reduced scalable pricing structure,1,Remarketing,268887,2026-06-16,2026-06-21,Completed
9627,Secured attitude-oriented website,1,Product Launch,267785,2026-04-30,2026-08-23,Completed
9628,Secured content-based Graphical User Interface,1,Product Launch,107404,2024-10-09,2026-05-22,Completed
9629,Focused incremental middleware,5,Remarketing,496790,2025-10-09,2026-06-21,Completed
9630,Multi-layered static architecture,4,Brand Awareness,324528,2024-08-08,2024-11-06,Active
9631,Organized intangible emulation,3,Sales,453679,2024-10-10,2025-01-22,Completed
9632,User-centric logistical policy,3,Sales,189509,2024-11-23,2025-01-08,Active
9633,Phased directional parallelism,1,Product Launch,139160,2025-05-11,2025-06-27,Paused
9634,Advanced executive hierarchy,3,Remarketing,220521,2024-07-28,2026-08-12,Paused
9635,Monitored dynamic Graphical User Interface,2,Lead Generation,279391,2024-10-31,2026-05-15,Active
9636,Cross-platform fault-tolerant portal,3,Brand Awareness,119230,2024-08-06,2025-10-26,Active
9637,Customizable grid-enabled protocol,3,Lead Generation,348504,2026-05-25,2026-09-23,Paused
9638,Operative radical throughput,3,Lead Generation,400044,2024-12-31,2025-03-10,Completed
9639,Diverse intermediate archive,3,Lead Generation,476699,2024-10-23,2025-10-25,Active
9640,Ameliorated next generation hierarchy,2,Product Launch,345187,2025-04-01,2026-08-24,Active
9641,User-centric impactful firmware,1,Product Launch,276044,2025-05-25,2026-01-01,Paused
9642,Reduced mobile infrastructure,4,Lead Generation,469661,2025-01-27,2025-12-17,Completed
9643,Organic zero-defect infrastructure,1,Remarketing,243644,2024-09-21,2025-08-23,Paused
9644,Reverse-engineered regional concept,5,Product Launch,306047,2025-03-17,2025-06-19,Paused
9645,Open-architected 5thgeneration implementation,3,Brand Awareness,118425,2025-11-02,2026-07-15,Paused
9646,Ameliorated methodical initiative,5,Product Launch,430394,2025-09-21,2026-06-06,Active
9647,Face-to-face upward-trending alliance,4,Sales,40783,2024-12-02,2025-06-05,Completed
9648,Programmable system-worthy attitude,1,Sales,454050,2025-10-04,2025-10-13,Paused
9649,Mandatory modular instruction set,4,Sales,90326,2024-10-25,2024-12-07,Completed
9650,Down-sized intermediate encryption,3,Sales,51058,2025-06-25,2026-09-06,Completed
9651,Centralized bi-directional orchestration,2,Product Launch,420625,2026-01-24,2026-07-20,Completed
9652,Persevering mission-critical core,4,Sales,382094,2025-05-01,2026-06-08,Completed
9653,Up-sized next generation function,1,Lead Generation,165844,2025-03-29,2026-05-21,Completed
9654,Polarized solution-oriented hub,5,Remarketing,208939,2024-11-02,2026-03-13,Active
9655,Seamless zero administration database,1,Lead Generation,158532,2025-02-04,2025-07-10,Completed
9656,Progressive holistic concept,4,Brand Awareness,196967,2025-01-22,2025-11-06,Paused
9657,Re-contextualized attitude-oriented moratorium,1,Lead Generation,176618,2025-07-20,2025-08-12,Active
9658,Proactive maximized circuit,1,Lead Generation,287922,2026-06-08,2026-09-21,Paused
9659,Ameliorated motivating middleware,3,Product Launch,490453,2025-07-12,2026-04-06,Active
9660,Intuitive next generation monitoring,5,Lead Generation,250925,2025-04-10,2025-11-05,Active
9661,Quality-focused full-range success,1,Remarketing,355749,2025-09-25,2026-10-05,Completed
9662,Advanced hybrid standardization,1,Lead Generation,473015,2025-03-20,2026-07-20,Active
9663,Reverse-engineered leadingedge task-force,5,Product Launch,275308,2026-02-13,2026-03-12,Completed
9664,Seamless systemic parallelism,3,Product Launch,295915,2024-08-16,2024-10-17,Paused
9665,Grass-roots zero-defect definition,5,Brand Awareness,63812,2026-01-14,2026-04-09,Completed
9666,Profit-focused actuating collaboration,3,Brand Awareness,471903,2025-04-11,2025-10-23,Active
9667,Inverse tangible archive,1,Remarketing,242500,2024-12-13,2026-05-08,Active
9668,Innovative intangible productivity,5,Lead Generation,112190,2025-08-19,2026-01-12,Completed
9669,Mandatory motivating paradigm,2,Product Launch,325117,2026-03-12,2026-08-20,Paused
9670,Exclusive non-volatile protocol,4,Brand Awareness,176446,2024-08-17,2025-11-18,Active
9671,Synchronized 24/7 hierarchy,5,Sales,87769,2025-12-11,2026-09-30,Completed
9672,Open-architected fresh-thinking info-mediaries,1,Remarketing,156261,2025-07-03,2026-04-19,Active
9673,Upgradable scalable initiative,4,Brand Awareness,343668,2025-11-11,2026-08-19,Completed
9674,Intuitive human-resource capacity,3,Sales,305624,2025-03-11,2026-02-28,Completed
9675,Horizontal needs-based initiative,2,Remarketing,406997,2025-08-23,2026-08-26,Paused
9676,Diverse multimedia approach,5,Sales,424071,2024-12-11,2025-12-08,Completed
9677,Robust didactic paradigm,5,Sales,299964,2025-01-09,2025-05-07,Active
9678,Front-line dedicated interface,2,Brand Awareness,88091,2025-02-08,2025-10-16,Paused
9679,Face-to-face encompassing migration,2,Sales,343536,2025-06-16,2025-12-21,Paused
9680,Pre-emptive executive archive,4,Lead Generation,454584,2026-01-12,2026-08-01,Active
9681,Reverse-engineered bifurcated pricing structure,3,Product Launch,423512,2025-08-16,2026-06-15,Completed
9682,Polarized secondary encryption,1,Product Launch,80022,2026-06-08,2026-10-02,Paused
9683,Right-sized bandwidth-monitored project,3,Product Launch,299493,2024-11-19,2026-08-10,Paused
9684,Front-line needs-based alliance,1,Product Launch,253121,2025-06-27,2026-03-13,Paused
9685,Programmable contextually-based infrastructure,3,Remarketing,222566,2025-09-08,2026-03-04,Paused
9686,Multi-tiered actuating migration,3,Remarketing,342578,2025-06-23,2026-10-02,Active
9687,Total tangible paradigm,2,Remarketing,349992,2026-06-21,2026-07-01,Active
9688,Operative tertiary orchestration,3,Lead Generation,143305,2026-07-03,2026-07-29,Paused
9689,Decentralized human-resource success,4,Lead Generation,154500,2026-01-28,2026-09-22,Paused
9690,Devolved real-time open architecture,2,Brand Awareness,67531,2025-01-14,2025-10-06,Active
9691,Multi-lateral solution-oriented extranet,5,Sales,409152,2024-10-09,2025-04-01,Paused
9692,Stand-alone static projection,1,Lead Generation,166030,2025-07-17,2025-11-17,Paused
9693,Horizontal 3rdgeneration task-force,2,Lead Generation,135686,2025-05-14,2025-05-17,Active
9694,Multi-channeled 24hour emulation,2,Product Launch,157526,2025-07-14,2025-12-20,Completed
9695,Universal global functionalities,5,Sales,102848,2025-07-24,2025-12-30,Active
9696,Organized tertiary challenge,5,Product Launch,467228,2025-11-09,2026-08-11,Paused
9697,Customizable attitude-oriented matrix,5,Product Launch,115990,2026-05-21,2026-07-09,Completed
9698,Organized fresh-thinking challenge,1,Remarketing,379087,2025-12-04,2026-03-15,Paused
9699,Synergistic solution-oriented knowledge user,5,Brand Awareness,450880,2025-10-29,2026-03-12,Active
9700,Business-focused value-added system engine,1,Lead Generation,124410,2025-11-05,2026-05-16,Completed
9701,Innovative uniform budgetary management,1,Lead Generation,434265,2025-10-13,2026-09-25,Completed
9702,Enterprise-wide optimizing database,4,Product Launch,219117,2025-02-26,2026-05-08,Completed
9703,Streamlined high-level orchestration,5,Product Launch,373317,2024-11-07,2026-08-02,Active
9704,Team-oriented next generation capability,3,Lead Generation,133457,2024-08-25,2026-03-11,Completed
9705,Optimized value-added frame,3,Brand Awareness,46269,2024-10-23,2025-11-12,Active
9706,Assimilated bifurcated challenge,5,Brand Awareness,96422,2024-09-22,2026-01-11,Paused
9707,Mandatory dynamic core,3,Lead Generation,419487,2025-12-05,2026-08-07,Completed
9708,Exclusive radical middleware,3,Remarketing,409853,2025-01-12,2025-06-11,Completed
9709,Customer-focused bottom-line projection,3,Sales,298995,2025-04-26,2026-04-20,Completed
9710,Ergonomic asynchronous product,2,Sales,329389,2024-08-21,2024-09-25,Completed
9711,Grass-roots fresh-thinking projection,3,Product Launch,135063,2025-04-01,2025-05-06,Completed
9712,Phased asymmetric concept,5,Sales,461171,2024-10-25,2026-02-22,Active
9713,Switchable 3rdgeneration productivity,1,Remarketing,275297,2024-08-02,2025-02-07,Paused
9714,Proactive global initiative,4,Brand Awareness,175138,2025-10-18,2026-05-31,Active
9715,De-engineered discrete migration,5,Product Launch,438449,2025-11-27,2026-10-10,Active
9716,Open-source 24hour matrix,1,Lead Generation,209869,2025-11-16,2026-04-14,Active
9717,Multi-lateral national portal,4,Sales,394134,2025-02-12,2025-04-22,Paused
9718,Multi-layered full-range policy,4,Lead Generation,358122,2024-08-05,2025-09-17,Paused
9719,Visionary uniform algorithm,1,Remarketing,85455,2025-11-20,2026-07-06,Active
9720,Networked 3rdgeneration analyzer,1,Lead Generation,43371,2025-02-28,2026-03-02,Completed
9721,Reverse-engineered 4thgeneration throughput,5,Sales,47716,2024-11-19,2025-08-07,Paused
9722,Operative background open system,3,Sales,287430,2025-10-08,2025-12-02,Paused
9723,Seamless zero administration frame,2,Remarketing,42401,2024-09-05,2024-12-16,Paused
9724,Up-sized stable hierarchy,5,Product Launch,147131,2024-08-08,2025-08-10,Completed
9725,Exclusive contextually-based open system,3,Brand Awareness,393247,2025-07-14,2025-11-16,Active
9726,Enterprise-wide modular initiative,3,Lead Generation,118488,2025-05-03,2025-05-03,Completed
9727,User-centric interactive knowledge user,2,Remarketing,88946,2026-05-16,2026-08-21,Paused
9728,Fully-configurable eco-centric product,1,Remarketing,315361,2025-08-13,2025-08-15,Active
9729,User-centric incremental orchestration,3,Lead Generation,81597,2026-03-03,2026-08-25,Paused
9730,Right-sized tangible knowledge user,3,Remarketing,122896,2024-12-31,2025-06-13,Completed
9731,Reduced next generation approach,1,Sales,334622,2024-08-06,2025-03-07,Completed
9732,Extended eco-centric core,5,Product Launch,148707,2025-01-16,2026-02-13,Completed
9733,Realigned zero administration implementation,5,Product Launch,499126,2025-11-19,2026-07-04,Paused
9734,Diverse object-oriented website,2,Lead Generation,412441,2026-06-05,2026-07-30,Paused
9735,Centralized upward-trending attitude,4,Product Launch,367882,2024-08-21,2025-05-19,Active
9736,Reverse-engineered asynchronous product,2,Lead Generation,198506,2024-08-19,2024-10-28,Active
9737,Seamless interactive capability,2,Brand Awareness,17317,2024-11-15,2025-12-31,Completed
9738,Synergistic full-range concept,2,Lead Generation,136704,2025-02-24,2025-04-13,Active
9739,Persevering context-sensitive encryption,5,Brand Awareness,175026,2025-12-15,2026-09-09,Active
9740,Cross-group maximized interface,3,Sales,491899,2026-05-22,2026-06-21,Paused
9741,Extended static functionalities,5,Sales,75231,2025-02-19,2025-11-14,Paused
9742,Decentralized mobile customer loyalty,5,Lead Generation,297275,2025-01-05,2025-06-04,Completed
9743,Customer-focused real-time open architecture,5,Sales,217234,2026-04-20,2026-09-19,Paused
9744,Team-oriented eco-centric service-desk,1,Sales,126059,2026-01-15,2026-02-06,Active
9745,Phased national product,3,Sales,272192,2024-12-10,2026-09-28,Active
9746,Down-sized bifurcated support,5,Sales,222997,2024-10-15,2025-09-01,Active
9747,Universal didactic conglomeration,4,Lead Generation,242718,2025-12-31,2026-01-23,Completed
9748,Multi-layered dynamic help-desk,3,Sales,81547,2026-06-05,2026-06-27,Paused
9749,Diverse mobile productivity,4,Remarketing,431542,2026-04-12,2026-10-12,Completed
9750,Future-proofed homogeneous data-warehouse,5,Product Launch,386447,2024-09-11,2026-03-01,Paused
9751,Robust composite infrastructure,3,Sales,315835,2026-05-11,2026-09-20,Active
9752,Fundamental high-level monitoring,3,Brand Awareness,262229,2026-07-11,2026-08-01,Active
9753,Adaptive static groupware,4,Sales,210502,2025-09-02,2026-01-03,Paused
9754,De-engineered foreground strategy,3,Remarketing,481402,2025-11-22,2025-12-24,Paused
9755,Stand-alone disintermediate productivity,4,Lead Generation,436888,2025-08-17,2026-06-17,Active
9756,Upgradable homogeneous function,1,Brand Awareness,227718,2025-06-22,2025-08-29,Paused
9757,Enhanced solution-oriented collaboration,3,Lead Generation,81680,2024-10-11,2025-02-06,Paused
9758,Team-oriented secondary website,4,Remarketing,328021,2024-11-26,2026-06-06,Paused
9759,Future-proofed 3rdgeneration hub,4,Remarketing,116756,2026-02-02,2026-05-30,Completed
9760,Open-source disintermediate complexity,5,Brand Awareness,451792,2025-03-13,2026-04-06,Active
9761,Profound optimal hub,2,Sales,491139,2025-07-05,2025-12-11,Paused
9762,Future-proofed interactive workforce,4,Lead Generation,233971,2025-03-28,2025-04-01,Completed
9763,Phased tertiary infrastructure,4,Sales,342599,2025-09-18,2026-01-24,Completed
9764,Synergistic systematic leverage,5,Brand Awareness,131478,2025-12-17,2026-06-12,Active
9765,Configurable optimal paradigm,5,Product Launch,331932,2025-11-02,2026-04-26,Active
9766,Sharable object-oriented database,4,Sales,194406,2025-06-03,2026-07-20,Completed
9767,Upgradable bifurcated flexibility,1,Brand Awareness,48366,2025-08-24,2026-08-07,Paused
9768,Cross-group full-range array,5,Product Launch,239358,2025-10-08,2026-09-22,Completed
9769,User-friendly coherent Internet solution,2,Lead Generation,141728,2026-02-23,2026-05-16,Active
9770,Public-key real-time utilization,3,Lead Generation,132152,2025-04-12,2026-09-02,Paused
9771,Team-oriented asymmetric concept,5,Brand Awareness,301064,2024-08-21,2025-02-24,Active
9772,Inverse high-level budgetary management,5,Product Launch,308373,2025-07-23,2025-09-04,Active
9773,Diverse secondary service-desk,3,Sales,18139,2024-10-20,2025-01-16,Completed
9774,Automated local moderator,1,Lead Generation,112521,2026-02-22,2026-07-17,Completed
9775,Secured regional orchestration,4,Lead Generation,276810,2026-03-22,2026-10-09,Active
9776,Open-architected local extranet,5,Product Launch,200241,2024-08-14,2025-06-24,Active
9777,Ameliorated tangible hardware,2,Lead Generation,390203,2024-08-12,2026-03-07,Paused
9778,Team-oriented cohesive hardware,3,Sales,75551,2026-02-28,2026-07-03,Active
9779,Ergonomic neutral collaboration,2,Brand Awareness,441771,2024-11-29,2025-01-31,Completed
9780,Organized multi-tasking extranet,4,Sales,399994,2024-12-21,2024-12-24,Paused
9781,Inverse context-sensitive archive,4,Product Launch,454358,2026-02-23,2026-05-25,Active
9782,Cross-platform composite monitoring,1,Lead Generation,236398,2025-08-18,2026-05-19,Active
9783,Multi-layered 4thgeneration encryption,3,Lead Generation,324762,2025-10-30,2026-07-07,Completed
9784,Focused real-time support,2,Lead Generation,333378,2026-05-02,2026-05-12,Paused
9785,Proactive human-resource secured line,5,Sales,418851,2024-11-14,2025-07-05,Active
9786,Decentralized coherent access,4,Product Launch,217864,2026-07-17,2026-09-05,Active
9787,Streamlined empowering flexibility,1,Product Launch,279247,2024-12-02,2025-12-25,Active
9788,Cloned national monitoring,2,Remarketing,350745,2025-01-07,2025-06-18,Active
9789,Secured 5thgeneration firmware,1,Brand Awareness,183938,2026-03-08,2026-05-06,Active
9790,Adaptive bi-directional open system,3,Product Launch,76809,2024-10-24,2025-12-18,Completed
9791,Managed grid-enabled project,5,Sales,211183,2026-05-15,2026-09-13,Paused
9792,Persistent radical standardization,1,Lead Generation,57188,2025-06-11,2025-12-04,Active
9793,Profit-focused 24/7 functionalities,2,Lead Generation,231110,2025-07-19,2026-09-30,Paused
9794,Re-contextualized multi-tasking access,2,Lead Generation,324129,2025-05-10,2025-07-08,Active
9795,Secured needs-based capacity,5,Lead Generation,104504,2025-08-12,2026-07-11,Active
9796,Seamless context-sensitive moderator,5,Remarketing,74473,2026-02-11,2026-03-26,Paused
9797,Adaptive intangible extranet,1,Product Launch,447933,2024-10-04,2025-03-07,Completed
9798,Seamless intangible encoding,5,Remarketing,399775,2026-04-29,2026-06-27,Active
9799,Sharable asymmetric database,4,Product Launch,98939,2025-12-21,2026-05-15,Completed
9800,Monitored executive firmware,5,Brand Awareness,259996,2025-09-25,2026-02-25,Paused
9801,Monitored 3rdgeneration orchestration,2,Brand Awareness,253621,2024-10-05,2026-07-24,Completed
9802,Function-based systemic migration,3,Brand Awareness,131665,2025-10-14,2026-06-07,Active
9803,Upgradable object-oriented help-desk,4,Sales,287685,2025-08-03,2026-07-27,Completed
9804,User-centric responsive Local Area Network,4,Sales,283480,2025-04-17,2025-08-23,Paused
9805,Pre-emptive heuristic benchmark,2,Remarketing,262886,2026-01-26,2026-06-07,Paused
9806,Profound full-range conglomeration,3,Brand Awareness,207285,2024-09-22,2026-08-25,Active
9807,Digitized next generation budgetary management,3,Sales,492318,2026-01-18,2026-02-08,Paused
9808,Monitored local knowledgebase,3,Brand Awareness,293609,2024-08-31,2026-06-13,Active
9809,Business-focused scalable framework,3,Brand Awareness,126411,2025-10-16,2025-10-23,Paused
9810,Future-proofed solution-oriented system engine,3,Product Launch,131853,2025-07-18,2026-05-15,Paused
9811,Switchable hybrid success,4,Product Launch,229481,2026-05-27,2026-08-21,Active
9812,Synchronized real-time budgetary management,2,Brand Awareness,492341,2025-02-17,2026-03-30,Active
9813,Enhanced interactive forecast,2,Sales,67431,2025-08-30,2026-03-09,Active
9814,Customer-focused explicit open architecture,2,Remarketing,488533,2025-08-25,2026-02-09,Active
9815,Self-enabling national array,3,Product Launch,320216,2024-07-23,2026-06-16,Completed
9816,Integrated multi-tasking orchestration,1,Remarketing,302389,2025-01-29,2026-06-03,Active
9817,Business-focused 24hour concept,4,Lead Generation,11874,2024-12-20,2026-02-23,Paused
9818,Sharable encompassing function,3,Remarketing,456970,2025-03-23,2025-07-17,Active
9819,Seamless clear-thinking system engine,1,Product Launch,170811,2024-10-11,2026-05-29,Active
9820,Total local methodology,2,Brand Awareness,400997,2024-09-02,2024-12-03,Paused
9821,Managed holistic product,5,Sales,286618,2026-06-27,2026-09-01,Completed
9822,Profound static success,2,Product Launch,250261,2024-10-07,2025-05-18,Completed
9823,Customer-focused foreground moderator,1,Brand Awareness,224210,2026-06-04,2026-07-14,Active
9824,Function-based multi-tasking neural-net,3,Remarketing,141095,2025-07-08,2026-09-29,Completed
9825,Visionary discrete moderator,3,Product Launch,279820,2025-04-16,2025-10-31,Active
9826,Balanced 5thgeneration architecture,3,Sales,358687,2025-09-05,2025-09-12,Paused
9827,Managed regional artificial intelligence,1,Sales,319478,2026-02-20,2026-07-13,Paused
9828,Adaptive hybrid standardization,5,Sales,269021,2024-08-24,2024-10-05,Completed
9829,Extended composite product,5,Sales,26399,2024-09-13,2026-08-30,Completed
9830,Multi-tiered 24hour extranet,4,Brand Awareness,20795,2025-05-24,2026-03-11,Active
9831,Innovative tangible definition,4,Sales,142073,2024-08-06,2026-09-14,Active
9832,Progressive bi-directional artificial intelligence,2,Product Launch,235736,2024-09-01,2026-09-26,Paused
9833,Fully-configurable exuding leverage,4,Remarketing,371908,2025-03-11,2026-04-06,Completed
9834,Advanced static knowledgebase,1,Brand Awareness,353845,2025-12-27,2026-05-26,Completed
9835,Devolved attitude-oriented budgetary management,4,Brand Awareness,459532,2024-08-30,2024-09-28,Completed
9836,Expanded value-added approach,3,Sales,183263,2025-09-03,2025-11-14,Active
9837,Synergistic clear-thinking product,1,Brand Awareness,395394,2026-06-17,2026-06-21,Paused
9838,Assimilated 3rdgeneration productivity,4,Product Launch,143192,2025-10-01,2026-03-07,Paused
9839,Fundamental composite product,5,Product Launch,65880,2026-03-14,2026-10-04,Paused
9840,Object-based methodical hierarchy,5,Brand Awareness,282018,2025-11-14,2025-12-11,Completed
9841,Focused tangible productivity,2,Remarketing,212696,2026-01-07,2026-04-18,Completed
9842,Adaptive regional knowledgebase,2,Lead Generation,377394,2026-06-18,2026-07-28,Active
9843,Virtual optimal complexity,1,Brand Awareness,415993,2025-06-19,2025-12-04,Completed
9844,Devolved dedicated definition,1,Brand Awareness,268008,2025-09-19,2026-09-29,Paused
9845,Progressive hybrid secured line,2,Remarketing,198748,2025-02-21,2026-01-03,Completed
9846,Face-to-face multi-tasking infrastructure,1,Product Launch,277305,2024-11-22,2025-12-06,Active
9847,Progressive object-oriented structure,3,Remarketing,354390,2025-09-30,2026-08-18,Completed
9848,Business-focused multimedia toolset,2,Product Launch,282877,2025-08-27,2025-10-04,Completed
9849,Synergized static encoding,5,Sales,447250,2025-08-25,2026-05-23,Paused
9850,Self-enabling composite open architecture,1,Remarketing,499283,2026-01-22,2026-08-23,Completed
9851,Decentralized explicit hierarchy,1,Lead Generation,269913,2025-11-06,2026-07-29,Active
9852,Organic fault-tolerant benchmark,1,Brand Awareness,356173,2024-12-25,2026-08-14,Completed
9853,Pre-emptive foreground software,4,Product Launch,465292,2025-05-07,2026-01-27,Paused
9854,Phased interactive knowledgebase,2,Remarketing,22370,2025-03-29,2025-08-04,Paused
9855,Integrated intangible conglomeration,4,Sales,496385,2025-07-29,2026-04-21,Completed
9856,Multi-lateral web-enabled capability,5,Sales,449475,2025-04-12,2026-05-31,Active
9857,Pre-emptive demand-driven pricing structure,4,Product Launch,306328,2025-01-18,2025-01-19,Active
9858,Progressive systemic solution,1,Remarketing,229278,2026-01-18,2026-05-28,Paused
9859,Virtual clear-thinking collaboration,1,Brand Awareness,240420,2024-10-15,2025-07-15,Paused
9860,Enhanced scalable circuit,3,Remarketing,401747,2026-02-05,2026-05-29,Completed
9861,Configurable bottom-line capability,1,Sales,200624,2025-07-09,2026-05-25,Paused
9862,Fundamental explicit throughput,4,Lead Generation,272719,2025-09-12,2025-09-26,Active
9863,Cloned attitude-oriented superstructure,1,Sales,31623,2025-05-21,2026-07-25,Completed
9864,Configurable demand-driven strategy,4,Brand Awareness,286815,2026-04-03,2026-09-08,Completed
9865,Quality-focused dedicated Graphic Interface,2,Brand Awareness,345132,2025-11-14,2026-02-14,Paused
9866,Exclusive zero-defect policy,3,Brand Awareness,46809,2026-01-19,2026-06-25,Completed
9867,Secured maximized knowledge user,3,Remarketing,58673,2025-10-27,2026-01-04,Active
9868,Object-based systematic moratorium,2,Lead Generation,194298,2024-12-08,2025-12-17,Paused
9869,Team-oriented asynchronous firmware,3,Brand Awareness,316980,2024-10-14,2025-10-07,Completed
9870,Innovative tangible initiative,5,Remarketing,179940,2025-02-24,2025-06-10,Completed
9871,Reduced analyzing productivity,3,Sales,26050,2026-01-27,2026-04-26,Paused
9872,Triple-buffered asynchronous product,3,Lead Generation,337519,2024-09-12,2025-03-30,Active
9873,Cross-platform user-facing infrastructure,5,Product Launch,356097,2026-05-21,2026-10-15,Active
9874,Robust system-worthy task-force,3,Remarketing,22929,2025-09-04,2026-10-08,Paused
9875,Public-key demand-driven collaboration,1,Lead Generation,429135,2025-05-02,2026-04-25,Paused
9876,Secured system-worthy algorithm,1,Sales,20515,2025-11-24,2026-07-29,Completed
9877,Reduced intangible analyzer,4,Product Launch,24173,2025-07-22,2025-10-02,Paused
9878,Integrated attitude-oriented extranet,1,Sales,453291,2026-07-17,2026-08-14,Paused
9879,Sharable grid-enabled conglomeration,1,Lead Generation,185101,2024-10-14,2025-03-04,Completed
9880,Centralized interactive framework,5,Remarketing,124100,2025-11-26,2026-06-25,Completed
9881,Implemented neutral flexibility,4,Lead Generation,288845,2024-12-04,2025-01-16,Active
9882,Innovative 24hour algorithm,1,Sales,220126,2026-06-22,2026-09-23,Paused
9883,Profound heuristic solution,5,Brand Awareness,377281,2024-08-28,2026-05-23,Completed
9884,Monitored impactful synergy,4,Remarketing,103423,2025-04-09,2025-04-26,Paused
9885,Managed motivating adapter,3,Product Launch,426918,2026-03-02,2026-08-04,Paused
9886,Compatible maximized application,1,Lead Generation,222574,2026-02-19,2026-06-21,Active
9887,Universal analyzing model,3,Sales,73082,2025-03-31,2026-05-19,Active
9888,Cloned context-sensitive task-force,2,Sales,427608,2025-01-23,2026-05-30,Paused
9889,Re-contextualized holistic adapter,5,Brand Awareness,149503,2025-07-20,2026-04-21,Completed
9890,Multi-channeled didactic workforce,4,Remarketing,375164,2025-12-25,2026-06-05,Active
9891,Synergized content-based productivity,1,Lead Generation,157735,2024-10-17,2025-01-14,Active
9892,Visionary 24/7 contingency,3,Product Launch,161838,2025-10-19,2026-08-19,Active
9893,Front-line real-time alliance,3,Product Launch,417499,2026-02-12,2026-02-21,Paused
9894,Grass-roots zero administration knowledgebase,2,Product Launch,135863,2026-06-09,2026-08-12,Completed
9895,Integrated analyzing capacity,4,Product Launch,158725,2025-08-13,2026-06-08,Active
9896,Right-sized needs-based throughput,1,Sales,76261,2025-08-01,2026-05-27,Completed
9897,Upgradable multi-tasking groupware,3,Remarketing,418463,2026-04-21,2026-09-03,Completed
9898,Expanded high-level product,2,Product Launch,120607,2025-07-02,2026-05-04,Paused
9899,Multi-channeled web-enabled customer loyalty,3,Product Launch,52321,2024-10-07,2026-06-14,Active
9900,User-centric interactive standardization,1,Product Launch,196685,2024-10-17,2026-08-23,Paused
9901,User-centric attitude-oriented interface,1,Brand Awareness,441586,2026-01-10,2026-09-17,Completed
9902,Virtual grid-enabled instruction set,2,Product Launch,30848,2024-12-26,2026-10-15,Active
9903,Operative demand-driven model,3,Lead Generation,162274,2025-06-23,2025-12-11,Paused
9904,Face-to-face transitional encoding,5,Brand Awareness,58381,2026-04-14,2026-04-15,Paused
9905,Assimilated didactic time-frame,4,Product Launch,390413,2025-09-26,2026-04-16,Active
9906,Organic bifurcated capability,2,Sales,41771,2025-01-02,2025-04-06,Completed
9907,Business-focused foreground orchestration,5,Brand Awareness,489635,2025-09-08,2026-04-20,Active
9908,Synchronized full-range conglomeration,5,Remarketing,311881,2024-11-15,2026-01-09,Active
9909,Open-architected responsive Local Area Network,1,Remarketing,383831,2025-08-17,2026-05-12,Paused
9910,Realigned responsive knowledge user,3,Lead Generation,326545,2025-06-09,2025-08-27,Paused
9911,Reverse-engineered optimizing interface,3,Sales,441785,2025-08-30,2026-10-08,Paused
9912,Networked methodical neural-net,3,Product Launch,295380,2026-03-20,2026-04-23,Paused
9913,Managed needs-based archive,4,Remarketing,160101,2025-05-25,2025-11-10,Completed
9914,Fundamental leadingedge capability,2,Lead Generation,151601,2025-11-02,2026-05-03,Paused
9915,User-centric asymmetric throughput,1,Remarketing,187228,2025-10-17,2025-11-15,Paused
9916,Mandatory background solution,3,Sales,309131,2025-05-09,2025-09-14,Active
9917,User-friendly multi-state portal,1,Sales,228212,2025-01-18,2026-04-01,Active
9918,Streamlined logistical service-desk,4,Lead Generation,76245,2026-03-28,2026-05-03,Active
9919,Robust optimal adapter,4,Sales,169580,2024-09-17,2024-09-22,Completed
9920,User-friendly holistic budgetary management,5,Product Launch,403304,2026-01-05,2026-01-29,Paused
9921,Upgradable heuristic archive,1,Sales,242150,2025-06-14,2026-07-16,Active
9922,Innovative 24hour Local Area Network,5,Brand Awareness,427904,2025-10-01,2026-01-27,Paused
9923,Innovative scalable parallelism,2,Remarketing,358455,2026-05-15,2026-06-17,Paused
9924,Enterprise-wide modular Internet solution,5,Brand Awareness,218847,2024-10-04,2025-04-30,Completed
9925,Upgradable radical superstructure,3,Brand Awareness,449716,2026-01-01,2026-03-08,Completed
9926,Networked hybrid forecast,2,Product Launch,23733,2024-08-03,2025-01-22,Paused
9927,Optional multi-tasking process improvement,2,Brand Awareness,425560,2026-01-16,2026-02-14,Active
9928,Intuitive responsive productivity,5,Sales,440343,2026-01-24,2026-07-04,Active
9929,Phased web-enabled paradigm,4,Product Launch,477785,2025-05-14,2026-05-26,Paused
9930,Proactive intermediate initiative,4,Sales,298478,2024-09-03,2026-03-28,Paused
9931,Digitized motivating leverage,4,Lead Generation,410252,2025-07-21,2026-01-22,Active
9932,Multi-layered neutral ability,5,Product Launch,389901,2025-11-01,2026-09-28,Paused
9933,Vision-oriented didactic middleware,1,Product Launch,425328,2025-07-02,2025-12-03,Completed
9934,Ergonomic bottom-line synergy,1,Brand Awareness,364178,2024-11-12,2025-08-22,Completed
9935,Robust next generation architecture,2,Sales,237480,2026-05-12,2026-06-03,Paused
9936,Vision-oriented eco-centric support,3,Brand Awareness,407827,2026-06-12,2026-08-15,Paused
9937,Reduced asymmetric definition,2,Product Launch,243598,2025-12-06,2026-04-08,Active
9938,User-centric value-added alliance,2,Remarketing,467288,2024-08-19,2026-08-26,Active
9939,Enterprise-wide full-range challenge,1,Brand Awareness,111065,2024-08-27,2026-08-30,Completed
9940,Fully-configurable asymmetric moderator,3,Lead Generation,193237,2025-12-23,2026-01-08,Paused
9941,Proactive maximized help-desk,2,Brand Awareness,10833,2025-08-22,2026-01-20,Paused
9942,Multi-tiered context-sensitive emulation,2,Brand Awareness,489578,2025-02-15,2025-04-09,Paused
9943,Persevering multi-state collaboration,4,Brand Awareness,385734,2024-12-01,2026-07-28,Completed
9944,Horizontal high-level workforce,2,Remarketing,23442,2026-05-03,2026-05-25,Completed
9945,Versatile well-modulated architecture,4,Sales,377585,2026-02-23,2026-04-14,Completed
9946,Upgradable bandwidth-monitored info-mediaries,5,Lead Generation,215149,2026-06-28,2026-07-29,Paused
9947,Sharable non-volatile service-desk,1,Remarketing,262369,2025-05-24,2026-07-12,Active
9948,Mandatory optimal intranet,1,Lead Generation,131679,2026-02-16,2026-08-04,Paused
9949,Realigned national function,1,Lead Generation,26996,2024-11-07,2025-11-03,Completed
9950,Implemented executive methodology,3,Brand Awareness,136936,2026-04-26,2026-06-18,Completed
9951,Visionary zero-defect policy,1,Product Launch,299050,2025-06-26,2026-04-01,Active
9952,Ergonomic directional instruction set,4,Lead Generation,50350,2026-03-12,2026-07-24,Paused
9953,Customizable 24/7 toolset,1,Lead Generation,460803,2024-09-11,2024-11-10,Active
9954,Expanded radical Graphical User Interface,4,Sales,143749,2024-09-05,2025-11-04,Completed
9955,Distributed fault-tolerant extranet,3,Brand Awareness,53412,2024-08-06,2025-08-03,Paused
9956,Self-enabling background frame,1,Lead Generation,185453,2025-05-14,2025-06-16,Completed
9957,Streamlined demand-driven firmware,1,Lead Generation,351484,2025-03-23,2026-08-16,Active
9958,Public-key leadingedge projection,1,Brand Awareness,331782,2025-01-21,2026-07-29,Paused
9959,Fundamental bifurcated database,2,Lead Generation,265661,2024-08-03,2024-11-22,Completed
9960,Persevering web-enabled strategy,5,Lead Generation,294447,2025-10-01,2025-10-01,Completed
9961,Versatile human-resource time-frame,3,Brand Awareness,484715,2024-09-04,2025-07-03,Paused
9962,Automated global architecture,4,Lead Generation,286808,2024-07-29,2026-01-06,Paused
9963,Re-contextualized bi-directional help-desk,5,Sales,498391,2026-04-05,2026-07-14,Paused
9964,Organized motivating standardization,4,Sales,149117,2025-05-19,2026-05-21,Active
9965,Robust 3rdgeneration interface,4,Sales,92045,2026-05-19,2026-09-21,Completed
9966,Progressive 3rdgeneration matrices,2,Lead Generation,243358,2026-04-19,2026-06-29,Completed
9967,Open-architected tangible capacity,5,Brand Awareness,169162,2025-07-05,2026-01-03,Active
9968,Future-proofed intermediate system engine,4,Product Launch,423539,2026-01-25,2026-05-09,Paused
9969,Integrated stable array,2,Brand Awareness,450719,2025-07-02,2026-10-07,Active
9970,Synergistic well-modulated challenge,4,Sales,19193,2026-03-03,2026-03-19,Active
9971,User-centric dedicated access,4,Product Launch,121433,2024-11-08,2025-01-22,Active
9972,Up-sized transitional attitude,2,Lead Generation,240612,2025-07-29,2025-09-04,Paused
9973,Phased 24hour archive,2,Remarketing,271517,2025-10-09,2026-09-29,Active
9974,Balanced 24/7 conglomeration,2,Product Launch,219899,2026-06-02,2026-09-14,Completed
9975,Grass-roots content-based frame,5,Product Launch,378404,2025-11-04,2026-06-04,Completed
9976,Total full-range contingency,1,Sales,362916,2025-10-12,2026-01-07,Completed
9977,Optional zero-defect moderator,1,Brand Awareness,41691,2025-03-21,2025-08-25,Completed
9978,Intuitive scalable access,5,Remarketing,409198,2024-12-17,2026-10-02,Paused
9979,Focused even-keeled complexity,2,Lead Generation,442809,2025-11-13,2026-06-11,Completed
9980,Down-sized local flexibility,3,Remarketing,307659,2025-06-26,2026-05-18,Active
9981,De-engineered next generation alliance,2,Brand Awareness,245915,2026-03-15,2026-08-04,Active
9982,Organic empowering pricing structure,2,Brand Awareness,414332,2025-07-13,2026-05-30,Paused
9983,Up-sized optimizing moratorium,4,Sales,414902,2026-03-24,2026-08-15,Active
9984,Total encompassing workforce,4,Brand Awareness,89223,2026-05-18,2026-07-05,Active
9985,Face-to-face fresh-thinking circuit,5,Brand Awareness,254396,2026-03-21,2026-08-28,Completed
9986,Exclusive real-time projection,2,Remarketing,230194,2026-06-26,2026-07-01,Active
9987,Persevering clear-thinking open system,4,Remarketing,29625,2025-05-26,2026-09-11,Active
9988,Self-enabling asymmetric secured line,4,Remarketing,292055,2025-06-21,2026-06-08,Active
9989,Enhanced optimizing website,1,Remarketing,55360,2024-09-14,2024-10-12,Paused
9990,Reduced actuating migration,1,Brand Awareness,26566,2024-12-30,2025-01-05,Completed
9991,Networked system-worthy alliance,3,Remarketing,331326,2025-12-04,2025-12-13,Paused
9992,Balanced 5thgeneration architecture,4,Product Launch,412122,2026-03-20,2026-06-08,Paused
9993,Distributed system-worthy standardization,5,Remarketing,496749,2026-01-16,2026-02-25,Completed
9994,Enterprise-wide analyzing customer loyalty,2,Remarketing,347477,2025-05-21,2025-07-26,Paused
9995,Cross-group interactive functionalities,2,Remarketing,254861,2026-02-04,2026-07-17,Active
9996,Secured uniform core,5,Brand Awareness,215784,2026-01-22,2026-08-27,Active
9997,Open-architected clear-thinking paradigm,4,Remarketing,377535,2024-09-03,2025-08-19,Completed
9998,Adaptive high-level info-mediaries,5,Remarketing,497453,2024-11-08,2025-02-14,Paused
9999,Reactive tangible focus group,3,Brand Awareness,329113,2025-11-03,2026-01-29,Paused
10000,Down-sized motivating customer loyalty,1,Remarketing,498237,2025-05-20,2025-12-26,Paused
