conversion_id,lead_id,campaign_id,revenue,conversion_date
1,84773,8675,26016.54,2024-08-15
2,85406,3698,18149.87,2024-07-25
3,40150,5951,15693.78,2024-07-29
4,57985,8417,85954.51,2024-07-28
5,88075,1693,86321.42,2024-08-09
6,30348,763,29342.35,2024-08-04
7,69381,4555,91377.61,2024-08-12
8,91974,2813,58380.66,2024-07-21
9,51919,9465,57654.99,2024-07-29
10,52835,9493,32551.59,2024-08-15
11,72217,5886,25285.5,2024-07-20
12,96507,7511,93706.14,2024-07-20
13,22837,4335,40766.17,2024-07-22
14,43694,5931,66975.63,2024-08-16
15,97059,824,25175.67,2024-07-22
16,6546,3123,98556.67,2024-07-19
17,62336,1146,46877.82,2024-08-05
18,57831,4682,26211.96,2024-07-28
19,29265,1261,27249.54,2024-08-08
20,61276,9869,47034.83,2024-07-22
21,48960,826,75308.11,2024-08-02
22,61105,1841,62319.38,2024-08-01
23,16066,8256,29715.3,2024-07-27
24,16436,4189,89559.34,2024-07-31
25,37795,2531,22297.66,2024-08-04
26,58988,1496,19097.27,2024-07-18
27,76268,9108,11969.68,2024-08-16
28,10053,6655,84575.36,2024-08-09
29,61149,9359,17248.1,2024-07-30
30,77667,163,53870.07,2024-08-07
31,16271,3103,9330.21,2024-08-09
32,79729,5662,52692.65,2024-08-17
33,78786,238,60437.55,2024-07-22
34,94364,1139,12477.57,2024-08-02
35,48432,6699,86185.59,2024-08-09
36,22271,2982,81152.28,2024-07-19
37,71319,8209,39185.44,2024-08-14
38,27872,2204,57549.05,2024-08-11
39,38060,9174,33554.05,2024-07-28
40,5316,4697,7761.0,2024-07-23
41,75841,1613,78492.44,2024-07-22
42,45787,1719,84957.99,2024-08-12
43,26173,1872,23415.2,2024-08-06
44,40772,8861,18891.25,2024-07-31
45,77021,2422,60699.34,2024-08-05
46,89541,3078,40766.3,2024-07-31
47,47233,2959,99365.55,2024-08-15
48,11683,1138,62538.85,2024-07-25
49,73382,8362,45934.41,2024-08-14
50,74506,8163,40556.57,2024-08-17
51,83092,4726,25293.22,2024-08-10
52,99551,6590,75440.46,2024-07-28
53,79549,7804,90608.2,2024-08-12
54,44007,1630,15122.76,2024-07-21
55,57266,312,71138.51,2024-08-09
56,26783,2177,6900.15,2024-07-24
57,87889,8037,95716.9,2024-07-28
58,48118,6123,95050.22,2024-08-18
59,68421,2882,22232.04,2024-08-06
60,82743,4483,15667.46,2024-08-15
61,84192,2360,91749.4,2024-08-12
62,75413,2607,59576.63,2024-07-26
63,84186,4946,82917.62,2024-07-25
64,69420,2677,14350.57,2024-08-11
65,77656,2156,87903.57,2024-08-02
66,41442,3258,64057.44,2024-08-11
67,71730,9554,82174.23,2024-08-02
68,81152,3558,83998.65,2024-07-20
69,56170,3605,9071.73,2024-08-16
70,66257,7661,64240.59,2024-08-04
71,39686,2355,49945.98,2024-08-04
72,71226,7138,83575.25,2024-08-05
73,25845,2965,57330.14,2024-08-19
74,7107,8986,74915.78,2024-08-13
75,42348,1693,62949.97,2024-08-09
76,78856,4052,92817.45,2024-07-22
77,71283,554,82386.32,2024-08-16
78,9931,8140,28097.77,2024-07-27
79,36109,4965,63123.73,2024-08-09
80,31100,3037,43637.72,2024-07-30
81,7850,726,96290.99,2024-08-09
82,81681,2241,99520.45,2024-08-18
83,1619,8848,50167.36,2024-08-10
84,31920,2656,10210.9,2024-07-22
85,85147,2139,6974.11,2024-08-05
86,44919,8077,51709.49,2024-08-06
87,78105,4811,26596.69,2024-07-21
88,50646,2970,40848.53,2024-08-11
89,14766,6864,5679.2,2024-08-07
90,79339,2661,9257.26,2024-08-13
91,3564,7591,69789.73,2024-07-22
92,79800,2251,9719.31,2024-08-20
93,22501,7926,94101.34,2024-08-05
94,34525,3901,81138.31,2024-08-07
95,64077,7788,69440.3,2024-08-11
96,24307,5679,27889.65,2024-08-13
97,60984,1094,73760.07,2024-07-25
98,55586,1546,84469.47,2024-08-08
99,85411,7528,30647.54,2024-08-15
100,79012,5912,99358.55,2024-08-05
101,96515,2545,68361.37,2024-08-19
102,35325,7727,14620.15,2024-08-12
103,50175,3382,22728.69,2024-08-12
104,83193,9748,5644.78,2024-07-25
105,13604,177,42980.12,2024-07-23
106,14563,1380,24373.06,2024-08-20
107,14558,9778,12068.73,2024-08-17
108,60369,4017,5472.67,2024-08-13
109,26577,8217,98690.19,2024-07-23
110,50723,6373,79105.12,2024-07-23
111,12206,9237,27503.75,2024-07-28
112,21549,8187,93161.65,2024-08-03
113,2523,3397,89796.07,2024-08-02
114,79542,5978,45211.28,2024-08-17
115,84036,266,84790.51,2024-07-24
116,91320,8310,88599.28,2024-08-13
117,44654,6053,18964.4,2024-07-24
118,82720,9579,81403.99,2024-08-06
119,25687,4670,36822.72,2024-08-06
120,10797,1483,14121.59,2024-07-23
121,40316,4108,48481.34,2024-08-14
122,6498,4104,69851.55,2024-08-13
123,75612,9550,61514.9,2024-08-13
124,75649,6492,40181.48,2024-08-12
125,83202,7922,17475.68,2024-08-01
126,61611,3767,34218.53,2024-07-24
127,78469,4983,18397.33,2024-07-30
128,18456,9031,47482.29,2024-08-05
129,69503,384,91086.13,2024-08-02
130,12045,8191,78470.08,2024-07-24
131,33664,2542,26853.87,2024-08-18
132,5999,9530,59601.64,2024-08-04
133,99765,5967,27254.91,2024-07-24
134,73820,4362,22921.23,2024-08-12
135,52097,8243,44713.94,2024-08-17
136,77550,2763,82210.78,2024-07-25
137,39998,340,56716.05,2024-08-16
138,76902,5459,25621.51,2024-07-31
139,99272,6978,62034.01,2024-08-18
140,53293,8092,94802.75,2024-08-04
141,16836,2633,55754.39,2024-08-12
142,29376,8574,25531.58,2024-07-24
143,83237,5350,63328.51,2024-07-31
144,11009,4229,53203.24,2024-08-01
145,77331,8261,26735.93,2024-07-29
146,59949,6620,71248.32,2024-08-02
147,72340,143,85949.49,2024-07-24
148,95619,2034,68913.05,2024-08-10
149,96061,2801,93999.98,2024-07-26
150,7838,1931,25805.29,2024-08-20
151,75855,5464,63174.16,2024-08-02
152,11403,7285,21573.47,2024-08-06
153,40881,6048,83198.5,2024-07-29
154,85510,1945,77060.61,2024-08-04
155,20068,182,90031.55,2024-08-07
156,84521,3196,96335.22,2024-08-13
157,42240,8256,71768.4,2024-07-28
158,49797,9459,97341.98,2024-08-09
159,84446,6990,72080.55,2024-07-31
160,6957,7477,39668.61,2024-07-30
161,55783,7731,29498.5,2024-07-29
162,24547,1737,23716.35,2024-08-20
163,8004,8524,16805.11,2024-07-27
164,76553,221,17840.82,2024-08-15
165,2571,4442,86623.92,2024-08-09
166,24113,9708,35946.53,2024-08-20
167,56992,1623,85261.38,2024-08-02
168,25476,5494,63970.96,2024-08-03
169,95758,9074,45043.33,2024-08-16
170,56837,6488,87645.04,2024-08-07
171,82753,499,78884.88,2024-07-26
172,73412,9932,60855.15,2024-08-15
173,97677,1743,8792.2,2024-08-18
174,49203,2880,5337.31,2024-08-17
175,49360,1908,18061.53,2024-08-18
176,71875,1896,32362.49,2024-08-05
177,5034,7858,48230.26,2024-07-28
178,96591,7794,29542.56,2024-08-19
179,60520,9770,49897.82,2024-08-03
180,59533,528,44750.66,2024-08-20
181,38039,6761,17042.59,2024-08-22
182,94480,6221,9108.11,2024-08-22
183,73655,3463,23780.03,2024-08-02
184,47197,2650,31594.97,2024-07-30
185,76296,6550,79821.71,2024-08-05
186,98139,3795,94888.03,2024-08-16
187,4709,7324,20484.25,2024-07-31
188,83646,8641,75185.41,2024-08-13
189,83917,1462,9843.05,2024-08-11
190,28296,98,43933.58,2024-08-23
191,7321,6320,81952.58,2024-08-05
192,68518,4982,46613.45,2024-08-09
193,81004,9931,34866.31,2024-08-18
194,30358,9693,41352.49,2024-07-28
195,20031,7608,6941.62,2024-08-04
196,49173,3606,21107.7,2024-08-01
197,95398,2353,38532.05,2024-08-10
198,45770,9489,40512.81,2024-08-18
199,89901,2081,72609.09,2024-08-25
200,96669,2720,19868.43,2024-07-29
201,94903,889,40409.02,2024-08-08
202,3758,4207,64043.31,2024-08-01
203,60985,4402,72488.79,2024-08-07
204,72331,8330,51526.17,2024-07-27
205,35362,6570,89073.74,2024-08-24
206,60659,9817,80882.34,2024-07-28
207,61632,1458,24612.05,2024-08-01
208,537,1398,80234.48,2024-08-10
209,96925,5879,40231.74,2024-08-13
210,11381,3436,90768.19,2024-08-15
211,57833,875,99425.1,2024-08-11
212,7449,7376,86591.7,2024-08-06
213,24667,7363,35617.97,2024-08-05
214,48103,595,22581.36,2024-08-08
215,77301,7593,17094.36,2024-08-06
216,10077,4029,87234.58,2024-08-02
217,99386,3846,75750.94,2024-08-03
218,97548,3619,15864.88,2024-08-06
219,31379,9137,83674.21,2024-08-03
220,48592,3549,51903.75,2024-08-24
221,36345,4684,54475.88,2024-08-06
222,78738,9938,65936.62,2024-08-14
223,76533,9835,86012.19,2024-08-16
224,13420,9500,5914.01,2024-08-23
225,15031,9948,36695.13,2024-08-11
226,78063,6674,16073.62,2024-07-29
227,69399,1163,43905.53,2024-08-19
228,61951,911,26076.92,2024-08-22
229,45550,3344,59595.66,2024-07-31
230,81380,6452,59088.27,2024-07-31
231,90017,4788,35089.51,2024-08-07
232,80008,490,50180.94,2024-07-31
233,89647,213,36667.94,2024-08-14
234,26137,9417,34971.58,2024-08-26
235,37948,8844,81256.23,2024-08-22
236,18096,2020,26355.67,2024-08-13
237,8898,9574,98020.37,2024-08-14
238,52897,1735,46644.45,2024-08-08
239,48228,1674,18090.98,2024-08-10
240,21839,5163,47682.72,2024-08-11
241,66113,6135,65188.45,2024-07-29
242,34309,2023,50757.01,2024-07-29
243,64218,9341,8472.45,2024-08-18
244,7177,5795,9564.19,2024-07-31
245,50136,1490,73009.78,2024-08-27
246,5079,7797,69135.47,2024-08-09
247,38709,8723,64452.21,2024-08-17
248,38786,3622,55675.31,2024-08-02
249,81315,9499,69619.22,2024-08-20
250,2251,7986,65416.31,2024-08-25
251,52525,8800,37019.35,2024-08-08
252,67700,7886,50662.59,2024-08-10
253,34601,7061,9491.9,2024-08-08
254,3261,7718,82587.53,2024-08-05
255,13643,7462,78073.16,2024-08-12
256,96401,4718,15299.72,2024-08-21
257,74525,3497,52506.95,2024-08-26
258,76283,9739,66576.11,2024-08-23
259,79749,738,17841.27,2024-08-07
260,6786,5884,42746.15,2024-08-10
261,85944,3750,70433.83,2024-08-06
262,4666,6100,72972.51,2024-08-14
263,88492,4478,80882.04,2024-08-04
264,53870,4060,17579.32,2024-08-11
265,89807,6830,7263.25,2024-08-12
266,62134,5010,21542.73,2024-08-28
267,17907,3098,73147.06,2024-08-05
268,41119,7310,74023.56,2024-08-04
269,89637,819,73289.39,2024-08-12
270,70001,693,16660.49,2024-08-25
271,10561,110,28466.71,2024-08-19
272,28982,8218,29166.33,2024-08-13
273,40985,4137,72525.71,2024-08-03
274,42364,2748,90777.51,2024-08-05
275,7834,9472,43104.99,2024-08-17
276,43874,9324,66123.88,2024-08-07
277,18049,7832,18314.55,2024-08-11
278,8099,5378,92659.94,2024-08-09
279,93419,9635,9921.42,2024-08-23
280,14419,4068,47032.05,2024-08-24
281,70107,7442,87813.76,2024-08-09
282,37700,7293,5931.02,2024-08-08
283,4758,9874,33422.84,2024-08-28
284,7009,5174,9999.3,2024-08-17
285,36351,1598,15384.81,2024-08-17
286,40285,2111,20678.5,2024-08-26
287,98491,9437,79437.69,2024-08-03
288,12257,9430,14825.06,2024-07-31
289,84264,4339,25187.21,2024-07-31
290,91787,9853,94171.28,2024-08-26
291,44010,212,14786.59,2024-08-29
292,60037,9472,92602.28,2024-08-27
293,13461,5167,16513.27,2024-08-06
294,44880,8395,37867.5,2024-08-11
295,17912,545,88674.14,2024-08-20
296,39632,3361,50382.01,2024-08-09
297,2473,9842,73606.42,2024-08-26
298,27568,7996,72625.49,2024-08-03
299,68347,1053,95489.97,2024-08-19
300,68886,4171,57362.29,2024-08-01
301,26102,8616,88485.28,2024-08-05
302,6227,2411,52988.13,2024-08-14
303,39914,7254,13086.58,2024-08-12
304,77081,7487,10527.53,2024-08-19
305,65073,5408,61893.42,2024-08-26
306,83445,5752,45743.65,2024-08-22
307,57902,5783,19993.17,2024-08-02
308,36479,9210,79518.55,2024-08-26
309,12460,6462,53288.51,2024-08-09
310,57764,7149,42926.46,2024-08-27
311,31301,7714,45137.4,2024-08-12
312,49097,967,70260.57,2024-08-30
313,632,2025,73518.55,2024-08-29
314,53482,912,73574.56,2024-08-31
315,88917,4948,82220.29,2024-08-20
316,33232,1898,54635.88,2024-08-28
317,79320,5031,41942.18,2024-08-15
318,92108,810,76521.16,2024-08-03
319,41658,4102,97080.1,2024-08-21
320,7743,3530,72982.08,2024-08-23
321,34665,6554,69855.15,2024-08-06
322,49539,948,25185.81,2024-08-11
323,33175,7152,33970.13,2024-08-15
324,75378,1478,73823.45,2024-08-11
325,56863,9751,95214.66,2024-08-11
326,69332,5399,33833.47,2024-08-28
327,23784,4607,69858.89,2024-08-14
328,71513,1775,68963.04,2024-08-10
329,46200,837,17106.83,2024-08-22
330,37681,1118,58901.46,2024-08-14
331,44400,588,6393.23,2024-08-10
332,42214,4534,10073.93,2024-08-19
333,44003,5555,16228.95,2024-08-19
334,43195,6807,55074.59,2024-08-27
335,47387,2493,81407.37,2024-08-11
336,6001,3964,40725.03,2024-09-01
337,37614,1154,66256.38,2024-08-12
338,52002,221,66440.96,2024-08-11
339,63683,8878,83738.65,2024-08-20
340,52405,8055,68714.89,2024-08-29
341,33051,5868,77166.74,2024-08-24
342,49570,3570,68756.25,2024-08-14
343,32873,9106,32849.8,2024-08-26
344,80669,9439,9866.75,2024-08-28
345,31441,1352,47790.57,2024-08-26
346,11405,8439,72295.77,2024-08-26
347,10671,6258,84767.06,2024-08-20
348,99388,6167,30678.96,2024-08-27
349,4047,5273,40546.19,2024-08-17
350,18469,4189,30349.88,2024-08-17
351,533,6012,51677.69,2024-08-23
352,4358,5311,79148.13,2024-08-04
353,66992,9894,12292.77,2024-08-18
354,35538,9648,58046.62,2024-08-31
355,151,7951,46201.44,2024-08-05
356,11006,3131,95391.62,2024-08-16
357,17283,2325,78205.92,2024-08-10
358,29545,44,68121.4,2024-08-07
359,42129,2792,93803.43,2024-08-14
360,28543,724,60227.54,2024-08-22
361,93040,112,61465.72,2024-08-17
362,8778,632,38800.31,2024-08-24
363,19335,4266,83550.95,2024-08-29
364,23936,7529,71885.19,2024-08-23
365,53047,3383,93360.15,2024-09-02
366,76226,5258,21590.46,2024-08-21
367,35057,6050,99522.71,2024-08-28
368,11724,8289,70355.32,2024-08-18
369,35323,9291,73632.64,2024-08-22
370,2301,6335,97467.55,2024-08-24
371,54724,8439,85195.05,2024-08-04
372,97188,790,59787.83,2024-08-31
373,24427,9997,60722.48,2024-08-11
374,82007,239,94927.86,2024-08-09
375,58928,6747,23673.06,2024-08-09
376,42713,2817,5108.45,2024-08-04
377,79367,7176,32007.46,2024-08-26
378,67775,1252,61589.91,2024-08-17
379,39229,3561,55686.55,2024-08-19
380,96147,7260,84561.82,2024-08-12
381,50467,8654,7448.01,2024-09-02
382,46143,2706,44209.26,2024-08-31
383,4018,8748,68359.57,2024-08-30
384,38195,3697,8314.24,2024-08-27
385,21936,2903,26523.11,2024-08-13
386,54615,7059,24060.53,2024-08-28
387,60661,3388,61390.1,2024-08-24
388,62109,8811,98258.36,2024-08-18
389,45914,5179,41950.2,2024-08-11
390,47111,5156,38710.29,2024-08-27
391,16626,2797,88118.01,2024-08-06
392,1595,9953,57538.93,2024-08-06
393,64097,970,71049.43,2024-08-10
394,29170,6413,71391.09,2024-08-25
395,7179,5587,10523.84,2024-08-06
396,16476,7405,44173.55,2024-08-07
397,4270,3731,88510.17,2024-08-26
398,7931,7607,73043.77,2024-08-24
399,987,6230,82872.4,2024-09-04
400,74665,9587,53314.64,2024-08-24
401,29088,9829,40710.28,2024-08-14
402,46892,7356,57459.15,2024-08-17
403,51031,6599,37058.31,2024-08-13
404,70492,4925,85498.04,2024-08-29
405,27870,5586,78730.02,2024-08-13
406,84671,3950,83623.02,2024-09-03
407,11354,8559,22954.07,2024-08-25
408,4030,4908,62185.3,2024-08-23
409,99724,3567,22384.33,2024-09-01
410,31720,4949,37256.97,2024-08-15
411,31125,4824,86245.0,2024-08-09
412,73296,942,67355.03,2024-08-30
413,26702,3489,44618.24,2024-08-16
414,37556,1943,71388.49,2024-08-15
415,85744,3177,25212.13,2024-08-11
416,26295,7718,58834.96,2024-08-12
417,9214,1696,43163.15,2024-08-23
418,43051,9105,37498.12,2024-08-17
419,95638,4559,82552.3,2024-08-09
420,43591,7911,51240.6,2024-08-08
421,37392,9585,42393.33,2024-08-16
422,44911,6121,43257.65,2024-08-31
423,70370,9563,49698.82,2024-09-05
424,70940,4995,69574.72,2024-08-24
425,78637,4253,33780.81,2024-08-22
426,39666,781,99427.35,2024-08-10
427,47452,2754,37389.82,2024-08-30
428,33244,9992,62319.72,2024-08-14
429,81365,9971,33673.96,2024-09-02
430,31404,1586,51895.59,2024-08-17
431,65141,8784,17024.24,2024-08-26
432,21866,100,64637.12,2024-09-03
433,62753,3115,57288.76,2024-08-28
434,76511,9172,49999.27,2024-08-12
435,48143,7782,42696.34,2024-09-06
436,49755,3047,77680.2,2024-08-21
437,50278,8784,79736.25,2024-08-09
438,55987,154,42347.17,2024-09-06
439,63010,411,88704.08,2024-08-09
440,55066,5676,81567.68,2024-08-27
441,94761,374,86769.24,2024-08-25
442,13824,2667,50559.89,2024-08-22
443,12289,23,98795.51,2024-09-04
444,8250,9963,25475.26,2024-08-27
445,86267,937,8772.2,2024-08-26
446,14236,1587,60940.45,2024-09-04
447,18653,626,21224.41,2024-09-02
448,95232,7300,46863.54,2024-08-18
449,39583,5265,53131.13,2024-08-10
450,20593,2041,92994.45,2024-08-23
451,71179,2766,33345.39,2024-09-02
452,22603,5561,79451.78,2024-08-21
453,70567,8973,99334.74,2024-08-12
454,76122,3840,32029.4,2024-08-25
455,42319,6871,39730.88,2024-08-25
456,6027,6531,17750.53,2024-08-28
457,36885,2911,37118.6,2024-08-28
458,92509,3710,94433.91,2024-08-17
459,18672,1901,75744.04,2024-08-15
460,6183,5490,38162.09,2024-08-17
461,90400,4622,48025.86,2024-09-03
462,5194,2570,37600.55,2024-08-14
463,7553,5959,29404.84,2024-08-30
464,902,8811,16773.94,2024-08-27
465,35703,232,97587.13,2024-08-11
466,9662,8090,75770.29,2024-09-06
467,28081,4334,98539.84,2024-09-02
468,57090,9447,76486.0,2024-08-18
469,10781,7030,77053.32,2024-09-03
470,29429,7992,13868.6,2024-09-05
471,69477,3831,49515.32,2024-08-28
472,73630,8782,72058.28,2024-08-10
473,94282,2704,30826.91,2024-08-13
474,9421,5436,26002.99,2024-08-21
475,5757,3682,47304.3,2024-08-14
476,31092,6960,52243.76,2024-09-07
477,88411,3682,60363.39,2024-08-25
478,63872,4657,32163.63,2024-08-23
479,79598,4506,5096.08,2024-08-28
480,33729,9197,47292.84,2024-08-30
481,64761,447,22769.53,2024-09-01
482,73447,6643,98274.5,2024-09-03
483,94950,2378,46433.61,2024-08-27
484,55865,842,53523.32,2024-08-12
485,8926,1009,78036.38,2024-08-25
486,44755,8386,31579.78,2024-09-01
487,39275,5222,24207.64,2024-08-24
488,12004,3167,77878.33,2024-08-25
489,99807,1796,54122.46,2024-08-14
490,98938,5398,91830.01,2024-08-19
491,23464,627,90402.4,2024-08-19
492,13016,4310,93920.74,2024-09-09
493,16561,6248,42511.16,2024-08-14
494,92252,466,37229.94,2024-08-22
495,90874,8557,22738.32,2024-08-31
496,52831,806,96115.02,2024-09-07
497,7072,4275,14884.37,2024-08-16
498,74077,6399,47795.08,2024-08-21
499,48696,2700,53094.1,2024-08-24
500,46435,9811,24568.11,2024-09-06
501,37290,1308,53084.75,2024-09-07
502,70348,3118,54035.6,2024-08-21
503,21401,7163,58658.89,2024-09-02
504,21471,1418,90894.33,2024-09-01
505,88546,5705,76047.14,2024-09-09
506,86538,5918,35929.81,2024-09-08
507,3542,9716,94245.8,2024-09-02
508,24176,1127,10734.48,2024-09-07
509,45818,899,59734.25,2024-08-20
510,29160,2991,83231.13,2024-08-28
511,42972,9082,10750.77,2024-08-21
512,9850,3938,77923.08,2024-09-03
513,68192,305,9973.25,2024-08-16
514,19502,5255,95686.62,2024-09-05
515,82118,3632,99859.18,2024-08-12
516,2344,5166,64514.86,2024-08-21
517,57664,5886,42259.32,2024-08-22
518,84457,8871,9384.94,2024-08-25
519,93189,6087,93949.38,2024-09-07
520,17016,7978,57886.54,2024-08-21
521,93897,8107,52346.91,2024-08-15
522,89803,3375,8179.58,2024-09-09
523,40469,7152,40544.2,2024-08-19
524,37788,5139,42407.17,2024-09-03
525,90211,1652,74570.16,2024-08-20
526,57658,8819,72314.37,2024-09-05
527,66381,5005,6019.11,2024-09-10
528,59440,3792,34500.95,2024-09-08
529,64502,9707,98666.84,2024-09-04
530,26837,604,83057.54,2024-09-10
531,96946,5958,65780.0,2024-08-30
532,80102,4659,74539.29,2024-08-14
533,9068,8598,97848.5,2024-08-31
534,81038,7656,54333.94,2024-08-28
535,70201,9891,32475.07,2024-08-16
536,32665,6137,18837.43,2024-08-20
537,95620,6942,90428.09,2024-08-29
538,25433,4788,88662.96,2024-08-18
539,25686,2301,5680.83,2024-09-10
540,74014,8919,91075.45,2024-09-12
541,13522,7310,77092.5,2024-09-04
542,94856,1840,92559.3,2024-08-23
543,69064,2484,41412.98,2024-08-17
544,11904,4239,75053.7,2024-09-11
545,55537,988,27072.48,2024-09-11
546,41507,5525,63003.69,2024-08-22
547,71508,2197,60185.64,2024-09-04
548,28368,5,44834.08,2024-08-19
549,65061,5176,84985.49,2024-09-06
550,78690,4211,42894.65,2024-09-02
551,1049,504,7724.81,2024-08-31
552,48590,7380,27518.08,2024-08-30
553,31744,8375,59991.66,2024-08-27
554,86369,2580,42399.26,2024-09-11
555,52841,695,45074.16,2024-09-09
556,75333,1701,75606.69,2024-08-28
557,37602,6686,86129.91,2024-08-29
558,35747,4555,17365.12,2024-09-07
559,7148,5182,85629.41,2024-08-22
560,25858,6972,22419.58,2024-08-24
561,12501,7824,65703.25,2024-08-30
562,41930,5617,88661.07,2024-09-09
563,29785,2819,86285.31,2024-09-08
564,99439,7542,88253.25,2024-08-27
565,5525,7555,64867.49,2024-08-26
566,32410,3269,83696.09,2024-08-23
567,43410,4408,28015.97,2024-08-26
568,71159,4334,86570.6,2024-08-18
569,51651,486,51603.29,2024-08-31
570,11582,1565,44161.8,2024-08-20
571,51819,1284,12321.67,2024-08-31
572,59184,3538,38342.84,2024-08-21
573,55113,2538,76456.21,2024-09-02
574,84895,204,37656.96,2024-09-01
575,89719,4159,10295.23,2024-08-24
576,40611,2207,73327.62,2024-08-16
577,2254,3936,97911.9,2024-08-29
578,54919,2352,42283.12,2024-09-02
579,94482,2547,32791.15,2024-09-10
580,93463,7579,54606.63,2024-08-27
581,67772,2389,5678.11,2024-08-23
582,46422,6042,72146.95,2024-09-10
583,21513,2166,42648.66,2024-08-15
584,90922,4246,21411.93,2024-08-19
585,4327,2047,23950.03,2024-09-09
586,63309,3635,79673.87,2024-08-30
587,18560,5616,66206.84,2024-08-26
588,60413,6427,6096.66,2024-08-26
589,37109,6797,41936.14,2024-09-09
590,17338,9658,48916.61,2024-09-12
591,39702,2611,36410.18,2024-08-21
592,32185,5831,43192.66,2024-09-07
593,6010,5800,21294.34,2024-09-12
594,55908,3445,5803.36,2024-08-19
595,21834,2846,48087.72,2024-09-02
596,12091,5574,63670.67,2024-08-19
597,42090,3644,90827.03,2024-09-10
598,77484,558,64517.6,2024-08-17
599,75340,4778,58361.86,2024-09-08
600,91800,4830,80269.86,2024-08-27
601,75280,1629,7799.93,2024-09-10
602,79048,9098,23411.62,2024-08-18
603,88207,8764,6958.49,2024-08-31
604,93950,6570,25624.17,2024-08-30
605,94101,5681,55229.48,2024-08-27
606,558,3912,58505.16,2024-08-28
607,63676,1349,41822.43,2024-08-20
608,65739,3962,60846.67,2024-09-06
609,85983,1273,54036.17,2024-09-01
610,35956,5112,34998.79,2024-08-17
611,31741,2899,68077.97,2024-09-14
612,33238,822,18025.81,2024-09-10
613,3204,9224,94615.76,2024-08-22
614,67171,1437,83145.96,2024-09-10
615,52016,4089,73210.63,2024-08-24
616,46441,6122,73337.69,2024-08-17
617,37993,3246,39321.88,2024-08-25
618,75481,796,77222.88,2024-09-08
619,40342,372,60824.47,2024-08-17
620,70257,2365,32210.85,2024-08-27
621,70002,9956,94378.5,2024-09-04
622,5311,983,45578.62,2024-08-24
623,27349,5757,83102.56,2024-09-07
624,16359,9652,32888.4,2024-08-26
625,92746,381,91359.35,2024-09-07
626,7714,9594,20730.05,2024-08-17
627,22889,5424,92108.95,2024-09-05
628,15961,7090,78142.93,2024-08-20
629,99928,2120,36637.96,2024-08-28
630,9855,1134,14386.5,2024-09-05
631,58334,8431,26422.12,2024-08-17
632,58864,7827,7902.06,2024-08-29
633,61528,5456,61530.95,2024-09-01
634,25735,3042,22261.85,2024-09-01
635,26685,2340,91529.04,2024-09-08
636,14368,8547,27494.48,2024-08-19
637,68935,9931,39664.88,2024-09-12
638,14835,5621,94146.17,2024-09-01
639,27485,418,37402.0,2024-08-26
640,4573,6270,27725.91,2024-08-28
641,26572,4695,68280.0,2024-09-15
642,86019,8768,57777.49,2024-09-13
643,99234,4552,61694.79,2024-08-30
644,38038,7346,86883.68,2024-08-27
645,20832,5731,66798.05,2024-08-26
646,33019,3003,9222.59,2024-09-15
647,36012,5844,12597.09,2024-09-14
648,6295,7552,67331.58,2024-08-26
649,24201,7987,20444.99,2024-08-30
650,81884,2987,79491.79,2024-08-19
651,44334,7550,43348.35,2024-09-04
652,40749,9944,28359.35,2024-09-11
653,61094,4038,84320.38,2024-09-08
654,59028,436,84617.75,2024-09-13
655,53498,3380,67911.76,2024-09-05
656,49953,4258,91982.45,2024-08-29
657,23580,3350,73434.74,2024-09-06
658,89095,7208,68989.79,2024-08-25
659,22592,4807,27699.5,2024-09-02
660,4048,7847,62088.71,2024-08-30
661,22456,8780,70841.51,2024-08-28
662,72652,1756,83478.24,2024-08-26
663,19077,3784,63403.38,2024-08-23
664,2142,9192,89181.68,2024-08-26
665,96466,2873,24419.63,2024-09-14
666,96158,6207,13304.98,2024-09-08
667,93536,4282,15032.66,2024-09-05
668,50441,1990,80589.7,2024-08-27
669,18295,3504,94475.63,2024-09-10
670,17860,4802,84121.9,2024-09-17
671,69726,8424,98878.28,2024-08-20
672,91,6372,23536.87,2024-09-01
673,43031,4128,32025.59,2024-09-03
674,7059,3739,36882.83,2024-09-06
675,69768,3324,85033.13,2024-08-21
676,29190,6240,43557.2,2024-09-10
677,60755,945,79194.75,2024-09-12
678,28658,3683,44321.72,2024-09-10
679,69967,9760,82895.72,2024-08-30
680,75814,9863,84941.64,2024-09-04
681,68606,2466,76676.67,2024-09-01
682,42489,9467,78951.25,2024-08-25
683,80882,2092,53522.64,2024-09-04
684,93673,6206,60629.51,2024-08-31
685,51774,9499,13920.87,2024-09-17
686,77279,49,21275.37,2024-09-03
687,29806,3705,43950.22,2024-09-07
688,80426,6471,90147.42,2024-08-25
689,72115,6001,7776.8,2024-08-24
690,7833,3698,88584.9,2024-09-13
691,89571,3795,12821.18,2024-08-20
692,79087,7347,22851.51,2024-09-01
693,66886,6362,93375.87,2024-09-10
694,82190,400,33073.41,2024-08-30
695,708,2511,89180.27,2024-09-16
696,86562,9949,57006.1,2024-08-31
697,84655,6468,49640.17,2024-09-05
698,27288,4266,43239.27,2024-08-25
699,8738,2218,94808.81,2024-09-08
700,54224,2145,28524.25,2024-08-20
701,53000,9666,12747.48,2024-08-31
702,2408,7841,45661.25,2024-09-05
703,99090,2823,17089.17,2024-09-08
704,98332,1246,6740.94,2024-08-22
705,79386,6291,88375.63,2024-09-17
706,62639,6732,55612.03,2024-09-15
707,49893,9308,29668.18,2024-09-16
708,49768,911,78329.79,2024-09-08
709,74564,9133,31891.44,2024-08-26
710,34221,5495,29610.37,2024-08-23
711,31218,7251,24377.38,2024-08-31
712,45190,1634,64741.41,2024-09-02
713,99684,4732,59827.74,2024-09-06
714,28672,4629,39042.0,2024-08-28
715,82562,6246,92581.92,2024-08-25
716,55196,9396,38509.06,2024-08-30
717,27100,5875,24805.26,2024-08-31
718,33262,2583,45044.14,2024-09-10
719,87162,3888,45860.29,2024-08-28
720,72221,7162,63743.29,2024-09-01
721,11548,4430,61411.93,2024-09-09
722,16312,7946,21636.33,2024-09-14
723,60688,2283,96768.13,2024-09-10
724,16812,750,94689.46,2024-08-23
725,95263,7143,88416.57,2024-09-14
726,90042,3348,65707.42,2024-08-28
727,59643,9107,74163.73,2024-08-25
728,38605,6809,63982.16,2024-09-12
729,83542,4697,79292.97,2024-09-10
730,62548,6488,79578.32,2024-09-19
731,89727,7957,68635.0,2024-08-26
732,31216,901,29858.44,2024-09-13
733,53941,632,48295.66,2024-09-09
734,3969,5815,85167.0,2024-09-06
735,66943,6135,53224.62,2024-09-05
736,93267,6854,86961.32,2024-09-08
737,56069,5619,65762.17,2024-08-22
738,39107,7245,22240.05,2024-09-19
739,7110,3015,36091.45,2024-09-04
740,15443,5319,10651.54,2024-09-08
741,12550,7955,88121.96,2024-09-09
742,97847,8230,69388.81,2024-09-04
743,39383,1128,45119.23,2024-09-16
744,31492,2125,84602.17,2024-09-13
745,62524,2181,8767.57,2024-09-19
746,98317,4460,69978.11,2024-08-31
747,58162,3948,42619.52,2024-09-10
748,34291,3170,90886.71,2024-09-17
749,7632,8344,29843.57,2024-09-13
750,23604,6382,65854.69,2024-09-09
751,18092,6452,94860.43,2024-08-27
752,61431,5986,25606.53,2024-09-10
753,50419,1210,44439.0,2024-08-25
754,13668,5956,62241.37,2024-09-14
755,82751,7676,39355.16,2024-08-31
756,12809,3618,62407.37,2024-09-11
757,42401,9849,81056.7,2024-09-06
758,64981,7833,92557.67,2024-08-25
759,29497,5585,94264.26,2024-09-08
760,92903,8406,36855.22,2024-09-13
761,2689,7978,71163.02,2024-09-17
762,31329,4395,91529.41,2024-09-18
763,45690,2666,39352.19,2024-09-04
764,34946,877,94510.73,2024-09-16
765,41044,7367,36417.17,2024-09-19
766,35106,7273,45866.79,2024-09-16
767,38838,4823,93243.85,2024-09-21
768,35095,9861,6779.35,2024-09-14
769,28536,4275,68568.99,2024-08-27
770,56932,480,96707.52,2024-09-19
771,41054,8910,25720.47,2024-08-29
772,31845,2124,32423.72,2024-09-11
773,10592,4203,9081.5,2024-09-18
774,87054,5979,53525.56,2024-09-17
775,87116,3129,35965.68,2024-09-01
776,80180,8854,23908.06,2024-09-18
777,255,8822,21971.48,2024-09-22
778,34990,309,80947.02,2024-08-29
779,29537,6180,25187.85,2024-09-11
780,78403,4904,26620.43,2024-08-24
781,18829,6956,96668.85,2024-09-06
782,75296,6555,11999.64,2024-09-14
783,21296,4379,31612.15,2024-09-15
784,30429,2459,34759.86,2024-09-09
785,34099,2664,91523.61,2024-09-08
786,74195,8384,56224.55,2024-09-22
787,54155,3542,67981.66,2024-09-06
788,78232,1520,56399.35,2024-09-11
789,2101,3881,42980.97,2024-08-31
790,30443,3158,98753.81,2024-09-05
791,96803,7153,39468.58,2024-09-12
792,84284,2747,39488.77,2024-09-06
793,9034,8784,72672.56,2024-09-06
794,27516,9443,26306.46,2024-09-18
795,99518,9307,35983.64,2024-09-01
796,69994,6444,64561.74,2024-08-27
797,2786,3246,52274.6,2024-08-25
798,1436,9242,21365.42,2024-09-20
799,99703,8500,17907.6,2024-09-01
800,2480,3665,22884.44,2024-09-05
801,3004,5534,99412.31,2024-08-27
802,91545,3188,21848.78,2024-08-25
803,52984,840,11723.06,2024-09-16
804,8030,4806,28231.88,2024-09-18
805,33056,131,70185.76,2024-09-12
806,3122,1717,30009.19,2024-09-22
807,18095,6126,33599.37,2024-09-07
808,8634,1060,23833.36,2024-08-29
809,12114,2563,7546.13,2024-09-20
810,89063,9791,31566.25,2024-09-10
811,73796,1452,19963.23,2024-09-13
812,3411,3302,40103.32,2024-08-29
813,46560,6708,72090.92,2024-08-31
814,50632,9815,19328.46,2024-09-05
815,26113,258,41981.78,2024-08-27
816,90428,2960,55899.6,2024-08-29
817,21347,7584,12671.08,2024-09-17
818,63080,3849,98858.17,2024-09-18
819,17026,9248,18290.05,2024-08-26
820,65230,4506,94721.26,2024-09-07
821,63156,6486,53182.82,2024-09-17
822,97336,3674,5142.86,2024-09-24
823,92853,6829,80932.81,2024-09-06
824,65065,8193,45002.19,2024-08-29
825,13770,2212,11620.94,2024-09-23
826,62783,9261,11142.89,2024-09-07
827,46190,1686,78357.77,2024-08-29
828,35705,9416,64002.35,2024-09-13
829,45766,7863,46182.59,2024-09-07
830,6584,7806,49130.44,2024-09-09
831,419,5588,68489.76,2024-09-04
832,11013,5390,10529.4,2024-08-28
833,63915,7253,74357.06,2024-08-31
834,47293,6523,64631.8,2024-08-31
835,38894,920,25598.2,2024-08-26
836,26642,4511,23920.26,2024-08-29
837,25887,6580,12238.85,2024-09-05
838,5229,7569,30399.31,2024-09-16
839,32293,2392,99527.83,2024-09-04
840,59,5623,41355.83,2024-09-15
841,6538,5173,90055.0,2024-09-02
842,39384,4033,75638.97,2024-09-13
843,38971,8487,65706.92,2024-09-06
844,36359,2157,85834.52,2024-09-25
845,35358,1487,55517.43,2024-09-15
846,34736,8441,5837.59,2024-09-05
847,68069,356,75562.18,2024-09-01
848,68568,6450,17603.7,2024-09-17
849,85404,5277,21102.84,2024-09-11
850,67448,7607,10273.31,2024-09-07
851,3300,9238,77758.22,2024-08-27
852,65832,4006,67752.36,2024-09-13
853,86989,3808,59934.0,2024-09-03
854,67456,8342,6123.86,2024-08-27
855,29038,9663,47567.61,2024-09-13
856,70031,174,19073.32,2024-09-23
857,44472,662,37090.71,2024-09-16
858,97554,3937,89197.05,2024-09-18
859,97464,7912,95527.62,2024-09-05
860,75788,8850,12039.26,2024-09-09
861,852,2850,11913.45,2024-09-23
862,49491,3578,20439.16,2024-09-10
863,91654,8585,32487.23,2024-09-15
864,20891,6168,87779.64,2024-09-03
865,41072,1081,34098.82,2024-08-31
866,22035,3273,70464.38,2024-09-26
867,10127,4696,21178.57,2024-09-18
868,61539,8578,33763.9,2024-09-04
869,49088,5535,84624.74,2024-09-07
870,4994,6365,90514.49,2024-09-07
871,11220,1528,58800.51,2024-09-06
872,96251,2913,54751.59,2024-09-03
873,8623,5350,59937.81,2024-09-13
874,13051,4704,36359.0,2024-09-10
875,310,9696,65992.62,2024-09-04
876,60563,8494,98360.57,2024-08-28
877,8310,9238,83950.32,2024-09-17
878,45300,7714,29526.29,2024-09-21
879,84966,7038,17837.85,2024-08-31
880,85580,6698,21505.79,2024-09-17
881,29200,5404,97493.28,2024-08-31
882,29633,4052,85065.29,2024-09-06
883,85259,5856,46076.76,2024-09-21
884,95174,6650,74394.77,2024-09-20
885,15650,7953,26682.11,2024-09-16
886,408,6018,37782.67,2024-08-31
887,81460,325,83813.45,2024-09-09
888,14269,9599,83150.8,2024-09-18
889,81790,6409,17802.26,2024-09-25
890,60670,3097,69407.92,2024-09-14
891,2418,6045,27879.04,2024-09-05
892,82957,1543,25994.79,2024-09-09
893,37796,8012,20919.84,2024-09-16
894,44685,909,46621.2,2024-09-01
895,37306,5678,8599.24,2024-08-31
896,27317,9152,16670.98,2024-09-22
897,42347,1929,95127.52,2024-09-23
898,2017,6957,91434.36,2024-08-31
899,78518,2197,62078.97,2024-09-15
900,67765,3761,68193.34,2024-09-07
901,86842,5400,81432.03,2024-09-07
902,78762,9185,42745.02,2024-09-24
903,47933,8946,49606.35,2024-09-18
904,17067,2372,5169.52,2024-09-09
905,8176,8238,42910.1,2024-09-13
906,24518,998,88344.75,2024-09-09
907,64923,4559,75754.44,2024-09-15
908,89174,5275,96874.87,2024-09-17
909,86574,7822,73915.59,2024-09-01
910,84281,6963,36833.85,2024-09-27
911,79199,3541,14812.43,2024-09-07
912,30440,6443,41306.09,2024-09-07
913,83634,3851,86916.62,2024-08-31
914,99221,9236,83361.72,2024-09-15
915,98817,3710,22544.38,2024-09-05
916,28909,3446,13938.38,2024-09-26
917,30379,7590,33114.83,2024-09-19
918,75493,8749,60175.53,2024-09-25
919,80465,8798,57515.21,2024-09-24
920,14375,5788,79249.36,2024-09-07
921,31724,2218,40352.15,2024-09-27
922,18606,8063,14093.79,2024-09-22
923,35652,2987,26926.57,2024-09-26
924,86320,1531,77723.8,2024-09-06
925,13228,4875,44197.89,2024-09-02
926,13253,5283,95721.87,2024-08-30
927,50634,4817,12257.06,2024-09-21
928,74490,309,8250.3,2024-09-25
929,44368,591,80314.02,2024-09-16
930,70351,2414,25301.23,2024-08-31
931,43830,5433,13991.31,2024-09-12
932,28130,9797,59083.6,2024-09-12
933,90340,3182,40674.96,2024-09-13
934,66909,3630,85228.58,2024-09-17
935,67095,883,74610.82,2024-09-12
936,92057,7607,72002.35,2024-09-19
937,79382,4724,41565.61,2024-09-11
938,45866,3448,43521.71,2024-09-06
939,87171,477,69169.14,2024-08-31
940,7029,2674,68291.15,2024-09-02
941,35098,1623,63381.17,2024-09-13
942,47621,3978,19566.4,2024-09-29
943,23470,9303,30782.34,2024-09-07
944,78841,9326,18567.55,2024-09-16
945,87438,9646,39560.32,2024-09-22
946,13734,8836,41612.08,2024-08-31
947,58810,1044,68993.53,2024-09-11
948,53203,9922,98713.42,2024-09-24
949,74546,6658,41695.68,2024-09-05
950,76269,282,91476.02,2024-09-10
951,53025,2411,96099.57,2024-09-12
952,62832,1367,66849.0,2024-09-20
953,60569,1464,38144.94,2024-09-29
954,29665,4840,45173.01,2024-09-02
955,82828,2409,22040.74,2024-09-11
956,7837,1030,87494.53,2024-09-14
957,29303,6567,62565.42,2024-09-09
958,38270,3370,23649.86,2024-09-09
959,40820,6619,31225.46,2024-09-05
960,24847,986,94785.72,2024-09-12
961,75827,1822,9510.4,2024-09-09
962,47552,2554,73494.07,2024-09-09
963,44827,3153,62532.54,2024-09-16
964,99863,2009,90100.66,2024-09-03
965,91816,1692,72043.51,2024-09-02
966,43143,4854,52570.09,2024-09-17
967,3448,7483,76841.19,2024-09-12
968,92965,6034,33165.17,2024-09-29
969,58067,9319,41932.88,2024-09-24
970,50832,869,38551.77,2024-09-09
971,65330,7200,63485.49,2024-09-04
972,31406,2869,25372.69,2024-09-24
973,43219,7584,5900.12,2024-09-18
974,76524,5397,51182.6,2024-09-11
975,78506,4771,28523.32,2024-09-19
976,39679,4746,51871.86,2024-09-02
977,85948,2573,28230.16,2024-09-30
978,9953,1664,44159.47,2024-09-04
979,93242,6169,11484.28,2024-09-27
980,22797,9441,69990.3,2024-09-03
981,9299,5044,37183.65,2024-09-06
982,78197,7615,91098.83,2024-09-27
983,20864,8736,99570.51,2024-09-14
984,30710,5711,63835.54,2024-09-21
985,21168,6625,8197.3,2024-09-11
986,40124,6577,89895.25,2024-09-20
987,70943,3070,13142.3,2024-09-16
988,82927,5223,37207.11,2024-09-11
989,63513,2185,45481.96,2024-09-03
990,52509,1452,70037.14,2024-09-11
991,55893,5222,13340.38,2024-09-03
992,41929,9332,88204.58,2024-09-04
993,1984,174,95950.72,2024-09-04
994,8993,1058,12306.99,2024-09-20
995,72576,7379,19788.73,2024-09-27
996,29183,5307,69786.34,2024-10-02
997,5474,4184,80576.5,2024-09-14
998,84634,6451,67224.94,2024-10-01
999,81491,6181,96255.25,2024-10-02
1000,29629,411,16240.9,2024-09-27
1001,81424,9703,81369.18,2024-09-28
1002,73910,4988,48131.99,2024-09-07
1003,21502,7009,50472.74,2024-09-04
1004,99504,3707,30387.55,2024-09-26
1005,22416,3069,18408.55,2024-09-17
1006,15946,5326,85764.93,2024-09-09
1007,37329,4351,81788.81,2024-09-20
1008,16291,1841,37849.59,2024-09-28
1009,93327,4817,23463.3,2024-10-01
1010,17539,1009,69083.53,2024-09-08
1011,4807,8081,27756.97,2024-09-22
1012,36722,5852,55178.59,2024-09-11
1013,52922,6180,19345.76,2024-09-23
1014,96782,726,60814.98,2024-09-27
1015,72944,6796,24889.2,2024-09-26
1016,18289,2434,57071.38,2024-09-19
1017,65465,2410,67928.71,2024-09-13
1018,56112,6325,79268.66,2024-09-30
1019,56812,7147,26735.6,2024-09-25
1020,53533,465,63127.78,2024-09-27
1021,86743,9160,7909.77,2024-09-23
1022,47729,8466,6423.45,2024-09-17
1023,55598,1010,48254.41,2024-09-05
1024,11800,6021,14850.51,2024-09-30
1025,7692,6585,89353.27,2024-09-04
1026,28908,7669,51116.6,2024-09-29
1027,63231,4187,47262.92,2024-09-04
1028,85597,1647,34550.07,2024-09-29
1029,43253,8876,27588.22,2024-09-10
1030,54884,8250,45520.92,2024-09-13
1031,7332,678,82291.97,2024-09-24
1032,49389,2733,30481.26,2024-09-19
1033,7826,7849,92475.49,2024-09-08
1034,21275,7745,90513.0,2024-09-20
1035,13594,7314,34949.15,2024-09-12
1036,40229,6945,56352.05,2024-09-18
1037,49894,2964,21956.98,2024-09-27
1038,49718,9509,41626.67,2024-09-18
1039,37523,7156,68986.88,2024-09-14
1040,94425,3687,49302.08,2024-09-16
1041,18810,4748,50704.33,2024-09-11
1042,58467,5513,57562.78,2024-09-17
1043,89363,5955,86501.19,2024-09-30
1044,18031,1785,63924.64,2024-09-25
1045,80076,8806,67009.56,2024-09-24
1046,28468,5244,33997.31,2024-09-16
1047,53181,7584,58868.12,2024-09-11
1048,33603,5768,48869.32,2024-09-11
1049,97912,4786,27264.74,2024-09-29
1050,96887,4923,38234.35,2024-09-17
1051,10496,8082,39300.09,2024-09-29
1052,33996,9127,39015.31,2024-10-01
1053,14493,2309,93789.77,2024-10-04
1054,54671,7940,91732.78,2024-09-16
1055,13928,5641,10951.17,2024-09-26
1056,55545,3227,60939.25,2024-09-12
1057,27226,6324,28926.08,2024-09-26
1058,46243,5031,68609.55,2024-09-28
1059,67322,294,25550.44,2024-10-01
1060,7225,3762,24385.75,2024-09-06
1061,59263,755,25163.11,2024-10-03
1062,63428,2867,59407.88,2024-09-06
1063,8089,2078,24534.88,2024-09-06
1064,98005,2722,69519.35,2024-09-13
1065,42913,6831,32563.25,2024-09-26
1066,53207,9373,20307.05,2024-09-23
1067,19361,4681,28709.99,2024-10-03
1068,8833,6101,40800.13,2024-09-22
1069,82656,9045,69408.67,2024-09-13
1070,39707,6075,96003.88,2024-09-29
1071,11379,420,88816.81,2024-09-30
1072,59390,9614,30789.74,2024-10-05
1073,81436,1500,65246.95,2024-10-04
1074,96892,5461,81086.64,2024-10-04
1075,68954,6523,19554.03,2024-09-19
1076,9483,6896,14252.95,2024-09-30
1077,26104,453,6128.81,2024-09-26
1078,50874,8455,30343.53,2024-09-11
1079,78135,9539,17415.33,2024-10-03
1080,91663,7967,97724.65,2024-09-12
1081,49630,2265,13098.81,2024-10-02
1082,52267,6938,99978.89,2024-09-26
1083,15692,4275,31145.24,2024-09-07
1084,37279,235,32040.99,2024-09-27
1085,76960,2354,67036.52,2024-09-24
1086,73524,1190,82360.77,2024-10-05
1087,81263,8446,40704.58,2024-09-19
1088,6568,3051,12097.7,2024-09-23
1089,81258,971,44319.52,2024-09-10
1090,33464,7973,50973.34,2024-10-01
1091,6836,9198,47124.31,2024-09-07
1092,96590,8653,61868.93,2024-09-16
1093,23359,3686,64212.7,2024-10-04
1094,29169,6365,60436.12,2024-10-05
1095,66294,5261,82173.53,2024-09-23
1096,97313,119,76256.63,2024-10-07
1097,7213,8167,95098.12,2024-09-29
1098,85548,3286,31961.31,2024-09-11
1099,24511,1957,94484.55,2024-10-03
1100,24695,7374,45666.03,2024-10-07
1101,24898,8908,27295.13,2024-09-22
1102,96149,6535,26976.51,2024-09-09
1103,39366,9510,37665.29,2024-09-08
1104,92728,3081,58437.75,2024-09-21
1105,74318,9165,31208.91,2024-09-13
1106,93507,2144,42947.65,2024-09-16
1107,16677,2133,12140.87,2024-09-23
1108,58624,7438,25666.39,2024-09-29
1109,35625,7475,84873.38,2024-10-06
1110,7780,4310,47808.87,2024-09-25
1111,19834,3444,85042.27,2024-09-18
1112,52369,8583,22509.17,2024-09-20
1113,98482,6713,43513.31,2024-09-21
1114,69472,6678,81358.39,2024-09-20
1115,5350,3571,48247.2,2024-09-08
1116,27532,4139,32591.86,2024-10-01
1117,68673,8965,18110.72,2024-09-29
1118,62873,9066,52465.09,2024-10-06
1119,74662,1551,25292.73,2024-09-20
1120,95659,2202,41971.51,2024-09-29
1121,15603,4115,90203.38,2024-09-22
1122,15023,7536,88807.93,2024-09-29
1123,18591,947,59065.7,2024-10-07
1124,28401,4097,69505.87,2024-09-16
1125,6569,948,41694.15,2024-09-13
1126,42136,1297,54963.64,2024-10-02
1127,17102,2738,8178.45,2024-09-22
1128,47380,7181,13087.64,2024-10-02
1129,68624,388,83012.87,2024-09-20
1130,25224,1043,22791.31,2024-09-27
1131,33561,8342,99280.91,2024-10-07
1132,81025,8079,85038.98,2024-10-07
1133,35165,8105,69665.06,2024-09-09
1134,58649,2615,32414.46,2024-09-10
1135,52272,1403,67361.18,2024-10-07
1136,80910,610,17960.5,2024-09-22
1137,85664,5591,17558.93,2024-09-09
1138,14815,7164,95209.53,2024-09-15
1139,5703,8404,38198.21,2024-09-15
1140,91275,9286,5012.91,2024-09-15
1141,48496,9904,35864.66,2024-09-15
1142,83442,6116,99109.67,2024-09-19
1143,88862,890,59199.21,2024-10-07
1144,94291,5131,96844.36,2024-10-03
1145,2657,8071,58578.12,2024-09-23
1146,48610,8160,24285.36,2024-09-29
1147,69449,9300,27744.54,2024-09-15
1148,2265,8041,5818.91,2024-10-01
1149,7132,6703,18101.8,2024-09-29
1150,1465,1937,61997.56,2024-09-29
1151,99553,3801,25687.14,2024-09-20
1152,56908,3465,29405.26,2024-09-25
1153,19235,745,52138.79,2024-09-26
1154,80822,6003,12978.7,2024-09-19
1155,60226,553,52366.59,2024-10-06
1156,58952,421,74071.86,2024-09-11
1157,11050,1011,28706.41,2024-09-22
1158,88875,4847,55951.47,2024-10-03
1159,77490,8613,48191.96,2024-09-19
1160,84510,688,40567.09,2024-10-01
1161,88463,1799,66873.15,2024-09-27
1162,44079,7621,85647.66,2024-10-08
1163,9827,709,32235.01,2024-10-01
1164,62247,8201,24798.74,2024-10-01
1165,23232,3423,35509.67,2024-10-01
1166,6776,7423,5529.02,2024-09-19
1167,27161,1862,32686.2,2024-09-15
1168,75845,5563,64787.81,2024-10-04
1169,93640,1418,12186.39,2024-09-21
1170,93555,5694,23820.37,2024-09-22
1171,54255,5061,84457.08,2024-10-08
1172,32468,2808,63107.65,2024-09-12
1173,81374,7584,41668.31,2024-09-25
1174,9542,7255,20670.52,2024-09-28
1175,32270,6385,74391.31,2024-10-05
1176,24692,8933,80267.36,2024-09-21
1177,60903,670,78131.04,2024-09-20
1178,69003,4519,62716.63,2024-09-22
1179,63843,5606,67829.61,2024-09-11
1180,62170,5658,64549.46,2024-10-10
1181,91808,9365,78353.16,2024-09-17
1182,72158,500,16891.3,2024-09-18
1183,800,3217,75044.48,2024-10-06
1184,90553,5970,86821.58,2024-09-25
1185,49264,9812,15309.66,2024-09-26
1186,89642,8117,59632.95,2024-09-16
1187,64448,3977,62040.93,2024-10-08
1188,68474,8565,48864.72,2024-09-24
1189,71542,2956,38145.11,2024-09-20
1190,39096,2660,85143.95,2024-09-23
1191,53184,2873,85497.36,2024-09-29
1192,15054,4813,38274.94,2024-10-08
1193,19942,797,70321.91,2024-09-11
1194,51590,1654,51533.14,2024-10-05
1195,66903,4012,24417.96,2024-09-12
1196,33142,9491,98189.73,2024-09-17
1197,1002,6927,80159.09,2024-09-30
1198,20211,9839,89442.4,2024-10-01
1199,62320,3189,59935.97,2024-10-04
1200,49313,7840,9014.19,2024-09-22
1201,29726,7032,42523.61,2024-09-15
1202,6769,7568,51020.18,2024-09-18
1203,59252,2135,64089.71,2024-09-25
1204,50943,5249,67383.61,2024-09-30
1205,46086,142,69277.7,2024-10-01
1206,79112,3106,6951.07,2024-09-26
1207,94349,4707,72266.23,2024-09-21
1208,83734,357,52560.58,2024-09-15
1209,11409,3981,40304.15,2024-09-30
1210,46326,7483,89610.58,2024-09-20
1211,72268,3109,89128.21,2024-09-25
1212,67502,8416,63025.94,2024-09-20
1213,92020,985,35527.55,2024-10-04
1214,19029,2600,71683.33,2024-09-27
1215,1033,3210,17184.99,2024-10-02
1216,23904,2157,72313.15,2024-09-21
1217,89206,6807,80448.51,2024-09-17
1218,81714,1780,38509.36,2024-09-16
1219,82024,5651,11675.51,2024-09-25
1220,71906,7425,18466.12,2024-10-03
1221,33953,3303,67896.09,2024-09-18
1222,84382,6931,19042.37,2024-10-09
1223,50579,7732,10091.46,2024-10-07
1224,16987,9333,81279.2,2024-09-30
1225,17301,862,97484.23,2024-10-12
1226,1971,5527,67489.65,2024-09-22
1227,40317,1669,6719.79,2024-09-23
1228,55415,1273,51539.07,2024-09-28
1229,27452,8496,56524.76,2024-09-30
1230,1184,2648,66400.64,2024-10-03
1231,55013,757,34585.92,2024-10-07
1232,99949,9801,64528.49,2024-09-17
1233,22777,1325,99253.06,2024-10-08
1234,98627,5917,41168.92,2024-10-10
1235,26456,57,85889.23,2024-09-20
1236,70949,4537,78695.11,2024-10-11
1237,9221,2950,36438.04,2024-09-28
1238,22684,9757,58124.89,2024-10-10
1239,25503,3832,7855.86,2024-09-16
1240,22708,6841,76652.07,2024-09-19
1241,22948,4188,59677.3,2024-09-26
1242,94444,4121,34311.03,2024-09-24
1243,454,4429,26961.9,2024-10-08
1244,47600,6149,57310.88,2024-10-11
1245,3951,5777,21685.19,2024-09-23
1246,47008,3230,45891.6,2024-10-08
1247,11315,3064,43587.38,2024-10-05
1248,29338,1852,87411.73,2024-10-11
1249,83716,8722,94175.39,2024-09-30
1250,91382,5590,21309.76,2024-09-22
1251,28288,6160,60968.23,2024-10-12
1252,11702,6639,91579.58,2024-10-05
1253,16831,3727,40855.3,2024-09-18
1254,57878,8641,95834.54,2024-09-25
1255,86424,1692,63913.97,2024-09-17
1256,16994,9888,76833.26,2024-10-01
1257,37415,3433,32541.34,2024-09-30
1258,78299,313,71718.01,2024-09-20
1259,71088,9085,57891.65,2024-09-21
1260,64318,4581,94011.73,2024-10-10
1261,37980,1959,40819.66,2024-10-03
1262,38606,2295,19623.29,2024-10-01
1263,34488,5916,57180.23,2024-10-03
1264,6694,9103,90882.66,2024-09-18
1265,87232,8322,26041.29,2024-09-26
1266,60526,9905,74099.09,2024-10-09
1267,15401,3589,17169.2,2024-09-19
1268,8167,3689,23659.02,2024-10-07
1269,26623,9238,87095.16,2024-10-02
1270,90152,7014,67508.54,2024-09-29
1271,84933,6270,26931.57,2024-09-27
1272,54171,4613,88086.96,2024-09-24
1273,29613,3474,64232.25,2024-09-21
1274,22356,7963,31310.44,2024-10-06
1275,14836,6078,20092.92,2024-10-13
1276,22332,1451,94324.97,2024-09-17
1277,20689,5633,71840.88,2024-09-22
1278,49031,9442,5785.16,2024-10-01
1279,916,8554,66577.34,2024-10-06
1280,89728,8762,26974.45,2024-09-16
1281,84505,439,46462.76,2024-10-03
1282,25905,4456,72994.27,2024-09-20
1283,45805,9243,39755.49,2024-09-27
1284,7245,479,70856.71,2024-09-26
1285,57275,9597,17806.32,2024-10-10
1286,79161,7680,40672.07,2024-10-07
1287,8254,9628,6056.05,2024-10-09
1288,40158,2857,16505.36,2024-10-06
1289,2537,1838,65307.6,2024-10-03
1290,41536,1970,27025.09,2024-09-24
1291,88421,410,65066.39,2024-09-18
1292,29133,2741,33147.57,2024-09-23
1293,18354,1943,86924.12,2024-10-05
1294,37070,7805,82027.85,2024-09-18
1295,54079,5747,49609.36,2024-09-30
1296,59733,8506,99747.14,2024-10-05
1297,37010,176,44944.76,2024-10-06
1298,65618,6794,61483.68,2024-09-27
1299,77043,8687,20178.63,2024-09-23
1300,67256,3742,86036.72,2024-09-18
1301,17002,9519,74497.93,2024-09-29
1302,61459,4207,13855.19,2024-09-30
1303,14895,8268,5319.73,2024-09-20
1304,46709,6288,77625.91,2024-10-06
1305,51097,4938,19944.51,2024-10-04
1306,407,9451,21173.82,2024-10-08
1307,53921,2282,95875.01,2024-09-27
1308,11386,2129,89429.38,2024-09-22
1309,13849,1169,77155.91,2024-09-26
1310,81243,2256,16820.34,2024-09-21
1311,14062,601,82696.0,2024-09-18
1312,19719,7356,91910.83,2024-09-20
1313,58751,4393,47802.37,2024-09-17
1314,80100,2220,21706.88,2024-10-03
1315,86377,9579,74735.49,2024-09-24
1316,75199,2299,62868.38,2024-10-16
1317,92213,7801,33875.55,2024-09-23
1318,82837,7020,98027.28,2024-10-15
1319,43870,6833,14997.0,2024-10-07
1320,20454,6169,64931.13,2024-10-07
1321,9175,2244,12841.94,2024-10-10
1322,82738,1941,83010.05,2024-09-30
1323,33528,7808,46126.48,2024-09-27
1324,79002,8441,65229.94,2024-09-24
1325,70316,9357,32465.19,2024-09-20
1326,83404,6073,48711.05,2024-10-03
1327,81978,703,47096.74,2024-09-21
1328,2462,9689,46920.24,2024-10-07
1329,92918,8132,74081.45,2024-10-09
1330,22460,9685,38214.94,2024-09-19
1331,76282,8504,10595.44,2024-10-10
1332,71457,8980,75430.71,2024-10-17
1333,84970,7473,45052.32,2024-09-30
1334,1943,847,73774.88,2024-10-01
1335,34035,8686,14014.45,2024-10-04
1336,55085,7976,31767.82,2024-10-03
1337,69762,6607,82377.65,2024-10-07
1338,55097,4205,69401.37,2024-10-04
1339,69972,3337,80503.73,2024-09-29
1340,41079,5855,42550.81,2024-09-20
1341,25646,5219,82608.2,2024-10-17
1342,28936,7251,49690.89,2024-10-05
1343,26590,4516,61804.82,2024-10-05
1344,57609,8364,19230.24,2024-10-08
1345,36431,5356,8519.22,2024-09-25
1346,3283,1820,17531.08,2024-10-10
1347,71102,6793,96873.47,2024-09-25
1348,14670,4426,9252.86,2024-10-11
1349,64831,4505,63344.08,2024-10-04
1350,75496,6703,35941.49,2024-09-26
1351,32746,8341,85092.92,2024-10-17
1352,64353,6685,63772.61,2024-09-20
1353,37631,2952,17853.35,2024-10-10
1354,65470,3617,12235.22,2024-10-07
1355,17392,7237,76334.33,2024-10-06
1356,26827,9530,5726.17,2024-10-17
1357,80487,804,94126.45,2024-10-15
1358,33747,9659,55780.1,2024-10-10
1359,28133,9291,27205.33,2024-09-20
1360,11135,8586,86358.49,2024-09-22
1361,16680,734,44741.25,2024-09-22
1362,96662,8429,91951.16,2024-09-30
1363,98488,4144,48170.41,2024-09-23
1364,22186,9150,22718.57,2024-09-23
1365,10211,5410,25248.81,2024-10-03
1366,48146,1549,92294.32,2024-09-24
1367,38719,7597,45666.78,2024-10-06
1368,96394,4816,61283.92,2024-10-01
1369,7604,9674,7958.48,2024-10-06
1370,2088,407,13896.4,2024-09-20
1371,32265,2527,43010.04,2024-09-19
1372,25603,633,61282.15,2024-09-30
1373,20045,9852,8898.75,2024-09-22
1374,63071,3825,75711.62,2024-10-06
1375,10226,5565,20310.43,2024-10-12
1376,41688,3736,70573.92,2024-10-09
1377,23257,8749,22930.51,2024-10-15
1378,70599,8556,96680.75,2024-09-23
1379,57659,5238,74298.87,2024-10-08
1380,3063,8437,30997.99,2024-09-24
1381,49299,2301,16034.34,2024-09-28
1382,91061,5773,95342.53,2024-10-05
1383,52468,5227,14894.56,2024-10-17
1384,62811,3266,46156.39,2024-10-12
1385,20294,2624,22474.0,2024-10-14
1386,36491,9602,69072.95,2024-10-17
1387,93450,8802,31149.91,2024-10-17
1388,98679,9921,44217.27,2024-10-17
1389,44276,3650,34487.85,2024-10-17
1390,27791,1027,52171.32,2024-10-09
1391,26818,9989,98987.31,2024-10-07
1392,85806,1543,42607.02,2024-10-08
1393,38209,3279,44774.67,2024-09-29
1394,76130,7359,19001.0,2024-10-12
1395,37580,1003,91807.51,2024-10-14
1396,80813,5693,14080.03,2024-09-21
1397,64571,5336,18947.5,2024-09-29
1398,15630,136,52943.43,2024-10-06
1399,63048,7692,98529.31,2024-09-27
1400,18534,212,30897.68,2024-10-09
1401,24406,2221,18285.47,2024-10-05
1402,23927,2266,24376.69,2024-10-16
1403,21627,5619,87954.89,2024-10-01
1404,21215,5876,91389.67,2024-09-25
1405,55225,6982,38495.18,2024-10-02
1406,1195,310,46939.34,2024-10-18
1407,4306,2760,27322.63,2024-10-04
1408,5852,1724,20010.89,2024-10-06
1409,97058,463,7440.99,2024-10-21
1410,37568,9422,19110.48,2024-10-03
1411,76632,7073,99192.2,2024-10-04
1412,41375,6386,51145.88,2024-10-04
1413,16929,6888,9206.91,2024-09-29
1414,34472,8185,30619.18,2024-10-14
1415,18561,8788,69228.81,2024-10-15
1416,74636,5114,70123.24,2024-10-14
1417,99112,9692,82211.58,2024-10-18
1418,69256,7090,18493.64,2024-10-09
1419,92592,3306,67404.98,2024-10-09
1420,69730,3779,56678.64,2024-10-06
1421,11441,9356,83766.52,2024-09-22
1422,68969,6606,61111.74,2024-10-09
1423,99187,4207,44017.66,2024-09-26
1424,53195,9969,12729.22,2024-10-18
1425,5803,9633,93273.48,2024-10-20
1426,17226,7974,42331.65,2024-10-06
1427,27603,9496,76304.87,2024-10-10
1428,38112,7835,57529.59,2024-10-19
1429,77892,5978,6137.24,2024-10-14
1430,91986,2703,47043.08,2024-10-15
1431,61270,460,39733.78,2024-09-24
1432,9415,4176,14330.15,2024-10-04
1433,88251,3307,46134.5,2024-10-12
1434,47655,4828,67987.66,2024-10-19
1435,18039,5070,81593.14,2024-10-09
1436,7467,8021,52269.32,2024-10-07
1437,42843,4568,25193.49,2024-10-20
1438,94612,3988,72153.6,2024-10-21
1439,46069,5840,41264.29,2024-10-01
1440,32487,724,66323.33,2024-10-21
1441,23840,5740,79098.73,2024-10-20
1442,12587,9755,11453.85,2024-10-17
1443,94767,9192,33146.63,2024-10-18
1444,99010,4203,55746.58,2024-09-23
1445,34397,7043,76705.95,2024-10-19
1446,66549,5799,44997.88,2024-10-21
1447,31940,6313,43591.58,2024-09-28
1448,40010,2003,10890.1,2024-10-02
1449,8253,693,73688.07,2024-10-07
1450,9846,293,22115.73,2024-10-03
1451,1201,2910,11524.99,2024-10-19
1452,71071,5495,41571.42,2024-10-07
1453,43614,504,89424.99,2024-10-23
1454,45056,3246,94509.81,2024-10-04
1455,20740,5262,69589.75,2024-10-10
1456,88920,7337,93741.69,2024-10-14
1457,51519,7051,23832.79,2024-10-14
1458,82097,7259,6648.97,2024-09-30
1459,58063,1479,66409.57,2024-10-18
1460,25919,2757,99351.58,2024-10-18
1461,39642,616,36236.31,2024-10-04
1462,21535,3480,39239.14,2024-10-08
1463,23586,88,41408.07,2024-10-08
1464,92379,2893,30343.51,2024-10-11
1465,24057,4389,40693.76,2024-10-18
1466,7988,7960,15996.9,2024-10-12
1467,40920,7890,27883.28,2024-10-03
1468,13102,5355,52296.47,2024-10-04
1469,46233,6486,17845.47,2024-09-25
1470,30752,8094,49842.97,2024-10-22
1471,13198,3071,84211.82,2024-10-05
1472,18815,962,91021.8,2024-09-29
1473,47957,36,42023.76,2024-09-30
1474,61435,9176,63981.23,2024-10-20
1475,81871,6743,98127.99,2024-10-07
1476,50850,9643,28110.01,2024-10-02
1477,43516,3166,19968.88,2024-10-23
1478,34295,8809,74639.25,2024-10-02
1479,64115,7726,78331.75,2024-09-27
1480,11794,2212,49075.01,2024-10-18
1481,8482,2612,72276.01,2024-10-22
1482,35440,9367,50918.38,2024-10-25
1483,91084,4277,46323.06,2024-10-10
1484,37419,9311,52540.52,2024-10-02
1485,10562,767,36284.45,2024-09-28
1486,31959,5488,54007.07,2024-10-07
1487,58965,9731,10294.64,2024-10-22
1488,64355,5172,64721.42,2024-10-16
1489,48820,1260,78826.18,2024-10-10
1490,33186,4673,33305.88,2024-10-14
1491,92294,1995,34443.92,2024-10-07
1492,65833,9359,77139.78,2024-10-18
1493,63714,7466,79169.34,2024-10-06
1494,99906,2091,96391.66,2024-10-17
1495,11004,1790,60698.89,2024-10-18
1496,6630,1406,29735.96,2024-10-17
1497,53861,4286,50143.93,2024-09-26
1498,69363,304,42961.26,2024-10-12
1499,84785,6954,7938.84,2024-09-28
1500,16617,4818,95663.34,2024-10-23
1501,36643,4568,60563.32,2024-10-03
1502,505,2338,73324.58,2024-10-08
1503,30003,221,31488.51,2024-10-17
1504,77137,1637,55885.8,2024-10-06
1505,24834,443,80421.44,2024-10-26
1506,17767,661,52619.6,2024-09-30
1507,56341,6547,44491.61,2024-10-09
1508,18197,7900,66113.06,2024-10-06
1509,32760,7643,26424.04,2024-10-06
1510,81028,4979,44778.5,2024-10-05
1511,38858,8666,14469.26,2024-10-17
1512,92156,4231,54381.22,2024-10-05
1513,58099,6892,36474.23,2024-09-30
1514,95249,8527,36997.48,2024-10-24
1515,56271,2005,13058.38,2024-10-21
1516,39318,7180,96980.74,2024-10-22
1517,73999,2885,26034.34,2024-10-19
1518,7538,8544,37792.57,2024-10-01
1519,87927,419,9096.71,2024-10-07
1520,18419,3945,19772.15,2024-10-16
1521,12888,2101,42920.61,2024-10-19
1522,11330,9534,97264.39,2024-10-24
1523,241,4272,42537.24,2024-10-04
1524,64039,6494,29159.38,2024-10-23
1525,30031,666,98903.6,2024-10-11
1526,98007,1133,56041.45,2024-10-14
1527,31229,5744,79262.48,2024-10-08
1528,33772,1380,52379.42,2024-09-29
1529,47686,3622,10754.16,2024-10-05
1530,23759,3482,5080.96,2024-10-13
1531,32458,2142,87176.97,2024-10-17
1532,59294,9189,60182.05,2024-10-18
1533,17624,3908,93075.97,2024-10-14
1534,90330,1019,33167.02,2024-10-20
1535,24087,2991,32183.83,2024-09-30
1536,75556,5660,74517.1,2024-10-22
1537,47678,2157,96575.51,2024-10-16
1538,61500,441,40468.27,2024-10-25
1539,5345,7282,63718.24,2024-10-09
1540,51411,2959,82354.8,2024-10-25
1541,86988,4064,30754.8,2024-10-04
1542,36895,470,37912.15,2024-10-18
1543,12623,7938,39189.26,2024-10-10
1544,99206,7872,41499.37,2024-10-28
1545,28670,6418,5389.15,2024-09-29
1546,21935,5021,81778.37,2024-10-04
1547,9608,2390,26589.76,2024-10-13
1548,31808,971,47916.06,2024-10-10
1549,92800,6058,48160.72,2024-10-11
1550,1130,5297,48572.79,2024-10-08
1551,18105,8713,70922.13,2024-10-05
1552,35179,6272,61793.4,2024-09-29
1553,33579,1269,76652.78,2024-09-30
1554,89181,6203,84478.28,2024-10-20
1555,76637,1912,88026.39,2024-10-14
1556,76922,8176,81074.01,2024-10-13
1557,16357,2731,32961.63,2024-10-08
1558,53977,8481,30477.47,2024-10-01
1559,69149,1176,93884.92,2024-10-10
1560,87910,9113,43478.64,2024-10-23
1561,85013,6,55808.56,2024-10-09
1562,3025,6513,48168.41,2024-10-22
1563,39139,430,81721.74,2024-10-28
1564,59580,2163,25747.09,2024-10-04
1565,9290,332,50619.72,2024-10-01
1566,59537,2882,39713.08,2024-10-12
1567,81672,5080,88277.89,2024-10-05
1568,39926,8202,71025.65,2024-10-01
1569,34102,2712,53692.83,2024-09-30
1570,69437,7813,37428.87,2024-10-20
1571,70279,9997,32842.47,2024-10-24
1572,19760,6849,46412.7,2024-10-30
1573,67837,4833,72976.71,2024-10-30
1574,48691,4161,25310.77,2024-10-22
1575,47106,9963,12536.53,2024-10-07
1576,11142,4435,36503.61,2024-10-19
1577,8150,6593,21062.73,2024-10-23
1578,67356,9723,69134.4,2024-10-19
1579,46320,2791,22853.28,2024-10-19
1580,45928,8478,67908.51,2024-10-19
1581,32351,6109,30466.5,2024-10-15
1582,38864,6255,34197.36,2024-10-24
1583,52646,8585,18034.39,2024-10-25
1584,3197,1449,76706.07,2024-10-11
1585,65437,6512,99201.05,2024-10-06
1586,84085,8476,42525.16,2024-10-10
1587,43055,9280,78977.65,2024-10-16
1588,32950,8185,90870.22,2024-10-15
1589,18376,7965,10387.76,2024-10-09
1590,87044,2195,70477.45,2024-10-27
1591,16923,7730,9253.01,2024-10-25
1592,33957,1402,33625.36,2024-10-03
1593,8188,651,52916.08,2024-10-05
1594,75489,5219,37845.81,2024-10-25
1595,76534,4463,22319.3,2024-10-07
1596,6444,7269,51610.68,2024-10-04
1597,68267,9577,13189.19,2024-10-22
1598,91122,2335,61555.91,2024-10-16
1599,13007,6959,89110.84,2024-10-02
1600,60616,8957,21330.63,2024-10-07
1601,61117,9486,58144.89,2024-10-09
1602,7102,3826,24657.54,2024-10-07
1603,66929,9522,75535.87,2024-10-09
1604,54421,7335,9746.3,2024-10-19
1605,8113,3777,90416.68,2024-10-02
1606,20630,4424,41001.42,2024-10-21
1607,70958,5618,16020.63,2024-10-12
1608,28358,6385,46081.27,2024-10-02
1609,25643,6782,68159.91,2024-10-21
1610,92051,6823,40774.07,2024-10-07
1611,31056,9646,56525.09,2024-10-17
1612,38806,1442,30761.29,2024-10-30
1613,30221,9164,96456.87,2024-10-13
1614,3008,8593,48721.7,2024-10-19
1615,72590,7109,37900.19,2024-10-02
1616,34675,8263,61725.95,2024-10-03
1617,94639,6079,16176.91,2024-10-10
1618,17522,9787,19384.81,2024-10-25
1619,20143,7143,99505.16,2024-10-04
1620,97718,470,16839.81,2024-10-11
1621,26589,1262,87693.33,2024-10-25
1622,77781,6930,5141.23,2024-10-13
1623,90927,3691,20392.68,2024-10-18
1624,23230,5839,37540.07,2024-11-01
1625,51003,5047,5707.25,2024-10-24
1626,9986,6382,20012.85,2024-10-25
1627,41444,4167,93915.71,2024-10-15
1628,80829,8295,73539.64,2024-10-14
1629,68766,3821,41466.98,2024-10-24
1630,73996,4961,86000.28,2024-10-05
1631,99491,6930,45694.22,2024-10-31
1632,49660,6584,65753.65,2024-10-20
1633,72350,1773,85331.69,2024-10-15
1634,68312,7914,10222.39,2024-10-22
1635,91081,6735,20567.27,2024-11-01
1636,80932,5355,35486.89,2024-10-15
1637,34004,2542,81845.26,2024-10-11
1638,44483,805,28765.04,2024-10-06
1639,20028,5722,21338.12,2024-10-17
1640,74412,3261,18874.85,2024-10-06
1641,23578,1881,71087.48,2024-10-08
1642,19716,4281,54498.44,2024-10-31
1643,18008,1503,87122.32,2024-10-30
1644,47142,6813,48577.56,2024-10-30
1645,22928,2024,58298.36,2024-10-16
1646,92991,3400,88126.01,2024-11-02
1647,34475,6464,94319.03,2024-10-31
1648,67989,6208,66578.16,2024-10-10
1649,42033,4129,17565.34,2024-10-06
1650,8218,8573,79828.66,2024-10-08
1651,35052,3769,39875.98,2024-10-24
1652,49013,5955,6864.06,2024-10-06
1653,10202,8609,79914.3,2024-10-22
1654,76982,2970,32224.1,2024-10-22
1655,64203,3887,75398.45,2024-10-09
1656,63341,9106,9668.4,2024-10-04
1657,22348,7532,79416.21,2024-10-26
1658,93045,1698,92070.16,2024-10-25
1659,26070,1747,97833.42,2024-10-07
1660,99057,9060,92160.85,2024-11-02
1661,46955,5581,84593.45,2024-10-12
1662,32587,1102,77251.5,2024-10-26
1663,64882,9946,68531.16,2024-10-12
1664,13315,8615,80971.5,2024-10-20
1665,89693,6469,10169.38,2024-10-25
1666,21748,9330,46761.1,2024-10-19
1667,856,5134,23254.94,2024-11-03
1668,82407,3978,65919.05,2024-10-09
1669,66350,5316,44503.35,2024-10-05
1670,38650,7236,37765.8,2024-10-18
1671,58167,1111,23619.72,2024-10-28
1672,8838,4985,31087.06,2024-10-27
1673,94916,3389,67889.38,2024-10-08
1674,10618,2988,8084.62,2024-10-21
1675,52747,4334,34424.03,2024-10-17
1676,94247,4569,43261.72,2024-10-09
1677,5501,1930,57163.25,2024-10-26
1678,10959,3133,97326.96,2024-10-26
1679,9847,5670,28886.49,2024-10-16
1680,88722,8414,26549.4,2024-10-20
1681,26032,5589,22454.83,2024-10-29
1682,99063,8229,69315.47,2024-10-19
1683,815,9222,48989.28,2024-10-07
1684,89503,474,78295.92,2024-11-03
1685,20822,250,68434.32,2024-10-18
1686,90050,2001,14796.91,2024-11-01
1687,79430,5288,30721.34,2024-10-12
1688,56176,4187,50088.9,2024-10-26
1689,86486,7852,73232.77,2024-10-12
1690,98416,6136,73394.89,2024-10-11
1691,50732,7006,24433.1,2024-10-08
1692,19757,2959,81618.22,2024-10-16
1693,90318,1276,56323.88,2024-10-22
1694,95770,4460,96143.33,2024-10-30
1695,8665,5416,39894.43,2024-10-19
1696,27269,7561,87516.57,2024-10-31
1697,54310,178,62244.75,2024-10-06
1698,40466,6519,97374.64,2024-10-13
1699,7145,3130,97198.15,2024-10-15
1700,44817,5492,85185.9,2024-10-24
1701,92986,6114,88598.86,2024-10-07
1702,17151,537,59569.77,2024-10-15
1703,74116,7270,79636.55,2024-10-31
1704,33619,2542,18057.24,2024-10-25
1705,7424,7773,51066.21,2024-10-07
1706,67657,6544,70141.67,2024-10-13
1707,49525,9349,84801.79,2024-10-25
1708,61287,6519,68648.23,2024-11-03
1709,41855,2381,30462.24,2024-10-24
1710,61574,8195,77253.81,2024-10-12
1711,59422,3206,23149.65,2024-10-21
1712,61684,4967,56817.68,2024-10-30
1713,87330,5323,92434.87,2024-10-11
1714,52915,9656,66532.84,2024-11-04
1715,23091,1471,94469.9,2024-10-07
1716,83496,6239,43287.93,2024-10-31
1717,12003,4100,44571.63,2024-10-16
1718,51532,4063,73159.64,2024-10-18
1719,83848,9995,93639.56,2024-10-24
1720,5433,8799,88739.07,2024-11-03
1721,97710,7467,86850.66,2024-10-31
1722,91390,5737,28510.15,2024-10-10
1723,68730,5679,46953.35,2024-10-07
1724,65503,9612,77499.62,2024-10-17
1725,32696,8921,54902.4,2024-10-29
1726,85831,5670,36947.21,2024-10-13
1727,59148,6829,45065.28,2024-10-07
1728,120,5816,94676.86,2024-10-31
1729,52364,8232,70874.42,2024-11-02
1730,92357,713,77389.74,2024-10-16
1731,35719,7696,39899.27,2024-11-05
1732,54063,2206,35867.75,2024-10-15
1733,57657,4787,34235.23,2024-10-14
1734,98215,8259,20156.44,2024-10-24
1735,14722,9432,28520.55,2024-11-03
1736,34597,366,21122.39,2024-10-11
1737,73186,2486,99971.71,2024-10-29
1738,9789,7271,16948.01,2024-10-30
1739,36852,1576,33954.18,2024-10-29
1740,24296,4132,29440.41,2024-10-27
1741,63388,5644,78360.42,2024-10-23
1742,60977,9671,46679.6,2024-10-23
1743,53389,6915,11461.69,2024-11-06
1744,37382,4580,5664.16,2024-10-24
1745,69664,1574,23699.55,2024-10-17
1746,77018,6639,70043.69,2024-10-28
1747,27230,9697,9917.11,2024-10-12
1748,55195,3877,74159.58,2024-11-07
1749,14185,3213,32214.2,2024-10-17
1750,74702,3128,90252.2,2024-10-16
1751,94904,9243,56315.28,2024-10-31
1752,64588,5342,76079.26,2024-10-09
1753,34015,1540,86508.01,2024-11-07
1754,44284,9046,11979.34,2024-11-01
1755,69336,3911,54954.77,2024-10-09
1756,95037,8644,58983.06,2024-10-25
1757,25163,7997,11590.58,2024-10-27
1758,70371,7316,63022.3,2024-11-02
1759,83839,5074,44307.27,2024-10-12
1760,99374,3881,29382.23,2024-10-13
1761,16153,2547,43668.98,2024-10-27
1762,18744,5300,49344.33,2024-10-15
1763,5881,5679,23722.06,2024-10-31
1764,95383,4986,63928.82,2024-11-04
1765,11997,9846,50566.08,2024-11-07
1766,37007,2831,71433.14,2024-11-03
1767,24440,8120,46592.0,2024-11-07
1768,10548,164,13001.05,2024-11-07
1769,9050,4024,52527.94,2024-10-22
1770,83677,4170,93221.41,2024-10-13
1771,74341,9897,96645.6,2024-10-10
1772,80483,9007,56866.97,2024-10-25
1773,428,5697,24462.15,2024-10-26
1774,64865,7110,11338.22,2024-11-04
1775,99521,6083,58207.67,2024-10-15
1776,17197,1828,61363.6,2024-10-21
1777,99529,8970,7261.9,2024-11-03
1778,45577,6041,40001.13,2024-10-16
1779,83459,9893,12910.49,2024-10-14
1780,69133,3639,99696.31,2024-11-08
1781,57854,1294,43470.81,2024-10-17
1782,7170,3295,29961.33,2024-10-30
1783,57124,3395,44935.05,2024-10-20
1784,27815,2710,36449.09,2024-10-12
1785,22832,2720,22113.24,2024-10-20
1786,53919,9847,35658.04,2024-11-06
1787,52013,1122,61625.77,2024-10-18
1788,45543,3532,32073.22,2024-10-13
1789,82147,8774,58920.61,2024-10-23
1790,92512,3492,23960.9,2024-10-22
1791,89453,7013,13752.15,2024-10-18
1792,46060,2257,42889.71,2024-10-31
1793,25580,838,91851.27,2024-10-14
1794,37887,163,68574.86,2024-10-13
1795,66324,8091,43827.6,2024-11-09
1796,95644,9669,7996.76,2024-10-17
1797,6926,3710,30936.32,2024-11-08
1798,37691,177,27460.91,2024-11-04
1799,83461,6009,63364.74,2024-11-04
1800,95842,5627,32589.97,2024-11-01
1801,7987,6884,27428.21,2024-10-11
1802,8674,9373,30595.79,2024-10-24
1803,20368,6793,14740.05,2024-11-05
1804,5990,5155,49227.8,2024-10-25
1805,37096,5439,88948.23,2024-10-11
1806,60875,3270,44792.02,2024-10-20
1807,97448,4996,14460.93,2024-10-11
1808,79970,7377,52119.86,2024-10-17
1809,3570,4488,24710.53,2024-10-24
1810,34373,3060,76967.57,2024-10-31
1811,22599,1207,11084.81,2024-11-01
1812,68857,7959,12163.84,2024-10-20
1813,84073,5991,97898.19,2024-11-01
1814,52698,9051,53776.74,2024-11-07
1815,43978,9723,61010.74,2024-10-25
1816,7131,9161,47750.74,2024-10-13
1817,58727,7686,15920.04,2024-11-09
1818,64504,4954,26298.99,2024-11-10
1819,74330,9128,56096.83,2024-10-21
1820,21635,409,65895.61,2024-10-30
1821,67652,2840,16157.86,2024-10-13
1822,11298,1405,27956.39,2024-10-22
1823,15998,6590,44693.99,2024-10-21
1824,95489,6603,25096.14,2024-10-24
1825,78249,9007,71774.08,2024-11-01
1826,66061,8678,59632.97,2024-10-25
1827,89950,2763,5263.82,2024-10-31
1828,24947,1638,81369.02,2024-10-31
1829,26300,2073,50423.31,2024-10-15
1830,28051,3657,19757.28,2024-10-18
1831,64839,2859,49558.57,2024-10-17
1832,67266,4053,61984.9,2024-10-19
1833,36988,4029,76345.35,2024-10-15
1834,63990,7623,33701.86,2024-10-31
1835,66306,253,44280.22,2024-11-02
1836,25788,6058,26466.71,2024-10-12
1837,68993,2417,40551.41,2024-11-03
1838,98815,6119,42559.87,2024-10-19
1839,37225,424,76872.49,2024-10-23
1840,77132,970,13343.27,2024-10-14
1841,98605,3244,44017.58,2024-10-15
1842,61667,6039,83857.44,2024-11-07
1843,29468,9762,82178.24,2024-11-07
1844,17300,5166,71223.6,2024-11-03
1845,15475,943,30999.51,2024-10-15
1846,64113,8447,91817.74,2024-10-27
1847,70388,5614,94853.88,2024-10-29
1848,93168,4890,52705.54,2024-11-09
1849,17255,1591,21663.78,2024-11-08
1850,81567,7154,37963.31,2024-11-01
1851,88450,415,96155.28,2024-11-08
1852,39870,2871,52780.6,2024-10-30
1853,19553,4478,52803.73,2024-11-11
1854,1688,7245,34097.84,2024-10-29
1855,49762,3771,62925.45,2024-10-16
1856,2704,9769,96520.27,2024-10-26
1857,81823,1055,37811.11,2024-10-18
1858,56727,7033,32132.33,2024-10-16
1859,94579,1660,75905.87,2024-10-22
1860,54076,7473,27696.56,2024-10-17
1861,64433,2614,55867.1,2024-10-27
1862,89953,3115,84047.17,2024-10-21
1863,20878,7945,33600.71,2024-10-19
1864,73255,6828,63806.4,2024-11-10
1865,1176,7764,72378.65,2024-11-04
1866,16764,4679,56847.39,2024-11-07
1867,43855,8714,34525.07,2024-10-25
1868,58361,839,92852.22,2024-10-19
1869,92248,2135,12623.33,2024-11-03
1870,81676,3350,7724.03,2024-10-19
1871,80945,4667,13687.12,2024-11-12
1872,66224,2078,21239.03,2024-11-08
1873,43127,9140,84603.76,2024-10-23
1874,96237,6673,22336.13,2024-10-25
1875,71376,1434,84203.95,2024-10-23
1876,13634,4257,25645.11,2024-11-08
1877,70951,3616,42002.2,2024-10-16
1878,90415,6615,26025.64,2024-11-02
1879,32276,6748,37653.93,2024-11-08
1880,6272,8717,84672.32,2024-10-30
1881,24023,7918,63325.47,2024-10-28
1882,59320,3908,43071.95,2024-10-29
1883,63630,7281,37221.38,2024-11-03
1884,3771,7016,18803.42,2024-11-06
1885,46534,3216,39666.47,2024-11-09
1886,58392,3455,29407.34,2024-11-12
1887,21752,7171,33266.34,2024-10-31
1888,39742,9287,75082.48,2024-11-13
1889,64259,5656,28400.08,2024-10-16
1890,4268,4685,20028.9,2024-10-18
1891,77965,5953,97160.02,2024-10-27
1892,55777,8967,87439.01,2024-11-12
1893,26056,4079,88921.68,2024-10-27
1894,34885,4003,57044.66,2024-10-31
1895,40037,5166,41210.41,2024-11-13
1896,17075,3993,93959.48,2024-10-22
1897,99573,9309,31292.95,2024-10-16
1898,31899,5732,41522.94,2024-11-11
1899,40967,9423,41500.85,2024-11-13
1900,381,7389,63693.07,2024-10-20
1901,50689,5998,71160.22,2024-10-17
1902,97871,3908,96898.49,2024-11-11
1903,20315,769,78251.59,2024-10-19
1904,3968,6203,69704.2,2024-10-16
1905,67682,5597,47695.23,2024-10-20
1906,66040,9534,32638.77,2024-11-04
1907,79335,1137,91180.03,2024-11-05
1908,19126,7329,35881.62,2024-10-16
1909,71349,6071,36793.15,2024-10-21
1910,37763,7072,11379.35,2024-10-29
1911,20154,997,74267.21,2024-10-25
1912,94450,3773,60401.37,2024-10-26
1913,70766,3913,70690.43,2024-10-24
1914,94261,9168,15021.82,2024-11-07
1915,91113,8514,90720.05,2024-11-02
1916,37867,9891,19101.67,2024-11-02
1917,52085,5612,86310.48,2024-11-07
1918,81049,5590,91634.14,2024-10-16
1919,36160,5948,94669.61,2024-11-06
1920,37401,1207,80502.83,2024-10-25
1921,81685,3167,88647.01,2024-10-27
1922,59896,1777,72576.44,2024-11-01
1923,8210,4760,72906.08,2024-10-22
1924,12050,267,83032.34,2024-10-29
1925,94059,2075,99321.35,2024-10-22
1926,56422,1065,71939.79,2024-10-17
1927,53506,5082,93206.82,2024-10-23
1928,85962,4967,35165.44,2024-11-13
1929,8447,9607,64638.7,2024-10-27
1930,42803,5615,5170.32,2024-11-01
1931,23166,8999,73031.06,2024-10-27
1932,26043,7874,97512.58,2024-11-11
1933,5425,375,32154.41,2024-10-19
1934,18554,764,52881.74,2024-10-17
1935,58202,7334,92110.18,2024-10-30
1936,77462,9458,16828.8,2024-11-03
1937,69366,9301,62750.53,2024-11-10
1938,58399,8467,61180.84,2024-11-13
1939,82205,8312,41518.6,2024-10-20
1940,78705,5747,88505.21,2024-10-31
1941,25207,5995,84085.01,2024-10-25
1942,39768,9325,46150.77,2024-10-18
1943,77160,5009,40905.19,2024-11-12
1944,24299,4664,74517.54,2024-10-18
1945,33229,9055,76375.16,2024-11-05
1946,25412,5675,6082.24,2024-11-09
1947,59538,6504,60770.42,2024-10-18
1948,38533,8720,82950.4,2024-11-01
1949,89046,57,66061.52,2024-10-24
1950,30237,9249,45917.12,2024-10-31
1951,10270,2683,44655.03,2024-11-01
1952,19172,9670,62018.19,2024-10-31
1953,22438,3982,28720.78,2024-10-21
1954,44965,4828,24512.96,2024-11-12
1955,74579,994,68198.14,2024-11-01
1956,22895,3627,34926.26,2024-11-09
1957,17960,8429,29564.77,2024-10-19
1958,7756,6415,13212.55,2024-11-13
1959,78161,1280,86107.05,2024-11-12
1960,44582,791,41408.86,2024-10-18
1961,36499,5414,32546.92,2024-11-09
1962,5530,8723,33110.14,2024-10-19
1963,2475,2072,64541.11,2024-10-25
1964,95289,2866,27674.88,2024-11-02
1965,50087,4037,94690.12,2024-11-11
1966,12316,9932,24834.46,2024-11-12
1967,7108,6072,53571.01,2024-11-01
1968,9758,1659,94960.84,2024-11-02
1969,99642,9976,85463.93,2024-10-18
1970,50711,2807,58628.93,2024-10-22
1971,43793,2436,53573.44,2024-11-09
1972,84450,4664,95395.23,2024-11-13
1973,46261,5101,49243.05,2024-10-21
1974,70849,5704,74614.02,2024-10-21
1975,95859,6556,61040.27,2024-11-12
1976,84340,8415,51971.12,2024-10-21
1977,83472,8616,55985.5,2024-10-26
1978,39907,6483,47609.69,2024-10-23
1979,97071,3709,65565.89,2024-11-02
1980,18062,8434,16963.26,2024-11-01
1981,94781,1744,27890.95,2024-10-21
1982,22759,9549,44872.02,2024-10-20
1983,61258,4284,94999.67,2024-11-12
1984,56923,3571,45072.15,2024-11-03
1985,27124,4204,65649.44,2024-11-01
1986,22406,8058,13424.96,2024-10-25
1987,21838,2176,71771.08,2024-10-29
1988,49632,6738,87218.21,2024-11-02
1989,14630,1507,18448.65,2024-10-19
1990,90472,3554,28049.85,2024-11-09
1991,71033,3415,66338.99,2024-11-11
1992,9044,3867,78610.78,2024-11-02
1993,49835,8552,28897.14,2024-10-27
1994,97736,5524,26236.15,2024-10-29
1995,72908,894,66821.0,2024-10-31
1996,98515,6064,17069.93,2024-10-23
1997,22375,3003,97935.6,2024-10-21
1998,24683,373,62327.19,2024-11-10
1999,96879,5869,27938.58,2024-10-31
2000,94571,2028,48486.73,2024-10-29
2001,55238,599,50552.06,2024-11-05
2002,30775,6378,83980.69,2024-11-06
2003,31467,4308,9442.79,2024-11-10
2004,58617,2763,38307.33,2024-11-01
2005,98310,4320,77058.36,2024-10-29
2006,99404,1867,90344.05,2024-10-30
2007,70148,5044,15824.4,2024-11-04
2008,70235,1851,80052.68,2024-11-14
2009,13695,5014,55617.84,2024-11-11
2010,46149,4445,75710.89,2024-10-26
2011,41407,3455,24604.75,2024-11-04
2012,72959,1787,64152.18,2024-11-08
2013,4674,1871,91061.68,2024-10-31
2014,38762,3663,27825.04,2024-10-29
2015,50813,2871,5979.82,2024-11-05
2016,94934,8645,85913.39,2024-11-14
2017,49706,2233,7733.56,2024-11-05
2018,98124,6565,13907.73,2024-11-10
2019,55021,8571,83367.31,2024-11-11
2020,14578,1391,82486.48,2024-10-25
2021,99350,3633,89822.13,2024-11-10
2022,4576,738,75211.93,2024-10-29
2023,71100,4887,78523.77,2024-10-22
2024,96420,5842,70627.68,2024-11-05
2025,28238,8866,6118.58,2024-11-05
2026,67856,596,87929.55,2024-10-21
2027,61310,4858,33678.36,2024-10-28
2028,19313,1914,10671.59,2024-10-22
2029,65256,5908,38381.84,2024-10-22
2030,17099,6011,45781.88,2024-11-09
2031,1516,1851,37247.92,2024-10-25
2032,63508,1677,48506.26,2024-11-16
2033,22070,4863,50302.1,2024-11-17
2034,12047,3215,46493.42,2024-10-25
2035,411,8863,14739.59,2024-11-06
2036,55436,4877,31208.98,2024-10-31
2037,425,5138,81898.05,2024-11-08
2038,72701,4182,69925.23,2024-11-20
2039,51873,7131,69288.19,2024-10-23
2040,74266,4009,71019.17,2024-11-01
2041,48257,8221,25585.19,2024-10-31
2042,87797,1559,48610.82,2024-11-01
2043,31153,9990,78307.8,2024-11-18
2044,66368,3032,66355.98,2024-10-23
2045,69800,792,48154.88,2024-11-15
2046,78141,3475,25138.22,2024-10-22
2047,64427,813,18066.03,2024-11-08
2048,81309,7188,85371.62,2024-11-10
2049,24187,8555,45528.56,2024-10-27
2050,68521,8706,9222.6,2024-11-18
2051,18201,9725,93140.52,2024-11-20
2052,72718,910,83756.23,2024-11-19
2053,72329,670,96267.08,2024-11-14
2054,99352,1585,16232.45,2024-10-23
2055,8419,6808,39203.89,2024-11-08
2056,1501,1829,33533.74,2024-11-17
2057,14668,3599,94820.51,2024-11-06
2058,17669,4032,70132.21,2024-10-23
2059,29572,6258,40678.86,2024-11-12
2060,17487,4584,26602.63,2024-10-28
2061,69,9464,47899.78,2024-11-04
2062,89929,6451,54713.2,2024-11-02
2063,86273,3874,35478.99,2024-11-08
2064,65807,7156,86691.31,2024-11-20
2065,44120,6120,11039.11,2024-11-01
2066,41337,9820,36952.82,2024-11-02
2067,45663,8326,13410.28,2024-10-28
2068,38406,1789,82269.06,2024-11-07
2069,41500,3485,54444.73,2024-11-13
2070,34970,5075,35395.4,2024-11-02
2071,86817,1176,30010.7,2024-11-19
2072,34391,4807,47554.88,2024-11-03
2073,91500,14,36707.16,2024-11-15
2074,18529,3814,53322.03,2024-10-27
2075,97692,5988,40759.24,2024-11-13
2076,81785,9476,89886.73,2024-11-12
2077,59563,4404,52267.45,2024-11-19
2078,92335,8001,57386.16,2024-11-14
2079,39252,2661,62179.56,2024-11-09
2080,78970,695,66026.6,2024-10-26
2081,62457,2468,79128.64,2024-10-30
2082,79997,7492,19276.05,2024-11-18
2083,45444,7710,54546.39,2024-11-18
2084,92978,4835,66712.9,2024-11-14
2085,91753,8543,36165.81,2024-11-17
2086,67566,5507,64596.41,2024-11-01
2087,5264,3284,10945.19,2024-10-24
2088,77857,4369,18374.67,2024-10-27
2089,65199,1368,84357.06,2024-11-04
2090,10041,4630,82168.22,2024-11-11
2091,25204,8657,49095.24,2024-11-16
2092,84323,2214,49319.18,2024-10-28
2093,47109,2010,12941.57,2024-11-17
2094,34301,5321,12380.11,2024-10-27
2095,20901,6,82142.06,2024-11-21
2096,81868,9761,49650.53,2024-10-25
2097,60217,9898,51848.57,2024-11-14
2098,28653,6396,99955.93,2024-11-10
2099,31540,4993,55457.83,2024-11-23
2100,78511,6450,69782.31,2024-11-16
2101,59019,9507,93349.97,2024-11-04
2102,98243,4502,46631.51,2024-11-10
2103,85565,4619,61066.76,2024-10-30
2104,39681,484,15987.61,2024-10-28
2105,47548,6828,60616.16,2024-11-03
2106,81563,6405,95057.94,2024-11-03
2107,78750,3492,55512.01,2024-11-09
2108,61744,463,84644.2,2024-11-18
2109,24533,7083,22793.65,2024-10-30
2110,96872,9144,91522.41,2024-11-05
2111,16171,588,52423.16,2024-11-08
2112,54051,6884,8305.8,2024-11-14
2113,67500,8286,89145.61,2024-11-10
2114,70961,3508,68532.6,2024-11-20
2115,47114,7635,48250.88,2024-10-27
2116,50878,9776,23575.75,2024-11-21
2117,6976,5712,77935.96,2024-11-22
2118,36184,3073,36895.95,2024-11-07
2119,87964,7899,57452.88,2024-11-24
2120,95972,7224,64446.85,2024-11-19
2121,79136,7434,75743.51,2024-11-22
2122,25767,4148,34374.42,2024-11-01
2123,12074,3740,17249.81,2024-11-02
2124,31432,7141,66008.84,2024-11-10
2125,26686,6614,59003.54,2024-11-17
2126,81980,3356,29204.92,2024-11-24
2127,79043,8993,73273.44,2024-10-31
2128,93572,6423,26985.66,2024-11-01
2129,14743,591,86146.83,2024-11-08
2130,49751,1432,78638.05,2024-11-20
2131,29003,5559,26538.26,2024-10-31
2132,89004,8935,45133.81,2024-11-10
2133,97446,9557,44335.99,2024-11-23
2134,44258,8419,83989.96,2024-11-10
2135,66679,6754,38016.91,2024-11-13
2136,79321,7309,43573.31,2024-10-28
2137,18870,6250,65165.38,2024-10-27
2138,5299,106,55008.33,2024-11-03
2139,26012,2070,97500.32,2024-11-24
2140,6237,1171,37337.13,2024-11-23
2141,66422,7623,17431.02,2024-11-13
2142,9872,2030,83322.77,2024-11-12
2143,53028,9545,29239.41,2024-11-15
2144,31089,4521,56271.78,2024-10-29
2145,47252,773,55770.55,2024-10-28
2146,30431,2466,81951.36,2024-11-15
2147,97998,80,56865.61,2024-10-29
2148,63932,8000,70347.31,2024-11-14
2149,34526,1321,17317.21,2024-10-30
2150,97754,369,23578.35,2024-10-31
2151,50292,902,22267.18,2024-11-10
2152,43673,4936,75756.58,2024-11-23
2153,32606,6880,91074.02,2024-11-22
2154,36641,9470,34914.96,2024-11-01
2155,42078,2236,60324.35,2024-11-19
2156,41841,1683,15897.86,2024-11-03
2157,35730,4048,29033.51,2024-11-12
2158,46636,1692,66342.83,2024-10-30
2159,67798,2018,95735.49,2024-11-21
2160,13171,2219,66524.77,2024-11-15
2161,66002,1439,31114.41,2024-11-18
2162,339,9954,19085.16,2024-11-19
2163,80599,6797,14863.58,2024-11-21
2164,97805,809,72350.98,2024-11-13
2165,6421,4848,62157.62,2024-11-18
2166,21700,615,21105.32,2024-11-27
2167,16173,8054,62569.64,2024-11-25
2168,11378,8114,87666.84,2024-11-16
2169,85384,8499,86121.22,2024-11-11
2170,85193,3573,6459.34,2024-10-31
2171,25417,9877,29478.92,2024-11-21
2172,14828,8872,63797.63,2024-10-30
2173,472,2798,24900.92,2024-11-07
2174,93150,3430,83643.99,2024-11-19
2175,3482,7358,33572.13,2024-11-21
2176,21882,6244,22810.02,2024-11-21
2177,47174,9978,57610.88,2024-11-07
2178,20880,9207,40529.47,2024-11-25
2179,70479,3915,98074.83,2024-11-11
2180,24170,9981,28258.7,2024-11-10
2181,66558,9070,84812.93,2024-11-25
2182,37912,7610,12526.55,2024-11-09
2183,11427,1206,98256.37,2024-11-11
2184,95957,7619,16123.17,2024-11-13
2185,39596,5548,14466.4,2024-11-23
2186,58902,9044,58494.53,2024-11-16
2187,80324,3273,79804.43,2024-11-23
2188,55499,5186,7959.06,2024-11-06
2189,96572,3206,99297.44,2024-11-03
2190,23989,4763,99188.33,2024-11-06
2191,90976,3834,55463.64,2024-11-11
2192,41197,2591,73929.29,2024-11-06
2193,41570,8800,25399.84,2024-11-12
2194,19338,4936,55498.52,2024-11-02
2195,81490,4870,5362.04,2024-11-06
2196,35731,6946,6586.77,2024-11-23
2197,19020,3188,62721.13,2024-11-11
2198,28319,5607,19813.18,2024-11-28
2199,27453,8334,77510.37,2024-11-02
2200,62115,9908,6553.3,2024-11-05
2201,14089,1296,34501.9,2024-11-15
2202,41115,9715,55143.2,2024-11-08
2203,62951,5946,83171.02,2024-11-08
2204,16058,3430,17983.74,2024-11-21
2205,4067,3211,43510.56,2024-11-25
2206,56945,5295,87878.56,2024-11-17
2207,16590,9243,20326.32,2024-11-20
2208,90314,3718,8148.34,2024-11-24
2209,61358,8414,67964.28,2024-11-12
2210,41208,7358,43036.52,2024-11-09
2211,47673,3113,27653.27,2024-11-25
2212,78613,7371,45488.14,2024-11-17
2213,16975,2918,26098.17,2024-11-03
2214,61619,3879,23462.63,2024-11-30
2215,45912,5213,73639.48,2024-11-05
2216,98369,8872,74407.3,2024-11-27
2217,96733,1491,5209.42,2024-11-08
2218,98377,7653,31740.61,2024-11-14
2219,85474,4582,23854.07,2024-11-04
2220,6357,3170,74837.08,2024-11-30
2221,21924,8635,55991.45,2024-11-22
2222,88220,8178,48777.31,2024-11-14
2223,28667,6508,86676.21,2024-11-11
2224,45984,4224,53092.83,2024-11-24
2225,67094,7382,15316.03,2024-11-01
2226,96533,9252,56567.2,2024-11-21
2227,19217,5126,70684.89,2024-11-01
2228,8615,521,55024.02,2024-11-16
2229,34260,3571,18930.98,2024-11-23
2230,22227,1801,20914.57,2024-11-11
2231,64191,9675,73135.63,2024-11-27
2232,35154,5346,46484.46,2024-11-14
2233,97925,7257,61923.34,2024-11-10
2234,71870,7451,58401.98,2024-11-04
2235,16309,102,71534.78,2024-11-27
2236,27660,7518,39772.03,2024-11-11
2237,94130,8677,73563.27,2024-11-09
2238,47779,7798,59106.57,2024-11-05
2239,34890,4271,95694.65,2024-11-20
2240,63067,6821,73009.73,2024-12-01
2241,35223,9952,71926.67,2024-11-10
2242,42410,7972,79662.05,2024-11-12
2243,60681,8105,19066.6,2024-11-08
2244,88453,3845,21612.26,2024-11-07
2245,72567,6979,23720.63,2024-11-15
2246,94172,255,37769.05,2024-11-13
2247,23382,4240,43277.77,2024-11-11
2248,9687,9613,54078.18,2024-11-28
2249,82644,36,22484.81,2024-11-20
2250,1506,9646,67775.56,2024-11-03
2251,46600,2033,36295.37,2024-11-08
2252,32996,221,67058.31,2024-11-16
2253,27718,7461,42557.32,2024-11-20
2254,41122,2218,52410.37,2024-11-24
2255,33284,5150,36900.65,2024-12-01
2256,37315,6124,94101.99,2024-11-04
2257,8431,6619,50558.21,2024-11-16
2258,82410,5083,24272.57,2024-11-23
2259,41426,583,42130.98,2024-11-25
2260,96884,9738,87930.44,2024-11-25
2261,41977,2450,56363.68,2024-11-20
2262,6940,2851,28405.41,2024-11-15
2263,42036,495,9718.62,2024-11-06
2264,63111,2333,81435.47,2024-11-20
2265,74019,6586,12735.28,2024-11-09
2266,87668,1917,13521.9,2024-11-28
2267,11889,6607,26760.66,2024-11-17
2268,61353,1955,44116.7,2024-12-02
2269,39874,9723,44162.84,2024-12-01
2270,78675,886,30955.58,2024-11-23
2271,22362,148,47825.76,2024-11-21
2272,80907,3153,48558.95,2024-11-22
2273,93773,7232,46104.2,2024-11-23
2274,19948,969,97823.66,2024-11-25
2275,47755,8403,96709.42,2024-11-15
2276,79236,4875,22666.76,2024-11-05
2277,16412,8553,65122.15,2024-11-16
2278,91092,2433,31493.2,2024-11-09
2279,43901,7948,35835.66,2024-11-13
2280,25468,8732,33200.5,2024-11-28
2281,22109,5491,13673.99,2024-11-09
2282,79099,9424,24148.36,2024-11-07
2283,4307,8098,80642.02,2024-11-17
2284,37831,5104,78561.77,2024-11-13
2285,29349,8293,65364.74,2024-11-17
2286,8599,1336,56884.65,2024-11-11
2287,82630,206,68024.73,2024-11-04
2288,63479,1621,16298.21,2024-11-22
2289,92620,8290,56440.18,2024-12-02
2290,23361,2241,85202.7,2024-11-11
2291,76317,1012,40331.04,2024-11-05
2292,22018,9725,51073.43,2024-11-09
2293,96529,5664,57748.13,2024-12-01
2294,435,1419,91716.58,2024-11-18
2295,62187,933,56243.8,2024-11-29
2296,27425,4828,95479.81,2024-12-03
2297,62624,6972,61429.71,2024-11-19
2298,73988,2774,74430.1,2024-11-23
2299,16372,4234,39525.92,2024-11-06
2300,21125,4522,47326.01,2024-11-24
2301,78081,3645,28755.09,2024-11-11
2302,21260,8174,12092.8,2024-12-01
2303,23605,6572,86550.13,2024-11-30
2304,73642,4276,92800.07,2024-11-09
2305,8139,5611,60892.7,2024-11-19
2306,94327,5018,63717.21,2024-11-27
2307,42022,486,22524.87,2024-11-13
2308,15938,4263,54724.75,2024-11-14
2309,70575,1918,19014.45,2024-11-07
2310,40145,4858,32750.0,2024-11-25
2311,41871,8204,69929.59,2024-11-25
2312,36178,3438,10516.06,2024-11-19
2313,44151,6705,45715.4,2024-11-28
2314,7463,9393,70554.62,2024-11-20
2315,14569,4722,25073.21,2024-11-13
2316,86677,244,85471.93,2024-11-13
2317,26830,4750,28536.92,2024-11-25
2318,85418,5885,41568.56,2024-11-18
2319,61620,9499,68568.45,2024-12-02
2320,81778,5060,14197.28,2024-11-11
2321,68138,8446,70935.51,2024-11-11
2322,40939,1778,68850.69,2024-11-24
2323,65583,1404,10404.84,2024-11-18
2324,72279,279,21536.72,2024-12-05
2325,31026,309,25955.19,2024-12-04
2326,14903,54,77982.59,2024-11-07
2327,97507,6893,16959.51,2024-11-23
2328,70946,8702,66895.9,2024-11-09
2329,51721,815,30933.89,2024-11-22
2330,32874,1224,6458.48,2024-11-16
2331,52935,4832,17250.13,2024-11-24
2332,77270,3963,57177.83,2024-11-30
2333,65153,386,93024.74,2024-11-19
2334,11840,6209,29136.0,2024-11-28
2335,86048,6,8056.76,2024-11-17
2336,63757,6066,53167.13,2024-11-17
2337,29219,7840,18230.03,2024-11-27
2338,6303,2896,93021.08,2024-12-02
2339,11463,880,69429.4,2024-11-10
2340,56668,4382,66630.46,2024-11-22
2341,95474,2168,74837.0,2024-12-04
2342,28029,2543,91324.8,2024-11-15
2343,64241,8824,50861.19,2024-11-11
2344,96809,4140,5686.85,2024-11-14
2345,4524,4518,97822.57,2024-11-16
2346,93241,183,27526.61,2024-11-28
2347,50623,7603,8921.5,2024-11-18
2348,53901,9086,33229.18,2024-11-17
2349,99917,9610,26549.1,2024-11-27
2350,95567,6634,46700.58,2024-11-17
2351,19155,8348,88561.91,2024-12-05
2352,97502,980,23357.32,2024-11-25
2353,14205,5636,21087.26,2024-11-21
2354,17400,1047,71008.82,2024-11-22
2355,22523,9968,38206.93,2024-12-05
2356,9197,4933,77794.53,2024-12-04
2357,76070,7658,66741.38,2024-12-04
2358,28257,9183,27514.06,2024-11-10
2359,97885,4205,76560.4,2024-11-10
2360,88931,7739,71507.54,2024-11-21
2361,83529,5012,90876.99,2024-11-12
2362,28800,7426,42595.1,2024-11-16
2363,17686,198,66181.19,2024-11-10
2364,93663,1852,57027.05,2024-11-19
2365,87820,9034,19735.04,2024-11-16
2366,14443,390,37921.57,2024-12-07
2367,12989,4095,96467.56,2024-11-11
2368,91321,4727,15998.42,2024-11-29
2369,44361,8721,39183.82,2024-11-23
2370,63789,9518,88443.48,2024-11-09
2371,97092,7835,33835.95,2024-11-08
2372,75538,7868,80639.84,2024-11-22
2373,40627,1413,6261.87,2024-11-11
2374,43075,7486,5610.54,2024-11-09
2375,13796,9665,93228.81,2024-12-06
2376,72100,4376,83506.29,2024-11-15
2377,24882,8859,50634.38,2024-11-28
2378,98656,5583,48693.21,2024-12-02
2379,57221,1215,15828.47,2024-12-07
2380,65401,9701,13600.48,2024-11-15
2381,74411,4468,91285.44,2024-12-01
2382,29699,1814,97892.01,2024-11-28
2383,23937,378,23449.6,2024-11-13
2384,58233,3083,44523.44,2024-12-07
2385,58008,7602,88097.87,2024-12-03
2386,58171,4846,79238.02,2024-11-21
2387,27490,6550,7455.28,2024-11-14
2388,14790,5060,68381.84,2024-12-01
2389,24306,6512,27864.59,2024-11-24
2390,56276,7404,35563.08,2024-11-10
2391,93435,1358,56331.81,2024-11-16
2392,98898,4490,78568.6,2024-11-20
2393,13548,8133,59725.46,2024-12-06
2394,90369,7085,73481.74,2024-11-12
2395,38241,8419,28956.82,2024-12-03
2396,66037,8575,85828.43,2024-11-09
2397,46427,1849,71821.9,2024-12-07
2398,50249,2206,95572.51,2024-11-18
2399,45078,2565,75447.87,2024-11-23
2400,53437,3247,19216.3,2024-12-04
2401,43507,2685,32861.6,2024-11-25
2402,27348,5202,94000.7,2024-11-10
2403,40707,6201,17987.45,2024-11-30
2404,10688,1373,88962.92,2024-11-25
2405,34087,3720,17720.84,2024-11-22
2406,93248,3133,89717.54,2024-12-06
2407,13246,1349,18139.05,2024-11-14
2408,86997,4655,80939.42,2024-11-11
2409,10730,3138,94302.63,2024-11-26
2410,49468,4370,93233.62,2024-11-24
2411,82482,3711,31139.71,2024-11-26
2412,96321,5508,91945.91,2024-11-19
2413,23038,5281,47457.11,2024-12-05
2414,74615,9579,36608.55,2024-12-08
2415,44150,1984,29012.11,2024-11-27
2416,34516,6632,40794.95,2024-11-27
2417,95035,6257,52957.46,2024-12-05
2418,30718,8565,93199.23,2024-11-30
2419,56468,1902,81836.56,2024-12-01
2420,2369,9781,90952.99,2024-11-30
2421,20468,4318,52098.4,2024-11-24
2422,60897,5262,61168.98,2024-11-20
2423,75725,7587,18981.26,2024-11-29
2424,6147,6322,83329.27,2024-11-23
2425,63042,6530,62528.78,2024-11-13
2426,66594,8592,20795.94,2024-11-30
2427,39406,7645,56609.18,2024-12-10
2428,85328,2782,72557.75,2024-11-17
2429,31641,7582,5577.58,2024-12-10
2430,39277,5024,29702.94,2024-11-16
2431,338,533,37615.02,2024-11-21
2432,20801,7759,80738.62,2024-12-01
2433,65008,9027,68132.83,2024-11-15
2434,71980,4567,21772.14,2024-11-22
2435,1736,5475,33008.33,2024-12-07
2436,64020,4294,80422.52,2024-12-10
2437,77543,919,79069.04,2024-11-28
2438,72655,6395,46753.15,2024-11-13
2439,99992,4467,73913.83,2024-12-02
2440,65597,9561,44530.3,2024-11-21
2441,5713,4753,41424.78,2024-12-04
2442,84788,7356,52050.52,2024-11-19
2443,12948,8597,70133.34,2024-12-08
2444,95838,305,52980.89,2024-11-13
2445,40602,3304,64979.21,2024-12-04
2446,9614,4642,10207.15,2024-11-14
2447,61776,8440,9328.62,2024-11-24
2448,91050,6919,42656.97,2024-11-17
2449,88241,2416,96116.07,2024-11-28
2450,92316,7392,24455.33,2024-11-20
2451,92536,1499,88096.67,2024-12-10
2452,49928,917,7302.52,2024-12-07
2453,24041,3754,17447.33,2024-11-15
2454,59442,4226,95303.29,2024-11-16
2455,10175,178,58585.13,2024-12-05
2456,60115,5655,16441.93,2024-12-02
2457,12330,232,77992.09,2024-11-30
2458,80137,9054,59092.96,2024-11-21
2459,290,4266,87277.99,2024-12-05
2460,15607,6454,95811.19,2024-11-28
2461,49212,4444,77926.29,2024-11-13
2462,95847,6748,77800.46,2024-11-26
2463,8110,4650,95195.24,2024-12-09
2464,92209,5782,91220.6,2024-12-10
2465,42450,8016,95778.84,2024-11-12
2466,50672,3036,47087.71,2024-12-07
2467,85264,801,69832.42,2024-11-30
2468,4737,3100,36628.27,2024-11-23
2469,32697,5164,26418.08,2024-11-18
2470,97279,2806,41975.76,2024-12-01
2471,25386,4852,17255.14,2024-11-28
2472,88501,9700,70598.22,2024-11-28
2473,19407,764,82504.87,2024-12-08
2474,75162,9222,41694.25,2024-11-24
2475,38331,18,55146.47,2024-12-01
2476,38312,5394,86498.08,2024-11-14
2477,20695,9187,36483.01,2024-11-15
2478,54702,3683,85119.26,2024-12-02
2479,83778,4454,78630.45,2024-11-23
2480,29934,2667,82809.84,2024-11-18
2481,50451,9957,93776.76,2024-12-12
2482,88259,4408,24662.88,2024-12-01
2483,1327,3361,25479.79,2024-11-16
2484,81985,5339,24295.64,2024-11-19
2485,803,2476,18068.12,2024-12-12
2486,34479,369,51604.44,2024-12-08
2487,42380,2635,20957.95,2024-12-07
2488,8173,8649,60564.75,2024-11-14
2489,68637,9633,64247.94,2024-11-13
2490,51586,5331,83516.92,2024-12-03
2491,76568,8447,75099.21,2024-12-10
2492,54514,3854,19581.63,2024-11-19
2493,3853,2048,18958.12,2024-12-02
2494,63797,8237,63625.18,2024-11-17
2495,74611,458,35495.25,2024-11-30
2496,61227,9236,55398.15,2024-12-12
2497,74076,1312,18004.22,2024-12-01
2498,64740,3789,69747.01,2024-12-13
2499,31336,1749,43471.7,2024-12-07
2500,937,280,59914.6,2024-11-19
2501,71447,2597,75238.38,2024-11-24
2502,58927,3,87987.78,2024-12-08
2503,89718,8849,70107.5,2024-11-15
2504,30989,7226,96561.05,2024-11-26
2505,37537,1017,24419.68,2024-11-24
2506,48789,6167,5268.23,2024-12-12
2507,19287,2618,69484.51,2024-11-17
2508,23806,4534,95358.31,2024-12-02
2509,96482,5666,86172.69,2024-11-21
2510,72257,2273,24769.4,2024-11-29
2511,80047,6825,54965.65,2024-11-18
2512,26241,1325,62875.38,2024-11-27
2513,27286,4873,15817.11,2024-11-26
2514,81851,9907,11125.47,2024-11-28
2515,61662,329,45817.76,2024-12-12
2516,86301,926,56610.3,2024-12-10
2517,20785,3785,61220.73,2024-11-22
2518,76830,3437,76104.41,2024-11-23
2519,91722,7976,49191.38,2024-11-27
2520,71873,5525,78167.34,2024-11-30
2521,47015,5147,19841.69,2024-11-21
2522,15,2778,70071.6,2024-11-19
2523,59217,6852,10805.18,2024-11-18
2524,56939,9414,8996.37,2024-11-29
2525,77760,4497,72839.2,2024-12-03
2526,87067,7044,57268.37,2024-12-08
2527,85692,6020,72090.79,2024-11-29
2528,28142,3061,59752.39,2024-11-15
2529,86750,4807,55971.84,2024-11-26
2530,22569,862,34306.08,2024-11-16
2531,29434,4576,16364.37,2024-12-07
2532,367,3201,10475.84,2024-12-11
2533,13998,7826,93953.48,2024-11-19
2534,10325,9621,16357.64,2024-11-26
2535,5823,9854,10960.73,2024-12-09
2536,1159,9409,30495.22,2024-12-15
2537,82256,6661,5438.34,2024-11-26
2538,90990,2929,9047.8,2024-11-16
2539,36945,5330,6536.06,2024-11-25
2540,20162,3844,14832.43,2024-12-12
2541,25554,844,96904.64,2024-11-27
2542,67885,7835,43114.87,2024-12-11
2543,53373,5782,67815.7,2024-12-02
2544,62429,543,86867.24,2024-12-07
2545,31562,987,97558.06,2024-11-20
2546,35396,9393,29545.46,2024-12-12
2547,5288,4504,86615.43,2024-12-12
2548,48194,6680,80220.89,2024-11-16
2549,82960,1742,30265.28,2024-11-23
2550,99264,1079,30297.73,2024-11-27
2551,61147,8604,58602.9,2024-11-25
2552,58121,8842,89397.42,2024-12-12
2553,85210,5031,81476.24,2024-11-26
2554,92099,7181,68206.82,2024-11-18
2555,2161,8935,67594.12,2024-11-21
2556,10910,1895,61617.35,2024-12-11
2557,50145,8797,81048.87,2024-11-28
2558,77945,6693,73277.33,2024-11-22
2559,70600,8875,10387.19,2024-11-18
2560,71725,573,82636.66,2024-12-16
2561,64779,7076,9206.38,2024-11-19
2562,94150,748,38461.13,2024-11-29
2563,50979,8177,37220.61,2024-11-27
2564,42691,9665,64679.6,2024-11-30
2565,5553,363,38679.46,2024-12-12
2566,73834,3361,53831.63,2024-12-04
2567,43887,954,15612.11,2024-11-26
2568,11736,5238,40190.12,2024-12-02
2569,49696,7891,49756.14,2024-11-20
2570,5991,3315,72656.9,2024-11-26
2571,47171,9904,92325.22,2024-12-02
2572,77722,8330,84835.51,2024-11-23
2573,10599,4159,79691.27,2024-12-05
2574,14172,6901,98634.96,2024-12-01
2575,55278,7399,16662.75,2024-12-08
2576,71103,397,56284.41,2024-12-15
2577,32912,1153,76048.76,2024-12-12
2578,6177,1767,22155.45,2024-12-13
2579,55050,6946,65566.09,2024-11-30
2580,54321,1700,11137.87,2024-12-17
2581,11497,4995,13333.21,2024-11-20
2582,11888,1446,65181.97,2024-12-14
2583,61393,2923,98388.76,2024-12-11
2584,20590,8075,53150.96,2024-12-08
2585,87613,6507,87303.13,2024-12-01
2586,10884,1790,5770.93,2024-11-27
2587,86938,2453,13082.26,2024-11-25
2588,36082,2587,74468.84,2024-12-04
2589,59662,3089,12977.88,2024-11-21
2590,43936,4138,37752.55,2024-12-10
2591,76822,7345,86680.96,2024-12-04
2592,64200,616,20174.59,2024-11-28
2593,46348,2846,60812.44,2024-12-15
2594,6934,7188,42527.47,2024-11-22
2595,81937,7716,74639.74,2024-11-30
2596,55520,1641,48769.63,2024-12-10
2597,35908,3347,62879.86,2024-11-25
2598,66510,5976,48154.07,2024-12-15
2599,48424,6547,56047.21,2024-11-23
2600,62637,7151,28073.14,2024-12-14
2601,83773,9742,85955.3,2024-11-28
2602,98975,6066,17878.54,2024-12-11
2603,55027,2528,82325.35,2024-11-28
2604,94489,9024,31891.04,2024-12-18
2605,84626,8719,66266.74,2024-11-23
2606,305,887,35783.59,2024-11-28
2607,15772,1644,10953.62,2024-12-06
2608,27225,6309,84360.17,2024-12-12
2609,73116,846,43456.69,2024-11-20
2610,59685,2032,42831.26,2024-12-16
2611,77796,9949,38975.94,2024-12-13
2612,34919,6753,86367.6,2024-12-14
2613,38916,6002,95809.56,2024-12-17
2614,1003,4253,58055.73,2024-12-11
2615,43367,4679,42084.56,2024-12-10
2616,35511,9172,11865.83,2024-11-25
2617,52581,9416,39071.36,2024-12-10
2618,5755,8391,57556.35,2024-11-22
2619,81748,4636,99135.36,2024-11-24
2620,8180,280,96253.94,2024-12-04
2621,27716,7591,58568.45,2024-11-21
2622,94919,687,28859.63,2024-11-30
2623,62278,4509,72369.66,2024-12-04
2624,17987,1969,80766.41,2024-12-15
2625,96054,7404,64304.96,2024-11-29
2626,45908,6717,75382.77,2024-11-29
2627,4910,3566,13786.59,2024-12-17
2628,37032,6740,13301.57,2024-11-26
2629,29685,7244,72493.79,2024-11-23
2630,52888,3715,83495.57,2024-12-02
2631,6269,6818,52826.13,2024-11-24
2632,88256,6173,74777.7,2024-12-19
2633,35658,3916,40770.45,2024-12-05
2634,44292,1082,5511.82,2024-11-23
2635,3303,3447,42863.04,2024-12-11
2636,51904,7950,88549.37,2024-12-07
2637,35949,9355,65889.99,2024-12-06
2638,65436,9883,20621.98,2024-12-04
2639,46783,6718,57798.87,2024-12-13
2640,29750,870,51248.79,2024-12-19
2641,81568,2556,19664.9,2024-12-09
2642,15036,8932,71779.38,2024-11-26
2643,51631,1154,23991.54,2024-12-17
2644,51192,7080,35008.19,2024-12-20
2645,32214,7085,77790.01,2024-11-26
2646,855,7205,77812.18,2024-11-30
2647,5886,6847,30163.53,2024-12-08
2648,97161,7634,7315.27,2024-12-20
2649,79562,8966,65421.92,2024-11-26
2650,96428,4364,56172.66,2024-12-12
2651,26171,5935,82478.17,2024-12-20
2652,78438,4335,53916.39,2024-12-12
2653,32010,8245,50012.84,2024-12-02
2654,22055,6431,96667.33,2024-12-21
2655,79770,7163,75299.81,2024-12-06
2656,21789,3747,95333.43,2024-12-02
2657,83999,7067,78281.45,2024-12-09
2658,69687,8661,32710.97,2024-12-12
2659,1648,7175,38503.85,2024-12-06
2660,37330,3146,96108.35,2024-12-17
2661,19507,9952,99891.36,2024-11-23
2662,8457,3970,51752.81,2024-12-20
2663,86942,7712,53327.43,2024-12-04
2664,8601,4357,9729.92,2024-12-03
2665,26435,6252,48744.56,2024-12-19
2666,94213,4109,37238.72,2024-12-09
2667,53035,4240,66648.05,2024-11-23
2668,4200,8598,92386.81,2024-12-11
2669,47549,8926,51116.81,2024-12-10
2670,82732,8840,34641.74,2024-12-03
2671,66161,6880,28437.89,2024-11-24
2672,14607,5201,42807.44,2024-11-29
2673,54252,1676,58763.62,2024-11-26
2674,44054,417,42558.12,2024-12-18
2675,80074,8374,83072.83,2024-12-02
2676,57910,8803,35902.07,2024-12-09
2677,46330,6988,90457.86,2024-11-27
2678,78974,6098,25248.04,2024-12-18
2679,40509,5310,22127.74,2024-11-30
2680,70514,4023,20181.8,2024-12-06
2681,63537,9992,67755.19,2024-12-23
2682,31286,2307,33895.63,2024-12-18
2683,49205,1929,17495.82,2024-11-27
2684,97189,8482,38087.55,2024-12-08
2685,55163,1328,39789.51,2024-12-09
2686,98909,1443,94304.53,2024-12-16
2687,10446,5763,89794.97,2024-12-15
2688,48392,4629,69732.53,2024-12-23
2689,30999,9524,25732.26,2024-12-10
2690,63576,585,87452.86,2024-12-14
2691,43115,557,56847.52,2024-12-21
2692,44206,7041,62020.91,2024-12-13
2693,42645,2217,86634.89,2024-12-08
2694,44735,6603,14033.63,2024-12-18
2695,82694,4186,33839.39,2024-12-16
2696,83712,7116,97289.42,2024-11-26
2697,46118,599,93980.34,2024-12-01
2698,92342,9810,77914.84,2024-11-26
2699,7520,7467,66571.67,2024-12-06
2700,88755,1392,56537.47,2024-11-30
2701,20000,8226,94839.66,2024-11-26
2702,99800,9577,60698.31,2024-11-28
2703,80789,2277,29782.09,2024-12-02
2704,36470,4289,35862.02,2024-11-29
2705,26847,9467,89751.91,2024-12-17
2706,27019,2468,39315.15,2024-12-04
2707,176,1913,40881.44,2024-12-07
2708,49661,5825,68400.77,2024-12-10
2709,33749,3341,28133.33,2024-12-15
2710,66951,2140,25515.77,2024-12-22
2711,23928,5045,67207.77,2024-12-12
2712,17120,1600,69811.66,2024-12-25
2713,78823,3742,75685.4,2024-12-06
2714,99160,2022,72239.12,2024-12-21
2715,64089,4595,31294.3,2024-12-13
2716,15426,1339,14886.28,2024-12-09
2717,54137,7824,29775.15,2024-12-18
2718,99113,2428,44606.42,2024-12-14
2719,79761,5234,94169.34,2024-12-24
2720,56392,3395,87498.88,2024-12-15
2721,83906,3293,93435.95,2024-12-26
2722,40684,585,90236.21,2024-12-23
2723,47179,322,39958.48,2024-11-30
2724,35338,8282,74515.29,2024-12-07
2725,92527,5386,32022.36,2024-12-06
2726,68057,5143,30750.23,2024-12-02
2727,56166,1544,69995.81,2024-12-13
2728,65053,2557,38443.16,2024-12-04
2729,93236,2220,52984.74,2024-12-11
2730,10115,9874,24465.11,2024-11-30
2731,5587,31,60611.28,2024-12-01
2732,76445,1630,40319.55,2024-12-13
2733,22535,1986,66863.14,2024-12-25
2734,30741,3222,30117.29,2024-12-10
2735,51712,278,74121.82,2024-12-21
2736,62986,4261,75109.45,2024-12-24
2737,27099,2530,65209.94,2024-12-24
2738,9757,8808,8765.25,2024-11-29
2739,60237,8561,91581.0,2024-12-18
2740,89948,664,72038.44,2024-12-26
2741,55798,767,91466.28,2024-12-24
2742,87926,240,48159.03,2024-12-25
2743,17454,4325,84258.68,2024-12-09
2744,74191,5630,47126.01,2024-12-09
2745,8907,4418,31831.67,2024-12-14
2746,27459,475,42140.32,2024-12-03
2747,57278,4870,22694.1,2024-12-14
2748,98108,7045,71178.78,2024-12-12
2749,24462,9853,35140.58,2024-12-25
2750,44610,9789,76651.94,2024-12-06
2751,51995,2704,81023.05,2024-12-18
2752,8051,6029,38564.39,2024-12-01
2753,37850,5686,66858.39,2024-12-07
2754,60813,2956,66000.24,2024-12-08
2755,49376,2844,48333.72,2024-12-21
2756,96460,489,33320.4,2024-12-27
2757,90001,9579,64955.02,2024-12-21
2758,66317,7152,54939.53,2024-12-11
2759,8204,8642,36044.31,2024-12-04
2760,9218,932,56652.88,2024-12-05
2761,27624,5796,43901.11,2024-12-22
2762,4461,8107,39294.41,2024-12-23
2763,13136,5314,20437.18,2024-12-24
2764,52807,9569,97090.14,2024-12-01
2765,21055,6663,42101.19,2024-12-16
2766,62431,8343,76031.59,2024-12-06
2767,93297,4428,45898.84,2024-12-12
2768,32972,7235,46905.58,2024-12-24
2769,39892,4856,91924.7,2024-12-02
2770,66843,802,61493.75,2024-11-29
2771,40613,8717,87794.24,2024-12-06
2772,3751,1832,60721.66,2024-12-03
2773,18540,9500,57777.0,2024-12-02
2774,45330,2313,74873.08,2024-12-09
2775,91233,4361,7992.52,2024-12-14
2776,69774,7894,96964.15,2024-12-20
2777,42621,3628,40025.93,2024-12-22
2778,87142,3927,17185.23,2024-12-10
2779,73713,8982,14673.21,2024-12-06
2780,86291,5820,21062.82,2024-12-27
2781,62374,1760,42206.65,2024-12-14
2782,39392,6956,77518.03,2024-12-12
2783,29178,2035,69589.97,2024-12-24
2784,22854,3433,88329.99,2024-12-17
2785,52880,5325,63568.43,2024-12-01
2786,10921,5759,59084.28,2024-12-10
2787,56111,866,82972.45,2024-12-17
2788,25465,1370,19699.35,2024-12-14
2789,24053,600,64667.64,2024-12-14
2790,70587,5205,62674.15,2024-12-23
2791,1275,6178,6085.44,2024-12-11
2792,68809,8571,71301.68,2024-12-24
2793,26242,540,50915.5,2024-12-23
2794,86999,1971,54080.72,2024-12-17
2795,92879,1379,50740.37,2024-12-22
2796,91649,9789,72184.85,2024-12-02
2797,90521,7730,33421.6,2024-12-14
2798,8340,4416,84882.61,2024-12-14
2799,96083,8212,68042.65,2024-12-10
2800,49494,5924,75904.66,2024-12-22
2801,37455,1809,32964.66,2024-12-05
2802,27632,7924,74690.65,2024-12-20
2803,79049,9332,23941.4,2024-12-04
2804,87292,7877,42949.03,2024-12-07
2805,82710,8349,96310.87,2024-12-07
2806,44540,7424,99679.12,2024-12-27
2807,25159,6452,19779.02,2024-12-26
2808,83844,5293,26324.71,2024-12-08
2809,81188,4904,72504.54,2024-12-18
2810,72612,3574,11933.95,2024-12-23
2811,6501,8092,13708.54,2024-12-14
2812,47840,7893,97456.36,2024-12-23
2813,93473,1753,85707.21,2024-12-26
2814,92388,9826,60696.13,2024-12-13
2815,57102,8125,6641.96,2024-12-29
2816,58381,1667,46713.44,2024-12-07
2817,14860,4399,92011.73,2024-12-15
2818,24080,1829,49276.37,2024-12-08
2819,25396,6772,71005.16,2024-12-04
2820,7990,1814,70075.84,2024-12-08
2821,89170,7214,40639.26,2024-12-08
2822,99280,9505,28265.52,2024-12-29
2823,14042,4340,50135.72,2024-12-14
2824,16879,1710,57467.01,2024-12-09
2825,52650,8727,63861.43,2024-12-10
2826,88276,8518,35187.49,2024-12-02
2827,49035,8953,95825.84,2024-12-13
2828,90748,9739,53667.91,2024-12-04
2829,767,3348,45579.22,2024-12-25
2830,49214,5289,83765.99,2024-12-20
2831,7720,6414,76240.12,2024-12-20
2832,58907,2066,82801.43,2024-12-26
2833,3926,111,48372.21,2024-12-30
2834,67488,5481,97145.74,2024-12-18
2835,77863,7719,50610.07,2024-12-14
2836,60201,9778,57305.36,2024-12-08
2837,13514,5669,99687.35,2024-12-05
2838,33942,8846,69705.54,2024-12-08
2839,26797,9922,89711.93,2024-12-24
2840,69292,9565,75029.68,2024-12-21
2841,13132,7923,35404.85,2024-12-31
2842,91011,9188,18764.16,2024-12-10
2843,6056,3089,31822.78,2024-12-28
2844,83816,1296,5710.78,2024-12-30
2845,47055,7919,25709.6,2024-12-30
2846,62022,1406,93811.73,2024-12-21
2847,17719,474,17165.06,2024-12-19
2848,34409,2413,99679.62,2024-12-14
2849,32098,8127,20646.42,2024-12-18
2850,28994,2967,96708.87,2024-12-08
2851,88032,5583,95651.17,2024-12-29
2852,30948,3097,15902.57,2024-12-25
2853,76683,3291,62726.58,2024-12-15
2854,35680,1652,23345.55,2024-12-17
2855,27808,4182,75550.52,2025-01-01
2856,60653,7950,25432.01,2024-12-29
2857,20478,8578,60572.68,2024-12-15
2858,60297,2257,38989.53,2025-01-02
2859,61937,5189,61432.84,2024-12-21
2860,95496,6398,69201.97,2024-12-24
2861,19770,2761,80091.34,2024-12-16
2862,89818,7081,18454.15,2024-12-24
2863,28213,164,25894.46,2024-12-16
2864,13035,3364,11912.07,2025-01-01
2865,80589,8216,62350.73,2024-12-27
2866,40680,9533,65246.22,2024-12-29
2867,69533,8895,55003.18,2024-12-30
2868,85827,8719,80040.12,2024-12-24
2869,82607,2141,24904.46,2024-12-26
2870,82605,11,99901.64,2024-12-31
2871,50665,9371,97959.44,2025-01-02
2872,97874,3914,27223.65,2024-12-16
2873,95936,8132,19969.4,2024-12-22
2874,54469,9986,84204.14,2025-01-01
2875,37068,2178,75811.4,2024-12-16
2876,2389,5840,17627.7,2024-12-20
2877,49739,3273,10031.22,2024-12-15
2878,72255,7217,25388.66,2024-12-14
2879,31448,3210,82248.3,2024-12-17
2880,89771,4345,73377.44,2024-12-20
2881,98586,8892,17361.08,2024-12-27
2882,57669,9633,24216.62,2024-12-12
2883,78648,2992,83136.62,2025-01-03
2884,46466,4940,80264.1,2024-12-07
2885,12438,4424,32220.62,2024-12-08
2886,8261,1623,62796.81,2024-12-08
2887,79227,1954,81463.27,2024-12-10
2888,37799,3224,73351.16,2024-12-27
2889,11335,4581,74363.77,2024-12-27
2890,98936,4357,10962.12,2025-01-02
2891,85489,1402,62740.02,2024-12-20
2892,97565,4074,99046.98,2024-12-31
2893,96036,638,31489.42,2024-12-29
2894,26203,6921,21960.39,2024-12-16
2895,38013,850,49536.27,2024-12-13
2896,38022,4265,94637.17,2024-12-29
2897,51920,2902,25166.9,2024-12-30
2898,80937,3309,81883.56,2024-12-13
2899,44281,852,6246.91,2024-12-29
2900,13909,8542,78570.05,2024-12-24
2901,90945,3563,75172.98,2024-12-29
2902,28105,7871,37435.02,2024-12-16
2903,65944,6521,56409.98,2024-12-30
2904,76971,4202,66421.02,2024-12-13
2905,5675,9096,11491.35,2024-12-19
2906,44428,2439,38327.6,2024-12-24
2907,20238,4287,46148.93,2024-12-11
2908,35520,9946,79235.52,2024-12-27
2909,90270,776,52018.89,2025-01-03
2910,45044,4596,75108.81,2024-12-29
2911,77364,5262,15609.06,2024-12-12
2912,89245,9910,98446.61,2025-01-01
2913,3054,7668,91025.9,2025-01-05
2914,9226,9895,68386.05,2024-12-10
2915,27256,975,93727.59,2024-12-31
2916,61956,7049,5423.78,2024-12-26
2917,25684,1849,79656.72,2025-01-03
2918,63568,6869,56805.52,2025-01-04
2919,68016,1651,37762.13,2024-12-10
2920,85745,185,32177.64,2024-12-07
2921,32149,5080,76330.31,2024-12-09
2922,47054,9147,90058.32,2024-12-20
2923,55466,7130,28834.81,2024-12-25
2924,52477,9161,21030.39,2024-12-12
2925,76129,2279,92009.45,2024-12-08
2926,74327,9410,13872.53,2024-12-17
2927,30943,4097,86380.38,2024-12-10
2928,76195,4876,98841.06,2024-12-10
2929,12932,4824,11431.92,2025-01-03
2930,16186,1070,36492.44,2024-12-25
2931,54603,244,77324.03,2024-12-29
2932,78318,8797,83205.94,2025-01-05
2933,53335,3585,66446.5,2024-12-11
2934,19114,1178,99924.81,2024-12-20
2935,69737,7804,65544.44,2024-12-08
2936,34998,3181,21939.12,2024-12-26
2937,30569,9836,26706.12,2025-01-01
2938,15269,9234,53778.06,2024-12-22
2939,61511,445,32906.0,2025-01-05
2940,33495,5907,37004.43,2024-12-23
2941,17195,9830,48097.18,2025-01-02
2942,37748,3885,32796.73,2024-12-09
2943,98457,7377,69836.81,2024-12-27
2944,98654,6991,29977.32,2025-01-06
2945,7785,2376,35550.17,2024-12-26
2946,40276,5149,48319.13,2025-01-03
2947,67115,8076,57611.73,2024-12-22
2948,39988,8199,32719.99,2024-12-18
2949,76512,7315,18905.79,2024-12-27
2950,54057,8109,9577.0,2024-12-29
2951,2021,838,95964.9,2024-12-20
2952,25589,4794,33561.73,2024-12-28
2953,48604,5698,28444.61,2024-12-26
2954,31563,5673,11893.15,2024-12-25
2955,53900,8168,98656.81,2024-12-29
2956,8440,4958,47395.46,2024-12-27
2957,31872,7060,24086.0,2024-12-31
2958,2234,7887,81828.67,2024-12-19
2959,64212,161,56401.21,2024-12-12
2960,24543,5575,25507.56,2024-12-10
2961,70993,6201,37083.34,2025-01-04
2962,68614,5491,12762.56,2024-12-26
2963,26358,3464,40288.95,2024-12-31
2964,45468,3006,80712.27,2025-01-02
2965,49414,4361,85447.94,2024-12-10
2966,91091,5897,51053.93,2024-12-31
2967,8575,7463,97273.06,2024-12-25
2968,64763,507,98285.28,2024-12-15
2969,12584,6272,46653.33,2025-01-04
2970,4565,1768,5415.36,2024-12-17
2971,14761,4057,89030.21,2024-12-12
2972,3293,5874,25502.26,2025-01-07
2973,21493,8132,80786.48,2024-12-16
2974,45379,6085,53179.51,2024-12-14
2975,78886,1501,89195.64,2024-12-14
2976,15151,1675,5061.31,2024-12-24
2977,1487,2382,98146.94,2024-12-13
2978,55172,7571,37956.57,2024-12-21
2979,33992,341,77003.16,2025-01-08
2980,16742,5946,16873.31,2024-12-29
2981,42867,8546,25296.3,2024-12-20
2982,5988,176,8831.49,2024-12-26
2983,70816,20,28866.74,2024-12-27
2984,9586,4106,45972.33,2025-01-02
2985,77343,305,65853.33,2024-12-22
2986,11489,5068,7082.93,2024-12-24
2987,51369,9183,89591.51,2025-01-01
2988,28439,8250,89185.38,2024-12-12
2989,72022,8858,18165.21,2024-12-30
2990,46909,2552,33247.11,2024-12-20
2991,7549,1968,89500.23,2024-12-26
2992,37572,1406,60140.07,2024-12-24
2993,77117,7036,88013.3,2025-01-03
2994,69270,6747,44625.26,2025-01-04
2995,20237,8995,25386.26,2024-12-31
2996,28476,8531,68983.4,2024-12-17
2997,51761,5021,23726.89,2024-12-19
2998,26575,4314,34253.11,2024-12-21
2999,30656,2010,58023.86,2024-12-26
3000,60825,6555,81278.45,2024-12-24
3001,89617,6323,48305.12,2025-01-05
3002,20137,941,10803.13,2025-01-09
3003,77819,7303,8532.43,2024-12-26
3004,15573,6224,94270.93,2025-01-01
3005,38865,6604,77956.47,2025-01-04
3006,61876,6859,95805.79,2025-01-07
3007,56825,2361,27913.82,2024-12-23
3008,41318,234,41374.45,2024-12-29
3009,43262,4575,28334.21,2025-01-03
3010,45651,7452,47120.51,2024-12-14
3011,17175,4738,77851.07,2024-12-12
3012,91937,1833,79518.65,2024-12-20
3013,47999,7276,71678.3,2025-01-08
3014,51107,302,63149.25,2024-12-23
3015,93288,5826,86567.2,2024-12-21
3016,68136,715,24830.14,2024-12-19
3017,8065,9583,28689.06,2025-01-01
3018,19443,8540,59649.66,2024-12-17
3019,71661,1622,70116.38,2024-12-12
3020,53581,1412,24734.04,2025-01-09
3021,56273,6737,55979.55,2025-01-02
3022,86004,1542,97061.94,2025-01-05
3023,29165,2420,15217.89,2024-12-30
3024,54141,6603,56924.77,2025-01-07
3025,19889,5619,23940.38,2024-12-17
3026,92979,2638,18277.85,2024-12-14
3027,53571,4242,97933.45,2024-12-16
3028,32529,8927,10452.57,2025-01-04
3029,34164,497,53859.03,2024-12-16
3030,83797,709,73912.77,2024-12-24
3031,27201,3785,96625.72,2024-12-24
3032,59614,176,32367.07,2025-01-01
3033,34788,7947,63664.64,2025-01-03
3034,69151,7148,84412.24,2024-12-26
3035,98138,8311,70291.47,2024-12-19
3036,89431,909,85020.83,2024-12-18
3037,78700,9705,92024.0,2024-12-19
3038,8652,7858,76926.44,2024-12-31
3039,67498,2401,85497.14,2025-01-01
3040,78976,8208,57230.82,2025-01-08
3041,11675,9676,15622.03,2024-12-28
3042,49990,1838,91286.09,2024-12-15
3043,23619,8680,84998.1,2024-12-30
3044,94,358,84584.88,2025-01-10
3045,20756,6572,41357.83,2025-01-10
3046,5275,8754,68731.37,2024-12-22
3047,39464,8694,10783.84,2024-12-27
3048,41572,8001,91245.58,2024-12-17
3049,1936,5749,11867.21,2024-12-16
3050,95316,9470,15580.19,2024-12-14
3051,92150,2674,47416.82,2025-01-07
3052,23681,2029,26013.01,2025-01-01
3053,5465,7043,14517.15,2024-12-20
3054,51783,9850,74183.79,2024-12-26
3055,17207,5193,97294.91,2024-12-17
3056,53587,7871,24602.16,2024-12-27
3057,4827,7124,66068.73,2024-12-21
3058,9002,9529,20402.38,2025-01-12
3059,75691,1684,16846.36,2024-12-15
3060,56952,7097,96090.5,2024-12-20
3061,44913,3004,80227.68,2024-12-30
3062,4045,5198,35375.26,2024-12-26
3063,63320,774,83491.51,2024-12-21
3064,64179,9614,65213.28,2024-12-29
3065,19047,3430,19426.78,2024-12-23
3066,43234,5709,72714.07,2025-01-08
3067,13479,1425,60867.37,2024-12-29
3068,63589,9770,43862.5,2025-01-06
3069,14730,7091,39335.04,2024-12-26
3070,68813,4562,97862.08,2025-01-09
3071,85352,5295,72249.61,2024-12-17
3072,42414,6897,29497.02,2025-01-08
3073,88322,9309,56085.43,2025-01-10
3074,25072,2112,72323.17,2025-01-03
3075,4793,9119,38676.37,2025-01-04
3076,78479,6731,32443.95,2025-01-06
3077,24975,5418,48696.26,2025-01-06
3078,8020,1164,19024.87,2025-01-05
3079,25070,7158,58111.74,2025-01-03
3080,35133,6447,58574.1,2024-12-17
3081,52476,6753,22603.98,2024-12-19
3082,43365,9043,74347.72,2024-12-26
3083,69658,1062,41674.48,2024-12-24
3084,30685,9834,5948.35,2025-01-03
3085,31997,3877,70864.93,2024-12-16
3086,57679,6237,71739.02,2024-12-29
3087,77458,1032,14333.99,2024-12-21
3088,28719,6948,5074.87,2025-01-04
3089,93205,2529,54415.46,2025-01-06
3090,90892,4950,22948.32,2025-01-08
3091,17052,3445,55138.97,2025-01-04
3092,32848,2941,57994.41,2025-01-13
3093,71358,7993,84851.28,2024-12-19
3094,45695,4192,45021.57,2024-12-31
3095,54518,4236,29113.56,2024-12-16
3096,88788,6336,89150.22,2024-12-21
3097,77809,9125,94642.85,2024-12-19
3098,96439,439,16161.31,2025-01-07
3099,37729,1573,75555.7,2025-01-02
3100,55956,8341,91456.04,2024-12-18
3101,56610,1808,6478.73,2024-12-21
3102,50259,4615,87679.31,2024-12-18
3103,52495,9204,76779.71,2024-12-25
3104,26034,2265,32421.99,2025-01-12
3105,30248,1122,30188.33,2024-12-24
3106,44260,6928,26634.38,2024-12-19
3107,93791,2552,29779.95,2024-12-29
3108,99605,2546,14137.92,2024-12-28
3109,65344,1939,11089.71,2025-01-11
3110,11692,9295,15991.03,2024-12-18
3111,3446,4172,20940.58,2024-12-27
3112,51750,8644,54550.21,2025-01-09
3113,83611,6524,29373.57,2024-12-19
3114,66091,9297,30831.65,2025-01-09
3115,58057,1563,89258.96,2025-01-14
3116,67980,5388,81744.34,2025-01-10
3117,22714,6239,8863.52,2024-12-23
3118,60171,5247,13155.34,2024-12-21
3119,6995,3165,28752.16,2025-01-11
3120,91963,9695,44660.25,2025-01-02
3121,28091,5382,92352.03,2024-12-21
3122,71391,158,15932.34,2024-12-31
3123,79459,633,59345.62,2024-12-22
3124,4260,2551,38693.61,2025-01-08
3125,29744,1579,58405.01,2024-12-26
3126,4583,9030,65967.9,2024-12-21
3127,2073,3411,49787.06,2025-01-06
3128,28292,6489,50767.08,2024-12-20
3129,23542,5777,17407.89,2024-12-19
3130,61345,1836,59236.98,2025-01-11
3131,8393,3690,23807.38,2024-12-27
3132,76111,6856,72545.68,2025-01-08
3133,20890,2313,11063.13,2024-12-21
3134,78739,6591,69056.18,2025-01-05
3135,2171,7217,62711.21,2024-12-25
3136,25308,9366,84923.01,2025-01-07
3137,72033,5315,98745.47,2025-01-12
3138,25375,6713,38289.08,2025-01-16
3139,8035,4965,55221.0,2025-01-16
3140,77943,5181,51189.18,2025-01-12
3141,70374,9856,33096.15,2024-12-26
3142,89348,1150,38159.2,2025-01-08
3143,49182,6561,88176.71,2025-01-16
3144,87462,8920,74614.78,2024-12-23
3145,47335,2682,56109.08,2024-12-29
3146,75494,8532,18973.89,2024-12-23
3147,53830,3831,8919.29,2025-01-09
3148,75843,1777,8717.84,2024-12-23
3149,71769,9300,96648.63,2025-01-01
3150,46992,6862,6802.18,2025-01-17
3151,83196,773,59711.14,2025-01-07
3152,40507,7685,13273.74,2025-01-07
3153,87857,5465,57964.99,2025-01-06
3154,48651,8839,74584.16,2024-12-25
3155,84206,6614,5647.82,2025-01-09
3156,33612,6888,61353.43,2024-12-31
3157,42438,9345,29144.77,2024-12-21
3158,73955,3356,84846.3,2025-01-06
3159,85192,7837,72751.23,2024-12-24
3160,25670,2624,26434.41,2025-01-08
3161,41126,5490,86319.23,2025-01-01
3162,13404,8560,53322.57,2025-01-07
3163,43798,2454,14378.32,2025-01-17
3164,61450,6222,19293.39,2024-12-25
3165,62620,6990,67384.83,2024-12-26
3166,84008,8268,50202.46,2025-01-14
3167,53098,659,73979.95,2025-01-04
3168,13830,4053,6767.66,2025-01-03
3169,33724,7879,66729.88,2025-01-03
3170,51907,2710,82206.8,2024-12-27
3171,53398,4084,72685.87,2025-01-09
3172,58556,6844,35062.59,2025-01-05
3173,33480,5476,6757.04,2024-12-23
3174,93084,3751,45118.73,2025-01-17
3175,99296,3142,45106.12,2024-12-21
3176,94066,1701,99156.23,2024-12-27
3177,20817,5024,19021.96,2025-01-09
3178,74340,367,92713.15,2025-01-11
3179,81218,8478,52350.98,2024-12-26
3180,23360,2687,21796.83,2024-12-29
3181,5802,4888,17610.48,2024-12-28
3182,97722,8579,50728.11,2025-01-15
3183,98458,9500,12041.91,2025-01-18
3184,29325,2437,61014.59,2024-12-25
3185,67745,3144,12880.04,2025-01-16
3186,30163,8470,87496.79,2025-01-02
3187,24945,8543,10972.04,2024-12-21
3188,52288,3668,87809.81,2025-01-10
3189,13519,5185,89469.25,2025-01-08
3190,25367,7069,29690.87,2025-01-17
3191,41073,8019,28339.0,2024-12-21
3192,6250,3702,24792.43,2025-01-06
3193,67399,8695,14342.88,2025-01-04
3194,28218,7745,75682.52,2024-12-26
3195,18521,4974,64190.04,2025-01-17
3196,3981,6909,20919.19,2025-01-09
3197,5650,3636,43869.52,2025-01-12
3198,28783,243,36770.59,2025-01-12
3199,78256,9689,24649.38,2025-01-02
3200,92175,2761,83327.34,2025-01-01
3201,88884,9094,84975.18,2024-12-27
3202,92154,5735,42659.57,2025-01-14
3203,40897,1473,21130.98,2024-12-31
3204,65119,8450,11717.56,2025-01-09
3205,53751,9894,58263.79,2025-01-03
3206,78513,2539,64140.25,2024-12-22
3207,68697,6885,53790.29,2025-01-09
3208,83723,1886,70670.33,2025-01-15
3209,62122,8685,16691.34,2024-12-31
3210,44287,4173,15836.42,2025-01-01
3211,21680,2178,25423.09,2024-12-27
3212,6550,8515,92624.48,2025-01-16
3213,4424,7133,14119.62,2025-01-05
3214,36062,2177,62490.91,2025-01-19
3215,84758,3360,25526.77,2024-12-28
3216,53341,7344,82085.01,2024-12-29
3217,80376,5720,52590.28,2025-01-03
3218,66042,7024,79706.81,2024-12-22
3219,93705,5018,88409.86,2024-12-22
3220,20186,7192,32397.44,2025-01-16
3221,68436,5717,59411.04,2025-01-19
3222,77724,4653,66158.58,2024-12-30
3223,45671,5872,94257.75,2025-01-03
3224,68773,9135,99234.32,2025-01-15
3225,16540,538,62550.1,2025-01-12
3226,18148,6978,80347.39,2025-01-19
3227,38473,5308,85051.68,2024-12-29
3228,80402,7585,86254.32,2025-01-12
3229,7812,1301,67487.28,2025-01-10
3230,38400,4898,99982.08,2024-12-23
3231,86145,5566,23727.28,2025-01-11
3232,71184,3578,97383.9,2024-12-31
3233,50764,5274,27834.75,2025-01-08
3234,69222,9306,99438.12,2025-01-02
3235,23419,3888,95478.79,2025-01-04
3236,81546,4583,36725.47,2025-01-04
3237,54396,2245,35150.87,2025-01-17
3238,25910,3648,50331.81,2025-01-21
3239,98242,6112,32393.76,2025-01-14
3240,5336,3941,47227.23,2024-12-25
3241,13248,958,41350.8,2025-01-21
3242,85732,6579,99751.83,2025-01-09
3243,56400,527,19698.78,2025-01-05
3244,10528,1516,23211.28,2024-12-26
3245,73301,2666,18094.41,2024-12-26
3246,80123,2407,58177.71,2024-12-26
3247,47416,6440,51603.46,2025-01-03
3248,94449,7944,67795.22,2025-01-05
3249,62798,4045,44002.87,2024-12-31
3250,10843,1494,48340.53,2025-01-19
3251,1790,6192,21741.14,2024-12-27
3252,80012,3702,52321.35,2025-01-18
3253,52623,1092,86229.61,2025-01-01
3254,89209,2595,46824.12,2024-12-28
3255,61638,5177,46328.71,2024-12-27
3256,60483,5494,59473.42,2025-01-03
3257,94045,2739,18720.88,2024-12-30
3258,20152,946,6427.69,2024-12-27
3259,89056,9068,36004.78,2025-01-16
3260,2723,6975,86439.16,2025-01-13
3261,19811,4699,58685.58,2025-01-14
3262,25099,5048,28403.41,2025-01-15
3263,61741,8661,42819.36,2024-12-29
3264,60921,6805,60514.66,2024-12-30
3265,83130,2406,26573.57,2025-01-21
3266,36720,3624,34513.33,2025-01-16
3267,30975,1748,82304.75,2025-01-11
3268,92654,1354,75182.53,2025-01-22
3269,9019,6209,91326.99,2024-12-25
3270,7049,8197,44557.16,2024-12-26
3271,24550,9959,15567.24,2025-01-23
3272,24197,5381,47050.84,2025-01-22
3273,21336,8496,31635.9,2024-12-30
3274,29118,6144,8416.05,2024-12-27
3275,93664,3668,42509.49,2025-01-10
3276,97234,2904,30088.8,2025-01-03
3277,41952,1516,96711.3,2025-01-01
3278,45399,4008,29033.23,2025-01-08
3279,37234,2063,92648.3,2025-01-22
3280,80334,5092,82579.75,2025-01-08
3281,20796,2906,33673.94,2024-12-31
3282,90006,7470,20504.55,2025-01-18
3283,9473,8870,68049.27,2025-01-12
3284,28830,3006,39883.32,2025-01-21
3285,16570,3908,5031.93,2025-01-15
3286,80364,7036,79791.92,2025-01-05
3287,81273,2142,78473.32,2025-01-02
3288,78103,7896,65564.47,2025-01-12
3289,12777,7641,63258.98,2025-01-02
3290,86560,2162,43222.66,2025-01-21
3291,48872,6736,23066.05,2025-01-02
3292,74460,4209,6524.24,2025-01-07
3293,40997,2538,24942.57,2025-01-09
3294,72923,2907,29517.7,2024-12-26
3295,8456,9960,70263.61,2025-01-21
3296,15436,2885,64990.85,2025-01-18
3297,28406,3631,44371.06,2025-01-13
3298,90383,8492,53786.4,2024-12-26
3299,52946,5150,75609.38,2025-01-24
3300,59922,3551,30357.14,2024-12-26
3301,44992,6356,19598.51,2025-01-11
3302,65321,4934,57084.52,2024-12-31
3303,12849,5877,83982.59,2025-01-05
3304,64196,1587,22093.85,2024-12-30
3305,45493,8203,76190.58,2025-01-05
3306,59544,4477,46164.46,2025-01-16
3307,19272,3032,69437.92,2025-01-25
3308,9836,1678,16772.74,2024-12-31
3309,72069,3101,27383.03,2025-01-11
3310,28328,5028,56656.89,2025-01-25
3311,18304,1324,90343.34,2025-01-22
3312,62966,6108,15412.66,2025-01-21
3313,96909,7430,63818.3,2025-01-09
3314,12276,6130,10742.92,2025-01-24
3315,99023,7534,70202.42,2025-01-08
3316,63914,8424,96684.66,2024-12-28
3317,41336,7984,52338.28,2024-12-29
3318,2168,8691,43800.07,2025-01-22
3319,56106,6887,77695.81,2025-01-22
3320,23868,3967,31370.23,2025-01-09
3321,38133,7511,69608.85,2025-01-24
3322,27189,4757,23833.48,2025-01-11
3323,56339,5616,33395.97,2025-01-02
3324,91982,2404,47055.9,2025-01-21
3325,63118,7198,77966.86,2025-01-10
3326,80175,9108,95597.67,2025-01-05
3327,24203,2801,78319.22,2024-12-29
3328,55485,4949,56605.34,2025-01-26
3329,79210,3932,88065.56,2025-01-25
3330,31114,9961,31110.13,2025-01-10
3331,82350,7758,60510.96,2025-01-12
3332,98556,6869,97229.41,2025-01-05
3333,98396,5637,7785.53,2024-12-31
3334,99086,8682,92366.21,2025-01-03
3335,57005,2010,96844.87,2025-01-03
3336,40935,535,71964.29,2025-01-07
3337,5226,558,38259.13,2025-01-15
3338,87417,9947,70385.08,2025-01-11
3339,85174,227,84194.68,2025-01-10
3340,57482,2709,28235.58,2025-01-04
3341,1349,7169,73177.7,2025-01-18
3342,11694,7074,55242.1,2025-01-11
3343,25873,2497,51462.56,2025-01-06
3344,18820,5583,29728.96,2025-01-23
3345,20415,9524,76977.77,2025-01-15
3346,39767,4993,12140.51,2025-01-16
3347,27682,3643,50614.24,2025-01-24
3348,16599,7986,8480.91,2024-12-29
3349,615,6572,53188.93,2025-01-08
3350,13813,4762,27445.54,2025-01-12
3351,3857,8222,23150.03,2025-01-12
3352,33584,8857,94662.09,2025-01-19
3353,44394,7886,29734.36,2025-01-08
3354,56698,7865,89723.73,2024-12-29
3355,44600,5015,21117.05,2025-01-08
3356,52063,4404,87821.32,2025-01-23
3357,11011,1621,18769.52,2025-01-17
3358,95238,685,20175.56,2025-01-09
3359,73105,173,97247.78,2024-12-31
3360,94508,8646,13808.4,2025-01-27
3361,83931,9593,91787.37,2025-01-23
3362,82769,579,51607.91,2025-01-06
3363,86251,2426,66057.25,2025-01-10
3364,22867,1786,6749.16,2024-12-31
3365,73334,6755,76407.91,2025-01-09
3366,34065,6600,40188.14,2025-01-24
3367,4120,3952,16885.76,2025-01-02
3368,15759,2526,96896.07,2025-01-02
3369,17268,3874,39946.88,2024-12-31
3370,15473,5277,8501.15,2025-01-27
3371,95440,2322,35884.72,2025-01-04
3372,85175,6565,75540.79,2025-01-08
3373,269,7120,50531.19,2025-01-21
3374,20638,8566,35161.44,2025-01-19
3375,63860,1484,21026.15,2025-01-27
3376,23011,914,74828.93,2025-01-04
3377,67139,4832,75653.08,2025-01-01
3378,98870,6950,48192.07,2025-01-07
3379,6218,61,73437.29,2025-01-05
3380,25988,2602,33008.57,2025-01-21
3381,89168,9537,9281.12,2025-01-19
3382,39339,9725,74215.91,2025-01-12
3383,85765,1159,75370.33,2025-01-05
3384,30933,4853,51386.67,2025-01-18
3385,40615,4397,76847.79,2025-01-01
3386,80613,2491,21693.07,2025-01-11
3387,71075,733,48482.03,2025-01-11
3388,98691,6848,65590.1,2025-01-12
3389,80418,1996,82070.49,2025-01-17
3390,93282,7014,58532.76,2024-12-31
3391,53741,6401,24982.77,2025-01-05
3392,64339,717,16347.83,2025-01-19
3393,42419,753,34324.01,2025-01-09
3394,5179,2000,55318.55,2025-01-12
3395,42550,1720,21837.67,2025-01-04
3396,59131,739,35427.67,2025-01-29
3397,87511,730,78771.66,2025-01-23
3398,19984,2923,70728.26,2025-01-18
3399,86857,7314,17281.95,2025-01-12
3400,53243,59,77332.25,2025-01-09
3401,85907,2713,82841.08,2025-01-22
3402,21449,9905,18842.97,2025-01-05
3403,5795,8635,40924.26,2025-01-08
3404,12107,8602,22474.88,2025-01-16
3405,10346,9889,71341.59,2025-01-01
3406,4700,6502,8032.38,2025-01-22
3407,51488,9036,13730.91,2025-01-25
3408,6961,7696,29388.75,2025-01-21
3409,53767,7243,91031.72,2025-01-12
3410,48767,5243,42154.38,2025-01-05
3411,67489,5297,44853.17,2025-01-03
3412,94065,9187,90602.44,2025-01-10
3413,83735,1450,65675.57,2025-01-19
3414,41700,1615,15222.43,2025-01-03
3415,60102,8631,44280.56,2025-01-01
3416,79744,3846,92373.81,2025-01-23
3417,38367,5847,55335.2,2025-01-09
3418,83956,4372,10722.16,2025-01-16
3419,24485,5892,77482.18,2025-01-16
3420,97044,3091,94762.65,2025-01-09
3421,76027,6411,79250.4,2025-01-26
3422,16838,8080,63033.25,2025-01-08
3423,62182,4587,6253.31,2025-01-09
3424,34315,2810,77055.19,2025-01-23
3425,5679,3096,47058.9,2025-01-12
3426,9330,9841,89825.62,2025-01-11
3427,27961,8825,96297.25,2025-01-30
3428,86344,2280,65775.64,2025-01-07
3429,1252,313,50638.37,2025-01-27
3430,5240,5069,71523.71,2025-01-14
3431,66899,6519,21786.84,2025-01-27
3432,98841,1043,89886.75,2025-01-02
3433,32378,4786,42459.15,2025-01-27
3434,77840,9957,26973.99,2025-01-24
3435,52160,4295,73239.13,2025-01-31
3436,28348,4899,80231.3,2025-01-24
3437,71062,2270,24325.2,2025-01-10
3438,99418,2285,51893.06,2025-01-05
3439,31310,8771,84568.73,2025-01-25
3440,67552,5399,17867.95,2025-01-31
3441,50345,1289,96627.05,2025-01-30
3442,47901,8680,99554.71,2025-01-16
3443,13544,5141,55703.73,2025-01-11
3444,15535,5522,97790.14,2025-01-29
3445,76276,6067,33256.91,2025-01-08
3446,82383,6064,95992.15,2025-01-25
3447,73881,6638,56066.83,2025-01-29
3448,43715,4668,80355.27,2025-01-24
3449,16651,1034,59873.22,2025-01-19
3450,5720,366,52757.76,2025-02-01
3451,77015,3738,64810.49,2025-01-29
3452,49939,2420,54132.13,2025-01-14
3453,15183,2828,53592.44,2025-01-09
3454,9138,1887,33785.67,2025-01-12
3455,98207,4803,5870.81,2025-01-07
3456,91532,7092,74312.94,2025-01-28
3457,25277,3935,24185.62,2025-01-26
3458,48689,3178,9986.37,2025-01-21
3459,85224,1865,88287.62,2025-01-06
3460,27923,9964,81660.36,2025-01-30
3461,13582,9059,71369.56,2025-01-06
3462,99413,81,23668.16,2025-01-30
3463,34194,9045,63900.13,2025-01-04
3464,19118,789,8121.67,2025-01-27
3465,97444,2590,76584.07,2025-01-23
3466,38403,6751,88104.08,2025-01-15
3467,75022,2924,26499.88,2025-01-22
3468,61338,6652,26247.97,2025-01-06
3469,32494,5447,6946.03,2025-01-15
3470,99178,7798,60323.57,2025-01-17
3471,19764,309,21392.48,2025-01-09
3472,56013,8286,76833.23,2025-02-02
3473,63405,1859,13349.8,2025-01-12
3474,12745,3566,55401.22,2025-01-20
3475,52652,2993,7869.12,2025-01-18
3476,46360,2075,24512.39,2025-01-31
3477,84159,3425,61161.25,2025-01-15
3478,14502,5831,97421.26,2025-01-17
3479,25568,5743,39190.35,2025-01-27
3480,41424,1721,20808.85,2025-01-13
3481,35904,5915,49502.56,2025-02-01
3482,80085,7784,7272.41,2025-01-20
3483,82257,7787,57303.62,2025-01-16
3484,36207,6211,43629.03,2025-01-09
3485,49876,1558,45209.96,2025-01-28
3486,29276,9164,35514.4,2025-01-26
3487,82251,9102,8110.88,2025-01-13
3488,40872,2092,55249.16,2025-01-31
3489,333,8432,30113.49,2025-01-09
3490,9590,6111,79850.3,2025-01-19
3491,54388,1365,35753.3,2025-01-10
3492,30926,3844,89684.97,2025-01-20
3493,60507,375,20217.93,2025-01-16
3494,41882,9467,79445.53,2025-01-05
3495,5443,4355,61088.45,2025-01-15
3496,59419,1363,98019.69,2025-01-31
3497,70360,1431,91310.45,2025-01-27
3498,69559,5440,79534.24,2025-01-15
3499,93449,7055,46696.9,2025-01-17
3500,49449,7718,23268.38,2025-01-16
3501,32338,5504,24988.71,2025-01-08
3502,62376,1627,88633.33,2025-02-02
3503,83165,2686,36378.52,2025-01-25
3504,32499,3320,46593.62,2025-01-24
3505,30555,4065,32240.55,2025-01-28
3506,47637,1745,44194.43,2025-01-12
3507,49591,9297,62868.44,2025-01-11
3508,66793,358,62717.67,2025-01-16
3509,10830,5180,92117.76,2025-01-11
3510,13462,3896,91811.31,2025-01-20
3511,88580,4989,21275.79,2025-01-20
3512,96545,6757,25122.63,2025-01-12
3513,6474,6576,14620.1,2025-01-14
3514,34814,4597,57467.02,2025-01-13
3515,62565,1209,79803.03,2025-01-12
3516,11223,3545,92365.45,2025-01-06
3517,26107,149,81291.35,2025-01-18
3518,73659,8365,49681.1,2025-01-16
3519,15335,516,13831.85,2025-01-17
3520,99454,3527,31207.06,2025-01-19
3521,26955,8771,65555.0,2025-01-15
3522,75706,6200,29839.16,2025-01-22
3523,79013,3633,95806.51,2025-01-28
3524,3109,6988,45686.07,2025-01-07
3525,49674,6595,78199.55,2025-01-08
3526,80120,9923,75542.48,2025-01-22
3527,29308,5764,43593.04,2025-01-10
3528,7112,8230,23742.67,2025-01-09
3529,47348,3677,55902.15,2025-01-06
3530,33302,4078,90107.63,2025-01-25
3531,5508,1423,57993.72,2025-01-31
3532,86777,2266,12715.64,2025-01-08
3533,39816,197,12202.73,2025-02-02
3534,39556,3497,10989.89,2025-01-24
3535,71964,6266,16976.27,2025-01-27
3536,15626,1540,27591.18,2025-02-02
3537,61199,5708,91260.02,2025-01-12
3538,38974,5374,50079.42,2025-01-30
3539,13693,9028,22536.61,2025-02-02
3540,49880,859,40521.03,2025-01-19
3541,10220,4564,24427.29,2025-01-20
3542,22509,118,78836.49,2025-01-07
3543,6145,9232,95681.44,2025-01-09
3544,46236,973,7888.74,2025-01-09
3545,32816,5343,59969.45,2025-01-20
3546,38902,6603,92837.75,2025-01-28
3547,39784,6380,54743.43,2025-01-19
3548,69852,8683,92782.39,2025-01-16
3549,68803,69,52874.38,2025-01-19
3550,96653,4614,22270.06,2025-01-14
3551,95627,7325,10900.31,2025-02-05
3552,20681,9055,15519.18,2025-01-25
3553,98313,207,74503.93,2025-01-18
3554,94143,7122,15958.2,2025-01-15
3555,73426,6327,56259.57,2025-01-10
3556,18178,5492,95158.09,2025-02-06
3557,17854,4106,90962.27,2025-01-21
3558,69888,8462,87189.63,2025-01-22
3559,39804,5394,34610.34,2025-01-25
3560,48937,2258,98204.24,2025-01-27
3561,62853,4682,5926.18,2025-01-31
3562,30105,4080,27535.3,2025-02-06
3563,66215,9318,58166.26,2025-01-26
3564,65410,7800,86197.46,2025-01-09
3565,49646,1514,70142.56,2025-01-22
3566,25511,5011,50382.86,2025-01-19
3567,2565,3495,80214.89,2025-01-12
3568,1419,8751,57644.95,2025-01-31
3569,98355,4699,68204.87,2025-01-21
3570,94388,5052,29378.51,2025-01-27
3571,29585,3852,26529.18,2025-01-30
3572,24799,1458,90869.09,2025-01-30
3573,58021,3789,8935.92,2025-01-22
3574,15414,799,72143.13,2025-01-29
3575,10699,5957,88051.61,2025-01-13
3576,55581,5730,47922.62,2025-01-30
3577,60025,7548,70863.79,2025-01-20
3578,42935,8721,43676.65,2025-01-23
3579,2611,4918,53847.49,2025-02-02
3580,27193,201,23873.58,2025-01-14
3581,94260,2124,61112.66,2025-02-01
3582,2086,9989,82133.48,2025-01-30
3583,26735,1258,30595.86,2025-02-03
3584,29824,4858,48978.25,2025-01-10
3585,73585,2734,52748.28,2025-01-16
3586,80733,1987,27524.55,2025-01-26
3587,22293,3111,74536.65,2025-02-06
3588,24096,4662,65195.77,2025-01-31
3589,29383,2329,11211.96,2025-01-10
3590,56713,1769,83516.03,2025-02-03
3591,87183,2934,73947.26,2025-01-29
3592,25335,3114,32292.1,2025-01-16
3593,60400,6566,59265.92,2025-02-04
3594,30873,304,57828.72,2025-01-16
3595,25689,8912,61624.84,2025-01-19
3596,79441,1508,72545.94,2025-01-17
3597,2642,2707,43771.89,2025-01-21
3598,11807,9289,93795.08,2025-01-24
3599,27767,5243,44814.99,2025-01-12
3600,41896,2720,76913.87,2025-02-01
3601,90765,9613,64981.55,2025-01-16
3602,35768,5532,23906.75,2025-01-15
3603,98819,2208,87515.72,2025-01-14
3604,86707,7534,79805.36,2025-01-10
3605,56266,902,14896.14,2025-01-26
3606,57495,5862,83077.75,2025-01-26
3607,1143,8729,24607.41,2025-02-07
3608,886,1244,45583.79,2025-01-26
3609,32999,8730,16830.07,2025-02-03
3610,93965,2924,76328.35,2025-01-24
3611,43647,4792,84204.85,2025-01-19
3612,90515,1213,92392.65,2025-01-16
3613,69959,4703,60546.64,2025-01-13
3614,19001,8197,11588.46,2025-01-22
3615,58583,8523,69346.65,2025-02-03
3616,94584,4710,13372.2,2025-01-29
3617,94414,8753,5180.86,2025-01-23
3618,68758,7971,34434.82,2025-01-27
3619,52287,2117,11993.15,2025-01-25
3620,44196,5758,90713.15,2025-02-07
3621,57359,980,60967.82,2025-01-20
3622,18984,9190,68855.12,2025-02-03
3623,98739,7169,43215.98,2025-01-18
3624,37176,5759,22909.44,2025-01-20
3625,58170,3129,86190.03,2025-01-18
3626,60676,1776,8917.73,2025-01-31
3627,44966,7971,88575.29,2025-01-26
3628,93014,4722,97707.7,2025-01-27
3629,65546,5031,72770.35,2025-02-06
3630,67096,3805,45094.39,2025-02-08
3631,53369,7826,77180.96,2025-01-11
3632,33194,8391,63397.34,2025-01-17
3633,1412,3849,35328.55,2025-02-03
3634,24149,2906,89827.23,2025-01-26
3635,78815,3151,93913.54,2025-01-14
3636,61003,7744,6095.9,2025-01-22
3637,24290,5054,74402.17,2025-01-17
3638,43731,2675,60421.48,2025-01-20
3639,24254,2517,18517.06,2025-01-12
3640,4717,5699,88728.12,2025-01-12
3641,31437,2248,27261.66,2025-01-17
3642,66360,2379,43345.99,2025-02-09
3643,15366,1820,86896.2,2025-01-26
3644,95793,3846,25843.42,2025-01-21
3645,42656,8782,97600.22,2025-02-05
3646,47753,836,31488.86,2025-01-16
3647,683,1779,60467.56,2025-01-28
3648,56540,4560,87761.28,2025-01-18
3649,32433,2515,71990.0,2025-01-21
3650,26747,2933,83084.41,2025-01-19
3651,82829,5107,75999.18,2025-02-01
3652,85472,8114,28498.8,2025-01-19
3653,76897,8118,69233.5,2025-01-16
3654,67619,9346,86340.97,2025-01-18
3655,78066,2769,26863.98,2025-02-10
3656,18269,6971,78141.04,2025-02-09
3657,59843,1403,90830.66,2025-01-25
3658,76065,9850,74874.33,2025-01-24
3659,39956,4830,63999.45,2025-01-31
3660,82965,8373,91349.35,2025-01-16
3661,22003,8903,70819.42,2025-01-14
3662,19596,1390,54012.14,2025-01-25
3663,5165,3740,71075.08,2025-02-03
3664,88508,5158,65176.47,2025-01-26
3665,14298,5018,25204.12,2025-02-05
3666,53191,5116,98335.43,2025-02-02
3667,47644,1691,93163.94,2025-02-06
3668,47737,9519,57801.38,2025-01-24
3669,41883,3611,87237.98,2025-01-19
3670,54827,3563,7236.13,2025-01-31
3671,82911,2036,46598.0,2025-01-13
3672,5279,1048,69125.61,2025-01-19
3673,8292,5500,51481.87,2025-01-23
3674,54718,5498,6605.01,2025-01-15
3675,85638,2558,38878.53,2025-02-03
3676,99334,7771,94137.12,2025-02-04
3677,51845,4661,62098.38,2025-02-08
3678,811,5690,95984.97,2025-01-18
3679,67229,2545,85459.37,2025-01-29
3680,30240,185,32737.55,2025-01-14
3681,15672,7578,37425.19,2025-02-05
3682,83290,3370,94407.02,2025-01-25
3683,46561,1585,24916.79,2025-01-21
3684,73241,3236,48160.67,2025-02-04
3685,48711,6665,59724.61,2025-01-31
3686,18690,5480,37308.24,2025-01-26
3687,3433,4003,8429.55,2025-01-21
3688,39443,6682,20581.26,2025-02-05
3689,22219,7552,14875.02,2025-01-16
3690,79324,1840,60278.07,2025-02-07
3691,22529,7533,58847.93,2025-02-11
3692,95589,4939,34448.6,2025-02-08
3693,62699,2697,33007.78,2025-01-24
3694,75700,4899,12982.11,2025-01-25
3695,61432,3833,82488.75,2025-01-27
3696,99318,1330,81102.17,2025-02-02
3697,22881,2754,50535.11,2025-02-08
3698,22564,7430,50663.96,2025-02-10
3699,92083,5948,6244.02,2025-02-12
3700,26993,9562,32429.3,2025-01-16
3701,24400,2170,98215.56,2025-01-30
3702,36955,4533,33813.63,2025-01-27
3703,2085,1193,51540.31,2025-01-25
3704,29215,5412,59536.69,2025-01-22
3705,78588,4393,23130.34,2025-02-11
3706,69347,5541,27981.35,2025-01-30
3707,55562,4716,78806.27,2025-01-30
3708,71244,5886,76058.6,2025-02-03
3709,67997,8887,26950.35,2025-02-11
3710,55938,7550,61819.2,2025-01-23
3711,14229,3536,30090.71,2025-01-15
3712,20885,7861,87492.08,2025-02-12
3713,41779,9226,7061.86,2025-01-26
3714,73462,7550,97204.75,2025-01-26
3715,34643,7444,8952.85,2025-01-24
3716,41231,9758,94428.27,2025-01-22
3717,50288,3459,5284.76,2025-01-25
3718,24920,5523,92967.43,2025-02-05
3719,2545,3742,5119.03,2025-01-21
3720,38386,5313,91075.69,2025-01-27
3721,40468,745,46918.19,2025-02-12
3722,42315,4014,31096.76,2025-01-16
3723,86875,3520,19903.1,2025-01-30
3724,19504,3794,29958.23,2025-01-25
3725,68013,317,49415.13,2025-01-16
3726,64926,2237,54605.59,2025-01-23
3727,42024,8302,59324.42,2025-01-19
3728,10245,5453,62523.21,2025-02-13
3729,35526,7318,63761.75,2025-02-06
3730,48160,8925,17734.46,2025-02-01
3731,7644,9591,78435.12,2025-01-22
3732,78590,8426,21657.42,2025-02-02
3733,81079,7670,50102.3,2025-02-03
3734,53475,2817,53646.88,2025-02-04
3735,49995,8686,56132.52,2025-01-18
3736,66742,2085,62140.23,2025-01-29
3737,90646,2616,41750.44,2025-01-29
3738,68694,2367,10700.71,2025-02-02
3739,88756,2573,46752.18,2025-01-31
3740,76349,9419,89086.95,2025-01-26
3741,85194,9216,55582.79,2025-02-10
3742,11449,2300,21216.05,2025-01-28
3743,59377,6827,18575.23,2025-01-26
3744,71425,5225,72834.7,2025-01-17
3745,75787,9654,74358.14,2025-02-12
3746,90341,9496,8916.68,2025-02-07
3747,99078,8221,74863.03,2025-02-01
3748,91177,5582,66962.07,2025-01-18
3749,97249,4919,32779.1,2025-01-22
3750,89467,6149,53109.85,2025-02-01
3751,96496,7172,70356.89,2025-02-12
3752,78931,1808,18854.11,2025-01-28
3753,42103,725,23850.93,2025-02-10
3754,94214,5069,31957.91,2025-02-10
3755,24323,9802,5876.28,2025-01-29
3756,70952,9175,20016.62,2025-02-12
3757,90775,7468,58416.21,2025-01-21
3758,32280,8280,13478.13,2025-01-27
3759,73843,8331,8455.17,2025-02-13
3760,26437,8870,85285.69,2025-01-28
3761,34798,2387,84138.08,2025-02-08
3762,8061,8198,86083.11,2025-01-17
3763,27931,4856,93649.02,2025-02-02
3764,27502,3032,66686.47,2025-01-18
3765,44070,5640,92663.26,2025-01-27
3766,42080,9784,77552.67,2025-01-20
3767,93838,929,13600.49,2025-01-31
3768,65705,3713,35022.24,2025-02-09
3769,22452,692,89845.8,2025-02-01
3770,97774,2539,77952.39,2025-01-31
3771,12040,3882,13666.53,2025-02-05
3772,92464,8258,35628.27,2025-01-31
3773,67113,5464,54682.66,2025-01-20
3774,3873,7247,46750.75,2025-02-01
3775,77360,2782,85630.34,2025-02-01
3776,16441,1759,65987.2,2025-02-13
3777,56247,372,86978.53,2025-01-22
3778,32164,8377,49336.36,2025-02-15
3779,42932,7016,36486.88,2025-02-02
3780,6556,5829,10049.81,2025-02-02
3781,49826,1496,40177.52,2025-02-09
3782,85885,8143,79329.65,2025-02-07
3783,29903,6715,87975.22,2025-02-05
3784,83926,2963,10667.92,2025-01-29
3785,73602,9260,49938.15,2025-02-11
3786,51134,5419,45818.27,2025-01-31
3787,10829,3288,91232.07,2025-02-09
3788,35468,8333,47257.33,2025-02-02
3789,29533,8811,17793.53,2025-01-19
3790,48447,8154,81101.77,2025-02-12
3791,69666,2741,15941.28,2025-02-13
3792,95833,5410,34739.25,2025-01-26
3793,73914,5135,79277.06,2025-02-06
3794,492,1698,75658.63,2025-01-29
3795,48402,8636,54249.27,2025-02-11
3796,54576,2733,29320.16,2025-02-07
3797,22702,9033,20657.03,2025-02-14
3798,45343,8845,57514.87,2025-02-04
3799,66606,8055,19437.22,2025-02-01
3800,40629,8877,13971.61,2025-02-18
3801,61766,9779,51300.11,2025-02-16
3802,12080,7739,5733.59,2025-02-08
3803,10909,9896,54303.62,2025-02-18
3804,3537,2069,97752.5,2025-01-23
3805,45686,7270,83166.1,2025-02-13
3806,41327,6349,62599.84,2025-02-07
3807,63667,2335,35072.89,2025-02-06
3808,57051,7587,91685.28,2025-02-09
3809,776,3502,64955.06,2025-01-26
3810,89106,6223,39996.29,2025-01-26
3811,33239,9521,24764.21,2025-01-29
3812,34383,5255,46408.27,2025-01-21
3813,30463,8584,18675.87,2025-02-06
3814,99301,5087,43542.06,2025-02-03
3815,70859,6368,68489.94,2025-02-15
3816,82558,8676,38142.26,2025-02-13
3817,56004,6468,73952.04,2025-02-15
3818,2732,988,29451.57,2025-02-18
3819,83325,4941,91316.55,2025-01-28
3820,73212,1108,17180.46,2025-02-08
3821,63802,9871,13629.85,2025-02-04
3822,17221,8086,77400.44,2025-01-21
3823,32880,7752,85230.43,2025-02-12
3824,76674,2581,77052.95,2025-02-05
3825,24885,7413,38490.8,2025-01-29
3826,85751,1482,78500.49,2025-02-17
3827,18773,6096,10591.12,2025-01-31
3828,48663,7166,76079.26,2025-02-07
3829,41894,501,85743.61,2025-02-02
3830,75542,3143,66452.97,2025-02-19
3831,74725,8525,94543.05,2025-01-22
3832,22665,12,48486.97,2025-02-01
3833,91999,6496,29716.7,2025-02-16
3834,34687,2068,19972.64,2025-02-10
3835,71438,3641,63293.29,2025-02-04
3836,81793,8909,51420.62,2025-02-09
3837,1651,8130,35632.82,2025-02-10
3838,40499,9486,36834.7,2025-02-16
3839,67219,3588,83184.59,2025-02-09
3840,73258,5663,9579.91,2025-02-14
3841,97635,3788,15908.04,2025-01-22
3842,72911,4229,51959.36,2025-01-26
3843,71796,7581,44579.06,2025-01-26
3844,22553,3060,90323.51,2025-02-07
3845,48295,7359,31718.14,2025-02-15
3846,43476,5691,24663.77,2025-02-04
3847,41741,8122,20585.48,2025-02-10
3848,51566,9508,96801.56,2025-01-23
3849,3686,8029,55871.19,2025-02-16
3850,96684,5173,13352.44,2025-02-18
3851,27456,6351,16898.03,2025-02-03
3852,70778,5836,47833.52,2025-02-14
3853,72876,3915,20281.94,2025-02-02
3854,74317,9625,75292.3,2025-02-08
3855,23699,4206,69433.77,2025-02-02
3856,41182,1456,82349.87,2025-02-12
3857,25035,551,80182.54,2025-02-19
3858,18945,3173,28819.68,2025-02-08
3859,24459,1484,33407.91,2025-02-01
3860,50921,2779,58733.74,2025-02-07
3861,65566,6970,76369.37,2025-02-05
3862,31270,7471,14467.23,2025-02-09
3863,95312,4985,9260.04,2025-02-17
3864,94984,7584,16589.17,2025-01-29
3865,52499,7358,62071.83,2025-02-04
3866,65375,4365,40923.68,2025-01-25
3867,2699,7792,25294.27,2025-02-17
3868,36803,9311,31351.67,2025-02-05
3869,96221,4952,27934.07,2025-02-03
3870,33289,7654,41523.74,2025-02-09
3871,91172,2768,45776.27,2025-02-08
3872,16521,4457,54498.27,2025-02-10
3873,88882,2448,35811.3,2025-01-30
3874,88604,7851,62700.01,2025-02-05
3875,95115,3761,67504.89,2025-02-05
3876,36554,581,89341.22,2025-02-06
3877,95411,369,42769.3,2025-01-27
3878,78706,479,51723.47,2025-01-29
3879,37252,624,15647.4,2025-02-01
3880,17573,1076,75480.82,2025-01-23
3881,46193,6202,60261.88,2025-02-16
3882,11737,5805,47178.4,2025-01-26
3883,38672,187,46223.39,2025-02-08
3884,57252,4545,22629.33,2025-02-05
3885,84972,7003,74690.29,2025-02-18
3886,40505,9245,24906.09,2025-02-06
3887,17209,6327,8646.08,2025-02-14
3888,7907,6931,36253.16,2025-02-02
3889,44474,4591,83904.69,2025-01-24
3890,65211,8998,35805.77,2025-01-24
3891,45077,7633,80825.94,2025-01-25
3892,37710,2342,77339.79,2025-01-24
3893,84723,3195,93273.25,2025-01-28
3894,16278,670,34949.6,2025-02-15
3895,63756,5065,93314.49,2025-02-02
3896,65693,6002,8950.19,2025-02-06
3897,55552,4784,94209.36,2025-01-26
3898,75526,2858,39985.34,2025-02-04
3899,75024,5657,57290.04,2025-02-02
3900,66346,7043,64176.78,2025-02-07
3901,10025,6906,22308.35,2025-02-07
3902,27361,336,75427.23,2025-02-10
3903,19243,2234,15780.16,2025-02-05
3904,50826,2513,69763.82,2025-02-19
3905,34836,6299,35715.4,2025-02-09
3906,45007,6953,73263.21,2025-02-01
3907,99618,1643,77759.69,2025-02-22
3908,41168,1146,80504.67,2025-01-25
3909,77686,6512,73608.07,2025-02-08
3910,17676,9114,79522.74,2025-02-21
3911,93343,9600,41493.23,2025-02-10
3912,94339,1173,76017.99,2025-01-25
3913,35034,8473,38107.21,2025-02-14
3914,39992,5732,37945.94,2025-01-27
3915,96599,3866,12573.19,2025-02-10
3916,4550,5432,38284.05,2025-02-17
3917,23657,6135,50153.75,2025-02-10
3918,67539,38,84716.03,2025-01-28
3919,45682,6679,43435.24,2025-02-15
3920,13402,6387,9872.42,2025-01-28
3921,50091,8362,73134.13,2025-01-27
3922,77627,3714,91511.06,2025-02-08
3923,94770,7957,57032.93,2025-02-17
3924,70248,235,50723.66,2025-01-30
3925,77230,6214,46815.17,2025-02-07
3926,35360,1049,7016.97,2025-02-05
3927,96500,6943,99096.61,2025-02-17
3928,83660,3735,69041.52,2025-02-06
3929,43869,9000,76615.79,2025-02-09
3930,11661,158,51028.27,2025-02-10
3931,96842,4999,35794.79,2025-01-30
3932,67844,4015,50841.37,2025-02-01
3933,34119,4603,14860.5,2025-02-17
3934,99693,817,36459.37,2025-02-15
3935,6925,7140,59530.83,2025-02-05
3936,11754,2944,45316.19,2025-02-23
3937,13183,9502,97894.82,2025-02-09
3938,40709,9291,45970.98,2025-01-29
3939,90943,9795,48128.05,2025-02-05
3940,92006,5112,70930.37,2025-02-02
3941,93767,8868,56378.37,2025-02-10
3942,92573,9469,71858.43,2025-02-12
3943,18793,9848,45716.39,2025-01-26
3944,28268,4078,55753.73,2025-02-09
3945,61044,8501,86539.25,2025-02-02
3946,81613,4096,53920.56,2025-02-10
3947,99995,1014,58922.49,2025-02-22
3948,37060,366,34989.31,2025-02-02
3949,65214,3688,41982.77,2025-02-11
3950,11364,699,63520.68,2025-02-20
3951,48478,4323,78267.62,2025-02-06
3952,23014,5432,98362.72,2025-01-28
3953,64998,501,76418.68,2025-01-29
3954,15229,8303,70109.97,2025-02-10
3955,7665,6616,63317.36,2025-02-17
3956,49451,7228,49617.53,2025-02-05
3957,77773,627,39229.29,2025-02-17
3958,32601,360,19718.31,2025-02-11
3959,85050,7576,46419.27,2025-02-18
3960,1577,1304,90097.96,2025-02-24
3961,87409,5784,19696.63,2025-02-12
3962,49694,7583,52333.21,2025-02-12
3963,31593,4768,58511.36,2025-02-16
3964,38558,4008,89979.33,2025-02-21
3965,48970,3745,18527.17,2025-02-20
3966,48615,4607,57516.24,2025-02-12
3967,48165,9217,29470.4,2025-02-19
3968,62981,474,79402.9,2025-01-31
3969,62148,8475,95659.51,2025-02-14
3970,179,3996,75500.02,2025-02-02
3971,67562,2583,27942.41,2025-01-30
3972,85595,8118,83553.54,2025-02-17
3973,15560,3280,85227.13,2025-02-02
3974,5133,586,62779.98,2025-02-21
3975,55369,1070,12530.29,2025-02-14
3976,11662,9521,73928.83,2025-02-26
3977,12761,9752,25187.82,2025-02-04
3978,93516,4590,17819.64,2025-02-26
3979,15259,4910,60504.0,2025-02-26
3980,64475,6264,94353.32,2025-02-12
3981,43452,495,16057.16,2025-02-16
3982,65923,4270,82378.88,2025-02-25
3983,81167,1407,40891.49,2025-01-30
3984,33295,2623,76613.5,2025-02-11
3985,33343,4329,97841.6,2025-02-14
3986,6294,5973,38633.8,2025-02-03
3987,14402,6492,55770.3,2025-02-18
3988,57524,2341,91174.93,2025-02-18
3989,56349,9258,72792.68,2025-02-21
3990,37169,613,22731.73,2025-02-25
3991,32728,7229,46145.79,2025-02-04
3992,43382,4096,22127.52,2025-01-31
3993,4890,6564,86001.34,2025-02-09
3994,91205,7517,81383.09,2025-02-26
3995,22681,5142,64852.44,2025-02-23
3996,35486,7969,8189.78,2025-02-23
3997,73529,9245,65201.84,2025-02-16
3998,76322,4091,71549.11,2025-01-31
3999,45480,2466,66044.65,2025-02-04
4000,83663,9936,31179.27,2025-02-25
4001,95830,4580,46811.15,2025-02-13
4002,3307,3864,73837.06,2025-02-05
4003,41299,1959,34796.65,2025-02-04
4004,80596,209,17818.69,2025-02-27
4005,65504,9034,38148.07,2025-02-02
4006,88433,2862,49594.09,2025-02-04
4007,63112,9805,94637.35,2025-02-15
4008,31383,5696,17647.12,2025-02-01
4009,25895,8485,9748.65,2025-02-17
4010,69040,5410,20203.35,2025-02-13
4011,56756,4316,77671.98,2025-02-06
4012,94080,7813,5341.35,2025-02-01
4013,38358,5342,57626.78,2025-02-05
4014,63232,4206,96674.58,2025-02-04
4015,90720,3284,43365.28,2025-02-02
4016,76298,2529,99359.67,2025-02-14
4017,41548,175,6581.34,2025-02-16
4018,59819,6318,87264.59,2025-02-27
4019,11770,1659,63472.19,2025-02-19
4020,98717,9256,62047.48,2025-02-18
4021,39983,3385,11100.07,2025-02-28
4022,72801,5117,31623.52,2025-02-05
4023,75712,5243,22185.82,2025-02-10
4024,17077,935,89762.51,2025-02-07
4025,9924,5381,66580.74,2025-02-18
4026,81918,6232,65098.32,2025-02-08
4027,67064,7780,9880.25,2025-02-17
4028,74707,6786,48595.1,2025-02-12
4029,33412,1937,40292.75,2025-02-25
4030,17747,3702,71797.25,2025-02-13
4031,69916,1995,85415.96,2025-02-16
4032,7339,2473,10899.53,2025-02-04
4033,1769,6110,36122.75,2025-02-19
4034,51472,6077,8649.15,2025-02-06
4035,19698,968,94501.05,2025-02-06
4036,23383,7349,16333.8,2025-02-20
4037,71171,3954,73049.49,2025-02-16
4038,11844,9909,35987.57,2025-02-08
4039,63575,2163,15886.9,2025-02-01
4040,7098,941,18916.4,2025-01-31
4041,10006,5348,36639.79,2025-03-01
4042,46913,709,33547.86,2025-02-25
4043,81030,6272,13045.66,2025-02-15
4044,92279,3404,55867.4,2025-02-10
4045,50258,9688,98696.66,2025-03-01
4046,61616,942,70990.59,2025-02-24
4047,18830,6008,45710.89,2025-02-26
4048,90489,7485,57256.32,2025-02-08
4049,72031,3847,91704.85,2025-02-12
4050,43150,3731,64380.42,2025-02-27
4051,95907,8354,17044.9,2025-02-26
4052,34818,8016,87673.59,2025-02-21
4053,4107,2832,69290.79,2025-02-18
4054,83127,2890,64069.13,2025-02-18
4055,16010,5624,9337.38,2025-02-09
4056,54964,2756,36678.89,2025-02-04
4057,98122,3465,15317.39,2025-02-17
4058,24774,8473,24901.61,2025-02-18
4059,63898,7673,35302.74,2025-02-21
4060,87076,8518,39106.86,2025-03-01
4061,2553,8151,97764.38,2025-02-05
4062,48873,7281,24744.22,2025-02-22
4063,90852,7143,73369.78,2025-03-01
4064,86348,8790,30656.62,2025-02-01
4065,13606,6285,65975.72,2025-02-01
4066,82449,7865,89764.38,2025-02-16
4067,49195,6731,58499.44,2025-02-17
4068,51359,2244,35873.33,2025-02-13
4069,57295,1896,32142.0,2025-02-04
4070,22844,3247,53283.34,2025-02-04
4071,18593,2436,74487.72,2025-02-16
4072,45123,7398,23625.81,2025-02-08
4073,68742,2160,84044.47,2025-02-27
4074,67952,3104,55343.8,2025-02-04
4075,39144,1595,34750.15,2025-02-12
4076,22280,911,87416.97,2025-02-21
4077,80039,8057,77744.68,2025-02-16
4078,65293,1054,7424.35,2025-02-13
4079,7650,2465,88123.43,2025-02-16
4080,84001,1485,82899.61,2025-02-10
4081,45636,5979,9067.77,2025-02-21
4082,53965,1805,78179.06,2025-02-07
4083,88169,145,34541.44,2025-02-02
4084,25053,1961,53245.72,2025-02-22
4085,11913,5695,73442.88,2025-02-06
4086,70890,4048,90941.96,2025-02-18
4087,95390,3565,76285.33,2025-02-21
4088,47646,5461,87256.95,2025-02-13
4089,79051,2823,89638.4,2025-02-16
4090,98990,6587,85520.86,2025-02-21
4091,70563,370,18533.69,2025-03-01
4092,31242,9641,45939.59,2025-02-25
4093,37479,7879,53444.5,2025-02-14
4094,57725,1122,49171.7,2025-03-02
4095,94215,8534,94099.02,2025-02-13
4096,73954,8005,29514.92,2025-02-28
4097,68519,1102,43186.81,2025-02-15
4098,42063,3890,53395.17,2025-02-05
4099,75990,4518,42071.32,2025-02-04
4100,77575,1614,71762.96,2025-02-25
4101,6036,8290,21274.95,2025-02-22
4102,43106,9302,32000.1,2025-02-10
4103,51373,9874,91121.41,2025-02-14
4104,25581,2636,79113.52,2025-02-09
4105,10259,4024,33564.76,2025-02-07
4106,31029,4881,58144.88,2025-02-05
4107,7704,7602,75863.98,2025-03-02
4108,28813,4661,8886.02,2025-03-03
4109,49416,30,74586.91,2025-02-12
4110,20750,5378,91858.72,2025-02-12
4111,57297,1729,28747.08,2025-02-04
4112,57235,3091,26031.26,2025-02-15
4113,34158,8877,37974.05,2025-02-13
4114,76516,5614,7919.18,2025-02-18
4115,35960,9912,11435.53,2025-02-04
4116,28021,846,28351.89,2025-03-05
4117,7353,6875,8101.76,2025-02-13
4118,91887,9446,54190.07,2025-02-22
4119,71277,2925,53852.33,2025-02-09
4120,28669,4149,61209.42,2025-02-24
4121,17478,2826,92494.44,2025-02-09
4122,78427,5039,26820.23,2025-02-07
4123,89030,8343,68878.9,2025-02-26
4124,75352,4851,31954.17,2025-02-27
4125,9762,4617,46805.9,2025-02-10
4126,28820,546,62491.6,2025-02-07
4127,97135,1523,76914.97,2025-02-27
4128,84123,2778,21327.5,2025-03-02
4129,38949,4956,14787.64,2025-02-20
4130,92669,5093,85893.76,2025-02-05
4131,64071,9658,59927.53,2025-03-04
4132,11569,8312,24206.85,2025-02-11
4133,43148,8714,63305.84,2025-03-01
4134,9243,1242,94790.67,2025-02-27
4135,84982,407,33274.34,2025-02-15
4136,11287,1209,53266.46,2025-02-12
4137,65886,6855,35037.86,2025-02-19
4138,34809,3656,78814.87,2025-02-21
4139,1878,8564,36922.29,2025-02-23
4140,58765,5297,82460.91,2025-02-21
4141,87177,3058,81493.34,2025-02-20
4142,55314,7363,83702.42,2025-02-22
4143,57541,9340,46996.22,2025-02-28
4144,11538,15,98807.08,2025-02-19
4145,44164,4857,41843.25,2025-02-28
4146,85989,728,44191.14,2025-02-07
4147,15034,5767,95619.35,2025-03-01
4148,94710,4000,35688.26,2025-02-18
4149,89043,4289,90966.75,2025-02-21
4150,29405,6315,77865.89,2025-03-06
4151,6893,2371,96962.63,2025-02-25
4152,23647,4775,73602.95,2025-02-21
4153,46014,922,41006.26,2025-03-02
4154,45455,5059,91077.34,2025-02-09
4155,54688,2640,91196.45,2025-02-25
4156,36009,9436,67878.43,2025-02-06
4157,98397,4618,40983.46,2025-02-18
4158,84155,6778,95024.01,2025-02-11
4159,62945,924,30008.0,2025-02-28
4160,49737,589,28641.81,2025-02-11
4161,94465,7447,81183.61,2025-02-10
4162,91670,5877,13763.29,2025-02-13
4163,30898,1429,47960.3,2025-03-01
4164,95781,7741,25613.93,2025-02-18
4165,41045,2514,79411.6,2025-02-23
4166,31615,7217,15986.28,2025-02-25
4167,31610,4464,87695.58,2025-02-06
4168,14527,2035,36048.18,2025-02-22
4169,90966,3539,12378.11,2025-03-06
4170,2717,8099,97747.4,2025-02-13
4171,5097,338,24661.66,2025-02-17
4172,9786,4220,35699.14,2025-02-28
4173,7587,7345,90529.57,2025-02-09
4174,59729,9527,91420.11,2025-02-07
4175,40918,4599,10232.46,2025-02-22
4176,35819,5701,90895.25,2025-03-06
4177,19439,4636,20201.7,2025-02-07
4178,72640,4149,91049.69,2025-02-15
4179,91776,7748,62631.11,2025-02-12
4180,37211,9128,80468.15,2025-03-07
4181,11990,853,80736.61,2025-02-08
4182,46924,3332,12440.26,2025-03-07
4183,41793,8150,51662.12,2025-02-20
4184,37597,7566,71829.48,2025-02-16
4185,10286,1275,58285.8,2025-02-24
4186,90536,6978,13194.83,2025-02-25
4187,6192,9613,67290.21,2025-03-07
4188,78036,7194,51621.69,2025-02-12
4189,37164,1996,60168.66,2025-02-12
4190,88569,4858,71077.76,2025-02-28
4191,39711,9319,97238.06,2025-02-20
4192,79117,5262,8331.01,2025-02-24
4193,86249,1464,59606.25,2025-02-19
4194,66637,1166,82306.02,2025-03-05
4195,72668,9297,54476.85,2025-02-11
4196,29840,4996,71964.23,2025-02-28
4197,62897,7739,98317.24,2025-02-16
4198,27800,2699,35628.91,2025-02-21
4199,37664,9539,25919.55,2025-02-14
4200,28033,9549,9413.99,2025-02-20
4201,50144,7457,16271.02,2025-02-11
4202,37987,3508,25333.24,2025-02-07
4203,43099,2565,5282.24,2025-02-10
4204,38000,3595,88167.54,2025-02-21
4205,82783,7757,28850.62,2025-02-16
4206,91477,1744,69548.54,2025-03-06
4207,54402,468,92547.89,2025-02-10
4208,58163,4265,34917.63,2025-02-23
4209,2660,9431,39334.02,2025-02-09
4210,9395,4894,70801.51,2025-03-01
4211,86916,7709,78787.91,2025-03-05
4212,58402,9323,25825.87,2025-02-20
4213,97027,8641,5372.39,2025-02-19
4214,1000,5390,14845.74,2025-03-07
4215,79680,4044,46010.73,2025-02-20
4216,2912,8112,12955.83,2025-03-01
4217,10649,989,61284.84,2025-02-16
4218,67670,4124,87206.54,2025-03-06
4219,39558,4474,90425.88,2025-02-22
4220,97466,6683,12356.15,2025-03-08
4221,7138,9383,22762.54,2025-03-06
4222,25917,2678,23605.51,2025-02-23
4223,90164,5588,5183.79,2025-02-22
4224,49462,665,14686.82,2025-02-25
4225,6089,883,48086.19,2025-02-20
4226,65186,941,60812.49,2025-03-07
4227,90056,2746,59489.29,2025-03-01
4228,38375,7006,29176.67,2025-02-26
4229,89175,4451,66547.98,2025-02-09
4230,33564,9774,84589.98,2025-03-02
4231,51116,8717,5279.56,2025-02-10
4232,7882,7799,38318.87,2025-03-02
4233,35600,2777,30107.81,2025-02-19
4234,58238,2485,72621.7,2025-03-02
4235,20772,5079,71842.17,2025-02-12
4236,38153,279,72727.4,2025-02-25
4237,123,8771,50188.44,2025-03-01
4238,47354,9514,59219.3,2025-02-16
4239,70921,3643,56485.29,2025-03-06
4240,12038,7145,91926.66,2025-03-09
4241,89559,6365,57370.87,2025-02-17
4242,73078,1461,70539.68,2025-02-18
4243,4357,5900,80138.99,2025-03-09
4244,24718,4078,64010.09,2025-02-10
4245,87298,4707,35325.83,2025-03-04
4246,32195,2650,59626.43,2025-03-02
4247,60026,8877,41693.37,2025-02-14
4248,38976,8354,67341.03,2025-02-21
4249,94288,3618,73628.02,2025-02-24
4250,37305,4559,11144.05,2025-02-28
4251,29079,272,43199.04,2025-02-27
4252,34615,8952,84524.96,2025-02-15
4253,9916,4205,9029.42,2025-02-22
4254,84520,5296,71559.79,2025-03-04
4255,49277,3351,12206.49,2025-02-28
4256,89743,4481,43883.39,2025-03-02
4257,74321,5053,35489.49,2025-02-27
4258,83707,2709,66131.72,2025-03-11
4259,40249,8066,74001.31,2025-02-24
4260,82462,151,71298.57,2025-02-14
4261,20784,2920,36116.04,2025-02-26
4262,52712,8990,25183.3,2025-02-12
4263,31669,9610,28650.23,2025-03-11
4264,88726,6024,10569.26,2025-02-10
4265,98930,5350,69848.62,2025-03-09
4266,85736,7008,21959.13,2025-02-28
4267,7605,6703,19484.52,2025-03-03
4268,41267,6060,44498.63,2025-03-07
4269,52167,2835,80435.11,2025-02-22
4270,36870,7085,55210.11,2025-03-07
4271,88059,6804,88366.2,2025-02-14
4272,69589,4278,28871.12,2025-02-22
4273,69497,9944,97741.56,2025-03-07
4274,51062,3404,15457.12,2025-03-05
4275,80522,4382,93365.63,2025-02-23
4276,17510,2977,8574.67,2025-03-03
4277,59376,8332,49001.58,2025-03-04
4278,10383,2447,85767.33,2025-02-14
4279,20228,1546,94456.38,2025-02-27
4280,22066,3521,14721.06,2025-02-16
4281,74023,4371,63021.58,2025-02-25
4282,76739,701,87877.24,2025-03-06
4283,46316,6489,97862.42,2025-02-14
4284,39226,8602,6618.17,2025-02-19
4285,97331,4531,86114.56,2025-02-23
4286,90542,296,32175.66,2025-02-13
4287,85026,2688,12017.11,2025-02-16
4288,92973,3513,69968.53,2025-02-21
4289,20506,4217,35391.76,2025-02-12
4290,65180,2983,54394.46,2025-02-12
4291,81237,6860,94544.72,2025-03-02
4292,16627,3911,84502.2,2025-03-11
4293,11189,5192,56563.99,2025-02-17
4294,14904,5279,13391.98,2025-02-14
4295,11498,9457,32846.26,2025-03-05
4296,808,4676,85872.91,2025-02-14
4297,97391,9765,86055.37,2025-03-06
4298,87845,9282,77347.26,2025-03-09
4299,42178,1177,55698.92,2025-02-15
4300,49914,3907,68473.76,2025-03-03
4301,14348,5443,12613.83,2025-02-24
4302,41152,6231,36142.85,2025-02-24
4303,28790,9477,87448.46,2025-03-08
4304,98775,1632,29769.88,2025-02-15
4305,70060,8792,41886.81,2025-02-28
4306,98840,7733,56893.52,2025-02-19
4307,39826,6964,9285.84,2025-03-02
4308,24531,362,67393.16,2025-03-05
4309,19412,3103,42237.73,2025-03-04
4310,31622,2138,8114.21,2025-03-08
4311,8558,4095,95806.0,2025-03-06
4312,23334,9877,7414.63,2025-03-11
4313,97698,7739,80236.22,2025-03-13
4314,92093,3917,19655.58,2025-03-04
4315,11119,4377,9179.03,2025-02-16
4316,65689,7615,40563.01,2025-03-02
4317,83175,9963,25797.86,2025-02-24
4318,11503,3443,34741.3,2025-02-20
4319,31332,4186,80713.28,2025-02-18
4320,40094,5430,52153.24,2025-02-27
4321,16977,6017,99628.92,2025-02-16
4322,28677,9791,70221.15,2025-03-11
4323,35126,7791,14186.59,2025-03-13
4324,61406,6461,37361.42,2025-02-15
4325,24094,6368,8948.54,2025-03-04
4326,34283,6173,13056.74,2025-02-12
4327,36904,121,97014.49,2025-03-03
4328,42174,1720,45074.86,2025-03-10
4329,70712,6988,10136.17,2025-03-09
4330,48007,1495,79830.64,2025-02-12
4331,38138,9973,41421.86,2025-03-03
4332,92207,8051,52476.54,2025-03-06
4333,52798,3177,53283.39,2025-02-24
4334,5721,1591,69455.55,2025-02-13
4335,90936,3199,10485.88,2025-02-20
4336,61385,1454,30811.03,2025-02-27
4337,81975,8600,83187.72,2025-02-19
4338,55619,4722,48425.03,2025-03-01
4339,80983,6246,11204.9,2025-02-23
4340,37817,3788,6229.78,2025-02-15
4341,57280,8513,68420.26,2025-02-20
4342,44944,1060,34172.44,2025-03-14
4343,58662,3320,9724.89,2025-03-08
4344,13484,497,62514.31,2025-02-20
4345,69781,8833,46144.87,2025-03-04
4346,10947,397,61407.29,2025-02-25
4347,20746,7433,54323.34,2025-03-08
4348,67520,4166,9131.39,2025-03-02
4349,20852,4403,51619.88,2025-02-14
4350,74589,8633,9378.29,2025-03-02
4351,94087,4203,58903.61,2025-02-24
4352,70270,5291,42091.21,2025-02-15
4353,67882,1283,38584.09,2025-02-20
4354,68883,6282,48882.29,2025-03-04
4355,97556,827,97784.35,2025-03-10
4356,64550,9327,7918.63,2025-02-22
4357,38140,9210,17217.52,2025-02-18
4358,38308,1360,9248.41,2025-02-21
4359,26035,47,15124.96,2025-03-02
4360,64471,7940,15751.08,2025-02-27
4361,52438,2821,83699.56,2025-03-13
4362,18616,767,95576.42,2025-02-28
4363,29850,937,95458.19,2025-03-08
4364,39030,4700,17210.4,2025-02-17
4365,89493,1745,9323.56,2025-03-04
4366,39696,6900,58434.89,2025-03-13
4367,61947,1721,69117.94,2025-02-21
4368,41980,2303,83101.47,2025-03-04
4369,39937,1330,12737.08,2025-03-07
4370,10741,5847,79529.7,2025-02-28
4371,72407,8489,64756.78,2025-03-10
4372,92591,5229,71452.2,2025-02-24
4373,90977,8674,74418.98,2025-03-14
4374,31237,7869,27452.97,2025-02-23
4375,28843,1446,18636.87,2025-03-04
4376,16490,6383,44868.15,2025-03-14
4377,92444,9900,6993.57,2025-02-24
4378,31951,1862,85548.12,2025-03-02
4379,98919,4002,77092.51,2025-03-12
4380,39672,1790,87685.85,2025-03-04
4381,82272,226,16338.33,2025-03-15
4382,390,4207,65523.03,2025-02-27
4383,10394,6706,79251.18,2025-03-09
4384,39981,9306,46797.26,2025-02-18
4385,850,7117,30738.92,2025-03-15
4386,65537,9033,88579.96,2025-03-15
4387,50851,6127,78244.43,2025-03-08
4388,66896,8161,91149.84,2025-02-20
4389,24271,8947,74026.32,2025-03-14
4390,69491,7778,54300.88,2025-02-20
4391,582,3826,18301.72,2025-03-17
4392,1809,6066,26960.79,2025-03-10
4393,61751,3906,71645.48,2025-02-16
4394,55065,7477,79737.6,2025-02-21
4395,37069,6618,54173.59,2025-03-16
4396,1417,757,23901.41,2025-02-22
4397,84910,8914,64667.94,2025-02-26
4398,74235,7554,81552.46,2025-03-17
4399,96289,4457,51099.5,2025-03-05
4400,37657,5203,38247.76,2025-03-15
4401,16256,8213,42397.35,2025-03-10
4402,16674,7708,30376.46,2025-03-04
4403,41568,9767,65999.71,2025-02-16
4404,74326,1771,86631.5,2025-03-02
4405,75388,3457,37766.49,2025-03-17
4406,70601,7556,63941.8,2025-03-13
4407,21702,3104,82248.34,2025-03-15
4408,14430,7680,84809.9,2025-02-17
4409,80488,5184,33552.77,2025-02-20
4410,32065,6859,31775.99,2025-02-23
4411,22215,9775,46876.62,2025-03-06
4412,97790,4190,47448.3,2025-03-06
4413,71480,9595,67666.09,2025-02-20
4414,89629,843,6676.99,2025-02-23
4415,71754,5644,68868.5,2025-03-02
4416,8145,8033,73112.88,2025-02-19
4417,91301,8096,69664.94,2025-02-22
4418,36110,6592,69776.0,2025-03-11
4419,54893,4065,7630.71,2025-02-27
4420,37724,8451,69158.79,2025-02-17
4421,50153,5928,65085.7,2025-03-17
4422,96071,3371,50076.3,2025-02-28
4423,71643,1025,97242.11,2025-03-10
4424,70854,7360,60590.8,2025-02-23
4425,77905,7423,85912.82,2025-03-15
4426,34100,979,52435.37,2025-03-13
4427,72075,7629,56031.15,2025-02-27
4428,44975,6085,90085.15,2025-03-08
4429,45030,8024,58752.81,2025-02-21
4430,34216,9607,21375.49,2025-03-03
4431,65034,6008,6030.64,2025-03-18
4432,8581,6931,71176.39,2025-02-21
4433,48926,2200,11883.66,2025-03-08
4434,42658,4136,48848.87,2025-03-04
4435,97052,8304,6552.35,2025-03-05
4436,22880,5181,65672.95,2025-02-17
4437,82770,5700,95751.2,2025-02-21
4438,46121,810,34175.88,2025-03-13
4439,39641,7017,20249.86,2025-03-09
4440,76929,670,48842.38,2025-03-02
4441,93326,4623,19771.3,2025-03-05
4442,20455,2532,68222.95,2025-02-18
4443,98881,4293,80404.41,2025-03-13
4444,46361,2156,88344.39,2025-03-02
4445,94180,6920,21765.8,2025-03-08
4446,45641,4400,20610.49,2025-02-19
4447,99728,4277,56390.1,2025-03-16
4448,16092,3586,66543.46,2025-03-15
4449,93893,921,49173.78,2025-02-28
4450,1445,3861,18267.15,2025-02-28
4451,51533,1123,7136.7,2025-03-19
4452,32775,4312,34590.89,2025-02-26
4453,32780,5265,52289.52,2025-03-01
4454,89584,7605,54122.6,2025-02-28
4455,71797,6241,58431.15,2025-03-17
4456,57976,4646,77254.32,2025-02-28
4457,32740,157,35307.37,2025-03-06
4458,38690,8438,81434.17,2025-03-14
4459,74474,274,27417.08,2025-03-08
4460,67224,4838,76413.36,2025-03-02
4461,26815,5123,91920.91,2025-03-14
4462,43587,7668,86281.8,2025-03-07
4463,97989,1714,68347.32,2025-02-26
4464,66721,6410,57846.87,2025-02-19
4465,58963,6035,29199.07,2025-03-19
4466,83788,9589,14449.72,2025-03-15
4467,72564,7205,27692.86,2025-03-12
4468,18002,5159,67412.12,2025-02-19
4469,93156,7351,82035.26,2025-03-14
4470,24444,8922,86058.03,2025-03-13
4471,86299,9239,35869.71,2025-03-17
4472,84511,7986,80081.18,2025-03-04
4473,39233,4046,9051.21,2025-02-26
4474,82491,5150,42715.52,2025-03-19
4475,90731,8627,89056.54,2025-03-18
4476,52373,2936,53155.48,2025-03-06
4477,15317,9331,44511.2,2025-03-10
4478,1335,3231,74119.66,2025-03-06
4479,23460,2155,12669.22,2025-03-17
4480,57941,9041,9106.36,2025-03-13
4481,65770,1503,63617.76,2025-03-17
4482,82640,4272,67295.02,2025-03-13
4483,53841,2418,81086.91,2025-03-15
4484,86816,364,87320.58,2025-03-03
4485,19819,3938,30260.73,2025-02-22
4486,51958,3515,53807.66,2025-03-16
4487,98823,5864,77855.23,2025-02-20
4488,45720,3753,58082.41,2025-02-24
4489,55706,6036,55082.95,2025-02-21
4490,9498,8518,92299.7,2025-03-09
4491,22183,4038,53144.36,2025-03-20
4492,9501,6485,58136.19,2025-03-12
4493,89846,1462,62974.56,2025-02-27
4494,58271,4993,38841.56,2025-03-01
4495,61040,4150,35025.38,2025-03-14
4496,73577,9130,43872.79,2025-03-11
4497,53738,1895,17482.08,2025-03-18
4498,34955,462,91534.39,2025-03-19
4499,79145,6734,83798.1,2025-03-20
4500,68977,3797,87682.43,2025-03-17
4501,26923,9292,66536.35,2025-03-02
4502,30175,5272,6945.14,2025-03-19
4503,4142,2540,9177.12,2025-02-24
4504,40828,9756,42688.06,2025-03-19
4505,55433,1438,31500.4,2025-02-24
4506,98572,151,39880.38,2025-03-15
4507,50203,5441,69981.83,2025-03-12
4508,60763,5542,12984.5,2025-03-11
4509,75474,520,94258.43,2025-03-08
4510,23280,1147,40957.02,2025-02-24
4511,78840,8286,26821.08,2025-03-22
4512,32899,6979,33294.09,2025-02-25
4513,52954,4391,36131.83,2025-03-03
4514,7763,964,76953.85,2025-02-24
4515,44024,3424,73452.95,2025-03-18
4516,53385,4950,38178.01,2025-02-25
4517,14536,9513,11865.25,2025-03-09
4518,35541,6336,32996.13,2025-03-22
4519,79491,3657,56843.04,2025-03-03
4520,90276,9220,67741.15,2025-03-04
4521,75530,1979,80664.01,2025-03-12
4522,67954,5390,62743.56,2025-02-27
4523,78419,5003,20518.56,2025-03-09
4524,81354,5716,21689.17,2025-03-04
4525,1213,4178,65467.81,2025-03-04
4526,15917,100,87510.04,2025-03-02
4527,33335,7192,60986.42,2025-03-13
4528,13054,4904,41769.35,2025-03-16
4529,74980,4221,70497.45,2025-03-15
4530,74298,9689,10677.87,2025-03-16
4531,46725,7670,69051.36,2025-02-23
4532,83520,3294,82762.64,2025-02-26
4533,48836,3284,11395.61,2025-03-01
4534,64014,9534,63005.26,2025-02-23
4535,93618,1249,17299.09,2025-03-10
4536,9484,5781,28367.55,2025-03-07
4537,32201,9465,67359.29,2025-02-22
4538,20774,3393,63436.31,2025-03-19
4539,6889,9402,6497.34,2025-03-11
4540,75925,82,5805.99,2025-02-25
4541,89147,7565,22332.05,2025-02-26
4542,3543,202,35850.72,2025-03-01
4543,96265,580,67495.24,2025-03-22
4544,63411,2966,80868.31,2025-03-21
4545,30394,7453,66550.03,2025-03-09
4546,68310,3380,50417.98,2025-03-17
4547,96019,8811,77082.28,2025-03-06
4548,1372,9324,74622.2,2025-03-07
4549,21305,4106,19885.13,2025-03-18
4550,16407,7286,50379.35,2025-03-15
4551,33130,3142,76990.06,2025-03-01
4552,78205,1578,69926.99,2025-02-28
4553,20693,4696,70289.24,2025-03-23
4554,38115,8560,31607.53,2025-03-23
4555,32635,9438,90376.82,2025-03-03
4556,75659,978,87401.5,2025-03-02
4557,22279,6271,50283.37,2025-03-19
4558,43533,1838,34735.93,2025-02-23
4559,5556,8224,18873.09,2025-03-23
4560,9223,5651,44894.72,2025-03-02
4561,73438,1074,30654.0,2025-03-06
4562,24597,6066,85265.4,2025-03-02
4563,50139,5742,60803.04,2025-03-10
4564,93183,9659,23613.3,2025-03-02
4565,67410,5210,47627.18,2025-03-17
4566,56998,2299,18056.84,2025-03-17
4567,68652,7173,85798.47,2025-03-04
4568,87626,9527,46932.38,2025-03-10
4569,55682,5555,47273.44,2025-03-17
4570,65673,1040,98989.08,2025-03-18
4571,12282,6369,13370.03,2025-02-23
4572,52307,6541,80193.66,2025-03-03
4573,34547,3871,19612.45,2025-03-06
4574,58160,1811,55186.63,2025-03-23
4575,76253,2718,66734.1,2025-03-11
4576,51170,6060,26291.66,2025-03-02
4577,20050,7438,85738.17,2025-03-21
4578,80114,387,64082.42,2025-03-12
4579,23321,8082,76941.82,2025-03-22
4580,64299,8081,91201.8,2025-02-24
4581,49667,8758,80065.82,2025-03-04
4582,40741,95,81148.83,2025-03-12
4583,13403,5084,89707.74,2025-02-28
4584,77985,246,71573.96,2025-03-13
4585,20160,4266,44251.66,2025-03-10
4586,388,1219,65397.57,2025-02-24
4587,50580,8414,32221.12,2025-02-28
4588,94917,6200,34380.45,2025-03-23
4589,77782,2635,91884.06,2025-03-10
4590,2047,5470,78894.87,2025-03-16
4591,24273,9941,86551.56,2025-02-28
4592,75960,6169,70319.59,2025-03-12
4593,4749,853,14138.93,2025-03-20
4594,91954,5018,39425.9,2025-03-02
4595,87136,6596,5579.35,2025-03-16
4596,64442,8116,37295.06,2025-03-02
4597,51872,7009,60346.32,2025-02-26
4598,82402,1612,15552.35,2025-03-11
4599,60349,8041,12816.83,2025-03-13
4600,91841,8099,35078.75,2025-03-22
4601,6035,2745,93560.46,2025-03-19
4602,79432,5112,29802.49,2025-03-10
4603,4384,826,33107.86,2025-03-10
4604,91385,7741,26613.59,2025-03-03
4605,45813,8157,79029.1,2025-03-25
4606,62108,6351,36861.34,2025-03-03
4607,86229,3241,64892.01,2025-03-19
4608,31212,1317,89061.57,2025-03-14
4609,14918,7933,50429.35,2025-03-26
4610,22374,1418,41582.52,2025-03-19
4611,69525,2479,88778.69,2025-03-05
4612,73364,7039,55889.1,2025-03-13
4613,87348,6221,46170.87,2025-03-03
4614,69645,5405,48695.03,2025-03-02
4615,20419,3902,55474.02,2025-03-04
4616,89900,2858,51635.04,2025-03-12
4617,45649,2935,83449.81,2025-03-01
4618,48199,2858,89447.08,2025-03-04
4619,11566,4846,25505.46,2025-03-11
4620,96006,6987,85139.75,2025-03-14
4621,41718,8876,68738.88,2025-03-05
4622,5369,736,31940.15,2025-03-16
4623,72730,3209,31962.28,2025-03-17
4624,35445,4905,61951.93,2025-03-27
4625,70379,8301,34017.28,2025-03-12
4626,56767,5875,77576.23,2025-03-16
4627,88310,6212,50376.71,2025-03-07
4628,36990,7566,81803.53,2025-03-03
4629,22761,9279,64016.11,2025-03-26
4630,76862,1563,33051.66,2025-03-18
4631,42336,3620,76254.8,2025-03-07
4632,57184,3113,19623.62,2025-03-21
4633,55533,4229,10796.11,2025-03-27
4634,12689,2831,42683.65,2025-03-25
4635,45951,3180,82703.83,2025-03-15
4636,70618,1240,70382.1,2025-03-22
4637,22288,3495,38336.81,2025-03-07
4638,31036,2488,97287.35,2025-03-15
4639,87122,825,49906.62,2025-03-01
4640,31230,6085,94942.32,2025-03-19
4641,21964,3932,76599.52,2025-03-10
4642,93946,3597,27568.45,2025-02-28
4643,94902,9986,61343.57,2025-03-10
4644,85789,7157,24626.15,2025-03-21
4645,11629,6516,52809.96,2025-03-12
4646,19524,2234,71743.74,2025-03-02
4647,33901,1153,61866.61,2025-02-27
4648,28803,1268,83445.51,2025-03-15
4649,64426,1116,7638.68,2025-03-24
4650,28221,6313,10983.24,2025-03-02
4651,15400,3653,85361.69,2025-03-24
4652,70971,1783,58531.47,2025-03-14
4653,6806,6425,44264.23,2025-03-08
4654,77235,9972,51428.55,2025-03-22
4655,21324,4923,7862.64,2025-03-27
4656,93991,8636,94673.53,2025-03-27
4657,48155,894,40706.11,2025-03-11
4658,63139,957,14597.18,2025-02-28
4659,97099,2232,20195.45,2025-02-27
4660,19846,4714,51329.45,2025-03-26
4661,86435,1696,9329.28,2025-03-23
4662,10970,4128,52615.98,2025-03-11
4663,95199,5331,7406.54,2025-03-13
4664,37585,2554,7166.7,2025-03-20
4665,83275,2654,95620.51,2025-03-17
4666,80055,8229,36758.3,2025-03-01
4667,34717,7774,94843.97,2025-03-26
4668,13673,4388,45150.51,2025-03-28
4669,49480,4679,91790.82,2025-03-18
4670,12290,598,13794.92,2025-03-17
4671,92788,3020,88897.25,2025-03-28
4672,13371,6237,47151.04,2025-03-23
4673,75327,3506,53490.94,2025-03-15
4674,42727,6549,66038.99,2025-03-13
4675,57772,3735,8748.52,2025-03-23
4676,15561,2793,16903.38,2025-03-03
4677,80136,2735,40643.43,2025-03-22
4678,10094,8346,43016.04,2025-03-08
4679,13309,2758,85518.37,2025-03-23
4680,76468,2281,45383.83,2025-03-09
4681,91770,5147,90413.05,2025-03-11
4682,31985,6952,15268.93,2025-03-12
4683,82092,9488,63132.58,2025-03-07
4684,18486,3872,51608.2,2025-03-05
4685,10535,4419,36225.3,2025-03-27
4686,82360,118,75702.09,2025-03-13
4687,18590,2257,46049.41,2025-03-22
4688,80767,8791,11747.08,2025-03-25
4689,97575,1703,65043.55,2025-03-17
4690,90821,9343,87207.48,2025-03-15
4691,20236,8889,65278.08,2025-03-09
4692,14126,4243,48532.85,2025-03-08
4693,24768,5377,28089.95,2025-03-21
4694,21689,2402,51125.08,2025-03-13
4695,44857,9480,15039.6,2025-03-25
4696,64350,4927,55818.66,2025-03-26
4697,87407,1171,32246.54,2025-03-13
4698,99543,8512,7894.07,2025-03-19
4699,25233,1706,59910.54,2025-03-04
4700,65883,3790,24491.93,2025-03-19
4701,89967,2669,22831.86,2025-03-11
4702,71310,8342,97721.77,2025-03-12
4703,81162,2950,92167.81,2025-03-30
4704,11428,2858,69198.95,2025-03-14
4705,78177,5124,17904.28,2025-03-03
4706,55231,8650,11024.61,2025-03-17
4707,55308,9694,27629.13,2025-03-04
4708,31775,7053,78590.17,2025-03-03
4709,33050,8688,45553.09,2025-03-25
4710,20886,2400,36698.93,2025-03-03
4711,42253,2999,95672.07,2025-03-28
4712,41636,7500,54440.15,2025-03-19
4713,12336,4447,24943.22,2025-03-19
4714,46957,3859,49066.09,2025-03-16
4715,44748,1509,85960.16,2025-03-06
4716,72886,3665,44136.23,2025-03-14
4717,8491,5716,49688.64,2025-03-20
4718,97697,9270,42820.31,2025-03-19
4719,40120,6306,39239.38,2025-03-10
4720,40091,9687,64514.02,2025-03-10
4721,57116,7266,52317.44,2025-03-22
4722,22565,1578,29340.41,2025-03-20
4723,86798,4114,84263.74,2025-03-29
4724,86830,6697,59990.18,2025-03-17
4725,22256,4752,22875.52,2025-03-27
4726,42504,5216,48778.71,2025-03-15
4727,54480,8645,50740.85,2025-03-30
4728,12515,3728,92317.37,2025-03-12
4729,95551,4393,33485.66,2025-03-26
4730,3190,4512,53100.84,2025-03-19
4731,92503,9611,56300.09,2025-03-25
4732,73320,6252,58800.14,2025-03-31
4733,97533,8189,29869.56,2025-03-04
4734,78111,4725,27708.93,2025-03-19
4735,63708,3117,30976.36,2025-03-19
4736,85178,366,64011.71,2025-03-04
4737,33778,9450,94198.6,2025-03-25
4738,80265,7934,63936.51,2025-03-07
4739,24909,6062,23017.55,2025-03-21
4740,1098,3705,82879.89,2025-03-31
4741,12250,9438,8929.84,2025-03-15
4742,52122,4120,75300.66,2025-03-16
4743,25216,5867,89048.91,2025-03-17
4744,60152,3363,47099.4,2025-03-30
4745,69713,7696,39556.11,2025-03-12
4746,24215,1745,23024.45,2025-03-23
4747,40449,151,41529.7,2025-03-31
4748,78952,1704,69958.06,2025-03-16
4749,85949,5629,69116.58,2025-03-13
4750,9604,1576,29621.62,2025-03-03
4751,68317,6877,18859.9,2025-03-05
4752,10301,8633,43461.85,2025-03-10
4753,36908,9974,35311.66,2025-03-14
4754,40877,1068,29645.84,2025-03-06
4755,46637,7142,55728.57,2025-03-21
4756,23700,7591,64793.06,2025-03-12
4757,10591,3245,27661.61,2025-03-16
4758,83173,5873,38770.51,2025-03-09
4759,18778,8018,28157.51,2025-03-23
4760,27908,4343,89379.29,2025-03-16
4761,15988,9588,50673.42,2025-03-18
4762,74911,3095,35856.3,2025-03-09
4763,42627,3489,27149.2,2025-03-25
4764,8242,9443,6818.74,2025-04-02
4765,79420,9354,49558.82,2025-03-15
4766,14680,8445,29841.99,2025-03-12
4767,14377,2808,86023.12,2025-03-27
4768,14632,5488,93345.79,2025-03-21
4769,52708,2378,33229.05,2025-03-20
4770,21654,3715,20642.75,2025-03-20
4771,53772,920,14475.02,2025-04-02
4772,78948,4838,66342.17,2025-03-06
4773,93211,5176,93051.24,2025-03-22
4774,22448,6029,96320.95,2025-03-29
4775,6600,3188,58004.73,2025-03-08
4776,78070,4684,97323.82,2025-03-13
4777,58979,7458,71508.64,2025-03-17
4778,77988,749,76458.44,2025-03-30
4779,24686,3217,30050.53,2025-03-15
4780,12644,6966,53653.93,2025-03-16
4781,50540,4683,8631.22,2025-03-05
4782,42461,8674,13146.5,2025-03-16
4783,60705,7120,78689.52,2025-04-02
4784,63055,4138,55547.92,2025-03-08
4785,69920,1843,78520.53,2025-03-05
4786,97916,2129,51942.89,2025-03-17
4787,53308,776,58958.73,2025-03-07
4788,10531,2212,83732.33,2025-03-07
4789,1967,8255,33185.62,2025-03-18
4790,71347,3814,38240.12,2025-03-06
4791,56976,5196,6742.53,2025-03-08
4792,94691,8935,97411.5,2025-03-12
4793,49096,1138,67762.6,2025-03-07
4794,94914,9267,21556.04,2025-03-27
4795,57177,6620,98987.73,2025-03-12
4796,8317,3624,15965.92,2025-03-26
4797,20250,457,28471.32,2025-03-23
4798,60274,810,69794.12,2025-03-06
4799,36671,1837,62147.1,2025-03-14
4800,33390,8173,61134.82,2025-03-31
4801,51796,8742,12950.31,2025-03-28
4802,55209,2904,65554.88,2025-03-19
4803,29555,6030,34323.57,2025-03-29
4804,83670,592,8863.9,2025-03-12
4805,36035,3370,67948.46,2025-04-01
4806,2685,8249,26152.1,2025-03-14
4807,28488,1683,33358.83,2025-04-02
4808,88675,2636,19327.79,2025-04-01
4809,73513,7780,42936.15,2025-03-17
4810,69240,5706,53693.99,2025-03-12
4811,49506,7289,34164.74,2025-03-29
4812,65545,6149,70913.7,2025-03-08
4813,27462,1464,48535.96,2025-03-17
4814,75257,8419,16141.83,2025-03-27
4815,81125,3153,30961.19,2025-04-05
4816,58276,3842,16965.81,2025-03-14
4817,21341,8211,7429.75,2025-03-23
4818,83066,694,75007.38,2025-03-07
4819,1469,3138,87554.09,2025-03-26
4820,12582,71,65815.29,2025-03-31
4821,62340,5890,93328.35,2025-03-23
4822,84440,2746,46703.38,2025-03-27
4823,62008,5959,38143.42,2025-03-11
4824,87517,5550,77871.62,2025-03-31
4825,24881,7841,73503.86,2025-03-29
4826,28561,1395,34888.46,2025-04-01
4827,39900,668,67635.85,2025-03-12
4828,19864,3350,63176.3,2025-04-03
4829,19892,2362,60108.56,2025-03-17
4830,49186,9728,70240.6,2025-03-09
4831,58660,1640,15706.73,2025-03-21
4832,40453,6948,15035.17,2025-03-09
4833,8033,1155,76393.73,2025-04-06
4834,28188,5944,43046.4,2025-03-28
4835,48800,5535,70177.58,2025-03-29
4836,60189,6938,89597.11,2025-04-02
4837,98512,7475,65152.04,2025-03-13
4838,630,7414,75004.48,2025-03-26
4839,38128,6895,95716.55,2025-03-12
4840,75026,6102,79465.53,2025-03-13
4841,59795,1151,56701.51,2025-03-28
4842,97207,7950,96023.32,2025-03-19
4843,14798,2192,30050.14,2025-03-30
4844,7738,7693,64661.55,2025-03-11
4845,20725,3992,66947.5,2025-03-23
4846,77831,7187,83375.24,2025-04-06
4847,29697,3362,76004.35,2025-03-19
4848,39197,5674,20653.04,2025-03-19
4849,17321,8371,68489.55,2025-03-31
4850,37383,994,31383.61,2025-03-08
4851,21871,653,22749.17,2025-03-31
4852,77517,6985,56568.9,2025-03-27
4853,34508,4607,87740.72,2025-03-14
4854,46490,5890,22794.24,2025-04-01
4855,95373,7988,86390.69,2025-03-18
4856,74452,4988,54576.56,2025-03-14
4857,50350,5147,86694.78,2025-03-29
4858,13720,5476,13422.88,2025-03-22
4859,39258,8649,35232.74,2025-03-15
4860,2980,6058,83896.92,2025-04-03
4861,67255,9064,34068.96,2025-03-30
4862,88378,3702,61633.01,2025-04-01
4863,78337,3302,51293.27,2025-03-17
4864,40704,2307,97350.35,2025-03-14
4865,60761,7193,95935.47,2025-03-22
4866,15597,2594,88869.39,2025-04-06
4867,54416,2394,97161.32,2025-03-18
4868,72699,469,83935.0,2025-03-18
4869,78710,7980,98936.62,2025-03-09
4870,89238,4896,72449.46,2025-03-19
4871,20927,335,12005.5,2025-03-28
4872,76728,8444,87880.11,2025-03-20
4873,4331,5462,48896.44,2025-03-30
4874,5758,7076,28017.37,2025-03-15
4875,37126,4994,93355.88,2025-03-10
4876,19237,9738,34846.5,2025-03-17
4877,94995,5993,79148.08,2025-03-15
4878,1867,9875,38228.24,2025-03-13
4879,53192,1652,68093.36,2025-03-19
4880,84122,4906,35407.92,2025-03-31
4881,6596,1026,96699.49,2025-03-28
4882,44558,315,33084.42,2025-03-21
4883,29023,6463,88697.86,2025-03-27
4884,59157,4873,53309.25,2025-03-15
4885,51000,1692,59271.11,2025-04-03
4886,4961,3887,65432.33,2025-04-05
4887,39997,3595,82785.78,2025-03-22
4888,85191,1606,36209.73,2025-04-02
4889,19488,8433,17951.69,2025-03-23
4890,50591,1346,98274.88,2025-04-02
4891,73425,7617,59164.44,2025-03-16
4892,61443,2158,33926.26,2025-03-14
4893,71246,4808,82664.78,2025-03-28
4894,22378,3493,58947.3,2025-03-13
4895,77146,5953,53493.84,2025-04-08
4896,88319,8594,42460.04,2025-03-28
4897,15675,4382,58491.84,2025-03-16
4898,6677,7015,88890.21,2025-03-31
4899,87591,6237,91585.07,2025-03-24
4900,31326,3217,70207.5,2025-03-18
4901,19357,5692,60685.7,2025-03-28
4902,73985,2478,14847.89,2025-04-05
4903,46627,3765,26587.41,2025-03-17
4904,29077,3314,51885.47,2025-03-15
4905,61537,599,86036.78,2025-03-24
4906,15100,8589,34533.56,2025-03-24
4907,95983,1908,74019.23,2025-03-27
4908,35045,2934,20267.5,2025-04-02
4909,83206,9187,93957.39,2025-03-14
4910,70916,153,16201.48,2025-04-04
4911,36688,5679,61898.16,2025-04-04
4912,13573,1883,80276.3,2025-03-31
4913,58317,3057,18641.34,2025-04-07
4914,51890,3987,12176.76,2025-03-24
4915,9052,7669,81088.05,2025-03-14
4916,10224,6480,8567.15,2025-04-04
4917,80215,7289,86088.09,2025-03-29
4918,75645,8800,9395.98,2025-03-26
4919,25600,6357,80420.42,2025-03-22
4920,46369,9729,87882.49,2025-03-29
4921,68273,7564,90342.66,2025-03-30
4922,28127,2164,68748.57,2025-03-21
4923,68335,5943,72792.72,2025-03-16
4924,29562,5437,99119.78,2025-04-01
4925,1047,1358,75650.08,2025-03-26
4926,14258,6040,66915.2,2025-03-20
4927,41429,4136,55303.77,2025-04-10
4928,44757,1645,32220.22,2025-03-16
4929,57967,927,65302.42,2025-03-29
4930,16301,5752,30435.48,2025-04-11
4931,24046,5,95520.34,2025-04-11
4932,98956,1355,31967.34,2025-03-15
4933,57180,8525,30769.48,2025-03-14
4934,42083,2672,81730.75,2025-03-17
4935,71515,1421,64800.62,2025-03-20
4936,90450,756,26352.08,2025-03-22
4937,55355,916,88779.87,2025-03-18
4938,23888,3889,71608.61,2025-03-22
4939,79747,4947,23318.73,2025-03-21
4940,85923,1898,98872.98,2025-04-09
4941,4482,3329,74164.55,2025-03-29
4942,57913,707,92056.71,2025-03-26
4943,87199,6552,12878.6,2025-03-14
4944,44323,6347,39279.5,2025-04-04
4945,92426,6194,37960.8,2025-03-14
4946,31134,5468,50193.38,2025-03-16
4947,54092,8820,35882.75,2025-04-04
4948,6872,3507,27964.29,2025-04-06
4949,2920,1236,59561.34,2025-03-22
4950,34298,2435,72471.58,2025-03-21
4951,50403,6307,8659.5,2025-03-30
4952,19890,9470,15131.05,2025-03-13
4953,19163,1690,10209.41,2025-04-10
4954,80146,7704,67857.69,2025-03-23
4955,33357,6934,86349.1,2025-03-28
4956,71765,5955,63647.22,2025-04-11
4957,77691,4176,84397.16,2025-03-20
4958,49028,5169,51826.69,2025-04-12
4959,48917,4944,16823.0,2025-03-18
4960,37805,1531,59780.27,2025-03-24
4961,49213,6098,54613.79,2025-03-16
4962,95130,4439,17553.51,2025-03-16
4963,55359,8041,64217.25,2025-04-11
4964,27792,9878,85987.95,2025-03-21
4965,97854,6698,64099.71,2025-03-24
4966,98534,6621,39602.06,2025-04-02
4967,84804,1355,89005.87,2025-03-18
4968,27457,6476,69709.19,2025-04-12
4969,76456,7062,34450.83,2025-04-05
4970,46843,6126,28404.17,2025-03-29
4971,43088,1363,39118.94,2025-03-28
4972,97282,2440,8553.49,2025-03-30
4973,54513,9643,24215.11,2025-04-11
4974,97615,6192,90345.42,2025-03-26
4975,13680,553,64830.11,2025-04-11
4976,79794,7035,80708.06,2025-03-16
4977,22221,5082,82220.02,2025-03-14
4978,52999,1539,24192.79,2025-03-30
4979,60334,9472,54392.45,2025-03-16
4980,19462,8942,36264.59,2025-03-29
4981,18609,6393,25673.21,2025-04-08
4982,72250,3901,71069.1,2025-03-23
4983,53330,1941,66810.6,2025-04-10
4984,36371,8848,82556.89,2025-03-31
4985,11337,2819,26576.52,2025-03-31
4986,20705,9633,43854.42,2025-03-18
4987,48509,331,79165.13,2025-03-16
4988,83240,8413,67369.67,2025-03-25
4989,56921,3810,96998.26,2025-03-16
4990,47124,6110,37233.37,2025-03-19
4991,58838,9907,27238.81,2025-03-18
4992,3634,5878,70516.25,2025-04-02
4993,60407,5170,36135.47,2025-03-17
4994,6863,5334,94619.2,2025-03-16
4995,87059,9885,60470.99,2025-04-02
4996,9704,6431,71708.06,2025-03-29
4997,96177,528,41683.54,2025-04-08
4998,54110,7709,55231.93,2025-04-10
4999,46051,3779,60068.25,2025-03-24
5000,53340,1342,57097.56,2025-03-27
5001,24394,6,73866.42,2025-04-04
5002,69720,5098,12520.92,2025-04-03
5003,72328,1477,9214.45,2025-04-13
5004,90153,3809,98609.99,2025-03-24
5005,34757,8760,67025.32,2025-04-12
5006,14128,2248,55269.16,2025-03-29
5007,37093,6731,63015.55,2025-03-23
5008,45366,3765,35311.29,2025-03-28
5009,69702,609,66024.65,2025-03-22
5010,46446,3482,41057.49,2025-04-08
5011,93160,8228,89627.68,2025-03-28
5012,6644,9487,5545.46,2025-04-13
5013,14795,5389,82801.77,2025-04-03
5014,39827,2916,12253.59,2025-03-26
5015,39951,2392,27083.97,2025-04-07
5016,32192,4725,66792.45,2025-03-20
5017,27185,6009,6596.73,2025-03-19
5018,50897,469,34174.48,2025-03-28
5019,33982,5528,97342.32,2025-03-28
5020,92618,9517,24667.25,2025-04-08
5021,80734,7180,22856.05,2025-04-14
5022,56841,5462,21489.38,2025-04-12
5023,6522,4718,48068.53,2025-03-23
5024,84417,1692,87539.46,2025-03-23
5025,35726,717,73639.77,2025-03-29
5026,22210,7149,9218.21,2025-04-01
5027,22809,3098,84235.31,2025-04-09
5028,58599,1201,52519.07,2025-03-25
5029,25882,3745,23735.42,2025-04-11
5030,53160,7680,61545.84,2025-03-23
5031,99060,8622,78965.11,2025-04-07
5032,15208,7978,80150.01,2025-03-31
5033,14817,4504,71953.72,2025-04-09
5034,6996,9204,39950.2,2025-04-14
5035,87453,2990,40582.56,2025-03-20
5036,56345,8900,68241.08,2025-04-08
5037,19708,2646,99481.88,2025-03-28
5038,93718,8972,63696.83,2025-03-26
5039,92440,4038,61880.68,2025-04-14
5040,37046,7151,42095.72,2025-04-12
5041,32361,2967,10045.04,2025-03-20
5042,45572,2873,70170.5,2025-04-16
5043,97938,9784,92512.08,2025-04-06
5044,71017,6200,14050.11,2025-04-16
5045,38253,4500,65340.68,2025-04-01
5046,82171,1539,52720.88,2025-04-08
5047,98004,3822,13388.52,2025-03-29
5048,51523,6873,38619.06,2025-04-09
5049,52076,3540,68279.0,2025-04-13
5050,11883,5344,78819.91,2025-03-24
5051,85819,4195,73828.11,2025-03-19
5052,5719,8343,49850.44,2025-04-04
5053,75485,1759,72280.44,2025-04-05
5054,95413,718,89686.91,2025-04-08
5055,44852,379,68010.15,2025-04-07
5056,69818,2489,59242.49,2025-03-26
5057,17319,540,82092.79,2025-04-06
5058,95415,4225,69423.19,2025-03-20
5059,18679,4870,34650.33,2025-03-19
5060,50090,6775,94243.31,2025-03-21
5061,93153,8978,18004.32,2025-04-09
5062,93252,6585,45344.45,2025-03-20
5063,78032,6673,5107.11,2025-03-21
5064,84977,5682,22802.94,2025-04-06
5065,76826,6246,61477.61,2025-03-27
5066,98885,2974,99806.46,2025-03-21
5067,71364,8719,32096.04,2025-03-22
5068,28612,4309,83311.27,2025-04-13
5069,15851,2999,37365.27,2025-03-31
5070,99256,182,20814.33,2025-04-12
5071,69372,9348,89189.98,2025-04-05
5072,85105,4872,14903.19,2025-03-31
5073,72879,1769,9028.95,2025-04-11
5074,37873,4324,87937.87,2025-03-25
5075,27542,6102,7304.74,2025-04-12
5076,6391,7823,18952.08,2025-04-10
5077,7275,1490,40718.0,2025-04-11
5078,46769,458,90561.59,2025-04-08
5079,48621,815,9296.65,2025-03-23
5080,53528,9696,39377.42,2025-04-01
5081,92837,7804,37333.95,2025-04-18
5082,48712,1851,94764.55,2025-03-20
5083,41077,8095,71047.95,2025-04-13
5084,10107,2085,65352.43,2025-03-31
5085,69227,5111,84942.76,2025-04-02
5086,48648,4927,41371.5,2025-03-23
5087,82905,8461,41666.01,2025-03-24
5088,34146,3618,27630.27,2025-04-14
5089,9681,1918,68064.38,2025-04-01
5090,47138,5660,49155.83,2025-04-02
5091,31670,4434,15651.39,2025-04-13
5092,24164,1473,53452.37,2025-04-10
5093,11681,3272,87938.44,2025-04-02
5094,70125,1153,65579.76,2025-04-07
5095,72410,6652,81021.88,2025-03-20
5096,7823,137,88095.38,2025-04-12
5097,80304,4735,38460.04,2025-04-10
5098,89346,474,50378.65,2025-04-02
5099,64678,3140,55823.45,2025-03-26
5100,64756,696,91605.6,2025-04-09
5101,77155,3954,48841.7,2025-03-28
5102,72413,1942,92773.54,2025-04-09
5103,594,8739,8704.74,2025-03-22
5104,9362,5778,38630.61,2025-03-29
5105,34943,951,51739.01,2025-04-09
5106,33403,3899,10814.92,2025-04-05
5107,67654,6598,28438.19,2025-04-02
5108,92919,603,41952.24,2025-04-08
5109,4981,6188,20228.83,2025-04-14
5110,39864,2709,25240.16,2025-03-23
5111,33890,6990,94653.2,2025-03-23
5112,78394,5729,22309.96,2025-04-01
5113,99384,3906,27124.58,2025-03-22
5114,44699,3864,6865.13,2025-04-01
5115,159,4900,46508.93,2025-03-24
5116,78907,2307,11675.54,2025-03-30
5117,77565,5338,43292.61,2025-04-01
5118,96968,1924,19763.77,2025-03-29
5119,16661,2065,46555.36,2025-04-09
5120,97950,6936,67247.12,2025-03-26
5121,9003,2554,59499.84,2025-03-25
5122,18131,1088,56715.73,2025-04-05
5123,55989,5710,75598.64,2025-04-12
5124,82008,7877,5589.28,2025-03-28
5125,14551,4307,24725.71,2025-03-25
5126,15776,8994,69018.39,2025-04-06
5127,15747,3144,69560.33,2025-04-13
5128,38933,6290,67637.38,2025-04-15
5129,23468,5916,93895.62,2025-04-15
5130,57805,5593,20861.71,2025-04-13
5131,4097,9618,27083.56,2025-04-01
5132,74599,1672,12763.4,2025-04-14
5133,71549,471,88128.09,2025-03-26
5134,80967,9523,99565.71,2025-04-04
5135,39240,1629,30095.38,2025-04-01
5136,28303,1074,16660.34,2025-04-18
5137,40431,8262,60298.7,2025-04-06
5138,67676,1504,24506.58,2025-04-15
5139,29993,9986,22936.13,2025-04-02
5140,8492,5840,62870.53,2025-03-31
5141,54175,6348,98020.0,2025-04-07
5142,18600,2229,86915.88,2025-03-30
5143,41939,643,42993.46,2025-04-19
5144,43462,7020,26745.94,2025-04-12
5145,42644,2104,52637.0,2025-04-15
5146,3415,7873,40771.75,2025-04-06
5147,42505,4627,59045.01,2025-03-24
5148,81196,3645,95218.72,2025-04-05
5149,81325,587,13232.82,2025-04-14
5150,1937,2492,48856.94,2025-04-02
5151,61048,9636,80257.62,2025-03-27
5152,15893,4002,12155.53,2025-04-13
5153,17593,3774,79951.77,2025-04-01
5154,22686,9439,67773.17,2025-04-01
5155,21463,8639,29089.91,2025-04-13
5156,10205,7133,45409.8,2025-03-27
5157,36158,7424,22278.43,2025-04-03
5158,88475,4533,66922.07,2025-04-10
5159,38330,5429,48490.1,2025-03-28
5160,69641,5651,35334.64,2025-03-26
5161,49509,8921,20894.24,2025-03-25
5162,36429,9442,53600.03,2025-03-30
5163,52548,1574,17168.44,2025-04-12
5164,95009,9269,56655.4,2025-04-17
5165,47749,4171,79171.97,2025-04-19
5166,46211,9453,53100.79,2025-04-11
5167,14999,4284,32093.89,2025-03-29
5168,28339,9983,54490.83,2025-04-05
5169,21712,2993,72925.74,2025-04-20
5170,35365,8703,92223.57,2025-04-10
5171,93354,2824,57898.78,2025-03-26
5172,94540,9867,15813.47,2025-04-09
5173,4956,7639,83823.16,2025-03-27
5174,89494,1053,84681.09,2025-04-16
5175,39296,6841,15333.96,2025-04-04
5176,80412,6534,13745.46,2025-03-24
5177,8702,4801,16165.35,2025-03-25
5178,43400,6266,85139.06,2025-04-21
5179,99262,2823,48030.76,2025-04-08
5180,36675,4833,16302.37,2025-04-17
5181,44839,9291,5024.78,2025-04-11
5182,71983,9040,31123.32,2025-03-27
5183,34846,4525,73061.22,2025-03-28
5184,14552,1614,26644.41,2025-04-07
5185,65158,3770,94478.52,2025-04-04
5186,41172,5238,97088.1,2025-04-23
5187,36523,4234,33863.37,2025-03-28
5188,59194,649,65302.32,2025-04-10
5189,58169,9985,66013.44,2025-04-13
5190,38771,4331,7197.05,2025-03-30
5191,80622,537,26536.03,2025-04-13
5192,92390,6617,7578.54,2025-04-04
5193,11699,7074,72164.95,2025-04-04
5194,32751,5753,93955.62,2025-04-15
5195,46626,960,27395.01,2025-03-31
5196,65212,1973,11001.6,2025-04-14
5197,29761,6388,43494.65,2025-04-08
5198,41042,7204,44054.42,2025-04-02
5199,49073,2474,23345.88,2025-04-14
5200,28545,7216,99567.39,2025-04-03
5201,23902,4567,19373.73,2025-04-13
5202,96802,2753,21317.95,2025-04-12
5203,28475,3629,49848.71,2025-04-22
5204,47030,9432,76344.95,2025-03-28
5205,82138,3528,73410.21,2025-03-25
5206,69581,8113,81606.93,2025-04-06
5207,46953,8440,13963.55,2025-04-13
5208,69039,7736,36260.06,2025-04-14
5209,85594,4742,6922.52,2025-03-30
5210,96501,4098,36880.65,2025-03-25
5211,85133,4341,96018.76,2025-04-04
5212,37085,4091,46817.04,2025-04-10
5213,24410,4751,6769.02,2025-03-30
5214,59691,7173,69361.14,2025-03-30
5215,97999,7618,80327.24,2025-04-15
5216,18629,6610,15319.39,2025-03-31
5217,62333,1343,57172.59,2025-04-05
5218,85954,9553,82823.29,2025-03-31
5219,28860,5852,37923.46,2025-04-18
5220,20224,4520,60521.82,2025-04-05
5221,5268,8536,54696.21,2025-04-08
5222,94138,8552,22714.81,2025-04-10
5223,41007,1687,81976.44,2025-03-26
5224,19957,5890,19395.98,2025-04-05
5225,8241,1971,30900.49,2025-04-15
5226,26643,8221,84453.22,2025-04-12
5227,22645,4848,51949.12,2025-03-26
5228,85501,2757,44144.04,2025-04-23
5229,21612,2321,96656.74,2025-03-30
5230,75438,4138,80700.45,2025-04-15
5231,87100,5034,30452.16,2025-04-18
5232,54703,4457,14621.77,2025-04-13
5233,51683,8468,19766.9,2025-04-24
5234,34722,4008,36136.76,2025-04-22
5235,36451,1807,21876.2,2025-04-02
5236,36745,9998,57757.77,2025-04-08
5237,69956,7774,99701.69,2025-04-11
5238,77047,4928,67787.86,2025-03-27
5239,94576,6732,66770.02,2025-04-06
5240,83478,4684,41334.36,2025-04-15
5241,67575,3430,68393.61,2025-04-14
5242,96384,6389,5205.38,2025-03-29
5243,86022,8134,95811.61,2025-04-07
5244,57212,1343,39636.31,2025-04-01
5245,15711,3974,31914.62,2025-04-02
5246,2760,5339,25876.93,2025-04-04
5247,49361,216,53493.58,2025-04-11
5248,50260,1119,90484.63,2025-03-28
5249,54833,4395,43577.79,2025-04-20
5250,17725,7162,89101.36,2025-03-29
5251,54680,1799,98375.26,2025-04-09
5252,28709,8501,6694.88,2025-04-13
5253,26744,4910,56979.55,2025-04-18
5254,35302,9990,94002.3,2025-04-17
5255,62995,1076,18941.42,2025-03-28
5256,5078,2040,52007.37,2025-03-29
5257,92625,4981,25494.16,2025-04-24
5258,75262,6397,35924.2,2025-04-02
5259,9863,5735,39409.68,2025-04-12
5260,71551,3967,46091.81,2025-04-05
5261,89713,8248,10744.29,2025-03-31
5262,46431,7658,59877.18,2025-04-24
5263,60837,5665,90859.19,2025-04-19
5264,79781,4661,57972.52,2025-03-31
5265,17699,256,8254.44,2025-04-08
5266,84240,642,71824.57,2025-04-10
5267,43487,7950,96775.11,2025-03-29
5268,22888,9975,77182.02,2025-04-14
5269,96278,5107,65500.7,2025-04-10
5270,14830,431,16774.28,2025-04-12
5271,67864,9335,85874.06,2025-04-13
5272,81322,7328,45706.51,2025-04-01
5273,51684,1932,56311.5,2025-04-18
5274,77376,1977,63261.21,2025-03-28
5275,65529,1942,44122.45,2025-04-04
5276,95844,1413,29750.55,2025-04-04
5277,42454,3964,75930.6,2025-04-20
5278,4732,9545,32886.74,2025-03-28
5279,9084,3955,78358.16,2025-04-17
5280,50290,5544,63823.92,2025-04-03
5281,53693,2778,16072.03,2025-04-10
5282,53778,8378,76192.77,2025-03-29
5283,3799,8793,95142.77,2025-04-13
5284,13286,5933,74308.87,2025-04-06
5285,53188,7963,28299.84,2025-04-14
5286,73261,6502,28452.89,2025-04-20
5287,7414,6307,28399.75,2025-04-10
5288,4931,8769,71045.3,2025-04-11
5289,10314,4162,10768.53,2025-04-19
5290,83752,2679,36148.14,2025-04-12
5291,25426,701,46805.43,2025-04-26
5292,92985,2582,31640.61,2025-04-04
5293,32686,9621,85599.74,2025-04-07
5294,92477,5431,75006.24,2025-04-17
5295,12794,6251,20461.28,2025-04-14
5296,82490,1150,83087.31,2025-04-06
5297,48446,1011,14687.79,2025-04-27
5298,46711,7560,24366.05,2025-04-02
5299,12636,27,76002.63,2025-04-04
5300,70827,6752,56058.54,2025-04-28
5301,43375,9864,9656.02,2025-04-02
5302,36707,3403,52366.22,2025-03-31
5303,50309,7554,56456.14,2025-04-11
5304,96085,879,30252.64,2025-04-09
5305,14583,2238,75629.04,2025-04-16
5306,59222,6948,72558.72,2025-04-07
5307,62788,7645,58213.72,2025-04-28
5308,91771,5489,11709.05,2025-04-03
5309,2908,2440,27907.79,2025-04-01
5310,75655,5817,5834.7,2025-04-02
5311,19783,2582,18125.45,2025-04-17
5312,24880,9305,67688.31,2025-04-11
5313,22347,7655,52302.75,2025-04-08
5314,39011,3148,10226.71,2025-04-13
5315,33253,1439,17649.31,2025-04-23
5316,61349,5759,44347.62,2025-04-23
5317,92781,7346,63130.66,2025-04-17
5318,50948,434,5567.12,2025-04-04
5319,24117,5417,76166.03,2025-04-08
5320,28477,159,97946.66,2025-04-28
5321,68223,5542,44290.21,2025-04-29
5322,53831,6473,31560.75,2025-04-08
5323,30196,2886,36292.79,2025-04-13
5324,90035,196,8381.44,2025-04-10
5325,46876,8936,74614.61,2025-04-12
5326,47071,7339,57330.67,2025-04-17
5327,42552,8456,25555.97,2025-04-13
5328,2634,9815,49415.92,2025-04-26
5329,76965,4967,39959.8,2025-04-14
5330,23568,395,65053.82,2025-04-30
5331,14246,2811,69897.98,2025-04-09
5332,5381,8769,35180.63,2025-04-19
5333,47509,277,32484.05,2025-04-17
5334,40633,6149,50853.78,2025-04-15
5335,75392,9289,5929.9,2025-04-16
5336,57236,3387,37050.98,2025-04-13
5337,39715,9241,79315.95,2025-04-19
5338,68531,5827,91918.65,2025-04-16
5339,59011,5905,44772.44,2025-04-24
5340,65533,540,34132.53,2025-04-03
5341,36731,1412,8872.53,2025-04-18
5342,5092,6135,6924.97,2025-04-25
5343,5916,9730,84302.48,2025-04-08
5344,52420,5466,50385.38,2025-04-14
5345,25857,8374,14399.31,2025-04-03
5346,57822,8465,9171.83,2025-04-15
5347,47916,1736,36474.36,2025-04-05
5348,36713,622,99821.09,2025-04-09
5349,73787,6739,80888.39,2025-04-10
5350,87862,3212,82478.0,2025-04-09
5351,6691,2670,87735.56,2025-04-05
5352,86687,2185,60058.18,2025-04-23
5353,54435,3784,93086.67,2025-04-10
5354,60702,97,78870.61,2025-04-05
5355,98700,3958,58263.09,2025-04-17
5356,68186,2760,13305.45,2025-04-09
5357,23563,7308,23051.22,2025-04-22
5358,64676,8896,28325.76,2025-04-05
5359,53473,6801,82302.27,2025-04-24
5360,92593,8615,49725.13,2025-04-25
5361,10149,2020,5436.61,2025-04-20
5362,45600,1318,48735.79,2025-04-20
5363,60009,5444,49926.43,2025-04-12
5364,57285,4461,56795.97,2025-04-16
5365,21830,9424,88025.66,2025-04-08
5366,53253,9465,73715.5,2025-04-15
5367,28018,4490,51460.78,2025-04-05
5368,85987,7084,88614.05,2025-04-04
5369,98052,126,6799.09,2025-04-08
5370,62608,7570,45646.97,2025-04-27
5371,32155,1096,92092.31,2025-05-01
5372,52538,4978,29602.36,2025-04-23
5373,97163,5265,20666.53,2025-04-18
5374,98890,9225,17728.93,2025-04-07
5375,69821,8549,15597.28,2025-04-11
5376,94972,9573,92018.58,2025-04-27
5377,16338,6384,73558.87,2025-04-21
5378,25192,5158,28024.14,2025-04-24
5379,47053,3136,9513.87,2025-04-11
5380,49634,3265,18362.27,2025-04-10
5381,93108,4187,13318.14,2025-04-09
5382,80474,5598,24720.61,2025-04-12
5383,7688,288,91129.66,2025-04-15
5384,36438,438,88501.26,2025-04-20
5385,60353,3707,59486.27,2025-04-30
5386,58552,953,83215.37,2025-05-03
5387,21453,4930,25427.75,2025-04-07
5388,3436,5257,55867.96,2025-04-14
5389,42861,4327,6890.54,2025-04-19
5390,28149,6645,26658.22,2025-04-24
5391,5487,1226,19960.01,2025-04-22
5392,59258,9223,66968.26,2025-04-09
5393,70964,7359,65406.04,2025-04-26
5394,8550,380,40454.51,2025-04-30
5395,24174,6428,53114.87,2025-04-12
5396,65688,2968,44804.37,2025-04-17
5397,70134,1548,65336.54,2025-04-26
5398,4505,1808,78198.33,2025-04-18
5399,41400,3931,75371.55,2025-04-16
5400,4926,9880,73407.41,2025-04-06
5401,81599,4412,90178.57,2025-04-04
5402,96861,7647,83929.65,2025-04-26
5403,31238,5461,36445.24,2025-05-03
5404,37856,7040,71510.63,2025-04-20
5405,76257,8609,16436.63,2025-04-21
5406,92075,4650,64638.91,2025-04-19
5407,75158,7511,25014.71,2025-04-22
5408,58134,9812,8466.43,2025-05-04
5409,95538,9759,84570.74,2025-04-29
5410,63633,4847,32524.72,2025-05-02
5411,60261,9907,68612.67,2025-04-26
5412,38457,2117,33574.75,2025-04-16
5413,63771,6040,88324.94,2025-04-24
5414,44607,7694,70300.51,2025-04-09
5415,65063,9864,80287.71,2025-04-18
5416,98101,7114,55306.6,2025-04-24
5417,50937,5990,98313.04,2025-04-05
5418,6634,9203,19880.45,2025-04-17
5419,22203,3616,55050.64,2025-04-26
5420,32315,5767,26929.75,2025-04-16
5421,81625,346,15154.22,2025-04-13
5422,53454,1520,15838.96,2025-04-12
5423,88230,4028,92260.79,2025-04-06
5424,77957,7561,35118.46,2025-05-03
5425,48951,1145,21134.23,2025-04-06
5426,51175,6600,26936.65,2025-05-01
5427,99380,1054,39435.22,2025-04-12
5428,29450,1977,21825.64,2025-05-05
5429,47984,2170,88630.99,2025-04-18
5430,2531,5740,32484.12,2025-04-24
5431,99275,9444,41199.16,2025-04-24
5432,75773,9020,50699.42,2025-04-29
5433,81860,8264,57120.79,2025-04-08
5434,65813,5022,67930.77,2025-04-26
5435,63639,5590,81207.54,2025-05-04
5436,44207,6745,43569.8,2025-04-21
5437,52430,3112,60834.88,2025-04-17
5438,54266,2953,88100.2,2025-04-22
5439,42655,6935,32743.82,2025-04-10
5440,97547,7820,81763.17,2025-04-20
5441,69697,3082,25013.87,2025-05-04
5442,60952,4006,52023.21,2025-04-27
5443,51835,7635,88922.19,2025-04-19
5444,41111,5382,53254.93,2025-05-05
5445,44013,5278,49511.71,2025-04-25
5446,30405,2262,83476.82,2025-04-10
5447,15378,256,44011.52,2025-04-30
5448,33938,3178,76748.3,2025-04-09
5449,79390,8876,73649.17,2025-04-26
5450,40725,4024,87675.71,2025-05-06
5451,18311,6441,70892.08,2025-04-08
5452,90309,43,83735.92,2025-04-25
5453,72274,4231,35901.67,2025-04-16
5454,18424,2806,72505.5,2025-05-03
5455,8132,1318,57409.05,2025-05-05
5456,13299,3185,15969.59,2025-04-26
5457,79560,1880,12957.74,2025-04-19
5458,54233,8138,66762.64,2025-05-01
5459,11665,8194,52860.54,2025-04-28
5460,16083,6356,29249.26,2025-04-26
5461,97366,4206,84986.79,2025-04-20
5462,3174,7789,70512.64,2025-04-30
5463,79956,3901,13564.77,2025-04-29
5464,41559,5145,36034.45,2025-04-30
5465,85977,3374,66075.13,2025-04-24
5466,57421,9674,24435.65,2025-04-19
5467,70547,4998,81286.18,2025-04-17
5468,60599,9079,27363.46,2025-04-21
5469,81594,6603,18928.43,2025-05-04
5470,20694,5658,73420.99,2025-04-27
5471,60077,9055,9182.37,2025-05-03
5472,79258,4478,41296.32,2025-05-03
5473,53453,5879,52185.02,2025-04-27
5474,35883,8163,84179.65,2025-05-01
5475,82159,1887,32660.19,2025-04-22
5476,14692,5295,24825.67,2025-05-02
5477,36486,9345,73236.36,2025-04-15
5478,65956,9136,99275.63,2025-04-26
5479,19055,1914,94417.99,2025-04-20
5480,80262,9689,46303.56,2025-05-03
5481,63826,8373,78266.24,2025-04-12
5482,18245,8611,25392.42,2025-04-19
5483,84112,7550,49443.09,2025-04-13
5484,37056,9622,43371.88,2025-04-09
5485,74233,5732,95887.39,2025-04-17
5486,59083,5531,10356.35,2025-04-13
5487,54966,6634,14491.96,2025-04-24
5488,38466,6579,75539.59,2025-04-10
5489,30721,2055,48280.28,2025-04-23
5490,25911,7109,77947.98,2025-04-25
5491,552,5507,18348.2,2025-04-29
5492,27310,3230,64889.19,2025-04-12
5493,7906,8875,31913.46,2025-05-03
5494,19983,9612,31933.67,2025-04-17
5495,31668,8867,42216.45,2025-04-29
5496,39884,9560,28325.24,2025-04-30
5497,37878,5978,13371.43,2025-04-22
5498,23702,1377,37480.53,2025-04-11
5499,59560,4447,55799.64,2025-04-21
5500,29965,2020,76233.16,2025-04-27
5501,24863,4009,18542.94,2025-05-04
5502,26546,419,47563.68,2025-04-16
5503,75911,343,19358.53,2025-04-22
5504,55204,6272,31928.83,2025-04-12
5505,25898,8950,38737.51,2025-04-22
5506,8147,3938,21676.48,2025-05-02
5507,33276,8725,73435.15,2025-04-20
5508,37403,8151,85978.55,2025-04-10
5509,57260,7848,67906.74,2025-05-02
5510,28729,2097,89725.03,2025-04-20
5511,77762,9851,10678.37,2025-04-16
5512,71195,7676,28008.28,2025-05-08
5513,74142,4995,68123.23,2025-05-09
5514,95923,4168,60654.78,2025-04-16
5515,31794,4290,17439.93,2025-05-04
5516,51465,8364,64612.7,2025-04-12
5517,92971,1301,55938.65,2025-04-10
5518,82881,1366,32330.46,2025-04-25
5519,73799,5719,61517.73,2025-04-23
5520,49223,1311,74007.69,2025-05-07
5521,29918,6975,95986.89,2025-04-25
5522,98037,630,34868.7,2025-04-10
5523,13935,4719,56342.17,2025-05-03
5524,52774,7435,46599.47,2025-04-22
5525,15216,8989,76774.39,2025-05-05
5526,45802,8675,30458.63,2025-05-08
5527,39494,1818,57883.18,2025-04-22
5528,47877,2442,5449.56,2025-05-05
5529,44561,5053,8543.58,2025-05-03
5530,26926,6238,35634.02,2025-04-26
5531,23372,6676,98153.61,2025-04-28
5532,62531,8036,76175.05,2025-04-18
5533,45081,2462,54941.91,2025-04-25
5534,84976,7709,33180.93,2025-04-16
5535,32990,9568,20045.66,2025-04-21
5536,71200,2737,5416.1,2025-04-23
5537,90958,5702,95135.41,2025-04-16
5538,43910,7396,96097.95,2025-05-10
5539,10305,771,75273.54,2025-04-19
5540,55336,5811,25838.61,2025-05-01
5541,91773,2754,91464.7,2025-04-28
5542,21989,6176,79200.23,2025-04-24
5543,3595,2141,53543.69,2025-05-02
5544,4768,6358,71183.99,2025-04-21
5545,98028,4998,5577.85,2025-05-08
5546,18120,7188,94462.32,2025-04-14
5547,90162,8906,43458.82,2025-04-28
5548,1181,5367,41198.33,2025-04-30
5549,80329,998,51932.23,2025-04-14
5550,37486,434,69772.88,2025-05-03
5551,66136,6800,47361.96,2025-04-16
5552,25027,7443,31560.06,2025-04-29
5553,40607,916,45998.51,2025-05-12
5554,66164,6244,68307.35,2025-04-19
5555,43823,8039,15809.08,2025-04-14
5556,35636,6581,6898.83,2025-05-09
5557,69013,2584,46323.2,2025-04-21
5558,22918,6425,21485.85,2025-05-10
5559,81007,5913,85529.06,2025-05-12
5560,14284,8435,38265.68,2025-05-04
5561,92659,3164,81074.28,2025-05-10
5562,9932,8811,6634.5,2025-04-29
5563,67801,8298,69110.42,2025-05-06
5564,30740,4963,16155.36,2025-04-22
5565,18910,1444,70422.51,2025-04-18
5566,47342,3722,29344.59,2025-04-18
5567,25594,5848,78734.41,2025-04-14
5568,84083,7117,56921.36,2025-05-03
5569,61115,789,90542.82,2025-05-02
5570,96839,8000,62034.61,2025-04-22
5571,33271,285,76602.73,2025-05-05
5572,16235,6643,52522.08,2025-05-09
5573,87825,7380,18550.13,2025-05-13
5574,95979,3824,75314.62,2025-05-05
5575,93033,5977,25623.6,2025-05-07
5576,56161,3066,42281.36,2025-04-17
5577,94896,4282,38169.16,2025-04-16
5578,33021,7371,88502.57,2025-04-15
5579,41943,1772,98583.24,2025-05-07
5580,40497,7043,79006.88,2025-04-25
5581,78086,7214,73320.54,2025-04-30
5582,36336,2701,11860.75,2025-04-19
5583,17826,8843,96671.0,2025-04-14
5584,41744,771,5142.6,2025-04-21
5585,4465,6071,5062.58,2025-04-24
5586,44948,2625,41734.67,2025-04-18
5587,1438,7226,57599.74,2025-04-25
5588,22467,2574,98731.94,2025-04-16
5589,52989,4122,54042.56,2025-05-12
5590,52863,455,61333.28,2025-05-01
5591,25264,8242,80487.85,2025-04-17
5592,94487,1963,85476.56,2025-05-13
5593,99205,8506,90019.82,2025-04-21
5594,28231,1911,99255.49,2025-05-13
5595,58805,8208,54417.9,2025-05-06
5596,27992,3252,21764.91,2025-04-27
5597,19451,1078,39565.16,2025-04-28
5598,36941,8559,69721.99,2025-05-01
5599,12528,5462,26802.39,2025-04-22
5600,5491,1963,69385.17,2025-05-10
5601,72881,4839,95723.71,2025-05-02
5602,74458,3527,38099.49,2025-05-14
5603,19733,8690,67513.29,2025-05-13
5604,66032,5635,56773.84,2025-05-06
5605,24538,2397,24165.13,2025-04-26
5606,34821,2579,58220.81,2025-05-12
5607,36432,9985,93603.53,2025-04-30
5608,35523,1316,22360.37,2025-04-19
5609,43857,5806,61612.65,2025-05-01
5610,85497,614,56975.67,2025-04-28
5611,28074,8560,22358.07,2025-04-24
5612,23813,9157,68228.53,2025-04-16
5613,1050,2132,42234.56,2025-05-04
5614,9619,7899,54732.51,2025-04-25
5615,36002,4612,7423.18,2025-05-10
5616,42034,7226,78161.55,2025-05-12
5617,2907,4088,92983.78,2025-05-14
5618,66028,8627,59983.49,2025-04-16
5619,74221,8052,70025.56,2025-04-26
5620,26846,1807,71854.83,2025-04-26
5621,72061,7353,56392.14,2025-05-14
5622,98461,4247,15065.13,2025-04-19
5623,43714,2288,70489.16,2025-05-15
5624,95616,8532,15838.34,2025-05-13
5625,18344,4589,89442.93,2025-04-29
5626,21149,9206,8490.88,2025-05-06
5627,87967,4911,24989.13,2025-05-05
5628,33216,1507,25169.68,2025-05-13
5629,57742,1382,74337.24,2025-04-18
5630,21663,4313,35966.72,2025-05-01
5631,27006,4881,42612.65,2025-05-13
5632,96379,2821,53496.6,2025-05-10
5633,42914,3095,92339.69,2025-05-13
5634,27753,4965,9219.74,2025-04-22
5635,80634,1773,28370.0,2025-04-26
5636,47325,9504,70585.55,2025-05-10
5637,56016,8859,36485.37,2025-05-02
5638,41775,2597,65318.48,2025-05-09
5639,4077,278,36418.47,2025-05-05
5640,14354,7642,8166.85,2025-04-27
5641,34255,7787,16753.75,2025-05-05
5642,12736,8887,21721.08,2025-05-01
5643,71042,3843,87926.68,2025-05-12
5644,1973,7299,69245.67,2025-05-07
5645,52350,5276,42804.52,2025-05-16
5646,27545,759,58678.94,2025-04-29
5647,50372,2927,51605.35,2025-04-29
5648,19952,9132,86019.65,2025-04-23
5649,79514,333,40586.2,2025-04-26
5650,58028,3276,53179.12,2025-04-28
5651,47146,3903,62513.35,2025-04-19
5652,22301,5229,44416.07,2025-05-04
5653,91755,777,80512.19,2025-05-05
5654,53127,1364,47851.2,2025-05-07
5655,49515,4084,83772.96,2025-05-06
5656,46914,5786,90867.74,2025-05-07
5657,40784,7748,75009.53,2025-04-24
5658,44956,4602,54162.81,2025-05-04
5659,57650,7537,22813.22,2025-05-11
5660,18210,3105,91706.55,2025-04-27
5661,625,4765,44966.38,2025-04-20
5662,78796,7521,87970.49,2025-04-27
5663,76199,1230,67489.8,2025-05-05
5664,27960,3512,26925.65,2025-05-12
5665,38314,9585,36787.12,2025-05-16
5666,16165,2790,85137.18,2025-04-28
5667,71127,5648,24441.69,2025-05-17
5668,25729,2286,83304.28,2025-05-04
5669,10913,6595,65416.3,2025-04-19
5670,79979,123,22826.46,2025-04-20
5671,93634,2159,76513.88,2025-04-21
5672,60269,6953,96362.42,2025-05-07
5673,45418,988,35994.15,2025-05-11
5674,56100,7108,51079.78,2025-04-22
5675,11676,9303,43832.82,2025-04-23
5676,4474,7555,16523.37,2025-04-28
5677,1686,411,94286.72,2025-05-02
5678,32461,720,96813.23,2025-04-29
5679,84485,223,30930.34,2025-05-16
5680,92432,9036,95045.58,2025-04-27
5681,39086,3780,69204.35,2025-05-06
5682,22618,8318,84591.06,2025-04-27
5683,32748,2802,97400.61,2025-05-10
5684,61957,6146,58175.27,2025-04-30
5685,57736,2552,73205.59,2025-04-19
5686,2224,368,16683.71,2025-05-02
5687,67795,9554,83281.71,2025-05-12
5688,29217,639,43064.6,2025-04-27
5689,16443,2203,23737.46,2025-05-05
5690,38490,8430,17959.63,2025-04-29
5691,23176,7299,28650.33,2025-04-24
5692,10765,4556,67636.36,2025-05-01
5693,42446,3887,64569.21,2025-04-24
5694,35096,7724,89728.39,2025-05-01
5695,29862,8221,59346.28,2025-05-11
5696,85276,6204,14446.51,2025-05-03
5697,16265,8887,56460.27,2025-04-30
5698,7735,6526,52089.52,2025-05-15
5699,44951,316,55770.28,2025-05-07
5700,68703,1851,22614.12,2025-05-05
5701,24659,3908,9203.68,2025-04-24
5702,53045,116,61627.3,2025-05-12
5703,33577,2822,39029.53,2025-05-16
5704,9718,1281,71686.5,2025-05-15
5705,57548,1668,32118.8,2025-05-06
5706,86049,132,92395.2,2025-04-25
5707,89770,4742,93211.87,2025-05-14
5708,23831,5133,36575.51,2025-05-10
5709,53523,4458,55308.34,2025-05-14
5710,57024,6716,45722.67,2025-04-22
5711,6028,8920,90923.85,2025-04-23
5712,26407,6692,56120.5,2025-04-21
5713,22184,3413,8969.12,2025-04-22
5714,92737,7331,63138.49,2025-05-02
5715,41818,9540,62537.71,2025-05-05
5716,63464,7183,48002.81,2025-05-19
5717,5413,1578,85597.12,2025-04-26
5718,16295,1574,21397.45,2025-05-13
5719,30534,4181,70537.38,2025-05-09
5720,93667,393,15188.56,2025-05-18
5721,4051,7277,29863.09,2025-04-20
5722,95300,4304,31831.36,2025-05-05
5723,91556,288,82208.04,2025-05-11
5724,77775,9039,24046.25,2025-05-13
5725,15836,3150,51770.99,2025-05-12
5726,9033,6960,18348.59,2025-05-03
5727,58557,9152,5189.74,2025-05-06
5728,45510,5057,80206.45,2025-05-11
5729,17393,670,37214.5,2025-05-05
5730,23042,5344,41541.51,2025-05-02
5731,88734,9009,56026.66,2025-04-20
5732,72841,5116,73553.71,2025-05-01
5733,91098,8336,12073.35,2025-05-06
5734,79097,2330,19137.63,2025-05-14
5735,46738,5936,39269.37,2025-04-29
5736,54136,5723,35152.4,2025-04-21
5737,4477,5669,41995.78,2025-04-22
5738,49585,2881,63525.39,2025-05-03
5739,8215,8756,13089.9,2025-05-06
5740,21271,7738,89662.3,2025-04-25
5741,14991,3389,35187.01,2025-05-14
5742,72798,9415,94966.53,2025-05-20
5743,19533,6087,12566.89,2025-04-21
5744,44482,7261,82890.55,2025-04-28
5745,92255,6659,35691.44,2025-05-16
5746,11127,2606,85908.52,2025-04-27
5747,97820,6594,89468.23,2025-05-19
5748,28814,4011,62247.93,2025-05-14
5749,677,263,64561.08,2025-05-10
5750,37331,4674,91995.82,2025-05-03
5751,47839,4307,82226.51,2025-04-26
5752,8870,7482,83973.93,2025-04-28
5753,98329,1141,97081.32,2025-05-03
5754,46615,4518,72624.69,2025-05-06
5755,37122,9013,14486.85,2025-04-21
5756,39290,7600,12605.92,2025-04-23
5757,33178,5299,36071.54,2025-05-08
5758,35881,8699,55888.03,2025-05-04
5759,56228,2014,56957.89,2025-05-05
5760,81571,7946,57442.53,2025-04-30
5761,53174,9253,22628.8,2025-05-08
5762,81624,5150,82682.17,2025-05-09
5763,59791,938,12255.21,2025-05-05
5764,62218,1481,27242.48,2025-04-26
5765,53700,6576,60384.36,2025-04-26
5766,72562,718,82737.98,2025-05-20
5767,27222,1033,12281.88,2025-05-21
5768,10680,507,93167.58,2025-05-10
5769,88807,535,81558.5,2025-05-10
5770,51332,8883,46998.75,2025-04-22
5771,11114,7233,52441.9,2025-05-11
5772,6141,8991,58811.22,2025-05-14
5773,33830,884,61621.11,2025-04-27
5774,44451,1167,46047.48,2025-05-21
5775,82906,4309,25941.93,2025-04-24
5776,46549,8443,6913.63,2025-05-12
5777,25672,1663,83338.27,2025-04-22
5778,82934,8590,77298.16,2025-05-21
5779,51544,3352,43358.7,2025-05-09
5780,30002,3529,82725.3,2025-05-19
5781,36726,2058,67961.26,2025-05-16
5782,36348,2013,88235.14,2025-05-20
5783,91109,8903,72315.44,2025-05-05
5784,46199,820,40867.31,2025-05-16
5785,62516,9332,31308.8,2025-05-01
5786,53644,6375,59403.36,2025-05-19
5787,12693,7910,88901.98,2025-04-23
5788,3838,8598,16832.35,2025-05-11
5789,42408,191,10274.96,2025-05-19
5790,41285,9559,40003.01,2025-05-19
5791,35092,3925,89098.08,2025-05-04
5792,37847,591,92682.04,2025-05-07
5793,2195,4601,18801.15,2025-04-27
5794,8781,3889,64251.55,2025-05-16
5795,28954,3368,48520.33,2025-04-27
5796,90937,9881,31995.79,2025-05-06
5797,93219,4370,49001.89,2025-05-19
5798,86082,597,98212.08,2025-05-01
5799,15824,817,39482.81,2025-05-07
5800,14123,8076,56850.83,2025-05-01
5801,75267,8848,80176.5,2025-05-20
5802,53238,3181,26246.14,2025-05-02
5803,52249,3070,98689.25,2025-05-15
5804,68545,5619,20724.2,2025-05-08
5805,3456,1521,26505.44,2025-04-29
5806,60788,6777,33897.36,2025-05-13
5807,51685,4697,60493.34,2025-05-21
5808,86086,8927,13862.48,2025-05-16
5809,73760,2626,27963.95,2025-05-11
5810,22402,1189,11399.0,2025-05-20
5811,15437,6359,94861.76,2025-05-09
5812,84732,961,25333.24,2025-05-10
5813,79255,6201,85765.52,2025-05-11
5814,53896,1633,25276.01,2025-05-13
5815,23436,9000,40035.99,2025-05-06
5816,94483,2405,48610.74,2025-05-01
5817,38817,6729,64236.44,2025-04-24
5818,4165,2505,66373.28,2025-04-30
5819,23185,4485,17696.96,2025-05-09
5820,51834,1096,31591.55,2025-05-23
5821,60129,9803,42516.23,2025-05-06
5822,94611,9885,91637.39,2025-05-23
5823,79861,5532,92623.06,2025-05-02
5824,35222,2593,11033.87,2025-05-09
5825,80795,3749,23813.62,2025-04-30
5826,97129,7413,24308.54,2025-05-16
5827,63219,8442,15282.64,2025-05-17
5828,67438,6059,36643.81,2025-05-02
5829,453,3337,30371.06,2025-05-09
5830,74365,5055,12909.66,2025-05-01
5831,32061,7640,44960.39,2025-05-16
5832,8965,5241,36297.32,2025-04-27
5833,99852,7111,42875.33,2025-05-10
5834,13385,2606,74231.97,2025-05-11
5835,379,4976,19276.42,2025-05-23
5836,79650,9247,45865.62,2025-05-14
5837,38103,3762,54986.94,2025-05-24
5838,68395,403,15494.76,2025-05-04
5839,51559,7160,56309.97,2025-05-14
5840,32303,6333,56157.34,2025-05-16
5841,92168,6070,60066.48,2025-04-28
5842,12225,220,8595.79,2025-04-25
5843,51029,2435,15009.4,2025-05-09
5844,1887,5837,96518.6,2025-05-09
5845,45968,5827,31902.25,2025-04-27
5846,26347,2726,76407.73,2025-05-20
5847,88718,6969,88850.43,2025-05-17
5848,21713,745,17910.66,2025-04-25
5849,77369,6493,82422.72,2025-04-27
5850,3475,456,19283.48,2025-05-09
5851,28013,6627,73132.47,2025-05-19
5852,43617,1684,7635.11,2025-05-25
5853,75870,5763,15675.17,2025-05-07
5854,98473,1537,67636.27,2025-05-11
5855,93051,4266,74343.16,2025-04-30
5856,66581,9848,12147.86,2025-05-09
5857,55451,3131,73258.82,2025-05-01
5858,44832,6739,70021.62,2025-05-21
5859,3828,463,58040.62,2025-05-13
5860,11863,3606,42291.74,2025-04-28
5861,35099,6365,86351.4,2025-05-21
5862,87963,7225,39763.45,2025-05-04
5863,70783,1255,29651.48,2025-04-28
5864,73500,8436,22082.07,2025-05-20
5865,14261,5088,93165.69,2025-05-12
5866,37889,8878,77303.93,2025-05-18
5867,63611,8419,56461.3,2025-05-06
5868,47909,7904,62568.66,2025-05-23
5869,78853,1147,15289.21,2025-05-09
5870,307,9722,81763.26,2025-05-06
5871,90802,7517,16731.33,2025-05-22
5872,58186,4463,98673.68,2025-05-15
5873,56208,658,39702.52,2025-05-11
5874,43806,5270,40289.61,2025-05-16
5875,12804,5574,53788.17,2025-04-30
5876,91442,5667,65357.05,2025-05-04
5877,44056,9719,80240.94,2025-05-21
5878,8220,2632,90964.83,2025-05-11
5879,32737,5341,45223.39,2025-05-24
5880,64660,9957,53003.83,2025-05-13
5881,31543,3946,14347.55,2025-04-30
5882,5406,891,5458.86,2025-04-27
5883,96738,9354,21004.03,2025-05-14
5884,78949,2827,90003.09,2025-05-09
5885,21352,4811,66554.03,2025-05-13
5886,63725,1061,50672.38,2025-05-11
5887,80552,5652,9519.84,2025-05-21
5888,13490,4264,12669.55,2025-05-23
5889,3000,4742,74753.19,2025-04-27
5890,72994,576,94859.92,2025-05-17
5891,17973,7347,33642.79,2025-05-15
5892,29294,4798,53079.06,2025-05-02
5893,69265,5278,56035.9,2025-05-06
5894,69348,4938,55009.09,2025-05-06
5895,49897,6914,42846.3,2025-05-06
5896,36553,6944,44259.94,2025-05-24
5897,44815,9077,60291.88,2025-04-30
5898,94221,3512,80329.36,2025-05-14
5899,21579,2952,8269.07,2025-05-27
5900,8115,4076,58450.65,2025-05-05
5901,89146,7749,68092.87,2025-05-26
5902,16433,4898,35856.45,2025-05-12
5903,88326,5815,10991.11,2025-05-19
5904,78881,893,46648.85,2025-05-09
5905,44862,5301,37978.3,2025-04-30
5906,47811,605,70160.67,2025-05-09
5907,40808,1116,83144.77,2025-05-23
5908,27326,7317,93293.24,2025-05-12
5909,90085,9954,14299.94,2025-05-12
5910,47147,1068,5914.7,2025-05-11
5911,51430,2886,41233.41,2025-05-28
5912,68367,882,15166.02,2025-05-24
5913,38442,2084,75974.94,2025-05-05
5914,51704,3829,81723.18,2025-05-17
5915,13004,9366,81719.83,2025-05-06
5916,47633,9948,40286.63,2025-05-06
5917,28957,5529,93109.2,2025-05-22
5918,60548,5921,76022.74,2025-05-14
5919,37050,6909,41126.87,2025-05-17
5920,52809,2032,36549.14,2025-05-28
5921,67302,3188,56478.82,2025-05-19
5922,28054,7322,59055.23,2025-05-02
5923,70720,3283,47322.98,2025-05-19
5924,7626,6227,65665.91,2025-05-07
5925,98262,3855,80619.33,2025-05-18
5926,47468,3573,38940.72,2025-05-04
5927,99624,564,23935.73,2025-05-08
5928,36443,9623,73908.6,2025-05-13
5929,25281,8190,71728.28,2025-05-29
5930,74696,2173,41639.4,2025-05-09
5931,12911,5474,88230.77,2025-05-05
5932,16743,8094,98555.09,2025-05-05
5933,55126,8775,21943.07,2025-05-22
5934,92272,5135,11093.13,2025-05-15
5935,48237,7625,28002.92,2025-05-07
5936,19686,6532,61460.31,2025-05-05
5937,30017,8763,31890.78,2025-05-02
5938,96431,5502,53672.98,2025-05-06
5939,62564,8895,5647.37,2025-05-09
5940,53264,9772,51946.41,2025-05-23
5941,65732,7999,45717.4,2025-05-20
5942,15568,3560,87663.52,2025-05-24
5943,82418,3710,30177.3,2025-05-29
5944,54354,39,85574.09,2025-05-27
5945,82328,1802,60395.0,2025-05-28
5946,44305,4192,93551.46,2025-05-13
5947,42985,5538,22530.08,2025-05-09
5948,57922,6854,58144.88,2025-05-19
5949,86454,5702,42952.14,2025-05-14
5950,24077,557,53029.84,2025-05-03
5951,13552,8398,67568.6,2025-05-20
5952,42030,8991,74714.06,2025-05-24
5953,68725,963,74142.18,2025-05-06
5954,50668,1266,67005.71,2025-05-19
5955,29386,9855,81898.48,2025-05-03
5956,86589,5348,82617.99,2025-05-15
5957,70040,1093,59903.8,2025-05-01
5958,52866,2113,93858.72,2025-05-24
5959,96274,1409,52374.35,2025-05-01
5960,7043,4927,60041.41,2025-05-24
5961,8716,8420,66227.16,2025-05-20
5962,81096,7382,77427.27,2025-05-07
5963,16568,7845,77430.91,2025-05-15
5964,51037,8458,61093.52,2025-05-27
5965,14310,6950,97987.65,2025-05-01
5966,30599,4086,9181.8,2025-05-13
5967,32091,3862,8676.17,2025-05-08
5968,87813,6703,56510.45,2025-05-22
5969,24845,3337,57531.07,2025-05-20
5970,93794,821,41817.8,2025-05-03
5971,88827,9417,38747.85,2025-05-27
5972,57092,7112,76112.25,2025-05-22
5973,95856,3150,67142.44,2025-05-11
5974,1742,1078,87709.29,2025-05-18
5975,81093,2152,35896.93,2025-05-03
5976,54302,8230,67093.29,2025-05-14
5977,75668,9318,5881.64,2025-05-09
5978,3602,5502,94153.68,2025-05-04
5979,27295,95,66490.33,2025-05-07
5980,58551,4706,16407.15,2025-05-27
5981,82293,4681,81363.7,2025-05-09
5982,84416,1287,74686.3,2025-05-30
5983,70008,1562,75857.97,2025-05-22
5984,27220,8809,18625.71,2025-05-11
5985,14561,8792,58596.09,2025-05-02
5986,85936,4208,79714.11,2025-05-05
5987,82435,5404,42421.59,2025-05-29
5988,46052,6778,83405.31,2025-05-14
5989,98743,6427,29725.04,2025-05-26
5990,73701,5503,28468.22,2025-05-13
5991,4745,7610,69181.23,2025-05-15
5992,5633,2139,10014.69,2025-05-05
5993,35741,9523,33151.93,2025-05-30
5994,76074,7375,86901.81,2025-05-26
5995,83901,8799,25934.85,2025-05-03
5996,24753,7683,65167.04,2025-05-07
5997,25797,8824,77830.91,2025-05-04
5998,51574,4686,90826.65,2025-05-27
5999,13203,5711,88561.11,2025-05-25
6000,15225,3950,51519.44,2025-05-21
6001,85326,9070,30671.48,2025-05-07
6002,80632,3292,49212.39,2025-05-28
6003,17127,7145,25016.18,2025-05-06
6004,5559,3047,35660.91,2025-05-17
6005,43187,1673,45019.2,2025-05-25
6006,80116,9704,18219.25,2025-05-03
6007,8153,7446,5160.41,2025-05-08
6008,51141,1187,38133.93,2025-05-26
6009,11230,8050,19725.65,2025-05-04
6010,17107,880,36098.74,2025-05-08
6011,57906,3798,17929.32,2025-05-27
6012,95145,120,84489.09,2025-05-29
6013,80798,2566,95676.26,2025-05-04
6014,38142,811,95494.14,2025-05-27
6015,41951,8501,63390.76,2025-06-02
6016,31799,952,60568.0,2025-05-25
6017,89697,6716,32156.35,2025-05-06
6018,54641,6291,93893.63,2025-05-25
6019,98530,4316,19846.57,2025-06-02
6020,10008,1398,64252.66,2025-05-10
6021,74109,1467,43879.12,2025-05-08
6022,3133,4299,52668.51,2025-05-25
6023,22770,6493,90324.24,2025-05-12
6024,5076,127,67224.61,2025-05-24
6025,10846,3840,21459.29,2025-05-24
6026,18306,1154,86567.76,2025-06-02
6027,39427,7575,57623.69,2025-05-04
6028,88309,4722,83630.99,2025-05-06
6029,39486,2912,40743.78,2025-05-22
6030,46516,6754,13328.88,2025-05-23
6031,22990,7729,33993.27,2025-05-21
6032,53534,2106,32667.32,2025-05-07
6033,26031,1780,90801.43,2025-05-19
6034,42847,3066,97530.51,2025-05-07
6035,87682,4447,39835.98,2025-05-24
6036,25766,1296,84287.65,2025-05-16
6037,92136,3292,70150.28,2025-05-08
6038,7775,6418,29248.44,2025-05-31
6039,94588,6588,49696.29,2025-05-18
6040,3699,5355,7198.69,2025-06-01
6041,79026,348,7295.44,2025-06-02
6042,37962,2245,5073.79,2025-05-07
6043,95002,1105,78868.34,2025-05-31
6044,42756,9416,47827.23,2025-05-20
6045,84115,4256,70495.23,2025-06-02
6046,89191,7884,28026.35,2025-05-10
6047,99709,8464,28027.51,2025-06-03
6048,36140,128,38234.57,2025-05-24
6049,71659,4832,36679.34,2025-05-05
6050,22853,3954,13003.89,2025-05-20
6051,8480,5863,6803.81,2025-05-28
6052,15748,5358,20453.14,2025-05-12
6053,11561,6785,15370.04,2025-05-20
6054,43740,5660,30320.8,2025-05-09
6055,34959,8697,84354.08,2025-05-20
6056,44291,9393,31732.4,2025-06-02
6057,71589,5710,64241.04,2025-05-10
6058,90329,2426,5852.32,2025-05-31
6059,8856,2548,92425.99,2025-05-19
6060,63292,5893,41128.47,2025-05-13
6061,78860,8473,43029.47,2025-05-27
6062,55547,2336,27894.64,2025-05-25
6063,98937,3354,28254.5,2025-05-11
6064,87014,572,52901.15,2025-05-16
6065,2734,1234,71954.68,2025-05-30
6066,20798,576,15329.8,2025-06-03
6067,25918,42,28982.23,2025-06-02
6068,54156,8575,99308.15,2025-05-31
6069,14829,5675,41636.95,2025-06-04
6070,17706,4864,89700.26,2025-05-22
6071,14989,944,62228.45,2025-05-22
6072,61026,6037,70713.9,2025-05-09
6073,45969,1796,89930.06,2025-06-01
6074,97886,8346,87755.58,2025-05-29
6075,65194,3896,31420.13,2025-05-25
6076,3354,6411,84508.48,2025-05-28
6077,83913,8662,42414.32,2025-05-07
6078,58283,7822,58110.57,2025-05-23
6079,1640,6361,66646.33,2025-05-13
6080,89605,8199,18451.01,2025-05-09
6081,27428,282,47566.88,2025-05-23
6082,4500,2305,77579.63,2025-05-27
6083,80582,9962,62633.26,2025-05-12
6084,76047,6384,9485.15,2025-06-02
6085,75539,4702,18917.87,2025-05-28
6086,19390,3644,47083.06,2025-05-13
6087,96732,4313,48340.26,2025-05-08
6088,25811,9090,53345.91,2025-05-30
6089,13872,4060,29270.74,2025-05-26
6090,47543,6885,97908.2,2025-05-18
6091,67664,1917,29549.06,2025-06-02
6092,87088,9445,40933.03,2025-05-24
6093,41936,220,49216.88,2025-05-10
6094,63001,4589,73016.2,2025-06-03
6095,27342,9887,34404.74,2025-06-02
6096,79852,8299,83608.64,2025-05-19
6097,78269,2569,25978.82,2025-06-06
6098,13401,155,49053.86,2025-05-18
6099,95716,5237,26159.2,2025-05-11
6100,12033,2193,87862.49,2025-05-12
6101,62958,1726,32479.41,2025-05-17
6102,56552,2115,90619.56,2025-05-12
6103,37283,7359,31244.79,2025-05-18
6104,22373,1490,62936.57,2025-05-16
6105,97062,1990,74626.39,2025-05-18
6106,35784,4556,51973.2,2025-06-05
6107,43370,5961,95454.66,2025-05-14
6108,84779,2595,27181.91,2025-05-25
6109,42014,627,65379.97,2025-06-07
6110,44277,8497,43699.04,2025-06-05
6111,49012,6195,16014.32,2025-05-13
6112,19727,3699,89844.01,2025-05-16
6113,76308,7627,22814.67,2025-05-21
6114,99734,9803,15380.68,2025-06-01
6115,72381,5876,22965.3,2025-05-10
6116,67018,8044,11473.36,2025-06-05
6117,6095,9596,20548.83,2025-05-14
6118,72649,7892,29349.17,2025-05-27
6119,4293,5204,58995.12,2025-05-14
6120,10044,3531,53387.29,2025-05-12
6121,69802,1671,70059.88,2025-06-01
6122,40175,7258,6954.07,2025-05-17
6123,99021,6487,57042.92,2025-06-05
6124,97945,2250,98403.26,2025-05-12
6125,92666,3301,48043.88,2025-05-28
6126,96253,4431,77296.03,2025-05-12
6127,26647,2792,24038.01,2025-06-01
6128,7555,7495,36891.74,2025-05-24
6129,3179,7764,97163.56,2025-06-06
6130,51120,1338,31929.61,2025-05-20
6131,55401,3022,33134.92,2025-05-12
6132,713,1144,61895.58,2025-05-18
6133,94973,7324,29313.49,2025-05-19
6134,80986,9106,25046.91,2025-05-20
6135,57028,6491,11507.5,2025-05-21
6136,98762,9233,82084.17,2025-06-05
6137,90326,7804,37449.15,2025-06-07
6138,98424,6391,13196.85,2025-06-06
6139,98326,9139,12734.22,2025-06-06
6140,44184,758,88184.99,2025-05-10
6141,29667,2814,10532.79,2025-05-18
6142,43549,127,6404.14,2025-05-23
6143,5234,4541,51130.37,2025-05-25
6144,5555,9295,74010.28,2025-05-13
6145,16619,6563,51984.86,2025-05-23
6146,33590,516,29362.47,2025-06-05
6147,78772,4986,33993.7,2025-05-12
6148,99561,3033,39769.38,2025-05-25
6149,5161,6243,74808.46,2025-05-21
6150,53312,1415,26854.17,2025-05-15
6151,91499,336,44541.63,2025-05-17
6152,25230,4801,99856.16,2025-06-03
6153,58872,6160,39424.15,2025-05-24
6154,81786,417,84183.16,2025-05-21
6155,25865,489,97934.39,2025-06-09
6156,52844,9895,49961.52,2025-05-30
6157,38814,8285,79763.24,2025-05-31
6158,18524,8658,71205.65,2025-05-11
6159,35146,9348,82113.25,2025-06-03
6160,39840,3023,49827.7,2025-05-22
6161,50959,1453,68593.37,2025-05-14
6162,99005,8728,62447.93,2025-05-13
6163,35568,6221,26630.79,2025-05-28
6164,24279,9605,32622.76,2025-05-18
6165,46142,4825,48488.41,2025-05-19
6166,98237,2317,26872.68,2025-05-24
6167,42641,7372,92764.87,2025-05-18
6168,18592,4131,97109.19,2025-06-07
6169,19081,3201,51138.86,2025-05-28
6170,20552,9922,44419.27,2025-05-26
6171,80013,139,25560.91,2025-06-09
6172,38078,8472,11804.09,2025-05-22
6173,82667,1989,19267.49,2025-06-05
6174,6507,8401,44098.28,2025-05-13
6175,77752,1727,29711.99,2025-06-02
6176,27552,2770,30971.32,2025-05-18
6177,65937,8712,67235.25,2025-06-04
6178,45768,4165,49595.96,2025-06-03
6179,34932,3493,64177.26,2025-05-17
6180,82499,8822,69035.91,2025-06-03
6181,49252,2674,45460.13,2025-05-31
6182,39138,179,32968.62,2025-06-03
6183,30522,3782,15838.2,2025-06-03
6184,6885,410,58600.03,2025-05-28
6185,26132,8774,21780.63,2025-06-07
6186,99077,1254,95998.63,2025-06-03
6187,28599,5649,77826.51,2025-05-15
6188,71670,8074,28031.17,2025-05-31
6189,96213,6039,34949.48,2025-05-21
6190,61141,6855,11864.56,2025-05-21
6191,398,8462,46928.05,2025-06-02
6192,8479,6541,28789.19,2025-06-05
6193,90580,644,58244.81,2025-05-13
6194,95260,1069,22810.68,2025-05-13
6195,6353,9253,44160.9,2025-06-02
6196,35935,7983,17225.41,2025-06-02
6197,36173,1320,22303.52,2025-06-11
6198,50223,5241,73184.38,2025-06-10
6199,3780,802,86322.74,2025-05-17
6200,25382,2286,92241.51,2025-05-29
6201,24996,5141,8479.83,2025-05-13
6202,43538,1349,92090.35,2025-05-17
6203,45613,6963,16809.85,2025-05-13
6204,79068,8157,8279.84,2025-05-15
6205,77832,4171,83459.42,2025-05-16
6206,80809,7798,98897.59,2025-06-04
6207,68536,6427,70844.1,2025-05-29
6208,29530,781,48633.5,2025-05-21
6209,60471,2386,5948.39,2025-06-11
6210,92453,411,49161.48,2025-05-17
6211,25351,6655,89989.86,2025-05-20
6212,33421,6319,31421.11,2025-05-21
6213,6723,8092,69336.76,2025-05-30
6214,4599,805,23911.85,2025-05-24
6215,20854,9714,56313.78,2025-05-28
6216,1420,506,16520.39,2025-06-10
6217,89594,8829,78112.33,2025-06-10
6218,90387,3788,44762.76,2025-05-25
6219,70867,2549,25245.39,2025-06-11
6220,35132,2291,95603.38,2025-06-03
6221,23431,2384,62517.53,2025-06-08
6222,51653,1065,91600.63,2025-06-12
6223,6649,9156,23504.82,2025-06-05
6224,29958,7041,30718.28,2025-06-02
6225,38510,89,58024.0,2025-05-25
6226,21521,2558,8074.75,2025-06-04
6227,94997,9010,78992.95,2025-05-18
6228,90133,4791,94184.24,2025-05-28
6229,33079,6795,24697.32,2025-06-12
6230,58390,5912,12604.42,2025-05-17
6231,43165,2151,29975.65,2025-05-30
6232,67439,3750,62766.58,2025-06-03
6233,71558,3185,69845.52,2025-06-02
6234,16377,5722,58074.34,2025-06-06
6235,64745,68,7250.45,2025-06-09
6236,28032,1902,22494.49,2025-06-07
6237,43456,6857,90622.46,2025-05-17
6238,25083,5909,11324.7,2025-05-20
6239,63333,2629,99770.4,2025-06-05
6240,47700,7808,33121.61,2025-05-28
6241,30684,612,89200.86,2025-06-04
6242,80660,4805,9459.49,2025-05-28
6243,14217,5061,51732.87,2025-06-03
6244,51543,4675,31375.91,2025-06-01
6245,54831,7873,17316.4,2025-05-31
6246,9561,1193,97348.98,2025-06-10
6247,75376,3502,9324.26,2025-05-24
6248,90768,8125,28379.38,2025-05-27
6249,94255,4989,95998.77,2025-05-25
6250,48697,1331,38735.65,2025-06-01
6251,89853,3216,56696.52,2025-05-31
6252,34610,1058,8422.84,2025-05-28
6253,70719,8789,26144.86,2025-06-02
6254,84362,6808,26558.22,2025-05-24
6255,14707,3266,11577.25,2025-05-16
6256,49079,3622,23148.37,2025-05-15
6257,11249,4473,78077.35,2025-05-24
6258,52608,1208,47610.86,2025-05-25
6259,24067,3031,57543.11,2025-06-07
6260,84929,415,90346.11,2025-05-31
6261,81875,9121,54943.58,2025-06-01
6262,67124,2033,58844.86,2025-06-07
6263,82826,5113,83023.88,2025-05-30
6264,4644,252,5957.67,2025-05-27
6265,60877,2965,78136.7,2025-06-07
6266,76128,7795,86161.87,2025-05-26
6267,17053,7106,31370.98,2025-06-12
6268,10849,8076,6028.59,2025-05-20
6269,71938,3131,92276.03,2025-05-22
6270,35715,2057,49586.44,2025-05-31
6271,91555,1920,86703.84,2025-06-03
6272,5824,542,66883.39,2025-05-26
6273,45264,9202,64360.59,2025-06-05
6274,98300,7310,63121.92,2025-05-23
6275,15556,1042,23263.72,2025-06-02
6276,83536,6991,17387.65,2025-06-03
6277,44953,2348,87662.8,2025-05-26
6278,50961,9258,79826.5,2025-06-06
6279,59904,7118,36933.64,2025-06-05
6280,375,502,27711.27,2025-06-02
6281,23884,2160,54250.92,2025-06-13
6282,88312,5859,45969.44,2025-06-06
6283,52701,1911,68568.34,2025-06-15
6284,65634,7479,44971.52,2025-05-17
6285,92475,9738,84206.65,2025-05-26
6286,36825,9286,74871.97,2025-06-08
6287,11872,3536,94451.01,2025-06-03
6288,93258,3143,5103.76,2025-05-31
6289,48069,725,68337.16,2025-05-30
6290,30764,980,9888.08,2025-06-11
6291,99223,4291,73312.07,2025-06-02
6292,53116,2125,41608.31,2025-06-12
6293,38384,467,13433.57,2025-05-30
6294,9937,9398,80516.34,2025-06-10
6295,88968,5496,61410.96,2025-06-01
6296,63533,2981,57264.09,2025-06-02
6297,1024,9471,34983.12,2025-05-27
6298,6426,7261,67138.19,2025-05-30
6299,31517,324,57818.42,2025-06-14
6300,71528,795,74310.69,2025-05-29
6301,85172,2958,55610.03,2025-06-01
6302,9829,1736,80366.64,2025-06-16
6303,74835,3482,60271.86,2025-05-20
6304,43839,9255,87646.41,2025-06-13
6305,23673,4655,12334.15,2025-06-15
6306,28156,1314,30818.06,2025-06-10
6307,18901,6807,88620.22,2025-06-11
6308,8223,7614,42566.52,2025-06-02
6309,26482,5879,25980.47,2025-06-09
6310,34206,9360,40314.56,2025-06-12
6311,21735,4474,55529.97,2025-06-14
6312,33859,5851,32370.95,2025-06-10
6313,21078,883,70145.45,2025-05-24
6314,25064,6054,19030.41,2025-06-10
6315,71035,8700,64333.35,2025-05-30
6316,70295,3973,53865.56,2025-06-07
6317,59916,6624,38825.13,2025-06-17
6318,55410,5589,33426.14,2025-06-03
6319,25074,300,5362.16,2025-06-10
6320,39838,5319,26211.96,2025-06-05
6321,26313,5455,73776.23,2025-06-05
6322,13622,8582,5114.39,2025-06-06
6323,28055,61,63272.54,2025-05-27
6324,70622,2646,94499.17,2025-05-20
6325,51218,6975,67872.01,2025-06-09
6326,30458,4120,70157.0,2025-05-27
6327,31369,8913,87350.83,2025-05-23
6328,20248,3890,18406.7,2025-06-17
6329,66474,2661,91113.27,2025-06-04
6330,34690,827,84984.55,2025-05-22
6331,85329,9988,16292.88,2025-06-17
6332,22945,5176,97614.5,2025-06-18
6333,58975,8573,41078.66,2025-06-09
6334,78869,6032,13359.14,2025-06-02
6335,15197,2349,46908.65,2025-06-16
6336,85365,1735,84479.35,2025-05-31
6337,41412,8875,70722.27,2025-05-28
6338,93332,9137,13419.46,2025-05-28
6339,93434,7704,51296.8,2025-05-26
6340,81873,883,49198.18,2025-06-14
6341,55302,4585,11527.55,2025-06-14
6342,9553,6664,25665.5,2025-06-06
6343,24916,8119,36523.44,2025-06-03
6344,96713,1942,12336.34,2025-06-04
6345,49743,3032,36106.84,2025-06-14
6346,8251,2513,20298.12,2025-06-04
6347,5774,3638,48338.52,2025-05-25
6348,95188,7536,90430.34,2025-06-07
6349,50952,1461,44160.66,2025-06-03
6350,93251,1479,91334.92,2025-06-19
6351,86859,9550,37470.13,2025-06-07
6352,11420,2532,37221.71,2025-06-10
6353,23216,8908,11433.08,2025-06-04
6354,47393,7663,38927.64,2025-06-09
6355,71233,7290,52629.98,2025-06-18
6356,69114,1575,29818.06,2025-05-30
6357,77033,7217,91153.71,2025-05-21
6358,37044,8693,34282.86,2025-05-25
6359,17580,1010,20061.36,2025-05-28
6360,77205,316,65174.2,2025-05-24
6361,85040,3038,48369.04,2025-05-21
6362,12272,5827,12430.11,2025-05-23
6363,85089,8221,35511.33,2025-06-03
6364,62184,1959,26759.02,2025-06-05
6365,99656,7882,41095.94,2025-05-25
6366,17950,7784,9732.3,2025-06-15
6367,32624,5942,57557.75,2025-05-28
6368,82302,3278,50364.22,2025-06-15
6369,37092,4367,25807.41,2025-05-27
6370,66678,5984,41810.89,2025-05-23
6371,58966,6227,49226.53,2025-05-27
6372,3091,6207,37725.01,2025-06-05
6373,54813,8333,88271.0,2025-06-16
6374,68325,5141,5334.07,2025-06-19
6375,31433,9377,42630.32,2025-06-20
6376,79810,8493,30940.86,2025-06-02
6377,19286,6816,38055.62,2025-05-29
6378,87124,590,75502.05,2025-06-15
6379,85278,7674,88312.55,2025-06-08
6380,14938,6852,46071.41,2025-06-10
6381,9467,5558,66450.65,2025-06-09
6382,72940,3554,47562.49,2025-05-30
6383,98441,4970,30220.76,2025-06-14
6384,89918,2649,28556.36,2025-06-01
6385,24088,7286,24814.16,2025-06-17
6386,84653,2862,60207.96,2025-06-14
6387,63588,8061,49890.37,2025-06-06
6388,27647,5074,31437.01,2025-06-13
6389,61278,2167,79130.56,2025-06-03
6390,99711,6272,30903.25,2025-05-31
6391,4647,8257,34781.01,2025-06-20
6392,52827,5292,95408.77,2025-06-13
6393,42744,40,6529.8,2025-06-20
6394,73061,2162,33565.0,2025-06-16
6395,2491,9580,46970.57,2025-05-30
6396,63073,4812,40670.71,2025-06-21
6397,21041,1303,78559.24,2025-06-19
6398,49787,5614,82591.57,2025-06-19
6399,14587,343,67027.09,2025-06-04
6400,12717,7051,92280.49,2025-06-04
6401,47254,7934,44044.9,2025-06-11
6402,4109,5430,41340.87,2025-06-05
6403,44816,1546,61551.35,2025-06-05
6404,31624,3503,22120.53,2025-06-21
6405,7651,5483,23447.12,2025-05-30
6406,62116,1129,7175.72,2025-06-06
6407,30935,6407,56845.71,2025-06-12
6408,6579,5575,86704.28,2025-06-17
6409,13549,1650,81547.89,2025-06-18
6410,3279,5267,48851.55,2025-05-28
6411,16230,8939,79852.16,2025-06-18
6412,18418,3523,30291.07,2025-06-12
6413,16444,1570,91858.22,2025-05-31
6414,87153,1716,94652.35,2025-06-09
6415,64793,3256,57316.45,2025-05-31
6416,6709,3164,89619.31,2025-06-19
6417,40605,1212,26319.17,2025-05-29
6418,91923,6120,75604.56,2025-06-13
6419,5091,6729,38485.15,2025-05-31
6420,29175,7797,86447.43,2025-06-01
6421,13452,5532,91062.9,2025-05-26
6422,28201,6553,35401.93,2025-06-15
6423,61676,858,86338.25,2025-06-12
6424,5408,7706,71987.94,2025-06-14
6425,55871,5446,62722.31,2025-06-15
6426,23715,1795,15401.63,2025-06-02
6427,72597,7642,45838.88,2025-06-15
6428,32174,885,76164.24,2025-06-10
6429,19939,5465,25407.8,2025-05-30
6430,55429,8785,62415.71,2025-05-24
6431,91129,7705,39761.02,2025-05-24
6432,30128,8593,51972.95,2025-06-05
6433,91563,6872,66270.55,2025-06-12
6434,9022,5105,71485.04,2025-06-03
6435,32318,835,54810.52,2025-05-28
6436,84223,8018,10278.95,2025-06-06
6437,54305,6678,63460.73,2025-06-02
6438,10271,6611,45355.58,2025-06-06
6439,4616,2349,27888.98,2025-06-12
6440,99450,2957,38878.24,2025-06-01
6441,49046,6736,61588.41,2025-05-28
6442,37684,3273,7682.13,2025-06-01
6443,12161,7667,53965.01,2025-06-07
6444,54193,7173,72112.54,2025-05-30
6445,60325,2544,31250.51,2025-06-04
6446,14346,3950,5960.73,2025-05-29
6447,28626,5523,26380.27,2025-05-27
6448,18917,2314,39943.4,2025-06-09
6449,94605,2508,75620.8,2025-06-02
6450,68203,9399,28143.3,2025-06-23
6451,98154,3847,6361.36,2025-06-10
6452,29828,284,75911.78,2025-06-02
6453,45447,4300,18216.46,2025-05-31
6454,15882,4911,67489.61,2025-06-04
6455,49765,4592,95140.17,2025-06-19
6456,63595,866,24710.32,2025-06-11
6457,87990,571,34011.31,2025-06-15
6458,68752,7676,88783.95,2025-05-29
6459,94305,2207,76645.31,2025-06-10
6460,53928,4887,17456.5,2025-06-15
6461,19691,1691,16733.03,2025-06-06
6462,75061,5138,49962.65,2025-05-30
6463,71698,2222,47626.15,2025-05-31
6464,86073,3125,31142.85,2025-06-19
6465,44569,6943,30287.21,2025-05-31
6466,96673,3402,6299.21,2025-06-17
6467,85512,6947,39191.05,2025-05-27
6468,9630,7724,81896.58,2025-06-07
6469,88873,6788,18364.6,2025-06-18
6470,14834,8487,48491.9,2025-05-27
6471,13948,3205,20197.34,2025-06-17
6472,99474,930,33383.1,2025-06-06
6473,62162,7185,85288.41,2025-06-24
6474,56261,8174,38977.54,2025-06-06
6475,74722,180,86279.05,2025-05-27
6476,11442,3914,96128.84,2025-06-16
6477,90492,8703,53190.5,2025-06-18
6478,88643,3714,90214.81,2025-06-13
6479,39208,6258,81321.01,2025-05-27
6480,88753,8830,59204.32,2025-06-25
6481,50021,8603,79063.65,2025-06-03
6482,91934,1533,98589.03,2025-05-27
6483,72942,3990,82611.87,2025-06-11
6484,27217,9403,10315.68,2025-06-25
6485,62405,2823,65706.97,2025-06-17
6486,16810,8651,91159.8,2025-06-18
6487,14424,9444,66805.73,2025-06-02
6488,6150,521,61139.13,2025-06-13
6489,17923,2192,86647.09,2025-06-03
6490,70055,3845,92505.12,2025-06-17
6491,81118,6535,19296.33,2025-06-22
6492,27921,4584,37307.67,2025-06-16
6493,67621,6690,15371.65,2025-06-20
6494,70764,8727,84477.24,2025-06-08
6495,89784,8072,71542.28,2025-06-21
6496,66803,3827,33672.41,2025-06-10
6497,58523,2244,17673.83,2025-06-03
6498,76203,5641,21141.69,2025-06-14
6499,62221,5983,24841.62,2025-05-30
6500,42649,7740,7123.86,2025-05-30
6501,7243,1659,30495.89,2025-06-22
6502,89226,1488,45071.05,2025-06-26
6503,17757,3590,46836.09,2025-06-21
6504,34265,3731,62253.91,2025-06-21
6505,60138,5382,6276.65,2025-06-01
6506,75994,619,67398.3,2025-06-26
6507,39746,643,5485.9,2025-06-26
6508,21708,8677,36174.72,2025-06-25
6509,45121,5363,48279.89,2025-06-12
6510,89194,2283,12091.19,2025-05-31
6511,78868,3466,26341.51,2025-06-10
6512,77684,5010,6033.57,2025-06-06
6513,46578,514,37435.14,2025-06-27
6514,91906,3154,56665.06,2025-06-01
6515,62072,6994,64581.43,2025-06-16
6516,47010,1324,8244.4,2025-06-06
6517,1233,2639,59397.53,2025-06-13
6518,2340,464,5698.87,2025-06-11
6519,744,9566,18130.42,2025-06-01
6520,21008,1959,6059.06,2025-06-06
6521,13741,9210,85529.07,2025-06-23
6522,55270,434,66043.48,2025-06-05
6523,10089,5703,80976.47,2025-06-20
6524,56527,7987,71420.1,2025-06-05
6525,82463,9327,45133.06,2025-06-24
6526,9126,8393,11114.41,2025-06-23
6527,83924,7005,58816.3,2025-06-20
6528,76038,1953,68264.58,2025-06-23
6529,8435,7037,96008.44,2025-06-02
6530,6363,4362,61619.3,2025-06-09
6531,22032,5003,52940.32,2025-06-13
6532,84660,3321,54204.3,2025-06-17
6533,74966,3354,81893.86,2025-06-07
6534,18681,24,39340.94,2025-06-27
6535,14858,2001,54630.9,2025-06-22
6536,84546,7168,13031.66,2025-06-27
6537,71747,5518,15945.22,2025-06-04
6538,22505,5764,21494.04,2025-06-06
6539,31019,3688,31992.61,2025-06-23
6540,37935,5717,40868.29,2025-06-03
6541,34261,7632,41579.42,2025-06-04
6542,78972,3690,77850.19,2025-06-18
6543,6076,3128,41778.98,2025-05-30
6544,94937,2823,46301.87,2025-06-07
6545,28064,1646,70451.75,2025-06-06
6546,82736,2571,21056.3,2025-06-07
6547,95298,9250,80970.26,2025-06-23
6548,27184,8286,46834.52,2025-06-01
6549,5730,9768,76099.5,2025-06-23
6550,29461,9325,56525.04,2025-06-02
6551,60657,9552,67824.15,2025-05-31
6552,24603,2745,55679.19,2025-06-07
6553,97837,5708,30540.57,2025-06-08
6554,65515,9562,94664.31,2025-06-07
6555,39903,4334,63434.53,2025-06-11
6556,18806,7661,8401.33,2025-06-04
6557,95386,2140,74722.01,2025-06-18
6558,25453,3793,5670.18,2025-06-13
6559,92792,8197,23596.46,2025-06-15
6560,99847,4692,45411.71,2025-06-27
6561,29787,905,81585.64,2025-06-22
6562,35591,8827,32222.53,2025-06-12
6563,39798,907,63262.86,2025-06-17
6564,25087,9836,91444.88,2025-06-05
6565,11036,3071,61858.78,2025-06-12
6566,44453,7392,44218.61,2025-06-09
6567,73965,600,9937.55,2025-06-04
6568,28235,3588,96091.13,2025-06-07
6569,15185,8924,24336.46,2025-06-13
6570,95352,872,39769.52,2025-06-17
6571,82810,2805,61968.32,2025-06-13
6572,21488,8269,26041.62,2025-06-14
6573,51415,4586,5188.22,2025-06-12
6574,21645,4241,51642.39,2025-06-21
6575,23599,2635,69274.35,2025-06-19
6576,23433,4671,77375.69,2025-06-26
6577,3952,6963,53239.34,2025-06-28
6578,90974,1100,23186.71,2025-06-06
6579,62066,4873,98421.59,2025-06-16
6580,80595,919,13978.48,2025-06-07
6581,34817,7692,10952.4,2025-06-05
6582,59413,6341,15674.03,2025-06-08
6583,48325,8737,37283.52,2025-06-03
6584,68327,1842,50053.14,2025-07-01
6585,2049,4345,61876.38,2025-06-07
6586,42104,2026,23790.57,2025-06-09
6587,13526,8744,35375.52,2025-06-08
6588,98350,6118,59325.44,2025-06-14
6589,90699,8355,97047.5,2025-06-05
6590,69165,4075,49455.99,2025-06-24
6591,69091,9713,44156.65,2025-06-23
6592,64030,4613,20267.89,2025-06-24
6593,98828,3581,35475.81,2025-06-15
6594,68638,6508,43442.27,2025-07-01
6595,89923,387,98216.66,2025-06-17
6596,77577,338,29870.1,2025-06-22
6597,2302,4664,51265.85,2025-06-19
6598,24999,4680,5082.75,2025-06-15
6599,91213,142,14235.72,2025-06-29
6600,27915,3083,78848.41,2025-06-27
6601,72589,5480,95351.38,2025-06-05
6602,79323,442,90749.27,2025-06-06
6603,96900,8840,62907.08,2025-06-25
6604,95929,3101,49309.02,2025-06-22
6605,52459,7172,86482.76,2025-06-28
6606,19787,7696,47442.0,2025-06-09
6607,21711,4798,67964.9,2025-06-09
6608,72356,542,85072.33,2025-06-04
6609,87871,4129,32304.58,2025-06-16
6610,83551,2813,68716.46,2025-06-19
6611,74566,8330,41897.55,2025-06-03
6612,9125,6406,59138.68,2025-06-25
6613,76566,8361,70472.89,2025-06-21
6614,12899,3825,83403.7,2025-06-20
6615,20171,9770,88535.42,2025-06-15
6616,21123,851,94888.68,2025-06-28
6617,55579,3790,80186.38,2025-06-10
6618,69001,4671,90261.2,2025-06-24
6619,41976,5788,18625.79,2025-06-15
6620,3610,7396,41347.13,2025-06-04
6621,24721,2552,39260.47,2025-07-02
6622,61255,2867,58739.63,2025-06-17
6623,56488,4812,57567.29,2025-06-24
6624,2099,4833,78705.42,2025-06-12
6625,98418,6930,62944.57,2025-06-14
6626,23317,8233,87449.7,2025-06-11
6627,69640,3341,22341.81,2025-06-19
6628,63383,6745,47348.1,2025-06-27
6629,7419,6656,16691.16,2025-06-07
6630,71862,2945,96895.62,2025-06-18
6631,47024,6358,10329.8,2025-06-30
6632,2382,2946,40571.87,2025-06-29
6633,11815,8530,30169.11,2025-06-07
6634,10869,933,14363.14,2025-06-22
6635,52881,2190,82509.15,2025-06-06
6636,16068,9267,79591.32,2025-06-04
6637,66319,5840,75325.83,2025-06-27
6638,18254,9887,6473.4,2025-07-02
6639,74792,523,52018.63,2025-06-12
6640,53364,9476,69210.2,2025-06-25
6641,8765,695,12699.15,2025-06-15
6642,44996,7057,40275.15,2025-06-20
6643,67267,1951,74955.6,2025-06-06
6644,74034,8200,86308.78,2025-06-22
6645,49279,4917,51554.86,2025-06-06
6646,93083,3111,22201.06,2025-07-01
6647,8389,5395,72154.41,2025-06-13
6648,51595,2105,58247.55,2025-07-03
6649,15094,5705,13035.66,2025-06-15
6650,86044,6310,31194.3,2025-06-16
6651,68311,9378,55333.73,2025-07-01
6652,91870,2556,83810.98,2025-07-01
6653,10097,5048,50708.54,2025-07-04
6654,87324,7716,88056.54,2025-06-21
6655,86070,9938,72538.42,2025-06-19
6656,60333,5587,61426.66,2025-06-11
6657,62183,4841,95285.63,2025-06-30
6658,67149,9613,77376.3,2025-06-27
6659,75600,9076,74923.57,2025-06-18
6660,91711,3091,62590.69,2025-06-24
6661,42042,3539,8877.38,2025-06-25
6662,1426,3004,33466.89,2025-06-18
6663,58759,5696,50282.16,2025-06-23
6664,43339,6207,87022.67,2025-06-19
6665,51953,2152,58684.64,2025-06-18
6666,68665,9739,81196.99,2025-06-29
6667,99236,1502,16139.24,2025-06-08
6668,84560,7988,32886.11,2025-07-01
6669,15499,7183,92773.62,2025-07-04
6670,3931,641,17197.6,2025-07-01
6671,36933,7817,50784.16,2025-06-14
6672,71168,5151,66226.37,2025-06-30
6673,98887,7257,71064.58,2025-06-23
6674,47878,8788,54083.29,2025-06-06
6675,6320,9503,9098.55,2025-06-25
6676,89335,4526,45377.56,2025-06-20
6677,87288,1858,81738.44,2025-06-25
6678,72417,5964,7823.88,2025-06-24
6679,17227,2674,26706.48,2025-06-18
6680,45548,3677,25049.07,2025-07-05
6681,53503,1859,46254.75,2025-06-24
6682,50296,6566,79095.02,2025-06-22
6683,3709,1575,7827.66,2025-06-25
6684,69590,6827,12686.13,2025-06-17
6685,46718,989,92596.02,2025-06-22
6686,87600,8558,33103.12,2025-07-04
6687,40493,4391,20786.11,2025-06-24
6688,84388,3689,92236.89,2025-06-19
6689,92011,6811,60661.19,2025-06-09
6690,66201,1630,9549.74,2025-06-20
6691,88640,5127,47026.96,2025-06-12
6692,55199,6187,38498.65,2025-06-06
6693,7998,730,29869.98,2025-06-18
6694,19863,4001,74639.71,2025-06-13
6695,38688,4674,37883.78,2025-06-27
6696,4253,9086,82187.46,2025-07-02
6697,32248,8044,97489.22,2025-07-01
6698,21150,1507,61497.99,2025-07-05
6699,81718,6794,16517.54,2025-06-22
6700,11215,1262,40401.83,2025-06-09
6701,73445,257,16142.37,2025-06-15
6702,45735,7566,16250.85,2025-06-11
6703,21190,2359,34089.33,2025-06-07
6704,12586,586,41442.31,2025-06-28
6705,33174,6119,49281.45,2025-06-29
6706,70972,1074,38565.39,2025-07-04
6707,13706,6861,51651.67,2025-07-06
6708,77004,6542,75983.0,2025-06-22
6709,79524,4530,95535.57,2025-06-27
6710,25239,3128,59288.01,2025-07-06
6711,46504,7748,55481.39,2025-06-25
6712,48076,230,36134.42,2025-06-14
6713,41156,9452,42422.65,2025-06-24
6714,55588,3944,37322.48,2025-06-24
6715,56388,8438,46983.99,2025-06-28
6716,86896,7906,63308.41,2025-07-04
6717,60508,9135,22853.33,2025-06-29
6718,89761,6739,25611.4,2025-06-17
6719,76118,2845,49988.87,2025-07-05
6720,52205,835,93028.76,2025-06-08
6721,45557,9109,10535.97,2025-07-04
6722,8741,7497,25142.6,2025-06-17
6723,92268,9198,23969.92,2025-06-20
6724,61556,4704,76338.99,2025-06-16
6725,5011,6303,5813.16,2025-06-24
6726,48499,6380,28837.1,2025-06-28
6727,67354,7168,46585.26,2025-06-29
6728,36289,135,17118.94,2025-06-11
6729,66380,4740,40734.12,2025-06-27
6730,59317,4054,67726.29,2025-07-04
6731,4913,4187,93256.71,2025-06-20
6732,54168,5855,12791.8,2025-06-20
6733,34987,7701,92750.79,2025-07-03
6734,44178,4336,17752.08,2025-06-27
6735,7181,6260,20415.43,2025-06-15
6736,85702,4969,62191.32,2025-07-03
6737,26187,5311,60924.71,2025-07-05
6738,67631,7560,71797.01,2025-07-04
6739,95646,4024,67587.82,2025-06-09
6740,74065,5569,99895.42,2025-06-30
6741,4596,6923,31124.96,2025-07-07
6742,49218,2616,90140.99,2025-06-23
6743,56655,5294,35674.67,2025-06-09
6744,88645,7784,46245.68,2025-06-28
6745,43741,6653,81102.3,2025-06-10
6746,46634,5521,56639.26,2025-06-29
6747,41356,3311,71909.73,2025-06-12
6748,84535,7050,77853.24,2025-07-01
6749,64558,6001,16582.08,2025-06-29
6750,61760,1221,49415.78,2025-06-16
6751,1866,8499,23181.18,2025-06-13
6752,47697,5057,25773.88,2025-07-01
6753,72703,2700,17547.77,2025-06-27
6754,85485,9873,64799.66,2025-06-24
6755,13523,3932,55492.27,2025-06-09
6756,16578,8737,48911.15,2025-06-09
6757,72156,1740,47502.28,2025-06-30
6758,25640,8555,7865.53,2025-06-11
6759,9989,8285,42935.2,2025-06-09
6760,26579,7442,25623.24,2025-07-06
6761,5150,4886,25640.85,2025-06-20
6762,7182,3811,99546.58,2025-07-02
6763,82716,6009,52118.11,2025-07-07
6764,29525,1139,69933.22,2025-06-11
6765,36590,4146,35318.07,2025-07-07
6766,59852,2412,46870.73,2025-07-05
6767,82571,5349,79995.01,2025-06-09
6768,24490,2205,19913.82,2025-06-27
6769,68960,1261,41218.41,2025-06-30
6770,9725,1901,47090.24,2025-06-14
6771,56248,7993,95686.64,2025-06-24
6772,38561,1737,28228.8,2025-06-23
6773,10493,4187,73314.26,2025-06-18
6774,2368,5501,96746.28,2025-06-21
6775,38055,4315,62458.92,2025-06-14
6776,82549,3955,84118.07,2025-06-21
6777,19238,8359,40734.33,2025-06-13
6778,23995,6377,83081.58,2025-06-19
6779,46434,8062,49703.74,2025-06-23
6780,86227,2928,54275.6,2025-06-10
6781,90011,717,72067.68,2025-06-28
6782,91268,5353,8057.55,2025-07-06
6783,11110,4222,39404.31,2025-06-20
6784,67998,8550,19027.59,2025-07-03
6785,37271,7931,70259.93,2025-06-18
6786,45198,4105,38061.21,2025-06-24
6787,33094,3650,31217.04,2025-07-08
6788,98951,6002,52256.32,2025-06-17
6789,33141,5618,25019.81,2025-06-30
6790,44370,4570,29544.64,2025-07-04
6791,78143,2605,94959.42,2025-06-23
6792,36280,915,39831.5,2025-07-02
6793,82919,5715,20834.46,2025-06-27
6794,13651,7513,76323.18,2025-06-16
6795,30831,9077,39300.3,2025-06-13
6796,12519,1249,70806.87,2025-06-30
6797,76475,9274,69995.24,2025-06-19
6798,22800,5509,59965.56,2025-07-04
6799,60475,304,14415.71,2025-06-22
6800,740,2557,27601.52,2025-06-18
6801,10169,6402,89945.91,2025-06-22
6802,1992,5430,87284.23,2025-06-23
6803,31055,5466,69644.88,2025-07-05
6804,40537,1992,8202.49,2025-07-09
6805,31936,3373,12734.19,2025-07-08
6806,57388,4763,56034.06,2025-07-01
6807,59999,7039,79827.91,2025-06-24
6808,48340,8668,95071.8,2025-06-15
6809,47931,9909,28221.71,2025-06-24
6810,74795,4957,19603.32,2025-06-19
6811,49204,3779,19231.99,2025-06-25
6812,12628,5380,66694.54,2025-06-11
6813,9775,1785,36725.82,2025-06-30
6814,52654,1356,7494.81,2025-07-05
6815,23778,5234,56243.0,2025-07-06
6816,76011,3424,55045.84,2025-07-01
6817,52237,5522,9874.83,2025-06-27
6818,64163,7793,83047.47,2025-07-08
6819,58652,5097,94925.38,2025-06-18
6820,11401,7059,57459.11,2025-06-28
6821,24963,7653,87481.03,2025-07-04
6822,46938,6252,59208.11,2025-06-26
6823,11942,3668,40869.32,2025-06-18
6824,35572,5403,44074.64,2025-07-06
6825,14387,1118,41614.11,2025-07-04
6826,96645,4968,6873.4,2025-06-18
6827,68034,6697,56013.05,2025-07-05
6828,25985,4175,94615.6,2025-06-21
6829,3175,3500,43141.2,2025-06-19
6830,38123,9587,70958.38,2025-07-05
6831,31324,1670,39429.97,2025-06-27
6832,53939,3144,99404.29,2025-06-18
6833,87419,8231,11414.89,2025-06-19
6834,66226,1981,98524.94,2025-07-03
6835,87748,3818,94104.63,2025-07-04
6836,27249,2462,85663.69,2025-06-15
6837,68384,8682,45146.83,2025-07-05
6838,39982,9661,59400.59,2025-06-26
6839,79474,7042,69913.96,2025-07-01
6840,95959,4179,49750.59,2025-07-09
6841,22259,9350,17727.43,2025-07-07
6842,71717,5438,30009.62,2025-06-21
6843,99685,3381,75873.65,2025-06-13
6844,8910,8694,30388.63,2025-07-12
6845,87093,5448,22267.05,2025-07-07
6846,55739,6314,31456.51,2025-06-23
6847,74761,5305,65469.89,2025-06-26
6848,28159,7391,80058.79,2025-07-09
6849,23239,7738,53623.73,2025-07-06
6850,42838,8716,31397.01,2025-07-04
6851,30296,881,13291.17,2025-07-08
6852,57174,3143,62618.36,2025-06-14
6853,27911,1949,15952.01,2025-06-23
6854,20480,8386,41601.54,2025-07-10
6855,63548,5506,76113.93,2025-07-05
6856,63038,3254,40103.57,2025-06-24
6857,34009,1450,8286.23,2025-07-10
6858,83733,7649,28292.46,2025-06-26
6859,10363,3353,39699.44,2025-06-28
6860,28893,9231,64496.22,2025-07-06
6861,10525,8600,29653.43,2025-07-01
6862,82821,221,75066.13,2025-06-16
6863,64002,55,21301.0,2025-07-04
6864,74609,9245,11313.79,2025-06-21
6865,94453,5773,63846.65,2025-07-04
6866,84301,8196,40768.26,2025-07-01
6867,2935,7833,60009.0,2025-07-02
6868,98603,1960,61370.25,2025-07-07
6869,14854,8025,92786.5,2025-07-12
6870,4088,1879,25488.05,2025-06-17
6871,68357,6852,72661.62,2025-06-17
6872,74986,4489,50201.65,2025-06-22
6873,38145,3668,82386.58,2025-06-20
6874,2878,8309,17233.28,2025-07-01
6875,21143,2899,14930.31,2025-06-22
6876,15737,3610,90308.31,2025-07-13
6877,67040,3078,15306.34,2025-06-14
6878,95483,3245,24591.3,2025-06-21
6879,2333,8226,28071.71,2025-06-19
6880,17820,4233,17966.98,2025-07-08
6881,278,2749,43578.59,2025-06-23
6882,16761,8066,16004.43,2025-07-05
6883,87561,3284,53016.33,2025-07-02
6884,98255,3222,55156.13,2025-06-24
6885,8629,7573,93869.09,2025-06-28
6886,82981,1629,94560.18,2025-06-28
6887,42057,530,46676.42,2025-07-06
6888,59488,7541,48468.69,2025-07-02
6889,3898,65,60121.76,2025-06-18
6890,12863,375,51208.84,2025-06-21
6891,71678,7545,58666.43,2025-06-17
6892,92462,3386,74277.29,2025-06-20
6893,26269,6050,88682.27,2025-07-05
6894,53044,9019,93732.96,2025-07-09
6895,32958,5450,85208.3,2025-07-13
6896,21998,3430,74388.35,2025-07-08
6897,15014,8218,61118.2,2025-06-19
6898,71909,3221,38676.37,2025-06-30
6899,65484,9047,18704.98,2025-07-07
6900,74245,8241,51845.15,2025-06-23
6901,97098,9451,5621.32,2025-07-13
6902,21061,5237,60269.62,2025-07-03
6903,68151,7055,12569.69,2025-07-10
6904,12554,5324,92596.38,2025-07-08
6905,53702,988,85832.18,2025-07-04
6906,56193,8594,38259.65,2025-07-05
6907,59694,9028,90490.65,2025-06-19
6908,21132,1941,75817.24,2025-07-15
6909,508,6622,6294.25,2025-06-24
6910,16545,5587,6785.26,2025-07-12
6911,58535,4742,47912.63,2025-06-21
6912,69978,2655,51270.66,2025-06-17
6913,4345,3795,57879.68,2025-06-20
6914,89120,6085,75288.51,2025-06-30
6915,6201,4029,70517.29,2025-07-07
6916,47567,7732,14278.47,2025-06-29
6917,7753,2233,97426.39,2025-06-22
6918,76732,135,54967.44,2025-07-11
6919,10855,794,71285.23,2025-06-27
6920,61762,5348,98569.53,2025-06-22
6921,69750,4031,37523.6,2025-07-16
6922,62228,9007,28780.56,2025-07-05
6923,17086,7626,24549.9,2025-07-01
6924,90077,6909,36368.37,2025-06-23
6925,55870,4755,72857.52,2025-07-12
6926,98803,3723,40993.87,2025-06-21
6927,37114,3055,22632.07,2025-06-25
6928,63276,5665,76345.78,2025-07-15
6929,1297,5383,25636.57,2025-06-25
6930,77347,6666,55874.92,2025-06-24
6931,7977,614,7366.38,2025-07-08
6932,77131,6549,88677.57,2025-06-30
6933,21987,3347,24377.22,2025-06-30
6934,72147,6718,13080.07,2025-07-11
6935,96290,4577,77116.57,2025-07-02
6936,31081,5064,73655.07,2025-07-14
6937,49780,4672,57902.49,2025-07-11
6938,38934,3732,73675.37,2025-07-14
6939,82529,1928,78732.17,2025-07-04
6940,72889,9773,89592.67,2025-06-20
6941,87858,7118,81528.09,2025-06-25
6942,71496,9126,10547.28,2025-06-25
6943,25541,540,33509.28,2025-06-30
6944,82217,5479,50352.57,2025-07-14
6945,68642,9148,87493.11,2025-06-23
6946,3216,4854,9992.22,2025-06-18
6947,95121,1219,80290.52,2025-07-13
6948,32389,211,56993.16,2025-06-21
6949,47003,9797,87678.01,2025-07-03
6950,68949,5805,66905.95,2025-06-19
6951,9581,3549,60631.34,2025-07-11
6952,75663,5510,43083.6,2025-07-13
6953,3014,8509,75088.67,2025-06-29
6954,84344,2304,51028.53,2025-07-05
6955,42512,6278,23558.38,2025-06-29
6956,70097,9145,51359.81,2025-07-02
6957,88953,5693,59351.57,2025-06-25
6958,32594,5601,77795.53,2025-06-29
6959,83300,5765,28400.13,2025-06-26
6960,98056,8102,28548.58,2025-06-28
6961,55189,347,12108.78,2025-07-01
6962,35150,3727,65742.01,2025-07-17
6963,18982,2943,18533.94,2025-06-24
6964,50450,309,51447.84,2025-06-28
6965,43073,3820,49463.68,2025-07-06
6966,3724,4876,80777.59,2025-06-24
6967,79967,5420,27002.15,2025-06-23
6968,89314,8979,82408.6,2025-07-16
6969,75515,6090,58136.39,2025-06-24
6970,80420,2924,5778.88,2025-07-16
6971,53081,8331,30764.95,2025-07-04
6972,10565,1723,23828.85,2025-07-07
6973,31133,3411,93487.61,2025-07-16
6974,77635,8926,69901.43,2025-07-18
6975,85582,9858,25060.24,2025-07-01
6976,23755,8532,95153.54,2025-06-19
6977,33976,1549,90531.53,2025-07-06
6978,10607,9299,41082.73,2025-07-09
6979,66096,256,9239.5,2025-06-24
6980,15319,1729,55164.36,2025-06-28
6981,78819,1631,45398.2,2025-07-08
6982,18253,7084,37266.53,2025-07-07
6983,68100,7337,21264.82,2025-07-13
6984,51525,7790,91904.53,2025-07-16
6985,95252,5249,17057.58,2025-07-13
6986,77001,633,84099.35,2025-07-19
6987,44998,731,9903.4,2025-06-26
6988,65417,7713,23650.55,2025-06-24
6989,62342,1247,48592.36,2025-06-24
6990,85106,7826,43566.36,2025-06-22
6991,72163,5996,13343.96,2025-07-05
6992,86098,9713,21719.7,2025-07-17
6993,83489,2480,87965.26,2025-07-01
6994,14504,5568,70932.44,2025-07-17
6995,62357,1703,52021.13,2025-06-28
6996,37146,8716,27666.95,2025-07-16
6997,97996,7983,18717.72,2025-06-28
6998,28902,8603,54296.25,2025-07-01
6999,55843,8343,70605.84,2025-06-23
7000,51788,6804,6688.56,2025-07-20
7001,42824,808,6256.18,2025-06-25
7002,2993,8877,96566.79,2025-06-26
7003,82936,1315,49428.02,2025-06-26
7004,53880,719,14971.86,2025-06-25
7005,59051,2194,57910.58,2025-07-12
7006,53092,2749,41794.81,2025-06-26
7007,86465,8698,40548.32,2025-07-06
7008,59141,9896,50531.97,2025-07-17
7009,60478,5726,52498.48,2025-07-06
7010,85394,3572,71617.78,2025-06-25
7011,24024,4229,20986.11,2025-07-09
7012,15754,1696,43026.81,2025-07-16
7013,36599,2187,70214.24,2025-07-02
7014,2236,6810,26744.02,2025-07-07
7015,36569,9738,32732.77,2025-07-15
7016,89986,209,26876.0,2025-07-18
7017,86411,2251,18748.32,2025-06-26
7018,73670,4912,56680.26,2025-07-18
7019,84937,9661,36591.16,2025-07-18
7020,80079,1714,66251.97,2025-07-04
7021,87781,7658,66929.21,2025-06-25
7022,64875,4702,10075.9,2025-07-16
7023,81366,3682,47401.06,2025-06-23
7024,60950,5047,79926.77,2025-07-04
7025,34484,6168,20977.52,2025-07-21
7026,79486,1665,67333.01,2025-07-15
7027,96056,646,44114.17,2025-07-21
7028,40622,4253,35064.05,2025-06-30
7029,50416,2457,57869.09,2025-06-22
7030,10178,1023,98098.34,2025-07-19
7031,69262,7587,19762.17,2025-07-21
7032,40160,7048,8949.85,2025-06-27
7033,40255,3669,53476.54,2025-06-28
7034,72415,8350,6381.87,2025-07-18
7035,91837,3373,31536.17,2025-07-16
7036,99263,787,34868.77,2025-07-03
7037,56084,5461,79510.51,2025-06-28
7038,81453,7965,75345.29,2025-07-15
7039,29620,2206,68093.71,2025-07-06
7040,42358,1162,66667.83,2025-06-27
7041,75575,1409,24800.39,2025-07-17
7042,70817,6856,82904.45,2025-07-20
7043,82650,4110,46011.56,2025-07-16
7044,20881,7063,53060.52,2025-07-06
7045,77164,6299,17579.23,2025-07-21
7046,64054,176,42484.81,2025-07-13
7047,76600,5115,30994.0,2025-07-14
7048,65056,374,95049.3,2025-07-08
7049,30665,8277,56280.4,2025-07-13
7050,84208,6376,45642.26,2025-07-09
7051,67403,2759,25219.26,2025-07-21
7052,88039,3307,61894.81,2025-07-23
7053,56210,2857,84297.15,2025-07-08
7054,53010,7819,79995.62,2025-06-30
7055,69913,8852,95268.39,2025-07-06
7056,80010,9141,76942.16,2025-07-03
7057,81775,326,18048.28,2025-07-10
7058,27734,7703,38902.45,2025-07-07
7059,33394,2899,84280.34,2025-07-11
7060,35318,5659,39219.58,2025-07-17
7061,50274,4624,11437.05,2025-07-09
7062,3506,839,52781.69,2025-07-04
7063,29589,5431,60034.43,2025-07-20
7064,94967,1850,90163.12,2025-07-02
7065,93603,8804,8273.24,2025-07-01
7066,51257,8270,55424.94,2025-07-21
7067,99532,6181,62839.6,2025-07-22
7068,49528,7258,81577.51,2025-07-10
7069,71459,2130,63904.96,2025-07-20
7070,97479,559,80301.51,2025-07-23
7071,33731,112,16280.11,2025-07-20
7072,89759,714,53164.86,2025-07-13
7073,28304,2505,63557.8,2025-07-13
7074,13181,7799,21938.59,2025-07-11
7075,90662,2728,14017.19,2025-07-04
7076,16931,4870,83423.61,2025-06-28
7077,64000,1102,88747.95,2025-06-27
7078,21928,7051,66003.92,2025-07-24
7079,82569,572,80216.47,2025-07-04
7080,35177,7501,68992.61,2025-07-13
7081,43383,3018,72633.45,2025-07-09
7082,1023,4304,57567.83,2025-07-02
7083,39724,8241,15718.08,2025-06-29
7084,68099,3313,75297.13,2025-07-20
7085,46997,9683,50655.76,2025-07-08
7086,3774,5599,38938.12,2025-07-08
7087,2024,7147,18266.16,2025-07-08
7088,25591,4069,89203.08,2025-07-17
7089,15596,3351,18431.65,2025-07-06
7090,93890,9839,39030.61,2025-07-11
7091,30700,7803,7345.16,2025-07-11
7092,21891,9786,71570.94,2025-07-09
7093,6298,4668,29027.55,2025-06-26
7094,77035,9032,62737.1,2025-07-11
7095,54470,4941,13602.24,2025-06-29
7096,13411,2902,8306.26,2025-06-28
7097,77568,8453,52680.84,2025-06-27
7098,46664,6133,89674.11,2025-07-04
7099,76044,979,5686.14,2025-07-11
7100,9041,1435,36466.86,2025-07-20
7101,22794,8292,5848.03,2025-07-10
7102,53874,4474,67715.66,2025-07-04
7103,53114,5900,94673.16,2025-07-07
7104,63495,9008,83044.06,2025-07-16
7105,90179,3024,52793.62,2025-07-18
7106,75614,6451,40992.33,2025-07-18
7107,28854,4720,20471.9,2025-07-19
7108,9433,786,25634.78,2025-07-14
7109,5052,1405,34684.28,2025-07-01
7110,43875,903,30285.63,2025-07-05
7111,31523,6036,61852.37,2025-07-08
7112,43279,6515,56248.67,2025-07-03
7113,91595,5576,9871.35,2025-07-15
7114,64848,3082,53031.4,2025-07-26
7115,25587,829,31870.34,2025-07-16
7116,63962,3997,46333.95,2025-07-19
7117,93339,2223,22010.41,2025-07-11
7118,71153,1378,26739.15,2025-07-02
7119,72608,8764,23558.19,2025-07-20
7120,13050,8417,21691.29,2025-07-11
7121,73100,6355,26365.24,2025-07-21
7122,37753,1404,23820.81,2025-07-26
7123,40895,8495,67633.5,2025-07-26
7124,14759,4873,35921.07,2025-06-30
7125,58827,9536,88569.4,2025-07-15
7126,13084,3324,59022.84,2025-07-16
7127,29597,5076,75075.47,2025-07-23
7128,79988,6849,40416.77,2025-06-30
7129,93577,100,45397.07,2025-07-27
7130,47585,5760,49262.06,2025-07-14
7131,38371,2378,5663.59,2025-07-06
7132,86895,7358,59711.33,2025-07-17
7133,33600,6622,67430.41,2025-07-25
7134,3986,2007,13846.71,2025-07-26
7135,1062,7999,90187.44,2025-07-08
7136,50011,7126,5847.37,2025-06-30
7137,59838,6115,77905.44,2025-07-17
7138,20147,3166,30897.37,2025-07-20
7139,6923,1201,62801.88,2025-07-08
7140,51583,3688,62541.96,2025-07-25
7141,41820,5723,51076.35,2025-06-30
7142,63408,1949,16793.3,2025-07-13
7143,10060,8238,77508.93,2025-07-15
7144,97042,264,74586.42,2025-07-14
7145,55071,4946,25430.59,2025-07-15
7146,32092,1275,6605.24,2025-07-13
7147,25345,5070,45141.96,2025-07-17
7148,65511,2902,56105.41,2025-07-08
7149,3599,687,84023.83,2025-07-19
7150,45054,9035,25076.11,2025-07-03
7151,46806,917,6508.07,2025-07-25
7152,14411,7062,52229.25,2025-07-18
7153,13070,6422,65909.72,2025-07-18
7154,35351,1866,99427.09,2025-07-04
7155,69310,4083,56752.44,2025-07-17
7156,15744,8538,58450.69,2025-07-25
7157,98992,9446,76855.14,2025-07-17
7158,30882,2641,12657.05,2025-07-03
7159,47706,8928,25877.67,2025-07-14
7160,61695,5529,73353.46,2025-07-03
7161,25997,9688,14307.15,2025-07-22
7162,13052,4971,53611.24,2025-07-27
7163,32241,6091,9987.47,2025-07-25
7164,12071,5385,82389.87,2025-07-13
7165,75176,528,64255.85,2025-07-03
7166,66836,9537,62467.13,2025-07-28
7167,6266,4472,48140.79,2025-07-07
7168,17852,2328,10354.48,2025-07-13
7169,80381,1943,80400.71,2025-07-02
7170,80380,7399,33686.69,2025-07-02
7171,13159,1332,31751.25,2025-07-02
7172,87008,7165,48665.19,2025-07-14
7173,41074,7618,73663.01,2025-07-26
7174,22174,5322,40809.51,2025-07-17
7175,57693,2396,14169.79,2025-07-10
7176,35428,1225,71329.56,2025-07-14
7177,81739,9135,92792.11,2025-07-24
7178,62237,5841,52318.49,2025-07-28
7179,19207,1275,68455.81,2025-07-24
7180,96576,5636,41872.0,2025-07-26
7181,32963,3906,95456.74,2025-07-16
7182,6782,4204,30283.54,2025-07-19
7183,47977,2471,98339.52,2025-07-18
7184,21644,8583,71225.46,2025-07-28
7185,49113,6238,43649.92,2025-07-03
7186,1383,9735,50506.59,2025-07-02
7187,75436,3778,79705.3,2025-07-10
7188,30430,2992,79483.59,2025-07-28
7189,67922,9621,6802.08,2025-07-27
7190,74913,3807,44486.37,2025-07-27
7191,91326,173,26483.58,2025-07-08
7192,52849,3273,70336.86,2025-07-22
7193,89936,4172,39431.57,2025-07-26
7194,2944,5918,25903.11,2025-07-17
7195,13427,6330,24722.34,2025-07-25
7196,30489,7658,32045.94,2025-07-19
7197,46781,172,13988.9,2025-07-27
7198,70417,3338,28083.08,2025-07-25
7199,78444,4182,86364.79,2025-07-06
7200,9509,8313,99326.53,2025-07-18
7201,35530,8556,37661.64,2025-07-20
7202,99360,155,22381.65,2025-07-29
7203,15133,5595,21816.16,2025-07-25
7204,3465,5360,12861.1,2025-07-04
7205,30830,8592,80222.31,2025-07-23
7206,25218,7878,76339.4,2025-07-04
7207,35028,3595,12879.13,2025-07-14
7208,54851,7258,59181.24,2025-07-01
7209,13727,7522,90900.97,2025-07-12
7210,29330,1428,77048.52,2025-07-27
7211,69403,5532,65032.46,2025-07-12
7212,64334,7993,58861.01,2025-07-18
7213,35982,4247,59360.63,2025-07-12
7214,7396,2255,91939.57,2025-07-11
7215,1859,3963,34949.28,2025-07-28
7216,46331,1629,54726.32,2025-07-10
7217,22596,8887,70512.33,2025-07-07
7218,13895,7301,88930.82,2025-07-01
7219,35536,9604,65813.69,2025-07-11
7220,6822,7825,43363.93,2025-07-09
7221,36025,2103,9531.82,2025-07-13
7222,18736,2897,52545.67,2025-07-24
7223,48664,6778,76159.59,2025-07-04
7224,54372,6306,55265.68,2025-07-03
7225,53669,1283,8914.89,2025-07-15
7226,10050,3562,87813.49,2025-07-13
7227,18718,8444,5480.54,2025-07-08
7228,66917,9050,20790.23,2025-07-09
7229,51278,8724,95511.12,2025-07-02
7230,16096,3853,11454.07,2025-07-04
7231,3804,4703,11538.09,2025-07-18
7232,22330,8395,60737.24,2025-07-29
7233,55519,2185,99475.6,2025-07-31
7234,76077,5350,7490.62,2025-07-12
7235,5546,1598,13445.22,2025-07-28
7236,43344,4775,26878.67,2025-07-31
7237,18722,4219,46589.56,2025-07-18
7238,39121,7375,66277.97,2025-07-16
7239,39656,5568,65483.47,2025-07-15
7240,3539,3576,9766.59,2025-07-15
7241,1277,236,6326.62,2025-07-24
7242,94268,3534,29511.55,2025-07-26
7243,7913,4433,20293.38,2025-07-29
7244,53925,7096,57146.21,2025-07-27
7245,4747,9108,76733.04,2025-07-22
7246,43659,7491,75499.55,2025-07-29
7247,17877,6907,55950.71,2025-07-11
7248,76295,330,25234.26,2025-07-21
7249,90698,9136,63914.57,2025-07-13
7250,89196,6568,63555.69,2025-07-03
7251,72,7341,46054.92,2025-07-27
7252,23615,6796,82746.43,2025-07-30
7253,43321,7072,47030.08,2025-07-09
7254,19663,817,5497.99,2025-07-27
7255,65722,7257,50830.93,2025-07-14
7256,2397,5499,66797.6,2025-07-07
7257,18409,5331,66222.15,2025-07-13
7258,4007,7536,24911.72,2025-07-31
7259,70938,6371,24627.12,2025-07-30
7260,54792,5436,29648.24,2025-07-06
7261,34338,766,7300.53,2025-07-07
7262,52183,9091,22908.56,2025-07-17
7263,96631,5035,89576.47,2025-07-10
7264,27111,6892,96561.5,2025-07-08
7265,8831,6838,62043.56,2025-07-23
7266,16526,1497,21090.69,2025-07-08
7267,32081,6868,73948.43,2025-07-22
7268,99777,150,77595.75,2025-07-08
7269,33985,5597,17290.4,2025-07-11
7270,43181,7979,77584.26,2025-07-13
7271,18196,1438,94788.82,2025-07-19
7272,86745,5876,24176.26,2025-07-18
7273,3039,9651,89397.32,2025-07-26
7274,32013,4319,32841.7,2025-07-09
7275,11602,4657,8170.69,2025-07-17
7276,68406,1027,8430.0,2025-07-11
7277,99338,4696,89139.91,2025-07-10
7278,62563,4010,48102.61,2025-07-15
7279,68510,1351,10763.86,2025-07-27
7280,95802,4555,60792.24,2025-07-07
7281,25783,3816,73742.81,2025-07-05
7282,53672,7200,24482.03,2025-07-27
7283,42416,9625,38225.42,2025-07-28
7284,82046,752,18425.54,2025-07-25
7285,3791,2983,29028.65,2025-07-15
7286,59939,2491,27392.12,2025-07-17
7287,53917,126,72735.32,2025-07-25
7288,52967,1204,99767.55,2025-07-22
7289,52603,5775,25608.95,2025-07-08
7290,78041,8681,22206.71,2025-07-29
7291,25575,124,6226.38,2025-08-02
7292,57262,8069,11760.21,2025-07-16
7293,60092,6746,18510.1,2025-08-02
7294,84356,4873,60585.73,2025-07-12
7295,13061,2864,75587.47,2025-07-31
7296,19024,1090,31003.5,2025-08-02
7297,53733,8114,66979.53,2025-07-06
7298,50537,561,53292.09,2025-07-27
7299,3296,7692,53238.64,2025-07-30
7300,14457,9001,91823.81,2025-07-15
7301,22798,7747,52800.27,2025-07-19
7302,49948,1954,59981.32,2025-07-14
7303,51561,6163,38721.59,2025-07-04
7304,88521,4159,35560.04,2025-07-05
7305,91440,934,41334.8,2025-07-18
7306,20606,5476,62765.87,2025-07-06
7307,81635,6677,42231.65,2025-07-26
7308,37218,5092,24064.64,2025-07-21
7309,32573,6082,14967.1,2025-07-23
7310,40802,949,69248.3,2025-07-19
7311,60884,1771,41607.19,2025-07-17
7312,946,2632,55537.27,2025-07-14
7313,26947,4851,59042.62,2025-07-26
7314,23199,8666,56024.07,2025-07-30
7315,11224,5304,49051.46,2025-07-07
7316,88413,2186,83173.49,2025-07-09
7317,11115,7287,92004.59,2025-07-20
7318,73269,5126,72943.38,2025-07-11
7319,17743,5527,68933.46,2025-07-14
7320,47559,303,63935.08,2025-07-06
7321,35451,4617,43810.59,2025-07-28
7322,1136,344,65853.8,2025-07-08
7323,15172,7763,60632.48,2025-07-20
7324,82804,8828,41024.2,2025-07-06
7325,74497,4633,56191.2,2025-07-28
7326,15315,9858,27286.63,2025-07-23
7327,37926,6683,28407.37,2025-07-31
7328,44020,4912,10800.77,2025-07-07
7329,64029,7855,39098.04,2025-07-12
7330,79733,2555,73041.12,2025-07-21
7331,79987,9219,46802.96,2025-07-30
7332,74959,8705,8743.99,2025-07-29
7333,51654,7456,99244.36,2025-07-24
7334,32489,7645,98713.11,2025-07-09
7335,61477,9590,23135.08,2025-07-22
7336,7630,372,14625.2,2025-07-24
7337,58989,1123,75880.13,2025-07-31
7338,15698,8134,50165.0,2025-07-11
7339,70657,9530,34161.54,2025-07-18
7340,2902,538,24828.97,2025-07-13
7341,31513,6534,56723.98,2025-07-29
7342,74103,2301,52164.99,2025-07-31
7343,36807,6835,93200.48,2025-08-01
7344,85757,5461,45895.36,2025-07-13
7345,45954,3251,99027.37,2025-07-16
7346,42523,1914,96003.6,2025-07-23
7347,85710,545,21750.77,2025-07-07
7348,74714,9579,36396.11,2025-08-04
7349,18104,2372,39080.23,2025-07-21
7350,93445,679,78963.28,2025-08-01
7351,53150,5471,95126.66,2025-07-15
7352,64611,9875,23572.48,2025-07-18
7353,4297,5622,56945.01,2025-07-16
7354,76126,1375,51632.03,2025-07-10
7355,97454,4288,23942.3,2025-07-20
7356,64094,6305,14400.47,2025-07-20
7357,5967,8910,29215.02,2025-07-21
7358,12578,8214,50630.07,2025-08-05
7359,7294,1014,77553.51,2025-07-10
7360,78862,8571,77230.63,2025-07-12
7361,97617,7567,88479.46,2025-07-22
7362,12241,4593,35979.21,2025-08-01
7363,6312,1276,11865.73,2025-07-20
7364,46395,463,7497.34,2025-07-24
7365,88537,8251,61624.21,2025-07-31
7366,25357,8361,12188.47,2025-07-11
7367,20327,4169,71529.32,2025-07-10
7368,74754,8450,37524.74,2025-07-23
7369,34230,9924,87396.94,2025-07-19
7370,99864,8758,69050.59,2025-07-11
7371,60567,7952,96544.19,2025-07-22
7372,43918,1603,94273.06,2025-07-17
7373,30816,8813,54970.09,2025-07-25
7374,75137,8736,42945.6,2025-08-05
7375,74951,3471,27947.62,2025-07-20
7376,31831,3553,25042.91,2025-07-30
7377,79743,7489,91158.21,2025-07-21
7378,3533,9869,52638.24,2025-07-13
7379,96774,6279,55073.98,2025-07-15
7380,98155,8411,14741.52,2025-07-10
7381,80297,610,40111.55,2025-08-03
7382,51602,9120,29211.79,2025-07-21
7383,29472,1758,32576.52,2025-07-15
7384,90532,7448,79801.93,2025-07-24
7385,48043,8494,54859.89,2025-07-26
7386,39587,8806,26261.76,2025-08-05
7387,33027,6738,38379.06,2025-07-29
7388,36847,6768,7707.62,2025-07-18
7389,5898,3394,26315.83,2025-07-16
7390,39714,6378,46634.92,2025-07-16
7391,10954,4947,81114.75,2025-07-29
7392,41934,701,82583.37,2025-07-17
7393,81206,9288,88651.83,2025-07-22
7394,17421,3112,48531.21,2025-08-05
7395,45828,9276,23668.12,2025-08-04
7396,71703,759,65643.5,2025-07-15
7397,34453,6749,26078.35,2025-07-26
7398,40277,5021,30446.65,2025-08-07
7399,83603,8803,74384.19,2025-07-15
7400,53656,1145,15846.33,2025-07-17
7401,46978,2968,40873.48,2025-07-22
7402,86789,6272,83314.46,2025-07-18
7403,71129,3464,78221.8,2025-07-30
7404,29055,6741,97954.31,2025-07-20
7405,33187,7865,32901.36,2025-08-06
7406,58417,1438,80291.35,2025-08-04
7407,47705,6542,37494.95,2025-07-19
7408,38889,2315,63608.07,2025-07-09
7409,62055,7331,19717.34,2025-08-05
7410,44888,7578,23046.3,2025-07-15
7411,39417,7666,27243.37,2025-08-04
7412,55662,9195,51363.55,2025-07-11
7413,36584,600,93129.32,2025-07-15
7414,88582,7513,27577.54,2025-08-06
7415,36417,9037,20401.04,2025-08-07
7416,76968,2934,68517.65,2025-08-02
7417,21063,8459,14851.69,2025-07-15
7418,51820,5301,58887.26,2025-07-25
7419,91123,6700,56505.65,2025-08-07
7420,49358,5380,6178.0,2025-07-24
7421,91023,3402,67778.64,2025-07-27
7422,41198,7493,10160.15,2025-07-12
7423,68772,5260,31831.98,2025-07-16
7424,74265,8398,67376.58,2025-07-17
7425,1457,1894,78620.82,2025-07-18
7426,3474,3174,10275.81,2025-07-11
7427,32356,4310,40058.64,2025-07-20
7428,26077,6873,82075.56,2025-07-21
7429,97898,5265,38377.97,2025-07-24
7430,19532,4521,85824.55,2025-07-15
7431,23346,6336,64056.24,2025-07-22
7432,26405,8854,83284.72,2025-08-08
7433,99811,9539,43361.51,2025-08-08
7434,90792,6366,50490.49,2025-07-20
7435,94481,22,81937.47,2025-07-28
7436,48974,5912,26582.77,2025-08-03
7437,80052,3115,53697.76,2025-08-09
7438,2144,2290,75905.1,2025-07-15
7439,96836,6144,59588.22,2025-08-01
7440,36647,5801,47687.22,2025-07-15
7441,16054,5150,91752.19,2025-07-30
7442,33107,269,80038.44,2025-07-13
7443,44359,1012,69506.14,2025-07-25
7444,2320,6971,62383.28,2025-07-12
7445,44061,4443,42263.73,2025-07-27
7446,22360,7318,35461.21,2025-07-28
7447,88838,2486,66022.6,2025-08-03
7448,39390,9735,46090.58,2025-07-12
7449,85679,2436,35583.47,2025-07-20
7450,26430,3195,27241.75,2025-08-02
7451,88459,987,29262.06,2025-07-14
7452,88291,6914,80696.95,2025-07-31
7453,28301,9697,89780.27,2025-08-06
7454,72817,8913,64511.88,2025-08-07
7455,89705,6470,7389.64,2025-07-27
7456,36725,2125,26434.02,2025-07-25
7457,56792,6764,45121.87,2025-07-30
7458,39313,3431,70557.32,2025-08-01
7459,21229,242,74553.3,2025-07-20
7460,83912,4122,29216.29,2025-07-12
7461,80413,9260,91707.9,2025-07-26
7462,30230,1917,27403.25,2025-07-15
7463,4806,2702,84621.66,2025-08-06
7464,63375,2311,29408.34,2025-07-30
7465,40822,6294,23386.11,2025-07-20
7466,98042,351,37570.15,2025-07-26
7467,49134,2306,61753.77,2025-07-13
7468,95488,1128,49440.62,2025-07-29
7469,24375,5341,86740.48,2025-08-01
7470,31341,7901,59643.11,2025-08-08
7471,18037,4195,54557.64,2025-07-17
7472,2387,4990,28257.45,2025-08-03
7473,60093,1237,51361.96,2025-07-17
7474,39202,9395,93579.81,2025-07-24
7475,62509,6395,13520.29,2025-07-25
7476,16974,1396,7201.39,2025-08-10
7477,76359,258,41261.47,2025-08-08
7478,88765,7944,22952.78,2025-07-14
7479,98568,8158,5841.73,2025-08-09
7480,14793,8665,60757.26,2025-08-07
7481,81456,8863,21735.95,2025-07-19
7482,96700,520,31007.02,2025-07-31
7483,47951,7303,81746.32,2025-07-29
7484,5015,1817,50115.35,2025-07-23
7485,11017,2319,18344.48,2025-07-15
7486,72487,3856,92028.82,2025-07-29
7487,71300,1486,68154.6,2025-08-08
7488,62435,7337,99480.24,2025-07-25
7489,40385,9868,55625.06,2025-07-20
7490,65012,1744,81687.37,2025-07-27
7491,46232,6567,83172.77,2025-07-26
7492,42791,8864,94526.91,2025-07-19
7493,83753,1986,97893.81,2025-07-28
7494,83651,3479,8193.39,2025-07-24
7495,3964,554,31337.51,2025-07-14
7496,14819,2174,45159.44,2025-07-18
7497,65981,815,19498.46,2025-07-16
7498,87509,9457,99450.17,2025-07-19
7499,72494,1465,40351.09,2025-07-25
7500,76697,7131,23538.83,2025-08-06
7501,11832,6094,45586.23,2025-08-09
7502,70831,9535,37466.64,2025-07-24
7503,89825,1449,66180.98,2025-07-24
7504,48995,7224,6155.1,2025-07-23
7505,39309,9357,55219.43,2025-07-30
7506,39794,7308,51001.69,2025-07-29
7507,81254,5788,15725.59,2025-07-14
7508,11954,6736,66995.36,2025-07-22
7509,24014,4535,72541.81,2025-07-31
7510,33542,8081,27208.03,2025-08-07
7511,25118,4219,93475.55,2025-07-26
7512,31755,2069,63656.05,2025-08-04
7513,25828,4124,28732.8,2025-08-02
7514,88723,2276,97130.86,2025-08-03
7515,67586,6705,24237.01,2025-08-03
7516,5069,8521,13899.4,2025-07-27
7517,84836,7784,18099.36,2025-07-19
7518,10752,31,53637.5,2025-07-19
7519,81410,7048,66459.59,2025-07-22
7520,54816,6901,66769.8,2025-08-09
7521,97908,8994,37445.39,2025-08-05
7522,19579,8048,74473.21,2025-08-12
7523,81187,8048,51621.65,2025-07-30
7524,74369,3190,65531.19,2025-08-08
7525,3182,9666,13059.33,2025-08-07
7526,38421,6749,47169.58,2025-07-22
7527,74545,4910,99387.3,2025-08-06
7528,11885,258,97714.44,2025-08-05
7529,35401,3931,82425.1,2025-08-01
7530,71469,9052,44160.44,2025-07-24
7531,44658,6116,84355.96,2025-07-20
7532,82132,7316,7920.43,2025-08-09
7533,60967,942,92477.79,2025-08-13
7534,29392,7744,19845.51,2025-08-11
7535,51497,2463,98695.9,2025-07-19
7536,10972,5035,71728.0,2025-07-21
7537,65621,1540,97429.26,2025-07-27
7538,83567,2970,46168.77,2025-08-04
7539,29756,7819,92553.17,2025-08-14
7540,50380,7371,32786.28,2025-08-13
7541,73915,4679,60670.5,2025-08-01
7542,2765,6366,44968.32,2025-07-30
7543,66367,3345,88333.9,2025-08-01
7544,72093,1950,71338.3,2025-07-29
7545,3217,7084,46314.71,2025-08-06
7546,25297,8773,91010.03,2025-08-10
7547,52633,646,85641.93,2025-08-05
7548,40512,1519,24883.42,2025-08-01
7549,97620,1598,37612.78,2025-08-04
7550,45923,5544,67197.22,2025-07-28
7551,59633,3025,16852.99,2025-08-01
7552,93593,3428,87925.25,2025-08-09
7553,14833,5098,36286.35,2025-08-09
7554,40647,4643,83554.82,2025-07-21
7555,7501,3926,76830.05,2025-07-17
7556,74307,4250,68655.88,2025-08-03
7557,68289,829,54414.71,2025-08-02
7558,19224,543,32713.1,2025-07-31
7559,75804,3374,6617.71,2025-07-18
7560,16150,4728,18323.24,2025-08-15
7561,49761,6749,61588.69,2025-07-26
7562,33808,3151,45785.82,2025-08-12
7563,55,4387,33176.94,2025-08-06
7564,909,5231,77156.44,2025-08-01
7565,16825,7354,10637.05,2025-08-03
7566,9930,367,55632.06,2025-07-25
7567,55561,4172,70514.62,2025-07-22
7568,65264,542,61884.84,2025-08-02
7569,90632,6613,49268.16,2025-07-31
7570,30109,2949,98213.38,2025-07-17
7571,79337,3930,95112.34,2025-08-01
7572,32789,3290,53233.86,2025-07-31
7573,87299,3611,81343.62,2025-07-17
7574,86737,9553,89377.48,2025-08-03
7575,84282,2552,58965.31,2025-08-01
7576,4971,4426,21521.63,2025-07-22
7577,81169,8515,70516.95,2025-07-28
7578,40971,8741,89280.05,2025-07-22
7579,84569,2710,7588.54,2025-07-24
7580,45980,7813,98679.24,2025-07-22
7581,20758,5463,7900.71,2025-08-08
7582,6937,7918,91154.81,2025-08-05
7583,94614,6300,18612.58,2025-07-18
7584,24038,9207,13308.44,2025-08-08
7585,70863,5080,30730.17,2025-08-01
7586,46974,4807,77331.39,2025-07-26
7587,96032,4970,30717.75,2025-07-28
7588,97825,588,90384.27,2025-07-28
7589,64255,2933,15334.44,2025-08-14
7590,55914,3237,68462.97,2025-07-29
7591,12447,1631,24455.69,2025-08-01
7592,36029,8278,75323.58,2025-08-13
7593,53003,7129,16086.9,2025-08-14
7594,10962,918,29522.5,2025-08-07
7595,57566,9011,20006.01,2025-08-07
7596,2284,1816,54547.53,2025-07-27
7597,82616,4217,27705.2,2025-08-03
7598,8807,3417,8572.39,2025-07-29
7599,18361,2241,50641.36,2025-08-11
7600,15902,6093,22044.76,2025-08-08
7601,19844,182,52175.36,2025-08-15
7602,61722,3546,52650.54,2025-08-10
7603,86288,6016,59019.59,2025-07-27
7604,38036,331,38647.81,2025-08-09
7605,33576,5077,85108.46,2025-08-15
7606,53429,2780,83205.02,2025-08-03
7607,84091,3287,50319.2,2025-08-04
7608,8791,82,9424.51,2025-07-19
7609,5472,1083,78548.86,2025-08-11
7610,13960,7908,48793.71,2025-08-06
7611,94409,25,84567.6,2025-08-15
7612,69386,3501,30852.27,2025-08-13
7613,2591,4667,44552.64,2025-07-23
7614,30843,6638,42954.26,2025-08-12
7615,50102,8587,20903.93,2025-08-06
7616,72141,9058,28364.82,2025-08-16
7617,58798,2627,10456.52,2025-08-18
7618,96623,7495,87434.11,2025-07-21
7619,77529,9857,41239.26,2025-07-31
7620,27048,6953,97435.76,2025-07-31
7621,86865,3699,46736.47,2025-08-17
7622,10390,5979,97350.48,2025-08-16
7623,16176,87,69261.7,2025-08-05
7624,16615,2769,73484.26,2025-08-18
7625,24794,9117,59207.96,2025-08-10
7626,47665,8050,12256.63,2025-08-03
7627,69662,7941,28311.55,2025-08-17
7628,74502,5854,35438.46,2025-08-17
7629,58634,5957,9478.56,2025-08-09
7630,70474,7652,53022.97,2025-07-22
7631,86059,4357,87102.99,2025-07-21
7632,9163,5337,67637.01,2025-07-23
7633,21223,4493,50796.18,2025-07-31
7634,40025,2948,7351.09,2025-08-13
7635,23793,1071,45183.84,2025-08-01
7636,33413,8282,96976.8,2025-08-13
7637,89608,3766,29147.45,2025-08-17
7638,98580,3353,60548.23,2025-07-27
7639,2851,9443,17404.05,2025-07-29
7640,39428,6677,15355.25,2025-08-16
7641,37487,4188,61667.1,2025-08-19
7642,71204,3272,41575.91,2025-08-11
7643,86940,1277,43951.11,2025-08-09
7644,94632,2313,5931.77,2025-08-01
7645,59292,3832,23364.51,2025-08-10
7646,25443,3557,68519.75,2025-08-11
7647,9090,1155,37899.18,2025-08-06
7648,42866,2707,96271.72,2025-08-17
7649,20087,7489,83895.63,2025-07-24
7650,67644,5758,86441.37,2025-08-01
7651,76008,2303,9319.77,2025-08-14
7652,71326,9349,76474.21,2025-08-07
7653,60902,6537,96958.35,2025-08-16
7654,58613,4817,87383.95,2025-08-11
7655,99317,3575,82343.51,2025-07-29
7656,98560,1161,37727.39,2025-08-14
7657,17155,1680,7307.9,2025-08-04
7658,34972,4652,13321.66,2025-07-29
7659,25870,173,95228.14,2025-07-25
7660,16438,2213,81772.93,2025-08-04
7661,31789,1285,90781.59,2025-08-14
7662,14448,9183,93609.11,2025-08-05
7663,39980,6597,8016.74,2025-08-14
7664,42219,1906,45093.24,2025-07-27
7665,8473,1753,54730.28,2025-07-29
7666,50251,8587,82292.12,2025-08-04
7667,93433,5675,35245.04,2025-08-12
7668,7382,5938,25392.19,2025-07-23
7669,47766,231,5452.6,2025-07-28
7670,17528,3143,82229.48,2025-08-07
7671,90754,2876,17206.42,2025-08-05
7672,10650,4838,15888.17,2025-08-11
7673,44776,5116,52787.18,2025-07-30
7674,38562,5758,84128.4,2025-08-17
7675,60168,9823,22717.11,2025-08-07
7676,3490,8766,60966.55,2025-08-06
7677,60258,5582,87372.02,2025-08-12
7678,74541,6410,54078.58,2025-07-31
7679,72713,5873,79390.29,2025-08-18
7680,897,3144,77366.71,2025-08-05
7681,95271,1298,59591.74,2025-08-10
7682,42752,959,23873.83,2025-08-06
7683,21617,5833,91004.55,2025-07-26
7684,64753,5845,74571.15,2025-07-25
7685,87875,3000,34200.74,2025-08-20
7686,81484,3403,73722.07,2025-08-04
7687,51914,3287,53479.02,2025-08-17
7688,23522,2868,86249.03,2025-07-30
7689,97835,1536,48265.57,2025-07-23
7690,81199,1918,28167.93,2025-07-29
7691,33484,7392,57838.64,2025-08-07
7692,12997,3017,86233.53,2025-07-24
7693,193,8972,73391.43,2025-08-22
7694,71095,2508,27711.35,2025-07-24
7695,415,9002,76494.39,2025-08-15
7696,85603,7482,10189.52,2025-08-15
7697,17500,210,23257.42,2025-08-10
7698,41704,1275,61686.16,2025-08-21
7699,13194,3788,75023.03,2025-08-05
7700,17930,2422,94741.91,2025-08-21
7701,55542,4259,55838.13,2025-08-09
7702,36897,6127,68686.15,2025-08-01
7703,15471,9968,69341.89,2025-08-06
7704,7325,4900,49133.79,2025-07-31
7705,33988,7208,71453.72,2025-08-13
7706,24850,3287,77714.02,2025-08-22
7707,66297,5474,93656.07,2025-07-24
7708,32261,4079,36171.04,2025-07-30
7709,22908,6931,69756.53,2025-07-30
7710,8441,4125,64872.32,2025-08-21
7711,34406,4460,72890.08,2025-08-17
7712,39915,4141,52037.47,2025-08-09
7713,15947,8991,88025.47,2025-07-28
7714,91541,5186,91884.24,2025-08-20
7715,11404,6978,96244.16,2025-07-27
7716,2341,8554,63595.94,2025-08-15
7717,48115,9629,94756.7,2025-08-22
7718,99730,4524,28690.61,2025-08-20
7719,64414,2161,90190.25,2025-08-05
7720,94510,5969,17026.65,2025-07-27
7721,92538,4926,97557.99,2025-08-13
7722,9297,1418,88989.76,2025-07-27
7723,83416,7894,31872.18,2025-08-05
7724,84813,4884,99085.96,2025-07-29
7725,49263,6160,75377.5,2025-08-11
7726,5105,1712,41542.33,2025-08-10
7727,62422,9359,57871.13,2025-08-21
7728,91828,8683,74256.49,2025-07-29
7729,63648,4787,27141.23,2025-08-08
7730,67453,8438,80695.72,2025-08-17
7731,3889,1418,86911.46,2025-08-06
7732,56624,9041,34152.73,2025-07-31
7733,30299,6111,37018.94,2025-08-19
7734,90391,7406,17922.2,2025-08-22
7735,98084,4719,25085.25,2025-08-02
7736,88860,425,24529.01,2025-07-31
7737,78364,743,15308.15,2025-08-13
7738,84757,6412,59441.26,2025-08-17
7739,24895,8751,59400.13,2025-08-05
7740,53334,4911,93659.28,2025-08-07
7741,5291,3734,19739.58,2025-08-15
7742,4690,8290,90212.36,2025-08-03
7743,20844,9086,92966.34,2025-08-12
7744,22099,4576,96746.31,2025-07-27
7745,51319,5887,34603.65,2025-08-08
7746,36208,6914,72574.3,2025-08-23
7747,46910,1477,68396.57,2025-08-03
7748,6473,7921,56062.01,2025-08-02
7749,16943,982,11026.04,2025-08-24
7750,29385,3771,9746.38,2025-08-08
7751,27146,3235,22527.12,2025-08-07
7752,14889,2700,30165.69,2025-08-06
7753,11779,322,5446.46,2025-08-20
7754,30034,6766,95275.26,2025-07-28
7755,85236,8372,59964.33,2025-08-07
7756,62389,9521,73676.52,2025-08-07
7757,6599,3293,88774.12,2025-07-31
7758,37222,90,87050.03,2025-07-30
7759,65246,1622,10253.07,2025-08-05
7760,3248,1223,55415.15,2025-07-30
7761,34474,8102,92162.27,2025-08-16
7762,94313,5375,92371.51,2025-08-11
7763,11285,576,97803.82,2025-08-13
7764,29230,4601,24919.81,2025-08-19
7765,65860,1003,42649.94,2025-08-18
7766,19104,4384,45910.61,2025-08-12
7767,71857,7150,41989.83,2025-08-06
7768,63493,311,58647.23,2025-08-08
7769,92273,551,53581.39,2025-08-24
7770,30589,9640,13017.4,2025-08-25
7771,48201,8670,20822.19,2025-08-20
7772,71373,4064,50657.32,2025-08-03
7773,40530,7178,81833.84,2025-08-23
7774,49481,6377,47897.53,2025-08-02
7775,74257,7920,29418.72,2025-08-23
7776,64738,6116,34666.25,2025-08-06
7777,7516,9408,39369.03,2025-08-25
7778,50923,3615,24849.17,2025-08-21
7779,88789,4153,33486.11,2025-08-20
7780,98620,9367,67277.49,2025-08-12
7781,37636,6818,98482.95,2025-08-06
7782,46811,9053,43887.52,2025-08-02
7783,85711,646,39899.29,2025-08-24
7784,54950,5637,59179.37,2025-08-08
7785,61016,3485,42544.92,2025-08-15
7786,25256,5164,9061.13,2025-08-10
7787,98570,3078,52763.11,2025-08-16
7788,44746,3823,19488.66,2025-08-08
7789,52907,4391,46808.75,2025-08-21
7790,70549,3072,30615.21,2025-08-24
7791,28240,7715,88813.55,2025-08-03
7792,27125,4501,82582.3,2025-08-26
7793,47997,1479,17598.07,2025-08-16
7794,88490,2548,52840.57,2025-08-01
7795,48622,1652,50993.11,2025-08-24
7796,24230,707,14389.54,2025-08-03
7797,95578,5575,50845.53,2025-08-03
7798,4031,9213,16018.94,2025-08-04
7799,8379,804,83509.69,2025-08-01
7800,54282,2864,81500.98,2025-08-16
7801,90530,5745,47337.33,2025-08-25
7802,40233,8960,15183.87,2025-08-01
7803,945,7698,63460.58,2025-08-20
7804,84603,7905,41427.55,2025-08-06
7805,40012,1707,77257.78,2025-08-07
7806,38031,6356,13511.57,2025-08-24
7807,79985,4825,76836.47,2025-08-20
7808,637,5754,27611.55,2025-08-09
7809,62165,9595,82244.25,2025-08-19
7810,71021,5845,91568.59,2025-08-10
7811,40944,6751,75520.39,2025-08-23
7812,42280,6298,92443.0,2025-08-27
7813,54103,3911,44720.39,2025-08-20
7814,20201,9924,13709.07,2025-08-07
7815,48405,2848,62198.95,2025-08-07
7816,7849,1421,10360.34,2025-08-20
7817,9277,1671,95098.22,2025-08-18
7818,19519,6070,33506.01,2025-08-03
7819,24210,7330,33757.25,2025-08-20
7820,22646,4754,72509.29,2025-08-01
7821,50682,9654,16594.66,2025-08-19
7822,98058,3501,70004.83,2025-08-02
7823,29193,1153,72732.28,2025-08-06
7824,24100,2535,5979.04,2025-08-05
7825,17462,6376,67936.51,2025-08-13
7826,64736,3846,80770.28,2025-08-19
7827,15285,9100,40216.67,2025-08-23
7828,91970,2234,93199.38,2025-07-31
7829,65508,4649,70622.97,2025-08-07
7830,44316,802,97754.75,2025-08-21
7831,10854,8488,20610.58,2025-08-05
7832,80296,6350,54361.18,2025-08-07
7833,5090,1071,42388.05,2025-08-28
7834,37552,7366,44338.64,2025-08-21
7835,4777,5360,8776.0,2025-08-02
7836,82855,7895,33676.94,2025-08-18
7837,62964,4705,93887.96,2025-08-03
7838,55750,2581,13674.55,2025-08-11
7839,1295,9404,72818.1,2025-08-20
7840,19499,3622,16281.6,2025-08-20
7841,56097,6948,86134.91,2025-08-17
7842,31487,2739,74531.68,2025-08-16
7843,37630,7672,68841.89,2025-08-03
7844,84102,6797,78793.55,2025-08-07
7845,84478,4152,72140.32,2025-08-15
7846,26020,4945,8477.52,2025-08-06
7847,89248,7034,76122.04,2025-08-28
7848,11345,9160,66862.33,2025-08-10
7849,78345,3935,90307.96,2025-08-16
7850,38884,412,10977.11,2025-08-17
7851,23845,8059,31898.0,2025-08-01
7852,73912,2694,83862.55,2025-08-06
7853,45998,5243,65058.45,2025-08-11
7854,82918,7219,33495.27,2025-07-31
7855,94234,5070,43178.89,2025-08-12
7856,70393,113,40434.62,2025-08-04
7857,56731,7528,69775.09,2025-08-24
7858,86911,4278,21208.95,2025-08-28
7859,38829,8345,62384.41,2025-08-28
7860,17063,1691,56542.25,2025-08-20
7861,16523,4953,77985.49,2025-08-23
7862,3487,7899,52833.81,2025-08-30
7863,45421,6867,25998.4,2025-08-06
7864,93407,935,76269.33,2025-08-28
7865,45814,890,21156.95,2025-08-25
7866,45831,2918,80314.96,2025-08-07
7867,20066,6806,56963.69,2025-08-21
7868,25894,7749,29355.18,2025-08-13
7869,23455,5297,60186.23,2025-08-09
7870,55740,9237,80086.41,2025-08-16
7871,55995,2495,33616.2,2025-08-05
7872,20700,8556,57151.26,2025-08-21
7873,49752,3105,77336.13,2025-08-11
7874,98751,3940,59748.1,2025-08-23
7875,81717,4150,8094.43,2025-08-17
7876,4402,8349,32299.0,2025-08-17
7877,74782,9525,26825.77,2025-08-19
7878,85794,6641,17931.84,2025-08-26
7879,98146,758,41405.48,2025-08-06
7880,21889,9966,11657.49,2025-08-21
7881,72303,2892,67922.86,2025-08-07
7882,9618,5387,89101.4,2025-08-14
7883,51498,422,62228.63,2025-08-28
7884,402,3447,87833.36,2025-08-19
7885,21574,1520,49240.17,2025-08-27
7886,20923,6858,71993.86,2025-08-01
7887,67313,7801,41836.69,2025-08-17
7888,85556,8143,90258.07,2025-08-24
7889,98588,1834,43820.13,2025-08-06
7890,15173,135,40647.16,2025-08-18
7891,81114,1125,97214.77,2025-08-31
7892,2561,5707,98093.21,2025-08-25
7893,34360,1042,72301.3,2025-08-18
7894,38657,7903,39736.91,2025-08-26
7895,35190,186,86678.72,2025-08-22
7896,71544,3822,21730.92,2025-08-09
7897,56586,37,73270.59,2025-08-24
7898,23231,2721,48498.78,2025-08-16
7899,60621,3888,14974.16,2025-08-07
7900,55833,6267,33548.74,2025-08-17
7901,31560,1258,92797.53,2025-08-28
7902,80925,5000,69311.94,2025-08-11
7903,90798,4584,68380.72,2025-08-17
7904,46396,2385,46627.66,2025-08-28
7905,40751,3454,86332.6,2025-08-28
7906,89736,1388,54563.85,2025-08-23
7907,16940,2037,68795.03,2025-08-04
7908,64851,276,93207.96,2025-08-15
7909,42520,3483,68519.59,2025-08-26
7910,18362,6320,20847.91,2025-08-31
7911,97014,9773,16451.51,2025-08-24
7912,64056,3454,83578.1,2025-08-27
7913,58126,6712,55812.86,2025-08-02
7914,2070,8470,21127.05,2025-08-03
7915,80688,9826,65410.94,2025-08-12
7916,62395,2227,60771.99,2025-08-08
7917,60522,3311,64527.55,2025-08-28
7918,24393,8536,60618.45,2025-08-29
7919,27918,1182,67585.2,2025-08-28
7920,84214,2023,9386.16,2025-09-01
7921,50562,7079,46502.93,2025-08-23
7922,79388,3738,34767.23,2025-08-09
7923,92698,7576,44713.63,2025-08-24
7924,27993,1708,58159.22,2025-08-03
7925,80057,3702,79760.66,2025-09-01
7926,49769,3742,67428.23,2025-08-09
7927,97630,690,39783.07,2025-08-04
7928,25992,2276,40937.86,2025-08-11
7929,36383,1033,51797.86,2025-08-07
7930,2918,9165,5528.99,2025-08-12
7931,76993,2711,56815.44,2025-08-28
7932,13546,4968,56143.02,2025-08-12
7933,19254,5607,5769.0,2025-08-04
7934,61645,4360,40806.15,2025-08-30
7935,80145,3798,28190.33,2025-08-31
7936,63213,5043,57062.3,2025-08-10
7937,71656,6538,50288.04,2025-08-16
7938,55501,1082,48162.65,2025-08-29
7939,69203,643,76790.24,2025-08-24
7940,59312,2842,20426.33,2025-08-26
7941,22366,8416,56862.3,2025-08-25
7942,79110,2573,75129.59,2025-08-05
7943,50428,2005,34153.0,2025-08-24
7944,88480,5985,50528.9,2025-08-10
7945,94390,4161,98594.48,2025-08-28
7946,95108,1186,97704.15,2025-08-26
7947,23040,6299,83471.25,2025-08-25
7948,46767,6370,51277.24,2025-08-09
7949,31283,6055,22575.85,2025-08-31
7950,52839,3257,11223.97,2025-08-05
7951,67762,8245,55299.11,2025-08-07
7952,21496,7057,25326.81,2025-08-06
7953,8402,7629,44420.19,2025-08-11
7954,98896,3912,90933.53,2025-08-07
7955,37045,393,7545.37,2025-08-14
7956,97372,9214,18639.65,2025-08-14
7957,34875,4227,44239.49,2025-08-21
7958,23500,2049,92456.58,2025-08-27
7959,86819,4588,16285.64,2025-08-22
7960,28113,4874,59981.06,2025-08-04
7961,58419,838,37709.57,2025-08-10
7962,18639,1700,87249.55,2025-08-23
7963,26351,8474,15106.5,2025-09-02
7964,47021,7347,94325.22,2025-08-25
7965,60120,1103,64479.19,2025-08-31
7966,78392,3328,25770.52,2025-08-17
7967,99748,1888,35720.65,2025-08-12
7968,85920,9389,60649.5,2025-08-05
7969,30869,9780,88964.48,2025-08-28
7970,28078,1605,59814.3,2025-09-01
7971,11799,2503,93508.56,2025-08-13
7972,2156,1561,17893.71,2025-08-24
7973,54720,1910,16840.21,2025-08-19
7974,74302,7012,78263.57,2025-08-12
7975,89715,5644,18656.44,2025-08-27
7976,25838,4061,89120.94,2025-09-03
7977,83776,3929,89313.05,2025-09-03
7978,35068,2641,5941.62,2025-08-13
7979,66122,7678,82634.95,2025-08-25
7980,99050,2283,73502.82,2025-08-16
7981,38313,690,38172.25,2025-08-26
7982,14556,1876,16143.2,2025-08-26
7983,45079,7794,78481.37,2025-08-31
7984,34403,2423,52217.35,2025-08-21
7985,73979,2082,83890.67,2025-08-18
7986,32325,4503,23094.57,2025-08-29
7987,79873,6157,86182.58,2025-08-26
7988,58499,2635,84113.39,2025-08-25
7989,69027,2298,94122.75,2025-08-27
7990,33877,7845,5339.37,2025-08-09
7991,4382,8668,26359.48,2025-08-21
7992,53950,1042,99303.02,2025-08-22
7993,3899,2378,76080.88,2025-08-21
7994,93605,8069,39688.32,2025-08-09
7995,41263,9983,22350.75,2025-08-07
7996,47588,8362,37336.93,2025-08-15
7997,98977,5681,75220.23,2025-08-10
7998,96223,7631,53802.96,2025-08-26
7999,49289,3122,19729.0,2025-08-18
8000,20016,9605,87269.55,2025-08-28
8001,24510,1350,59311.47,2025-08-06
8002,57834,554,10135.09,2025-08-29
8003,17347,475,9919.06,2025-08-21
8004,28845,8172,90549.72,2025-08-10
8005,87025,1410,96220.54,2025-08-30
8006,14511,9890,91747.72,2025-08-20
8007,31376,2941,66632.7,2025-08-07
8008,86106,8375,35264.18,2025-08-09
8009,50156,9120,49091.94,2025-08-26
8010,983,132,33433.42,2025-08-13
8011,8259,9137,48386.15,2025-08-30
8012,75673,937,60528.38,2025-08-19
8013,35054,6706,18339.59,2025-08-16
8014,65249,8641,58543.36,2025-08-22
8015,15446,2167,31785.55,2025-08-09
8016,3373,7831,53931.96,2025-08-09
8017,31252,7685,90948.78,2025-08-07
8018,33165,3469,15124.53,2025-08-31
8019,62415,402,94119.61,2025-09-03
8020,12129,2180,33743.2,2025-08-28
8021,71251,9753,91354.81,2025-08-14
8022,32545,6934,98879.75,2025-08-31
8023,36381,2330,62775.14,2025-08-26
8024,60327,7972,21064.63,2025-08-08
8025,41488,6545,41014.57,2025-09-01
8026,51688,3744,22917.1,2025-08-16
8027,98598,1135,90803.67,2025-08-17
8028,12400,5626,72622.85,2025-08-10
8029,71599,4172,44107.41,2025-08-08
8030,87692,8379,82510.38,2025-09-01
8031,47955,8932,7983.13,2025-08-19
8032,70344,2658,14990.8,2025-08-18
8033,75292,3068,59353.59,2025-08-20
8034,44485,6320,49395.01,2025-08-21
8035,43788,5180,16441.99,2025-08-25
8036,71316,3042,21214.79,2025-08-30
8037,67248,8232,79394.37,2025-09-06
8038,24409,7941,14370.8,2025-08-31
8039,60113,6891,82816.41,2025-08-24
8040,94104,6345,76729.37,2025-08-14
8041,33406,7701,59653.97,2025-08-23
8042,15817,4875,57054.76,2025-08-16
8043,27687,2780,15514.78,2025-08-10
8044,45442,9720,51717.49,2025-08-20
8045,31768,5688,73454.02,2025-08-10
8046,40561,587,53201.8,2025-08-27
8047,19558,9881,27231.64,2025-08-08
8048,22350,7935,25583.06,2025-08-24
8049,87461,7901,30191.44,2025-09-04
8050,55251,6122,35971.59,2025-08-26
8051,58451,5670,73303.73,2025-08-22
8052,8497,9933,78092.95,2025-08-23
8053,70815,6915,97765.75,2025-08-22
8054,55252,3073,47484.86,2025-08-13
8055,60576,85,87337.99,2025-08-20
8056,90674,7558,57606.92,2025-09-05
8057,49326,3745,34472.05,2025-08-31
8058,30326,454,82894.04,2025-08-31
8059,80309,4213,76020.76,2025-08-18
8060,69969,3198,78372.87,2025-08-22
8061,24824,4993,8100.15,2025-08-27
8062,26862,5592,36088.03,2025-08-11
8063,90059,1608,84476.55,2025-08-12
8064,70238,1923,35851.87,2025-08-22
8065,3395,7428,41382.34,2025-08-29
8066,87053,8583,32427.1,2025-09-03
8067,71514,2982,76953.61,2025-08-18
8068,64424,7895,79591.21,2025-08-09
8069,42330,2083,68583.0,2025-09-03
8070,87574,9504,69377.34,2025-08-09
8071,21060,3774,21557.97,2025-09-01
8072,20086,8827,14002.06,2025-08-19
8073,62907,2328,42404.53,2025-08-28
8074,88315,2437,59446.55,2025-08-31
8075,457,2342,40195.53,2025-08-23
8076,48956,7633,70725.65,2025-09-07
8077,23585,5962,76769.96,2025-08-15
8078,23701,7393,23788.93,2025-08-27
8079,90909,8276,37144.41,2025-08-15
8080,80939,9164,47594.39,2025-08-30
8081,53822,8698,39198.61,2025-08-17
8082,91310,8657,79582.19,2025-08-11
8083,89444,845,55049.09,2025-09-01
8084,36782,3974,52915.98,2025-08-11
8085,47287,3712,89211.25,2025-09-07
8086,11340,586,9744.72,2025-09-04
8087,81233,8748,49639.4,2025-08-23
8088,75405,5281,86374.74,2025-08-27
8089,63831,9291,7983.59,2025-08-22
8090,20085,2302,18396.41,2025-09-09
8091,92775,5992,87540.97,2025-08-30
8092,18339,8381,78957.39,2025-08-26
8093,25922,4027,65562.9,2025-08-16
8094,51410,3146,38819.99,2025-09-03
8095,95513,9927,8514.03,2025-08-21
8096,51129,3750,43576.97,2025-08-11
8097,79949,5135,19408.85,2025-08-25
8098,23474,7440,53184.37,2025-08-30
8099,8103,6196,20841.37,2025-08-18
8100,94865,2738,70811.88,2025-08-12
8101,8501,9394,46406.11,2025-08-16
8102,58680,5144,59260.57,2025-08-29
8103,27697,1523,61850.31,2025-09-08
8104,19604,3610,99672.83,2025-08-26
8105,1485,7627,69806.59,2025-08-30
8106,29794,2948,82878.85,2025-08-28
8107,55324,1731,67402.07,2025-08-31
8108,84384,9560,97782.12,2025-08-12
8109,11652,7363,60287.65,2025-08-24
8110,14753,9225,32836.07,2025-09-05
8111,30134,5471,17318.55,2025-08-12
8112,26728,8677,82942.66,2025-09-01
8113,8996,1458,80104.25,2025-08-24
8114,59854,7517,32078.31,2025-09-06
8115,48031,890,41576.84,2025-09-03
8116,94324,619,16078.07,2025-08-14
8117,46126,4863,79429.67,2025-08-30
8118,10296,7700,27491.23,2025-08-26
8119,25370,4889,42627.08,2025-08-27
8120,9576,8286,78284.91,2025-08-16
8121,83522,20,5384.78,2025-09-04
8122,93035,2475,18987.68,2025-08-26
8123,80832,2330,50901.02,2025-09-04
8124,65671,9240,98433.57,2025-09-01
8125,60008,2932,88855.03,2025-09-06
8126,41527,367,70639.11,2025-09-11
8127,69551,8664,31646.59,2025-09-03
8128,79300,1089,75515.81,2025-09-11
8129,40190,1962,17243.98,2025-09-05
8130,41136,3910,88296.59,2025-08-24
8131,97649,5852,73165.61,2025-09-07
8132,57326,6960,30562.37,2025-08-31
8133,58534,3828,23933.6,2025-09-02
8134,41162,2637,46948.98,2025-08-30
8135,14548,6684,8016.45,2025-08-28
8136,99705,3018,94958.23,2025-09-08
8137,432,2300,94158.19,2025-09-09
8138,18785,3162,73516.65,2025-08-18
8139,93346,887,38987.42,2025-09-10
8140,2507,3577,69090.31,2025-08-19
8141,18337,5853,81292.17,2025-09-07
8142,77308,1424,84666.97,2025-08-22
8143,71760,4912,72592.4,2025-08-20
8144,46245,2763,98369.58,2025-08-19
8145,87161,7080,61798.4,2025-09-07
8146,1317,4095,61875.5,2025-08-18
8147,99140,4458,43144.78,2025-09-11
8148,10907,6181,84673.72,2025-08-14
8149,14637,9512,60821.61,2025-08-22
8150,57366,5954,41292.95,2025-09-02
8151,34159,8042,33243.82,2025-08-14
8152,20369,5399,76012.57,2025-08-30
8153,3497,8889,27744.67,2025-09-06
8154,92336,4371,92153.9,2025-09-06
8155,78663,1899,17369.89,2025-09-07
8156,13718,5114,54946.2,2025-09-01
8157,52579,1529,70205.96,2025-09-06
8158,58690,3146,6674.44,2025-08-20
8159,31311,4839,67259.39,2025-08-19
8160,20715,2105,93845.69,2025-09-09
8161,22833,8000,59092.22,2025-08-15
8162,93764,9441,63082.84,2025-09-01
8163,25929,8796,96823.15,2025-08-20
8164,12557,1548,14798.64,2025-09-06
8165,60848,5919,52588.33,2025-09-01
8166,46220,4455,91876.82,2025-08-20
8167,69051,3880,23340.94,2025-08-18
8168,74079,4329,23104.31,2025-08-20
8169,90856,1368,92623.8,2025-09-01
8170,38584,1491,97030.72,2025-08-31
8171,57461,188,51739.8,2025-08-18
8172,84530,6817,19100.84,2025-08-31
8173,72499,9275,52335.59,2025-09-03
8174,78338,8065,55546.59,2025-08-27
8175,82949,1381,7107.08,2025-08-20
8176,97100,3578,22743.56,2025-09-12
8177,43213,4220,84828.59,2025-08-18
8178,98564,7831,64755.83,2025-09-08
8179,59542,8496,92958.21,2025-09-11
8180,21827,5813,80281.25,2025-09-02
8181,52860,395,26011.67,2025-09-09
8182,82165,8666,92283.52,2025-09-11
8183,32053,5111,77117.05,2025-09-13
8184,93456,8730,52902.29,2025-08-23
8185,72700,8322,15568.11,2025-09-06
8186,68608,9944,12824.74,2025-08-21
8187,22982,7608,66490.02,2025-08-31
8188,10689,1981,61842.59,2025-09-10
8189,80979,4318,44766.77,2025-08-16
8190,463,9576,35634.13,2025-08-22
8191,54610,7410,53056.96,2025-08-26
8192,4094,4560,11523.53,2025-09-06
8193,66785,3723,79577.32,2025-08-28
8194,61012,5375,16577.42,2025-09-01
8195,51948,4656,21657.13,2025-09-05
8196,33744,7884,72367.28,2025-09-07
8197,55610,8724,90081.03,2025-08-23
8198,77942,5145,15704.77,2025-08-31
8199,12472,5241,72650.28,2025-08-22
8200,23675,1583,44605.57,2025-09-12
8201,38079,1913,54640.02,2025-09-04
8202,89223,5008,92000.39,2025-08-23
8203,27676,7034,24030.28,2025-09-08
8204,6158,1186,82336.46,2025-08-24
8205,55924,8345,89496.53,2025-09-01
8206,9923,3843,92853.88,2025-08-23
8207,75983,8250,45378.32,2025-08-17
8208,62962,9192,68320.05,2025-08-22
8209,19729,3575,30319.17,2025-09-06
8210,31592,8106,74792.62,2025-08-27
8211,37332,5155,46345.46,2025-09-10
8212,54585,3583,46180.52,2025-09-03
8213,15404,6872,69756.55,2025-08-28
8214,94032,6706,42359.88,2025-09-15
8215,9445,7397,86606.53,2025-09-07
8216,57150,5320,93285.94,2025-08-31
8217,2598,4652,76873.73,2025-08-30
8218,28169,178,88141.07,2025-09-06
8219,95756,6961,90989.03,2025-09-01
8220,11375,781,73145.23,2025-09-02
8221,92466,5814,74575.61,2025-09-09
8222,54958,1935,60238.09,2025-08-23
8223,31882,4618,45568.39,2025-08-26
8224,51988,8959,80196.67,2025-08-30
8225,95464,2738,74771.77,2025-09-08
8226,41758,7498,89599.3,2025-09-16
8227,49401,9587,39723.58,2025-09-11
8228,20322,9272,83716.31,2025-08-25
8229,27678,529,36847.08,2025-09-06
8230,2557,9297,78161.31,2025-08-27
8231,48569,2000,47581.81,2025-09-12
8232,15552,703,45616.3,2025-08-25
8233,68974,9373,95258.46,2025-09-01
8234,83711,1505,31127.55,2025-09-15
8235,22545,7441,65354.53,2025-08-25
8236,16917,7042,40586.02,2025-09-10
8237,95744,9608,32159.99,2025-09-11
8238,58286,5846,35263.26,2025-08-27
8239,27018,4885,67457.59,2025-08-24
8240,33398,3287,30605.68,2025-09-16
8241,45063,8651,70454.74,2025-09-13
8242,95089,7555,63494.32,2025-08-19
8243,45009,3393,17225.86,2025-09-04
8244,51572,80,77744.56,2025-09-09
8245,47652,8001,56430.99,2025-08-24
8246,15914,5312,14232.47,2025-08-27
8247,44295,3000,63771.23,2025-09-14
8248,25539,6259,74437.99,2025-09-10
8249,39068,1265,44618.7,2025-08-27
8250,92082,7563,30691.48,2025-09-13
8251,89712,1367,18238.17,2025-09-10
8252,46639,7363,75132.91,2025-09-01
8253,49037,3129,77440.45,2025-09-07
8254,28191,9706,39481.99,2025-08-26
8255,31962,8599,99815.77,2025-08-24
8256,13690,1687,87917.82,2025-09-01
8257,64374,3044,73532.02,2025-09-10
8258,98379,7240,40667.0,2025-08-25
8259,37155,7074,18314.86,2025-08-19
8260,89863,1196,7874.79,2025-09-14
8261,34078,1169,17187.81,2025-09-03
8262,99613,2176,22401.83,2025-09-02
8263,12732,2117,33156.05,2025-09-01
8264,67878,9588,98206.78,2025-09-17
8265,61182,6308,78175.8,2025-09-12
8266,42894,4854,26058.89,2025-08-19
8267,51494,6280,84796.07,2025-08-24
8268,27595,1111,98172.3,2025-08-24
8269,59265,881,35021.42,2025-09-04
8270,99739,496,56057.69,2025-09-07
8271,92763,2025,55842.74,2025-08-31
8272,55103,3250,22685.76,2025-08-29
8273,70049,2086,44599.04,2025-09-08
8274,80616,1751,57766.05,2025-09-11
8275,23546,4714,98972.31,2025-09-15
8276,34716,4672,45203.23,2025-08-29
8277,60433,6661,84059.9,2025-08-31
8278,51038,2583,50948.15,2025-09-07
8279,28157,8969,27054.54,2025-09-17
8280,49522,6575,86834.03,2025-08-20
8281,72575,1101,77928.03,2025-09-15
8282,75204,3569,6777.61,2025-09-09
8283,71744,8460,27291.74,2025-09-11
8284,21225,1098,50264.32,2025-08-24
8285,92755,2122,43721.17,2025-08-25
8286,87540,4759,65810.34,2025-09-01
8287,1338,9574,6178.93,2025-09-03
8288,15035,5149,89073.13,2025-08-23
8289,8263,9261,99135.68,2025-08-29
8290,64538,1719,33559.25,2025-09-19
8291,85976,5638,54233.17,2025-08-29
8292,40292,655,70368.63,2025-09-01
8293,61825,3224,5943.27,2025-08-24
8294,76871,5185,59600.14,2025-09-03
8295,85716,7436,86710.26,2025-09-08
8296,9993,8068,13627.29,2025-09-12
8297,6784,4101,13327.92,2025-08-26
8298,32448,8655,69320.71,2025-09-01
8299,33042,1739,69099.06,2025-08-26
8300,59513,3982,68302.11,2025-09-19
8301,93305,3831,92773.82,2025-08-26
8302,49062,1255,59293.72,2025-09-12
8303,89385,5023,32026.03,2025-09-06
8304,24298,5780,14343.77,2025-09-16
8305,92263,3790,58518.73,2025-09-02
8306,60565,2141,90586.01,2025-09-19
8307,35393,5111,21296.16,2025-09-08
8308,12510,4675,33487.72,2025-09-05
8309,3659,8531,75918.93,2025-09-01
8310,15232,1247,56485.14,2025-09-01
8311,55937,2083,19947.4,2025-08-24
8312,75264,6949,33646.02,2025-09-08
8313,2628,5114,17198.32,2025-09-12
8314,22309,8425,65705.27,2025-08-30
8315,79288,1319,92939.49,2025-09-09
8316,47295,4978,55323.26,2025-08-28
8317,72795,310,45188.38,2025-09-08
8318,93545,128,87690.37,2025-09-09
8319,17361,3461,77908.55,2025-08-25
8320,7667,814,94226.94,2025-09-16
8321,55752,7820,61831.05,2025-09-01
8322,93852,3519,99090.35,2025-09-18
8323,69723,5146,30823.41,2025-09-13
8324,83439,199,39970.59,2025-09-11
8325,2691,7600,57040.85,2025-08-22
8326,39179,5741,57015.5,2025-09-04
8327,58973,844,25134.33,2025-09-01
8328,95368,9660,16847.16,2025-08-22
8329,62669,9824,10300.42,2025-08-25
8330,97844,1797,62800.46,2025-08-22
8331,9086,4921,46977.82,2025-09-16
8332,48498,2628,54952.53,2025-09-01
8333,29010,8499,27626.16,2025-09-03
8334,58254,9285,39055.93,2025-09-03
8335,38604,727,98345.87,2025-08-27
8336,9183,7171,66527.24,2025-09-05
8337,9560,1880,13785.83,2025-09-02
8338,57712,6016,44786.35,2025-08-23
8339,27474,5515,99724.35,2025-09-10
8340,80512,579,23266.91,2025-08-28
8341,70744,8921,93728.49,2025-08-27
8342,74701,8912,60497.88,2025-08-29
8343,12675,4299,30045.74,2025-08-30
8344,35247,4773,36149.15,2025-09-14
8345,80515,8515,43573.12,2025-08-30
8346,38984,1589,45686.79,2025-08-29
8347,60558,1160,5711.3,2025-09-17
8348,80225,2616,85347.29,2025-09-16
8349,32332,7164,61214.8,2025-09-12
8350,60415,8467,39553.63,2025-08-23
8351,13072,7443,89833.9,2025-09-02
8352,94754,6572,61699.11,2025-09-17
8353,39032,2582,34977.92,2025-09-10
8354,44602,7157,27541.82,2025-09-16
8355,87082,8644,6722.58,2025-08-31
8356,37444,7745,96124.19,2025-09-03
8357,39637,4377,45879.47,2025-09-12
8358,55094,5795,8542.29,2025-08-26
8359,53359,9438,55159.54,2025-09-18
8360,85286,7638,79257.84,2025-09-07
8361,59863,6366,76707.92,2025-09-06
8362,50808,7990,78063.11,2025-08-26
8363,39771,3971,52402.2,2025-09-09
8364,13823,5815,67057.38,2025-09-01
8365,2675,3072,45059.38,2025-09-10
8366,9296,4818,6549.71,2025-08-27
8367,80743,8482,20869.44,2025-09-04
8368,28435,8182,38477.01,2025-08-30
8369,62347,5435,86843.43,2025-09-15
8370,95019,3101,88416.87,2025-09-05
8371,45135,9021,72623.42,2025-09-07
8372,77763,6776,63857.23,2025-09-21
8373,49456,644,90359.5,2025-09-04
8374,93986,3513,70533.45,2025-09-17
8375,94528,2791,74786.04,2025-08-27
8376,70990,9292,57305.9,2025-08-31
8377,27437,5824,43344.87,2025-08-29
8378,43041,540,8709.64,2025-08-25
8379,92634,4494,96396.08,2025-09-02
8380,22170,5009,98881.95,2025-09-10
8381,85544,4209,83251.45,2025-09-21
8382,754,6800,50488.68,2025-09-11
8383,69889,923,76128.33,2025-09-23
8384,98664,6271,83111.61,2025-09-04
8385,15797,9756,40566.76,2025-09-09
8386,17863,760,80679.65,2025-09-02
8387,46810,9569,41066.88,2025-09-07
8388,9206,714,58537.45,2025-09-23
8389,63259,1027,37931.23,2025-09-04
8390,12939,6155,68432.5,2025-09-17
8391,48754,2410,43333.7,2025-08-27
8392,12402,7680,81478.51,2025-08-25
8393,6412,5394,56566.87,2025-09-19
8394,22947,5515,74551.32,2025-09-10
8395,2022,2006,6804.99,2025-09-22
8396,59315,1890,64726.53,2025-08-31
8397,88977,755,78084.28,2025-09-04
8398,61307,9955,39066.12,2025-09-15
8399,55678,3033,11326.84,2025-09-19
8400,36785,6792,97612.44,2025-09-23
8401,93911,6307,9942.47,2025-09-13
8402,21320,1363,67148.64,2025-09-06
8403,89546,5630,66471.99,2025-09-11
8404,12664,1458,79627.52,2025-09-06
8405,30580,159,39264.18,2025-08-28
8406,91899,5713,18535.61,2025-09-09
8407,83748,1318,88969.42,2025-08-29
8408,44562,9798,67625.77,2025-08-28
8409,71324,7410,87235.36,2025-09-23
8410,84164,8603,15412.2,2025-09-16
8411,83988,1044,43301.23,2025-09-19
8412,26177,5459,32526.85,2025-09-02
8413,95064,5895,26600.57,2025-09-20
8414,26246,9574,86584.73,2025-09-06
8415,45210,9351,52474.75,2025-09-23
8416,98304,599,62599.42,2025-09-06
8417,52090,6760,57522.4,2025-08-27
8418,25219,3686,53631.64,2025-09-14
8419,3787,5498,9364.67,2025-09-03
8420,22980,9947,33097.02,2025-09-17
8421,55518,4599,10136.09,2025-09-24
8422,6905,1221,60879.04,2025-09-01
8423,44052,417,46899.03,2025-09-19
8424,50994,5958,99370.15,2025-09-23
8425,71947,5172,88977.11,2025-09-14
8426,81240,9662,57621.83,2025-09-12
8427,38426,1118,65363.13,2025-09-12
8428,34857,2060,26008.2,2025-09-17
8429,55081,9124,93642.96,2025-09-18
8430,64759,8834,98831.56,2025-09-23
8431,70338,4643,54888.53,2025-09-08
8432,85893,8655,26155.2,2025-09-10
8433,32379,3879,16706.8,2025-09-11
8434,27166,8190,44462.48,2025-09-09
8435,19007,2851,18252.16,2025-09-24
8436,15177,7243,55069.87,2025-09-11
8437,96679,6514,45768.61,2025-09-10
8438,39146,9914,51780.58,2025-09-08
8439,91998,6978,41274.75,2025-09-17
8440,5278,5983,26406.96,2025-09-23
8441,43403,7575,42512.5,2025-09-09
8442,3316,2921,76203.54,2025-09-15
8443,47733,2277,41948.89,2025-09-10
8444,30818,969,63034.72,2025-09-08
8445,62774,1028,94109.46,2025-09-23
8446,24746,7115,39841.78,2025-09-16
8447,62622,5286,86554.96,2025-09-19
8448,13910,7985,82190.36,2025-09-08
8449,28648,8195,70055.16,2025-09-09
8450,45723,356,28894.28,2025-09-10
8451,36644,9069,63589.67,2025-09-09
8452,4276,3086,63853.62,2025-09-01
8453,10718,6452,15849.93,2025-09-04
8454,50311,23,75183.39,2025-09-08
8455,47009,2310,38167.69,2025-09-23
8456,30317,6823,79919.59,2025-09-07
8457,81370,3537,25297.39,2025-08-29
8458,31214,7210,87856.38,2025-09-19
8459,93415,9707,60084.22,2025-08-30
8460,53224,8111,81672.43,2025-09-08
8461,98812,9715,52922.0,2025-09-22
8462,18312,6691,32203.86,2025-09-22
8463,27144,6140,62376.65,2025-09-26
8464,3116,3015,36675.83,2025-09-05
8465,61746,7528,82758.76,2025-09-18
8466,32011,8346,93100.69,2025-09-20
8467,68414,1082,76648.27,2025-08-31
8468,56306,8296,28347.27,2025-09-05
8469,98344,4679,66673.06,2025-09-01
8470,8129,7005,44298.47,2025-08-30
8471,28186,1326,21635.18,2025-09-05
8472,57068,9544,86358.64,2025-08-31
8473,39895,2649,57461.68,2025-09-08
8474,50424,6402,85786.84,2025-09-07
8475,82995,8633,98379.28,2025-09-02
8476,56321,9379,45568.04,2025-09-09
8477,3168,2993,12048.07,2025-09-10
8478,83619,6152,62101.65,2025-09-19
8479,93944,5074,31156.96,2025-09-02
8480,28683,8868,84973.61,2025-09-24
8481,64495,3525,92963.15,2025-09-03
8482,61884,4428,20540.68,2025-09-23
8483,65388,192,67774.97,2025-09-09
8484,10145,2801,29761.07,2025-09-02
8485,28718,634,72257.23,2025-09-28
8486,11175,5089,71741.26,2025-09-03
8487,82734,8484,45227.55,2025-09-27
8488,939,5951,36713.02,2025-09-07
8489,34996,3331,19057.67,2025-09-15
8490,15118,4914,34283.61,2025-09-26
8491,84663,7719,14502.09,2025-09-19
8492,22748,4327,38869.81,2025-09-12
8493,25617,7855,84398.35,2025-09-04
8494,88001,7234,63053.84,2025-09-21
8495,74850,3898,48687.08,2025-09-13
8496,86601,1445,47264.18,2025-09-23
8497,42087,5138,62747.84,2025-09-27
8498,15191,8491,64909.43,2025-09-15
8499,95313,1819,63088.86,2025-09-04
8500,22045,4761,95235.83,2025-09-09
8501,91725,8643,60629.05,2025-09-19
8502,78029,8355,95412.41,2025-09-05
8503,86719,6484,34628.54,2025-09-05
8504,14335,1679,63962.72,2025-09-14
8505,98971,7784,48656.8,2025-08-31
8506,99147,2722,75820.27,2025-09-09
8507,54428,7274,8904.7,2025-09-26
8508,60123,4492,48731.06,2025-09-03
8509,65163,7626,92291.25,2025-09-16
8510,25071,7683,78163.57,2025-09-02
8511,64559,6049,97051.87,2025-09-28
8512,37586,9817,75565.29,2025-09-24
8513,92208,3368,61745.86,2025-09-10
8514,57103,4359,33300.65,2025-09-22
8515,68650,3212,53184.98,2025-09-01
8516,47728,4766,11969.33,2025-09-18
8517,32668,2945,63442.42,2025-09-22
8518,64582,6233,54365.94,2025-09-04
8519,35508,285,99431.56,2025-09-13
8520,97436,827,89001.51,2025-09-11
8521,61232,3216,79221.62,2025-09-10
8522,88043,8273,12920.54,2025-09-26
8523,77293,7513,6302.06,2025-09-14
8524,63305,5594,47016.33,2025-09-01
8525,92555,4269,50919.43,2025-09-20
8526,41296,3019,76592.3,2025-09-22
8527,36620,4251,12813.42,2025-09-26
8528,947,7002,88209.02,2025-09-28
8529,54097,6841,78994.45,2025-09-20
8530,97872,4882,69147.48,2025-09-11
8531,27178,7958,41785.59,2025-09-23
8532,30702,1028,39610.48,2025-09-20
8533,26931,9624,66601.79,2025-09-12
8534,68972,6135,44131.69,2025-09-05
8535,65918,5873,41190.37,2025-09-14
8536,7354,712,95367.91,2025-09-29
8537,31890,313,70904.8,2025-09-30
8538,21064,8854,66639.39,2025-09-01
8539,47280,2745,5137.02,2025-09-10
8540,4846,6013,17892.1,2025-09-03
8541,78114,4793,15448.84,2025-09-21
8542,5349,1578,58296.12,2025-09-27
8543,38995,3296,50982.89,2025-09-24
8544,10228,9393,56804.47,2025-09-25
8545,57911,4482,54096.31,2025-09-02
8546,20661,9399,23328.32,2025-09-03
8547,74804,3781,64194.02,2025-09-18
8548,3138,9965,80872.82,2025-09-20
8549,48602,3304,8813.28,2025-09-12
8550,17990,3304,33040.06,2025-09-22
8551,55970,887,44259.76,2025-09-20
8552,88124,3899,14585.02,2025-09-15
8553,91214,9827,89664.27,2025-10-01
8554,7469,2984,21066.8,2025-09-07
8555,80816,6690,26606.4,2025-09-12
8556,62002,8419,87636.92,2025-09-21
8557,23779,3356,60680.11,2025-09-17
8558,48948,8726,54473.94,2025-09-26
8559,13493,7145,24975.7,2025-10-01
8560,9363,9526,13373.7,2025-09-29
8561,89683,3114,19682.43,2025-09-24
8562,28043,628,14173.34,2025-09-02
8563,45944,6227,68400.11,2025-09-16
8564,66296,937,64490.49,2025-09-02
8565,50976,2518,58576.09,2025-09-07
8566,83140,4752,12356.42,2025-09-13
8567,69023,472,93884.01,2025-09-05
8568,81345,4687,79272.52,2025-09-13
8569,65383,9713,30971.65,2025-09-16
8570,92684,4733,40337.31,2025-09-22
8571,1952,9355,28525.68,2025-09-15
8572,80277,9938,53129.93,2025-09-04
8573,28743,8266,28717.21,2025-09-07
8574,35654,987,96340.91,2025-09-07
8575,46775,4780,48750.99,2025-09-28
8576,56508,8485,69602.17,2025-09-14
8577,64755,9449,88864.83,2025-09-07
8578,27471,3907,90102.37,2025-09-28
8579,19340,9860,17023.66,2025-09-09
8580,46495,9919,86933.65,2025-09-25
8581,31389,7799,60510.35,2025-09-08
8582,57803,9259,78969.32,2025-09-15
8583,35175,7077,34160.56,2025-09-27
8584,1102,2211,82415.6,2025-09-29
8585,76693,9231,49939.33,2025-09-04
8586,7021,1933,16715.43,2025-09-19
8587,48587,3007,91055.58,2025-09-22
8588,17459,2376,26169.99,2025-09-17
8589,35843,508,97072.33,2025-09-05
8590,34657,4474,72037.38,2025-09-23
8591,73531,4445,47367.72,2025-09-06
8592,77777,5336,46922.04,2025-09-07
8593,51146,4843,61153.22,2025-09-25
8594,58645,8345,55089.2,2025-09-30
8595,55131,5927,50646.73,2025-09-07
8596,68938,7895,51446.13,2025-09-04
8597,4065,3905,28159.02,2025-09-25
8598,93491,4976,35541.9,2025-09-11
8599,91991,7467,55619.72,2025-09-27
8600,31066,6727,25840.54,2025-09-26
8601,83020,1477,24549.36,2025-09-07
8602,87339,6679,86278.6,2025-09-06
8603,28544,862,59474.92,2025-10-03
8604,93027,6057,37970.84,2025-09-09
8605,86387,7804,22806.83,2025-09-20
8606,88694,82,12689.73,2025-09-10
8607,55119,5137,75842.56,2025-09-06
8608,2406,9364,59429.55,2025-09-13
8609,8554,1791,38119.6,2025-09-16
8610,72710,6768,73608.33,2025-09-28
8611,58418,9881,60902.27,2025-09-28
8612,28234,3508,93055.08,2025-09-19
8613,12535,170,89108.22,2025-09-24
8614,47663,1314,99230.04,2025-09-08
8615,42387,3718,41791.37,2025-09-21
8616,25000,5809,43290.63,2025-09-05
8617,52137,3174,31598.19,2025-09-27
8618,540,6872,72006.8,2025-09-20
8619,19016,4378,12578.35,2025-09-26
8620,52855,2179,71256.4,2025-09-06
8621,26422,3601,24594.9,2025-09-13
8622,2860,461,51554.59,2025-09-12
8623,26671,1251,88421.13,2025-09-30
8624,81909,6415,5150.64,2025-09-12
8625,95166,5001,47729.65,2025-09-21
8626,39320,3363,21350.4,2025-09-16
8627,90750,2530,55571.9,2025-09-22
8628,23914,8173,40766.36,2025-09-30
8629,75212,6417,36226.58,2025-09-22
8630,10015,4115,10249.13,2025-10-05
8631,71939,6576,65388.2,2025-09-28
8632,7664,9895,6333.3,2025-09-20
8633,49796,7890,65731.35,2025-09-30
8634,87473,1572,43635.29,2025-09-26
8635,74798,9485,93701.53,2025-09-13
8636,52778,2051,52484.44,2025-09-22
8637,99025,5648,62491.75,2025-10-05
8638,50550,9371,33280.66,2025-09-27
8639,81998,6159,42418.71,2025-09-29
8640,12348,5005,41590.31,2025-09-23
8641,31639,5469,12013.46,2025-09-19
8642,42430,1108,76777.26,2025-09-23
8643,64656,6162,17329.3,2025-09-18
8644,16434,4191,68080.18,2025-09-20
8645,33654,8305,84150.4,2025-09-17
8646,52019,2703,10658.98,2025-09-13
8647,27988,2427,69373.66,2025-09-08
8648,10750,3429,90766.7,2025-10-02
8649,52856,9032,64002.64,2025-10-04
8650,44780,2437,30256.28,2025-09-28
8651,24438,1375,27508.48,2025-09-09
8652,21291,4205,58886.2,2025-09-20
8653,81701,7226,13917.41,2025-09-24
8654,35488,7941,69910.08,2025-09-11
8655,39660,7347,76895.41,2025-10-06
8656,86972,1656,48685.71,2025-10-04
8657,25261,5696,82129.53,2025-09-25
8658,49811,9426,63273.62,2025-09-12
8659,62173,3353,9344.77,2025-09-25
8660,40937,5302,22711.56,2025-09-18
8661,58280,6054,21755.45,2025-09-24
8662,5780,499,87600.73,2025-09-19
8663,81359,3130,43372.34,2025-10-03
8664,28882,6216,85623.73,2025-09-25
8665,848,6214,38705.1,2025-10-01
8666,21767,2120,16897.06,2025-09-08
8667,36380,5338,80923.08,2025-09-22
8668,57216,8374,17826.9,2025-10-07
8669,41040,1030,23884.41,2025-09-19
8670,65907,1467,64277.6,2025-09-27
8671,35673,2250,86525.67,2025-09-15
8672,53542,421,40052.19,2025-10-04
8673,8066,4261,15193.5,2025-09-21
8674,36193,9838,89919.29,2025-09-18
8675,15303,5928,48815.9,2025-10-01
8676,32942,9353,96243.86,2025-09-25
8677,17833,8700,83952.35,2025-09-18
8678,1922,844,77746.28,2025-09-12
8679,5290,3062,10692.54,2025-09-26
8680,41966,2567,97538.31,2025-09-26
8681,59480,3661,65941.45,2025-09-17
8682,9917,8844,33058.37,2025-09-25
8683,22933,143,55177.86,2025-10-07
8684,43542,5119,77048.83,2025-10-05
8685,22883,833,62208.99,2025-09-23
8686,65049,8350,30563.59,2025-09-15
8687,44723,1674,31787.7,2025-09-17
8688,44604,2348,54478.66,2025-09-17
8689,25454,7238,50466.89,2025-09-29
8690,98092,2566,43614.84,2025-09-29
8691,62189,8875,47386.89,2025-09-20
8692,28373,1992,51666.35,2025-09-12
8693,6602,9308,6419.14,2025-10-08
8694,65019,9236,53091.74,2025-09-23
8695,55200,6426,79118.7,2025-09-13
8696,87219,2209,52904.13,2025-09-09
8697,76109,8743,27488.43,2025-09-12
8698,68033,3724,85561.46,2025-10-03
8699,80571,7380,27277.77,2025-09-23
8700,84969,2635,83361.63,2025-10-04
8701,50098,4481,20060.6,2025-09-27
8702,52912,8810,66938.69,2025-09-29
8703,82948,1476,62969.33,2025-09-15
8704,53009,6072,26105.32,2025-10-09
8705,80699,7368,53924.45,2025-09-27
8706,22591,4952,55997.2,2025-10-05
8707,67258,51,81936.03,2025-09-28
8708,7734,1404,23059.62,2025-09-21
8709,9920,249,27868.01,2025-09-27
8710,10282,7719,72801.39,2025-09-18
8711,99154,7875,72197.37,2025-09-29
8712,34280,5425,97896.93,2025-10-09
8713,28657,4833,99416.44,2025-09-25
8714,95675,8322,73209.06,2025-09-29
8715,42216,6174,33640.29,2025-09-13
8716,240,4080,25771.12,2025-09-15
8717,3586,397,95364.38,2025-09-28
8718,7224,8910,47891.12,2025-09-16
8719,69803,1918,45845.83,2025-09-21
8720,38575,1130,59066.09,2025-09-25
8721,60286,3278,54073.93,2025-10-09
8722,91307,7994,34581.06,2025-09-15
8723,23119,3254,75930.04,2025-10-04
8724,20044,708,98802.16,2025-10-09
8725,24239,7798,15240.31,2025-09-20
8726,79595,8057,30283.36,2025-09-14
8727,3072,2682,80069.27,2025-10-03
8728,95204,9691,62996.27,2025-09-27
8729,50197,7014,65883.25,2025-09-23
8730,44387,75,5835.01,2025-09-27
8731,90123,9571,11037.92,2025-09-18
8732,53489,7430,65402.3,2025-09-23
8733,55627,2214,23601.84,2025-09-26
8734,47423,4367,52454.16,2025-10-09
8735,23341,3423,92463.82,2025-09-25
8736,91971,997,11535.82,2025-10-08
8737,41533,3308,78414.91,2025-09-14
8738,28870,7257,11935.39,2025-10-09
8739,37095,3711,14970.25,2025-09-21
8740,81910,9113,43428.93,2025-09-15
8741,38543,3464,21857.83,2025-09-17
8742,7256,5601,63530.69,2025-10-02
8743,22384,4520,29963.99,2025-09-25
8744,54778,64,36549.48,2025-09-15
8745,14544,9906,49961.66,2025-10-02
8746,4802,4898,80856.02,2025-10-04
8747,30362,9101,41319.25,2025-09-30
8748,45286,6969,95181.84,2025-09-20
8749,76554,4898,31424.48,2025-10-04
8750,33104,2838,50229.76,2025-09-24
8751,6548,3249,39352.96,2025-09-15
8752,14644,6151,27555.61,2025-09-14
8753,88509,8233,14824.29,2025-10-06
8754,57849,8759,8755.73,2025-09-26
8755,2651,2273,41186.2,2025-09-19
8756,49500,6416,43386.2,2025-09-12
8757,68368,7840,33573.55,2025-09-27
8758,18809,4481,36939.06,2025-09-26
8759,57049,8854,56529.47,2025-10-11
8760,65591,6130,19102.15,2025-09-16
8761,40665,4931,11875.5,2025-09-24
8762,55141,7916,72895.71,2025-09-12
8763,7344,1770,52108.53,2025-10-09
8764,66185,1662,74347.32,2025-10-01
8765,76284,2381,77784.77,2025-10-06
8766,60512,7357,56287.59,2025-09-12
8767,31489,944,55093.16,2025-10-08
8768,45874,3651,38970.64,2025-09-13
8769,44741,4074,83578.14,2025-10-11
8770,49858,9362,22068.52,2025-09-20
8771,84351,222,42813.29,2025-10-02
8772,96793,2594,44036.89,2025-10-11
8773,25467,5000,29971.28,2025-10-04
8774,53688,4768,64640.45,2025-09-26
8775,9928,8674,80311.41,2025-09-17
8776,17908,3679,97582.69,2025-10-06
8777,55276,4580,78372.78,2025-09-26
8778,21160,5456,60694.4,2025-10-05
8779,84378,6884,15093.4,2025-10-07
8780,68462,2084,64831.65,2025-09-19
8781,28318,5714,19889.98,2025-09-16
8782,86204,2051,75952.82,2025-09-26
8783,11935,1200,58329.71,2025-09-15
8784,83744,3814,71753.87,2025-09-15
8785,91156,5659,67688.58,2025-09-14
8786,93025,3008,10373.38,2025-09-28
8787,97149,8140,18532.28,2025-09-22
8788,73209,2232,74411.06,2025-10-08
8789,8587,304,13231.86,2025-10-02
8790,33101,8372,23539.8,2025-09-29
8791,59750,6870,84524.08,2025-09-13
8792,71914,6299,60419.21,2025-09-22
8793,59829,5761,9502.03,2025-09-19
8794,28885,4539,55448.81,2025-09-17
8795,70634,8118,55910.2,2025-09-15
8796,53178,2721,41145.22,2025-09-25
8797,35056,7367,77146.23,2025-09-22
8798,44907,6659,75275.79,2025-09-16
8799,9093,3279,11261.18,2025-09-25
8800,1958,9957,38517.53,2025-10-01
8801,25866,5140,18681.28,2025-09-30
8802,66781,2783,6290.95,2025-10-07
8803,68282,673,39413.55,2025-09-22
8804,15380,8695,31872.77,2025-10-08
8805,89808,894,45382.26,2025-10-03
8806,28383,6930,24676.23,2025-09-26
8807,65303,5677,91448.73,2025-09-20
8808,59221,1350,29416.97,2025-10-06
8809,261,6749,25394.66,2025-10-03
8810,58865,9031,95885.04,2025-09-27
8811,90506,8510,56075.27,2025-09-19
8812,92026,2377,96786.5,2025-10-06
8813,60824,6576,32100.0,2025-10-04
8814,61699,1600,86038.55,2025-10-06
8815,20545,8884,13414.99,2025-09-30
8816,41471,6571,58249.11,2025-10-04
8817,37914,4651,56405.0,2025-10-07
8818,72232,7745,92993.19,2025-10-13
8819,36588,2136,94967.16,2025-09-19
8820,37206,5035,34098.43,2025-10-12
8821,42,7015,65961.44,2025-09-15
8822,47414,837,8502.23,2025-10-12
8823,39856,1645,19601.3,2025-09-30
8824,46835,5132,30096.2,2025-09-17
8825,79945,3388,26063.01,2025-09-27
8826,76519,3105,5595.59,2025-09-21
8827,15680,5066,89468.56,2025-09-26
8828,12527,1017,92257.65,2025-10-09
8829,76959,3699,69853.95,2025-09-30
8830,8540,1331,25098.7,2025-10-10
8831,55099,4271,71556.84,2025-09-22
8832,33880,8825,76327.06,2025-10-03
8833,26011,6876,26797.36,2025-09-23
8834,666,7486,43119.55,2025-10-04
8835,88619,5729,57267.53,2025-09-22
8836,90160,9687,33384.5,2025-09-17
8837,14170,6499,28028.55,2025-10-02
8838,32714,3127,13818.22,2025-09-26
8839,83610,3502,37273.0,2025-09-28
8840,40451,1294,57591.62,2025-10-14
8841,88083,1396,74978.18,2025-10-10
8842,7500,1882,84440.24,2025-09-16
8843,44340,3274,23972.58,2025-10-06
8844,97239,9597,16064.15,2025-09-17
8845,98059,3230,97992.23,2025-10-14
8846,92735,3005,22564.45,2025-09-30
8847,34331,6373,17895.18,2025-09-18
8848,78231,8356,43353.02,2025-09-23
8849,68324,8177,70815.85,2025-09-23
8850,35090,132,82315.46,2025-10-05
8851,26496,1516,84365.87,2025-09-18
8852,85206,1932,81563.4,2025-10-12
8853,22666,6329,21346.82,2025-10-03
8854,82394,785,87258.94,2025-09-22
8855,67347,1536,21791.21,2025-10-13
8856,8408,8770,48223.04,2025-09-27
8857,18403,5199,41466.99,2025-10-15
8858,38960,5286,87932.27,2025-10-01
8859,30762,167,95087.05,2025-10-05
8860,4356,186,80609.19,2025-09-29
8861,53585,7402,51660.69,2025-09-24
8862,40580,3111,68196.36,2025-10-14
8863,19328,1812,64594.7,2025-10-01
8864,16318,5416,73231.71,2025-09-29
8865,52930,9215,40653.05,2025-09-25
8866,84279,9753,57323.98,2025-10-11
8867,9216,6520,56035.02,2025-10-03
8868,61618,7169,87677.36,2025-10-16
8869,51222,3722,85350.09,2025-09-20
8870,38092,3190,62645.17,2025-09-18
8871,11247,8720,92420.09,2025-10-08
8872,80197,3382,57778.77,2025-10-11
8873,72976,3475,14725.43,2025-09-24
8874,30084,6281,75596.17,2025-10-05
8875,17285,5159,11747.45,2025-10-07
8876,20709,8426,94180.63,2025-10-07
8877,73018,236,9093.69,2025-10-14
8878,62559,664,38036.8,2025-10-10
8879,15631,8765,47064.31,2025-09-29
8880,88852,259,6144.03,2025-10-11
8881,9959,8950,69488.49,2025-10-07
8882,89831,6652,26148.67,2025-10-11
8883,45657,7762,44128.96,2025-09-25
8884,23625,3789,56952.93,2025-10-14
8885,12174,1861,26355.43,2025-10-08
8886,27280,8651,94352.36,2025-10-14
8887,70832,5525,93055.41,2025-10-02
8888,38264,9241,31823.98,2025-10-04
8889,84639,2689,42295.03,2025-09-19
8890,89208,417,63760.16,2025-10-05
8891,41884,2997,90178.1,2025-10-07
8892,38288,4519,53126.01,2025-09-22
8893,83944,1789,50323.16,2025-09-20
8894,92854,6843,84243.79,2025-10-09
8895,1508,800,86725.52,2025-09-30
8896,84474,9806,41670.51,2025-09-30
8897,12489,3270,95456.82,2025-10-02
8898,82608,5872,10076.02,2025-10-05
8899,72212,2219,51416.57,2025-10-07
8900,94662,9996,58082.93,2025-10-07
8901,83155,3171,90161.35,2025-09-23
8902,99657,4206,79249.11,2025-10-12
8903,82761,699,99982.89,2025-09-27
8904,48609,4006,83322.37,2025-10-01
8905,50305,9521,54923.54,2025-10-15
8906,58305,6101,7144.11,2025-09-30
8907,83952,9481,94995.23,2025-10-16
8908,65838,5545,62939.32,2025-09-22
8909,72704,1875,64736.38,2025-09-29
8910,25577,6840,84111.69,2025-10-09
8911,88064,870,22055.1,2025-10-06
8912,68427,9179,97258.95,2025-10-03
8913,92197,6339,94198.93,2025-09-25
8914,12179,9106,69911.98,2025-09-28
8915,6663,4935,17181.29,2025-09-26
8916,59587,6144,8870.81,2025-09-22
8917,3593,7070,79443.18,2025-10-02
8918,3221,2719,79909.83,2025-10-09
8919,52590,7363,46428.21,2025-10-10
8920,17387,1973,87678.45,2025-09-19
8921,8055,2440,90644.81,2025-10-09
8922,2524,5661,76179.16,2025-10-16
8923,50179,3827,28793.01,2025-09-21
8924,4636,8599,68806.4,2025-10-16
8925,35816,8857,57113.21,2025-10-13
8926,94229,4374,98483.19,2025-10-08
8927,26453,1839,12937.02,2025-10-07
8928,78397,7728,18275.05,2025-10-01
8929,82226,1722,53964.35,2025-10-02
8930,78466,8187,52904.28,2025-10-05
8931,5107,900,39811.44,2025-10-04
8932,83211,9212,38339.79,2025-09-27
8933,45047,3053,35577.78,2025-09-20
8934,74465,3966,89230.2,2025-09-22
8935,24949,9029,18261.58,2025-09-25
8936,7933,2284,20714.39,2025-09-23
8937,86224,1282,93379.42,2025-10-04
8938,60777,5619,10229.4,2025-10-19
8939,84545,6114,86193.8,2025-10-07
8940,25418,5566,93796.14,2025-10-17
8941,25507,7310,27694.55,2025-10-02
8942,88107,1961,77856.47,2025-10-17
8943,13811,7088,66589.34,2025-09-27
8944,44489,9579,6533.67,2025-10-04
8945,90822,1268,44075.31,2025-10-03
8946,51769,5683,87672.44,2025-10-08
8947,67701,4122,17245.74,2025-10-15
8948,72387,7302,13766.79,2025-10-12
8949,24224,4820,11781.82,2025-10-06
8950,2599,7703,48118.56,2025-10-03
8951,95043,5522,81727.8,2025-10-07
8952,13525,2344,9485.61,2025-09-26
8953,48398,4661,92938.06,2025-10-11
8954,42062,4289,56216.1,2025-10-01
8955,12249,7984,21579.16,2025-10-02
8956,23434,7370,68733.51,2025-09-20
8957,32576,5221,59893.06,2025-10-18
8958,96682,9591,27733.23,2025-10-10
8959,46828,3163,40546.82,2025-10-05
8960,13736,9834,60395.35,2025-10-20
8961,87697,8724,73392.94,2025-10-01
8962,36666,8722,6160.75,2025-10-13
8963,48600,8338,90293.57,2025-10-20
8964,99506,3570,49567.4,2025-10-05
8965,5460,6884,25572.96,2025-09-27
8966,50675,3408,16358.39,2025-10-20
8967,74253,2100,14685.59,2025-10-02
8968,80466,4283,81639.4,2025-10-15
8969,88515,2505,45945.28,2025-10-16
8970,72253,9240,99450.63,2025-10-14
8971,30127,5572,92264.94,2025-10-10
8972,79925,1013,24432.12,2025-10-17
8973,47743,4903,18097.71,2025-09-25
8974,76043,8188,63222.5,2025-09-30
8975,16118,7561,54498.83,2025-10-03
8976,51946,9668,80171.01,2025-09-22
8977,33444,4418,84175.9,2025-09-23
8978,67181,5464,57444.43,2025-10-15
8979,41251,8391,42412.99,2025-09-27
8980,36889,1178,49481.07,2025-09-25
8981,35604,9951,61445.88,2025-10-19
8982,54457,9376,52766.63,2025-10-10
8983,71911,1033,18951.04,2025-10-12
8984,5070,7766,59996.89,2025-10-21
8985,72647,1773,35233.03,2025-10-05
8986,99087,2515,19284.9,2025-10-11
8987,36339,6500,61929.12,2025-10-05
8988,96259,7612,24782.75,2025-09-25
8989,45809,9003,50769.88,2025-10-16
8990,44420,7207,18735.97,2025-09-28
8991,39491,2581,9863.01,2025-10-13
8992,83872,1044,10972.87,2025-10-21
8993,37369,8684,61679.03,2025-09-23
8994,16263,209,53640.5,2025-10-17
8995,25402,7243,54247.72,2025-09-30
8996,45590,2700,27474.97,2025-10-06
8997,51918,1412,13108.12,2025-09-28
8998,63092,2848,5514.05,2025-10-03
8999,16805,790,7985.88,2025-10-21
9000,78965,4924,60776.0,2025-10-13
9001,58581,7597,8377.18,2025-10-16
9002,82310,1736,98535.54,2025-10-11
9003,32664,6697,88014.6,2025-09-28
9004,72476,3118,65492.49,2025-10-18
9005,6992,3910,74494.02,2025-09-23
9006,28734,7919,51083.33,2025-10-06
9007,74854,274,57303.04,2025-10-10
9008,70907,5664,58429.88,2025-09-25
9009,94882,7087,65502.97,2025-10-02
9010,89591,2083,33999.35,2025-10-13
9011,65856,8219,50388.38,2025-10-07
9012,9569,6689,68257.75,2025-10-17
9013,31069,7586,9627.35,2025-09-30
9014,54199,1854,43035.14,2025-10-11
9015,67884,1631,74291.48,2025-09-23
9016,43845,9472,12609.91,2025-10-06
9017,53708,9699,76144.26,2025-10-15
9018,36794,8479,32287.98,2025-10-15
9019,82520,1731,79821.88,2025-10-20
9020,25338,7562,62018.39,2025-10-06
9021,53208,8005,10451.01,2025-10-06
9022,32435,4632,88998.69,2025-09-27
9023,40701,2181,98344.56,2025-09-30
9024,79804,8297,80570.81,2025-10-20
9025,40304,8015,24559.03,2025-09-26
9026,41402,9668,53652.62,2025-10-08
9027,87038,9215,62720.32,2025-10-23
9028,60595,668,91036.92,2025-10-20
9029,6743,7169,90303.97,2025-10-16
9030,56683,2926,73653.72,2025-10-22
9031,12524,4683,54083.54,2025-09-24
9032,39161,8018,78261.91,2025-10-21
9033,2385,5565,61935.9,2025-09-30
9034,59024,4445,6776.14,2025-10-11
9035,22450,4266,7671.98,2025-10-06
9036,75915,9822,11111.19,2025-10-19
9037,68060,2111,92835.0,2025-10-03
9038,26534,1661,24914.25,2025-10-05
9039,94728,9179,12357.73,2025-10-17
9040,6084,7354,55379.25,2025-10-17
9041,11051,1894,48796.66,2025-09-29
9042,83379,576,83528.43,2025-10-13
9043,64890,9150,7203.04,2025-09-29
9044,17562,5189,69099.32,2025-09-26
9045,59511,4149,65489.96,2025-09-26
9046,58325,5636,83579.97,2025-09-26
9047,25979,1720,15327.64,2025-10-10
9048,86946,6596,22816.02,2025-10-06
9049,79206,6965,74482.61,2025-10-03
9050,93425,4272,97457.78,2025-10-11
9051,25933,9384,9017.25,2025-10-19
9052,45130,5154,86622.31,2025-10-16
9053,22830,1615,53624.76,2025-10-13
9054,50538,456,24417.12,2025-10-12
9055,94177,9855,56577.1,2025-10-24
9056,75312,9353,98477.46,2025-10-16
9057,83345,9701,44505.46,2025-10-19
9058,87713,9115,13501.76,2025-10-07
9059,18843,1798,21858.27,2025-10-19
9060,99629,2084,80936.07,2025-10-02
9061,66535,9579,93551.36,2025-10-08
9062,41269,8210,86103.08,2025-10-07
9063,41174,8883,43499.67,2025-10-09
9064,9508,9065,94602.88,2025-10-09
9065,28183,6481,41438.32,2025-10-15
9066,48780,8797,6264.91,2025-10-24
9067,59203,6005,49674.07,2025-10-20
9068,66146,1349,25823.02,2025-10-23
9069,42398,6136,11623.46,2025-10-23
9070,70697,8604,38209.01,2025-10-16
9071,62741,3023,25057.35,2025-10-18
9072,27262,8693,50117.5,2025-10-11
9073,13342,702,72494.81,2025-10-23
9074,80026,2102,41756.5,2025-10-21
9075,45296,8428,88922.08,2025-10-18
9076,70724,6456,58222.31,2025-10-11
9077,43704,8277,83355.2,2025-09-27
9078,16857,1522,20089.03,2025-10-02
9079,48462,7201,10067.54,2025-10-17
9080,10676,6695,45493.31,2025-10-17
9081,17414,1763,8527.38,2025-10-20
9082,2272,3557,36247.72,2025-10-05
9083,5845,8754,9477.56,2025-10-20
9084,30102,8443,5889.46,2025-10-02
9085,31109,7691,58412.15,2025-10-14
9086,45132,4742,96515.01,2025-10-13
9087,98405,6842,59307.7,2025-10-18
9088,21025,9346,52335.35,2025-10-10
9089,26732,2132,19326.21,2025-10-20
9090,62599,282,77779.78,2025-10-18
9091,48576,1457,99059.31,2025-09-28
9092,96225,7351,68000.97,2025-10-19
9093,1702,810,16121.04,2025-10-16
9094,83082,9347,22511.25,2025-09-29
9095,48769,3085,67230.2,2025-10-07
9096,42533,3104,59606.37,2025-10-19
9097,26555,2173,13690.32,2025-10-22
9098,45621,332,94919.52,2025-10-16
9099,43270,7842,30005.44,2025-10-12
9100,16429,4074,88685.96,2025-10-14
9101,84990,5443,29468.31,2025-10-10
9102,2196,3654,49629.89,2025-10-01
9103,22338,6334,66537.02,2025-10-09
9104,60185,2872,22515.72,2025-09-30
9105,82080,822,58456.85,2025-09-28
9106,61502,1487,36778.46,2025-10-16
9107,34304,4645,39816.88,2025-10-17
9108,57109,7864,47563.13,2025-10-21
9109,58738,8234,62344.22,2025-10-05
9110,22128,7626,49372.1,2025-10-07
9111,29935,4881,10110.8,2025-10-21
9112,59679,4153,92717.05,2025-10-22
9113,76628,2019,61278.36,2025-10-09
9114,62420,5863,43958.68,2025-10-13
9115,80755,5349,37369.21,2025-10-20
9116,77913,3253,66472.59,2025-09-30
9117,81837,9802,96987.27,2025-10-02
9118,20871,8360,86336.3,2025-09-30
9119,13103,9690,86277.95,2025-10-22
9120,58841,1632,70463.86,2025-10-14
9121,44721,1189,35190.1,2025-10-23
9122,25232,1541,54379.1,2025-10-11
9123,11321,8026,30399.62,2025-10-23
9124,28624,8626,97312.61,2025-10-24
9125,54811,6836,78878.05,2025-10-23
9126,20094,8116,70532.74,2025-10-21
9127,93534,7940,26327.29,2025-10-10
9128,74523,6799,22810.7,2025-10-11
9129,4813,6420,97168.09,2025-10-10
9130,43428,2593,16673.18,2025-10-04
9131,51815,6382,61971.3,2025-10-05
9132,45618,1755,27806.66,2025-10-27
9133,64499,7026,30056.41,2025-10-10
9134,56491,2703,16108.09,2025-10-09
9135,92493,4225,71935.19,2025-10-24
9136,58066,822,27573.54,2025-10-08
9137,70346,5224,17684.62,2025-10-08
9138,102,6452,47394.15,2025-10-17
9139,67158,431,29680.13,2025-10-10
9140,4991,9030,47203.14,2025-09-29
9141,84801,4386,30219.16,2025-10-16
9142,62361,7196,39269.53,2025-10-26
9143,94766,9463,9560.55,2025-10-16
9144,69595,5097,65131.35,2025-10-16
9145,50557,1850,47526.08,2025-10-15
9146,9511,5158,17373.53,2025-09-29
9147,53627,1635,94304.93,2025-10-10
9148,70151,2543,95200.24,2025-10-26
9149,56432,4642,29264.01,2025-10-14
9150,98472,5953,77756.31,2025-10-10
9151,88392,9566,86775.23,2025-10-06
9152,16596,1245,47394.75,2025-10-22
9153,78693,9975,17728.28,2025-10-06
9154,85310,62,26894.99,2025-10-07
9155,55430,4632,27167.56,2025-10-24
9156,52179,6290,30234.55,2025-10-19
9157,42718,9179,33037.7,2025-10-15
9158,62012,7638,50175.2,2025-10-08
9159,1988,8147,49651.44,2025-10-14
9160,91650,7501,65980.05,2025-10-25
9161,69353,5568,65268.65,2025-10-19
9162,26780,5095,70248.93,2025-10-18
9163,80775,1670,84929.49,2025-10-09
9164,17399,6827,8322.58,2025-10-02
9165,78138,1158,45985.17,2025-10-07
9166,63748,2241,94377.58,2025-10-07
9167,77238,1938,52305.05,2025-10-13
9168,73409,877,99604.17,2025-10-04
9169,59934,9766,25033.79,2025-10-14
9170,8454,4147,13764.83,2025-10-19
9171,4640,1807,95364.57,2025-10-06
9172,76190,8526,8335.56,2025-10-24
9173,37604,1885,56305.29,2025-10-13
9174,17834,1595,72697.58,2025-10-25
9175,8046,3857,94119.42,2025-10-27
9176,67656,5790,18842.84,2025-10-03
9177,19917,4987,38784.01,2025-10-03
9178,92915,536,48420.35,2025-10-06
9179,61408,3072,19317.64,2025-10-26
9180,16723,3652,81901.22,2025-10-10
9181,54746,5519,37190.49,2025-10-10
9182,8381,5841,64358.2,2025-10-21
9183,90092,4329,63806.0,2025-10-04
9184,15969,3081,25732.27,2025-10-09
9185,46967,7416,79426.78,2025-10-30
9186,48920,7268,17384.52,2025-10-23
9187,9914,8188,32005.55,2025-10-22
9188,9802,4644,46916.52,2025-10-02
9189,3689,1287,75090.86,2025-10-14
9190,95939,5415,40985.28,2025-10-06
9191,99580,882,96025.59,2025-10-12
9192,82553,5041,55021.37,2025-10-03
9193,88285,858,91671.77,2025-10-27
9194,3761,5659,36191.28,2025-10-29
9195,13726,4120,38284.19,2025-10-16
9196,56997,6934,26202.32,2025-10-25
9197,93294,4743,59667.95,2025-10-13
9198,45065,6945,98476.41,2025-10-13
9199,77624,7621,53080.07,2025-10-04
9200,67210,2469,78789.48,2025-10-26
9201,25486,6413,8002.48,2025-10-17
9202,1735,7767,45547.03,2025-10-12
9203,7104,3883,67259.46,2025-10-29
9204,53804,5016,64273.64,2025-10-28
9205,2206,2705,25093.28,2025-10-28
9206,78366,2978,47225.83,2025-10-31
9207,336,763,59463.15,2025-10-11
9208,68737,2004,77977.38,2025-10-26
9209,70299,2144,63399.33,2025-10-29
9210,54102,3300,29736.79,2025-10-24
9211,33947,1407,78732.74,2025-10-15
9212,33536,3348,46489.81,2025-10-23
9213,12054,261,44548.92,2025-10-29
9214,48231,2363,28479.88,2025-10-09
9215,92,2069,85015.61,2025-10-16
9216,52537,8165,86134.04,2025-10-02
9217,60293,2476,26932.21,2025-10-29
9218,69562,3454,58643.22,2025-10-29
9219,38738,9734,53176.07,2025-10-16
9220,76389,2973,83337.63,2025-10-04
9221,31866,9903,51166.95,2025-10-23
9222,5641,7603,14819.68,2025-10-23
9223,43580,5206,21486.75,2025-10-22
9224,38559,2108,75605.47,2025-10-27
9225,46403,7172,86813.27,2025-10-23
9226,93698,308,80791.98,2025-10-22
9227,32108,5993,80714.12,2025-10-08
9228,21822,9126,40628.19,2025-10-16
9229,98948,5240,89790.59,2025-10-07
9230,24031,8281,87902.73,2025-10-17
9231,86270,4889,81232.51,2025-10-14
9232,20500,6688,48506.57,2025-10-20
9233,22335,3874,76061.39,2025-10-05
9234,95051,9731,17268.29,2025-10-06
9235,71735,5654,16792.14,2025-10-18
9236,36457,9337,42491.57,2025-10-09
9237,81446,4074,11732.53,2025-10-10
9238,77419,7584,78283.18,2025-10-11
9239,32575,1211,44008.12,2025-10-14
9240,45988,4312,11825.2,2025-10-15
9241,96650,9981,9506.05,2025-10-26
9242,79403,2877,79156.25,2025-10-05
9243,91553,5299,87086.54,2025-10-21
9244,53283,4450,20210.18,2025-10-04
9245,63918,9369,86342.17,2025-10-12
9246,93072,3424,42756.17,2025-10-16
9247,34207,3319,11804.24,2025-10-27
9248,69571,1062,12979.78,2025-10-11
9249,26545,5022,15881.38,2025-10-26
9250,36177,4945,62605.08,2025-10-19
9251,38299,6482,80955.08,2025-10-17
9252,41544,9952,80939.26,2025-10-07
9253,21706,9300,85406.15,2025-10-14
9254,65143,824,18971.93,2025-10-13
9255,52269,3737,57267.9,2025-10-24
9256,74619,3543,98042.17,2025-10-05
9257,79053,6452,80891.23,2025-10-13
9258,92303,5091,42823.75,2025-10-08
9259,86295,5010,84906.03,2025-10-17
9260,52493,3578,47745.85,2025-10-06
9261,55784,3454,53184.61,2025-10-12
9262,97090,7511,87729.19,2025-10-25
9263,79759,8119,41712.34,2025-10-30
9264,79571,9564,95094.73,2025-10-12
9265,24456,7474,81174.04,2025-10-15
9266,92126,8628,17841.12,2025-10-08
9267,47185,5509,70109.46,2025-10-05
9268,58501,6032,92931.77,2025-10-17
9269,25408,621,21091.11,2025-10-13
9270,94462,1203,68693.76,2025-10-15
9271,93016,9900,26943.69,2025-10-06
9272,93314,1271,26811.95,2025-10-13
9273,51812,1425,74406.12,2025-10-21
9274,12058,7766,49995.85,2025-10-30
9275,82584,7596,52730.76,2025-10-22
9276,8971,5035,14922.85,2025-10-18
9277,95649,8456,9665.82,2025-10-11
9278,38082,2466,43111.62,2025-10-26
9279,60149,5785,25638.83,2025-10-23
9280,10441,2410,31291.65,2025-11-02
9281,25889,3912,75807.38,2025-10-24
9282,81507,8750,74416.09,2025-10-23
9283,20797,7726,63568.15,2025-10-25
9284,20741,1355,42918.1,2025-10-13
9285,21505,9267,50971.96,2025-10-27
9286,70570,6189,37503.66,2025-10-07
9287,25495,4579,71853.48,2025-10-10
9288,58832,2696,88938.74,2025-10-15
9289,31885,8973,25493.97,2025-10-24
9290,87609,9779,74238.63,2025-10-13
9291,80643,4007,21839.61,2025-10-09
9292,40347,3815,8796.64,2025-10-20
9293,64266,9477,66004.69,2025-10-18
9294,63679,9569,63899.18,2025-10-21
9295,53298,9269,70181.51,2025-10-06
9296,32628,9722,31787.65,2025-11-01
9297,6899,7011,66444.47,2025-10-07
9298,47075,3463,49737.96,2025-10-26
9299,10029,8655,39274.28,2025-11-03
9300,66467,1637,32570.2,2025-10-20
9301,76363,5756,34703.48,2025-11-02
9302,57423,9565,47752.26,2025-10-12
9303,42005,585,57695.32,2025-10-22
9304,43801,5726,70567.57,2025-11-02
9305,84132,29,7525.86,2025-10-21
9306,86485,3877,90832.94,2025-10-27
9307,95478,6450,63980.92,2025-11-01
9308,63737,4614,91655.06,2025-10-28
9309,62690,6984,44641.32,2025-10-18
9310,95075,9092,55788.62,2025-10-28
9311,10596,1976,12700.06,2025-10-15
9312,40480,975,39671.05,2025-11-04
9313,93661,1403,64107.89,2025-10-21
9314,13850,5201,18155.51,2025-11-03
9315,42200,7995,83288.12,2025-10-26
9316,89039,16,18423.5,2025-11-04
9317,22910,8129,58650.25,2025-10-16
9318,95177,6194,81014.37,2025-10-16
9319,81341,5558,6355.21,2025-10-30
9320,46222,9539,56988.9,2025-10-29
9321,80802,8817,60371.46,2025-10-23
9322,99304,4316,42160.99,2025-10-31
9323,73857,1469,89463.58,2025-10-13
9324,2820,3744,30593.38,2025-10-26
9325,27994,5588,21231.96,2025-10-25
9326,24973,5111,31266.04,2025-10-13
9327,6071,4199,91666.71,2025-11-05
9328,9805,5026,5967.24,2025-10-09
9329,23757,4824,63712.94,2025-10-20
9330,86698,1213,51752.45,2025-11-03
9331,70043,474,68136.35,2025-10-09
9332,97980,5425,28065.23,2025-10-12
9333,52592,4581,26828.51,2025-10-18
9334,33468,8709,99814.87,2025-10-25
9335,35802,8303,55122.97,2025-11-05
9336,89001,1686,82337.55,2025-10-21
9337,65955,2550,16486.24,2025-10-12
9338,80387,3051,86141.31,2025-10-25
9339,13756,5478,36465.25,2025-11-04
9340,15563,7169,61402.45,2025-10-27
9341,62322,2759,57949.56,2025-11-03
9342,14526,909,75061.91,2025-10-24
9343,20102,8920,9490.36,2025-10-14
9344,73369,6056,46317.83,2025-10-22
9345,53557,4036,56166.66,2025-11-06
9346,30262,8324,5092.57,2025-10-11
9347,79417,1775,67900.52,2025-10-15
9348,17262,3115,84054.99,2025-10-22
9349,78821,4643,59854.41,2025-11-03
9350,81320,8497,66763.01,2025-10-11
9351,87472,4864,30213.59,2025-10-16
9352,53780,1836,38048.76,2025-11-02
9353,76373,8285,73726.93,2025-10-26
9354,2280,8766,6907.32,2025-10-16
9355,98502,7344,43952.99,2025-10-09
9356,97524,8118,96122.63,2025-11-03
9357,5488,5039,91952.71,2025-10-09
9358,5644,5187,25729.67,2025-10-24
9359,10108,7623,54925.03,2025-11-07
9360,56631,5139,59194.95,2025-10-16
9361,37530,6002,5969.75,2025-10-18
9362,97798,9534,65269.36,2025-10-18
9363,20678,9123,45671.41,2025-11-04
9364,22061,427,31028.49,2025-10-25
9365,10364,1385,32899.87,2025-10-16
9366,23260,8185,36882.76,2025-11-07
9367,23025,3614,57364.5,2025-10-12
9368,17846,7632,30486.04,2025-10-24
9369,19651,9733,38203.53,2025-11-01
9370,23912,725,76268.2,2025-10-31
9371,29129,9025,12370.48,2025-10-15
9372,51011,9174,70883.23,2025-10-22
9373,13884,4414,50760.78,2025-10-13
9374,85537,7719,98240.06,2025-10-16
9375,10028,1931,13434.02,2025-10-29
9376,6676,4370,23761.85,2025-10-22
9377,66835,231,39314.93,2025-11-01
9378,80682,5802,44985.55,2025-11-06
9379,54210,582,49003.36,2025-10-10
9380,282,672,29711.73,2025-10-24
9381,71167,190,36616.81,2025-11-01
9382,85123,3720,87403.39,2025-10-29
9383,21772,352,29993.27,2025-10-13
9384,6018,3486,52804.36,2025-10-15
9385,89473,493,52484.49,2025-10-16
9386,5933,737,81404.14,2025-10-15
9387,16286,9296,79991.8,2025-11-07
9388,72339,4936,6329.06,2025-11-07
9389,87236,5033,75855.48,2025-10-20
9390,60429,7778,23558.77,2025-11-09
9391,63696,8956,51686.85,2025-11-04
9392,25491,5431,64220.29,2025-10-16
9393,44479,921,11145.0,2025-10-28
9394,98583,9987,36607.62,2025-10-29
9395,85382,7070,86920.07,2025-10-20
9396,40777,7881,8133.03,2025-11-02
9397,86582,3983,38428.77,2025-10-23
9398,75478,2672,56940.88,2025-10-31
9399,15591,2134,94499.03,2025-10-29
9400,82266,6537,5509.67,2025-11-09
9401,21315,2754,6214.19,2025-10-15
9402,21408,7006,75491.24,2025-11-02
9403,36961,451,27593.75,2025-10-27
9404,30396,9435,19559.87,2025-11-09
9405,40073,3640,84329.51,2025-10-15
9406,85726,8118,77106.78,2025-11-01
9407,36156,5123,95615.73,2025-11-04
9408,39817,9392,45007.76,2025-10-27
9409,741,8458,15546.26,2025-10-20
9410,91327,3716,28248.29,2025-11-06
9411,11353,9331,91343.63,2025-10-25
9412,66674,7210,59873.15,2025-11-06
9413,80876,5302,34261.05,2025-10-13
9414,72196,475,20037.5,2025-10-23
9415,79975,9203,89427.04,2025-11-08
9416,24839,3976,37093.08,2025-11-06
9417,63985,4267,65510.18,2025-10-19
9418,18839,8311,82441.34,2025-10-15
9419,22095,2388,87617.02,2025-10-26
9420,47281,5780,31306.74,2025-10-15
9421,52845,621,46447.13,2025-10-13
9422,71165,5635,12008.53,2025-10-21
9423,77976,9121,70125.48,2025-11-03
9424,91251,1023,79448.95,2025-10-13
9425,60249,5898,20168.12,2025-10-13
9426,3421,9394,32583.77,2025-10-28
9427,33765,9499,67551.27,2025-11-01
9428,7322,4352,14068.33,2025-10-22
9429,72470,9481,92448.97,2025-10-27
9430,45377,1396,9149.24,2025-11-06
9431,13105,9818,20984.84,2025-10-26
9432,95560,4376,5282.04,2025-11-11
9433,59706,9448,28632.81,2025-10-15
9434,62583,3832,50871.12,2025-11-05
9435,80359,1080,20861.91,2025-11-04
9436,57045,6243,14388.24,2025-10-25
9437,14985,6809,5531.82,2025-10-16
9438,41556,8868,56075.46,2025-10-31
9439,59337,2362,50008.32,2025-11-02
9440,96228,5647,76120.24,2025-11-06
9441,69370,3988,80535.28,2025-10-15
9442,91363,6670,69933.9,2025-10-16
9443,4655,8551,51559.46,2025-11-04
9444,81013,6060,89638.55,2025-10-31
9445,78196,1076,47105.72,2025-11-06
9446,72249,3394,78041.33,2025-10-31
9447,84694,5722,62568.45,2025-10-19
9448,59749,4692,20496.23,2025-10-23
9449,91042,6456,97381.71,2025-10-28
9450,19402,2763,27221.33,2025-10-14
9451,9778,551,7199.99,2025-11-12
9452,75879,6290,44888.22,2025-11-02
9453,80205,6740,44103.09,2025-10-24
9454,13202,9910,36754.05,2025-11-09
9455,52593,4597,38191.44,2025-10-26
9456,52620,5419,60960.32,2025-10-17
9457,91609,9847,13315.46,2025-10-22
9458,6615,1108,69411.73,2025-10-29
9459,98983,720,16494.62,2025-10-28
9460,78913,8304,31080.05,2025-11-02
9461,43237,8808,38179.35,2025-10-25
9462,31384,1509,77695.0,2025-11-04
9463,83069,8147,86207.69,2025-11-12
9464,40950,2642,55014.97,2025-11-10
9465,15163,3408,54385.31,2025-11-04
9466,34562,1531,9914.98,2025-11-13
9467,51573,4718,91978.26,2025-10-29
9468,80335,4992,93157.29,2025-10-20
9469,81886,4016,41894.24,2025-10-23
9470,26971,6878,44277.81,2025-11-08
9471,68507,2154,89680.04,2025-11-07
9472,40656,2949,35484.09,2025-10-17
9473,6800,3552,57760.91,2025-10-27
9474,313,385,72571.8,2025-11-05
9475,29675,8958,95416.99,2025-11-02
9476,99944,1865,47836.01,2025-10-30
9477,88244,9103,57814.73,2025-11-10
9478,22320,4842,17366.83,2025-10-23
9479,47481,7060,5628.13,2025-10-29
9480,40311,5712,49545.99,2025-11-08
9481,29578,7701,38870.66,2025-11-04
9482,34925,7253,23997.85,2025-10-30
9483,62220,1667,34898.92,2025-11-02
9484,45634,4726,25337.16,2025-11-11
9485,52785,6051,14581.86,2025-10-22
9486,91225,5894,82647.47,2025-11-05
9487,57779,736,90453.85,2025-10-29
9488,87768,2701,52026.65,2025-11-02
9489,61109,448,54005.01,2025-10-29
9490,56874,6428,49023.53,2025-10-25
9491,95362,9618,74700.08,2025-10-29
9492,45597,9175,65550.44,2025-11-06
9493,71734,3488,84666.27,2025-11-11
9494,52955,3672,81593.81,2025-10-19
9495,75710,1753,74597.19,2025-10-28
9496,36646,7511,85217.6,2025-10-18
9497,43125,3950,70315.74,2025-10-22
9498,52072,8171,29580.63,2025-10-17
9499,57200,8195,67477.8,2025-10-23
9500,64762,2725,83779.07,2025-10-26
9501,36597,3285,68613.72,2025-10-23
9502,13856,7893,90570.62,2025-11-03
9503,14186,3484,49803.61,2025-10-31
9504,83185,3539,43211.24,2025-11-02
9505,36475,4479,8228.76,2025-10-26
9506,37747,1184,57111.25,2025-11-02
9507,78866,7611,73046.19,2025-10-18
9508,49167,1361,93624.33,2025-11-10
9509,47102,7032,7569.2,2025-11-11
9510,80509,387,30889.34,2025-10-18
9511,80855,4298,68539.29,2025-10-25
9512,30135,9064,95955.47,2025-10-17
9513,92095,8224,44151.95,2025-11-01
9514,37879,2971,67564.28,2025-11-10
9515,7407,4786,75435.42,2025-11-09
9516,55326,8724,75194.56,2025-11-02
9517,64175,4097,10149.8,2025-11-12
9518,54503,3891,27550.76,2025-11-02
9519,89156,1939,79549.96,2025-10-31
9520,83749,8869,6766.13,2025-11-12
9521,65178,5807,70099.66,2025-10-20
9522,58750,6425,91352.1,2025-10-18
9523,513,4525,15953.99,2025-10-23
9524,20730,2321,51927.35,2025-11-16
9525,13101,3347,35822.53,2025-10-23
9526,22233,9949,9500.11,2025-11-01
9527,81241,4565,79652.14,2025-11-16
9528,95773,5259,54829.51,2025-11-02
9529,87101,2107,66250.28,2025-10-27
9530,5776,9858,21129.11,2025-10-28
9531,76374,342,74986.95,2025-10-23
9532,5912,4932,66665.39,2025-10-26
9533,32546,8094,69488.16,2025-11-05
9534,27842,5987,78381.59,2025-10-30
9535,91789,7895,53843.86,2025-11-01
9536,47207,1121,91117.23,2025-10-22
9537,56570,7767,52712.95,2025-10-21
9538,66060,9178,24816.63,2025-11-03
9539,62744,6003,12728.22,2025-11-17
9540,56612,4311,60101.38,2025-10-21
9541,90097,4594,5272.86,2025-11-04
9542,88206,7478,24604.38,2025-11-05
9543,38994,1667,81991.35,2025-10-30
9544,50039,4028,47445.19,2025-11-17
9545,12410,3684,43452.91,2025-11-01
9546,13255,7133,87272.63,2025-11-13
9547,17240,4300,90074.11,2025-11-10
9548,43688,2301,19545.57,2025-10-26
9549,86826,7484,94000.48,2025-11-04
9550,65927,3133,41897.03,2025-11-17
9551,26247,4846,59597.58,2025-11-06
9552,28965,5146,67207.35,2025-11-01
9553,22282,142,24346.95,2025-11-15
9554,27351,3474,31760.43,2025-11-17
9555,89866,4664,97777.77,2025-10-20
9556,11105,4010,96898.5,2025-11-03
9557,74678,9065,82125.57,2025-10-29
9558,50759,6697,64029.49,2025-10-29
9559,71538,2322,31597.32,2025-10-30
9560,26194,3079,82258.38,2025-10-21
9561,98342,443,68408.57,2025-11-06
9562,40776,4710,61889.94,2025-11-12
9563,48040,4075,16685.72,2025-11-12
9564,78499,228,26846.49,2025-10-22
9565,86231,4737,95674.48,2025-10-29
9566,80656,5601,20442.82,2025-10-27
9567,37541,3489,43524.15,2025-10-23
9568,52800,7594,46954.14,2025-11-14
9569,28320,5407,38469.36,2025-11-01
9570,60167,3525,40573.22,2025-10-29
9571,74202,176,9366.9,2025-10-23
9572,12465,4048,43877.79,2025-11-11
9573,91708,4050,83080.01,2025-10-30
9574,41574,8755,57239.93,2025-11-12
9575,35694,160,19566.68,2025-11-10
9576,20007,1992,24344.88,2025-11-18
9577,95890,3143,25082.23,2025-10-27
9578,33410,7805,14031.05,2025-10-31
9579,94485,7328,35802.23,2025-11-11
9580,84181,4839,64150.52,2025-11-05
9581,18715,7382,68476.35,2025-10-25
9582,18827,5690,10666.1,2025-11-12
9583,82091,4193,17137.93,2025-11-06
9584,61225,9335,65376.05,2025-10-26
9585,99079,3782,55951.93,2025-10-30
9586,71806,6401,67891.95,2025-10-22
9587,25350,6004,64401.51,2025-10-21
9588,92833,940,97090.21,2025-11-13
9589,7484,2628,18184.13,2025-11-19
9590,45958,1405,85671.65,2025-11-08
9591,7303,9023,75715.09,2025-11-11
9592,83636,4976,28230.29,2025-11-06
9593,75311,4535,30818.26,2025-11-07
9594,66413,9396,97912.37,2025-11-02
9595,19947,7743,9459.93,2025-10-25
9596,93924,8,19170.93,2025-10-29
9597,83957,4819,5311.78,2025-10-23
9598,92580,9437,60626.2,2025-10-29
9599,71663,2730,62805.84,2025-10-23
9600,92511,2822,27028.88,2025-10-28
9601,50297,718,46686.09,2025-11-10
9602,35906,2776,8585.98,2025-11-03
9603,19705,2006,48973.79,2025-10-22
9604,66768,7169,11744.14,2025-10-26
9605,22499,7514,30765.28,2025-10-25
9606,74157,2117,15104.78,2025-11-09
9607,16976,7611,40012.05,2025-11-04
9608,28587,5683,24445.07,2025-11-19
9609,12525,9173,83690.93,2025-11-15
9610,53914,9603,36634.46,2025-11-04
9611,33759,8767,34404.62,2025-10-31
9612,97841,9119,96493.91,2025-10-25
9613,54754,2450,57935.81,2025-11-16
9614,85492,9326,77705.11,2025-11-13
9615,5944,1225,68135.69,2025-10-31
9616,32826,9145,75966.55,2025-11-10
9617,31863,4973,69777.62,2025-11-14
9618,1293,8711,22947.03,2025-11-11
9619,94269,5512,36112.27,2025-10-23
9620,57989,1532,98169.65,2025-11-21
9621,25966,1633,76006.76,2025-11-12
9622,70539,2439,77713.32,2025-11-04
9623,32894,7439,14493.1,2025-10-29
9624,35487,2142,89165.74,2025-11-14
9625,60819,6087,78142.73,2025-11-08
9626,10620,9689,46832.97,2025-11-21
9627,48847,2475,7042.15,2025-11-16
9628,78187,1705,6553.58,2025-11-05
9629,31108,3909,51593.73,2025-11-02
9630,32862,8854,76888.2,2025-11-20
9631,94594,4150,71701.98,2025-11-08
9632,86054,7067,8489.82,2025-10-31
9633,58735,6052,87692.67,2025-11-07
9634,3201,9742,31836.2,2025-11-10
9635,65922,9052,17981.8,2025-11-17
9636,44423,7875,18162.15,2025-11-19
9637,6160,9052,77416.96,2025-11-17
9638,45153,7757,29105.89,2025-11-16
9639,44794,3673,49582.74,2025-11-18
9640,42598,7515,54584.73,2025-11-14
9641,92931,7473,42356.93,2025-11-16
9642,57876,5199,91628.65,2025-11-01
9643,14317,7658,37956.32,2025-11-08
9644,63854,7816,46370.02,2025-11-17
9645,54663,688,56129.07,2025-10-26
9646,92982,8923,74804.43,2025-10-29
9647,85480,7158,50156.9,2025-11-18
9648,86067,6758,33459.04,2025-10-28
9649,1652,5828,66699.85,2025-11-08
9650,47773,5291,66651.0,2025-11-12
9651,94284,5169,41170.79,2025-11-14
9652,31387,6803,10910.81,2025-11-06
9653,55901,3619,92823.66,2025-11-14
9654,89487,5391,26765.49,2025-11-04
9655,50641,1333,69690.9,2025-11-19
9656,580,7738,39365.06,2025-10-25
9657,70912,7020,10329.17,2025-11-12
9658,60127,5606,22040.88,2025-11-21
9659,56844,409,42920.26,2025-11-19
9660,91137,7504,69927.76,2025-11-21
9661,97523,6040,55251.43,2025-11-07
9662,28772,9198,78958.91,2025-11-06
9663,34364,9696,39575.54,2025-11-22
9664,8553,342,9128.52,2025-11-04
9665,84979,4987,48384.24,2025-11-17
9666,76957,8703,20843.83,2025-11-21
9667,86263,5215,84828.86,2025-11-05
9668,40690,691,17243.3,2025-11-22
9669,13220,9441,90129.13,2025-10-31
9670,33704,2125,29790.35,2025-11-06
9671,94072,5716,28758.5,2025-10-27
9672,71833,7807,15779.06,2025-10-30
9673,63542,8234,17809.05,2025-10-28
9674,53410,4809,20900.21,2025-11-18
9675,34008,9111,36711.22,2025-11-16
9676,72548,789,91890.5,2025-11-20
9677,76490,3486,74598.79,2025-11-18
9678,18555,2567,32478.63,2025-11-19
9679,65568,3871,82318.62,2025-11-11
9680,31039,8504,54153.17,2025-11-19
9681,15056,7129,78206.16,2025-11-19
9682,32723,6028,81043.91,2025-11-24
9683,35552,3107,41395.25,2025-10-30
9684,83096,4616,81272.23,2025-11-15
9685,71397,6471,23123.39,2025-11-06
9686,20190,2297,57915.34,2025-10-26
9687,15007,6959,42122.67,2025-11-13
9688,68783,1597,96646.32,2025-11-03
9689,223,8810,30234.11,2025-11-20
9690,942,9903,76697.09,2025-10-28
9691,73717,4307,40834.26,2025-11-12
9692,78554,5287,35567.51,2025-11-19
9693,17897,1108,48098.12,2025-11-02
9694,28861,3502,36974.7,2025-11-06
9695,34114,1728,14130.71,2025-11-08
9696,53518,2242,38540.56,2025-11-19
9697,2729,7075,98565.04,2025-11-04
9698,3937,1837,69951.53,2025-10-28
9699,37921,3972,84505.28,2025-10-26
9700,6650,8527,24110.03,2025-10-29
9701,13603,5455,98460.64,2025-11-01
9702,31650,6551,11608.55,2025-10-29
9703,13323,3699,15418.8,2025-11-12
9704,5504,3677,73611.8,2025-10-29
9705,36814,8848,96050.23,2025-11-19
9706,76073,6532,11436.62,2025-11-16
9707,43985,9198,22873.18,2025-11-15
9708,89665,5010,92137.17,2025-11-02
9709,83385,2853,48853.03,2025-11-15
9710,84544,1269,37576.66,2025-10-31
9711,11594,8936,67926.02,2025-11-22
9712,90677,3896,65141.4,2025-11-04
9713,64964,3993,32783.41,2025-11-22
9714,86548,1125,53826.09,2025-11-17
9715,69038,6879,74561.36,2025-11-12
9716,46864,4631,81678.15,2025-11-15
9717,48227,3100,55986.71,2025-11-03
9718,16904,4396,5308.62,2025-11-22
9719,87642,3443,68240.13,2025-11-19
9720,40860,1047,6327.02,2025-11-24
9721,33509,3461,60088.41,2025-11-14
9722,84381,6883,98275.66,2025-11-07
9723,23090,6393,99544.97,2025-10-31
9724,48053,579,28017.34,2025-10-30
9725,58870,6998,7545.94,2025-11-08
9726,30527,608,20667.88,2025-11-04
9727,37772,7599,54768.45,2025-11-16
9728,35748,8236,10430.03,2025-11-09
9729,98003,1431,28060.57,2025-11-02
9730,61623,213,60146.66,2025-11-21
9731,68313,2271,83648.35,2025-11-26
9732,12097,2718,10981.94,2025-11-10
9733,64554,9367,17629.4,2025-11-01
9734,84598,8736,51997.31,2025-11-04
9735,9770,9613,60011.21,2025-11-16
9736,91969,5503,86430.04,2025-11-22
9737,88368,6039,21633.6,2025-11-02
9738,27279,849,83855.95,2025-11-19
9739,14460,1296,34693.48,2025-11-08
9740,10578,2605,67193.14,2025-11-14
9741,46221,8100,79166.83,2025-11-23
9742,93635,1604,95760.47,2025-10-31
9743,88339,5652,70350.89,2025-11-18
9744,88805,9121,55143.82,2025-11-03
9745,34071,8572,44305.56,2025-11-17
9746,17599,9348,77090.44,2025-11-22
9747,75871,7316,44848.35,2025-11-08
9748,28892,9198,6730.17,2025-11-05
9749,47784,5822,72297.6,2025-11-21
9750,12718,1644,79391.94,2025-11-24
9751,96575,8283,98702.18,2025-11-17
9752,74243,6628,35539.88,2025-11-05
9753,45401,4598,25408.6,2025-11-22
9754,48671,374,93269.76,2025-11-08
9755,71197,8791,83121.73,2025-10-30
9756,66799,4583,40768.74,2025-11-03
9757,54626,4714,30041.23,2025-11-26
9758,6049,5744,42579.23,2025-11-09
9759,74957,8446,7999.92,2025-11-11
9760,56153,1748,17143.29,2025-11-10
9761,82684,6846,95840.26,2025-10-29
9762,4369,8727,48796.19,2025-11-20
9763,21884,8470,35022.69,2025-11-16
9764,94843,7832,90995.52,2025-11-27
9765,86943,9479,92414.75,2025-11-06
9766,46009,1696,89166.82,2025-11-06
9767,48065,4262,12105.96,2025-11-14
9768,92417,2306,23840.88,2025-11-03
9769,29670,3968,41190.05,2025-11-01
9770,53336,1270,6281.56,2025-11-06
9771,27157,8278,86628.56,2025-11-12
9772,40500,3806,72005.24,2025-11-25
9773,67925,4957,55201.35,2025-11-07
9774,29305,8761,5675.05,2025-11-14
9775,59814,496,37495.33,2025-11-08
9776,90386,4983,97193.5,2025-11-08
9777,40029,5337,78042.83,2025-11-06
9778,46786,8228,55789.0,2025-11-15
9779,54381,4857,23317.69,2025-11-19
9780,20808,2360,50699.25,2025-11-23
9781,51061,1901,57132.34,2025-11-07
9782,92778,7184,61190.0,2025-11-05
9783,27623,8992,95047.19,2025-11-13
9784,69268,2380,41195.21,2025-11-19
9785,12711,3662,57842.68,2025-11-01
9786,78287,6805,30315.48,2025-11-21
9787,54768,9833,61423.35,2025-11-27
9788,4686,8756,29887.14,2025-10-31
9789,84810,5110,26281.46,2025-11-14
9790,57820,5025,96514.58,2025-11-10
9791,88343,4303,24623.86,2025-11-18
9792,89777,4565,72258.66,2025-11-16
9793,9888,1118,44974.19,2025-11-24
9794,45946,9127,87013.58,2025-11-01
9795,89139,8148,94423.37,2025-11-05
9796,53969,5480,38913.86,2025-11-19
9797,19909,1970,91855.92,2025-11-13
9798,44655,1836,30861.14,2025-11-07
9799,17564,3335,78587.39,2025-11-16
9800,75476,4956,80111.75,2025-11-23
9801,4111,1916,17756.98,2025-11-09
9802,13965,4504,93556.44,2025-11-09
9803,20297,2380,9200.16,2025-11-04
9804,75881,9940,82011.89,2025-11-01
9805,43200,5087,82698.14,2025-11-19
9806,47945,5296,90787.39,2025-11-17
9807,58289,473,78360.46,2025-11-20
9808,21977,6565,82611.1,2025-11-04
9809,31798,7641,92924.88,2025-11-27
9810,26941,3317,77684.22,2025-11-14
9811,80424,8679,42680.58,2025-11-25
9812,5325,8528,41604.85,2025-11-12
9813,10273,2093,65923.73,2025-11-03
9814,49429,9555,24119.73,2025-11-04
9815,65645,8225,66350.29,2025-11-11
9816,45595,3106,99681.88,2025-11-16
9817,13877,200,57969.13,2025-11-18
9818,6969,3612,8040.63,2025-11-05
9819,52683,7719,30788.33,2025-11-01
9820,2094,1913,76424.2,2025-11-18
9821,36312,9162,21427.38,2025-11-04
9822,36856,3450,43219.08,2025-11-25
9823,8548,2545,80415.45,2025-11-29
9824,81950,6330,32629.98,2025-11-06
9825,65787,744,26310.66,2025-11-22
9826,5227,5269,22978.95,2025-12-01
9827,89592,8262,20795.48,2025-11-29
9828,21933,5955,60398.02,2025-11-19
9829,59784,676,18149.34,2025-11-09
9830,20395,8195,56574.44,2025-11-28
9831,17883,9931,35068.63,2025-11-18
9832,25113,3562,11939.45,2025-11-04
9833,20227,931,53824.0,2025-11-13
9834,79522,8358,50824.16,2025-11-06
9835,86503,6516,51884.98,2025-11-26
9836,18535,1538,12069.57,2025-11-19
9837,54400,3956,39574.64,2025-11-28
9838,12106,6553,97891.29,2025-11-11
9839,94655,8276,31669.54,2025-11-15
9840,58472,3192,71929.97,2025-11-06
9841,79914,8277,79140.35,2025-11-24
9842,56847,7673,25675.08,2025-12-01
9843,12618,6385,57142.98,2025-11-22
9844,30952,7718,39044.63,2025-11-07
9845,3247,5055,42134.52,2025-11-26
9846,16587,7293,6821.83,2025-12-01
9847,97796,4664,19083.83,2025-11-15
9848,26257,8616,52167.13,2025-11-20
9849,94929,7002,15152.71,2025-11-21
9850,94633,9425,85982.94,2025-11-09
9851,30695,8234,40190.98,2025-12-02
9852,99195,799,70193.05,2025-12-02
9853,23963,2225,33322.39,2025-11-18
9854,78683,7329,18446.47,2025-12-01
9855,75699,2674,21675.85,2025-11-14
9856,38701,2454,45506.49,2025-11-07
9857,60505,5516,69389.89,2025-11-23
9858,66854,7961,58957.62,2025-11-19
9859,38015,4350,59346.34,2025-11-28
9860,97259,9897,35430.7,2025-11-30
9861,73156,2409,85045.59,2025-11-16
9862,26236,9034,45370.85,2025-11-15
9863,75334,643,43875.48,2025-11-08
9864,7846,798,74665.83,2025-11-16
9865,78556,7137,80339.81,2025-11-22
9866,22886,965,99890.18,2025-11-04
9867,14957,6222,75154.97,2025-11-17
9868,95935,4753,89226.8,2025-11-26
9869,97604,7326,69876.92,2025-11-09
9870,71802,2710,21948.88,2025-12-03
9871,44897,3982,63639.46,2025-11-18
9872,22768,4300,85264.31,2025-11-28
9873,40443,3641,49502.21,2025-11-09
9874,75617,1230,5886.86,2025-11-28
9875,64288,7834,16535.56,2025-11-22
9876,15300,4947,70563.55,2025-11-07
9877,39740,2774,29495.22,2025-11-05
9878,94645,8777,77229.2,2025-12-01
9879,31365,8094,93288.07,2025-11-14
9880,72785,2628,30780.98,2025-11-23
9881,22620,639,35856.07,2025-11-11
9882,64469,7254,81092.38,2025-12-03
9883,21207,1751,41222.64,2025-11-10
9884,61828,3419,78851.13,2025-11-06
9885,78811,6408,86908.93,2025-11-09
9886,88796,5122,16958.56,2025-11-10
9887,23441,5823,99236.67,2025-11-17
9888,95225,3918,32953.63,2025-11-18
9889,85342,2924,27025.43,2025-11-23
9890,24797,920,10206.31,2025-11-10
9891,73177,1804,34346.55,2025-11-12
9892,1081,3641,37836.58,2025-11-15
9893,7896,2352,44135.71,2025-11-08
9894,93159,662,28484.13,2025-11-26
9895,46189,4860,33226.19,2025-11-24
9896,89973,4979,65202.97,2025-11-13
9897,30669,6197,23070.46,2025-11-22
9898,6543,6411,13433.32,2025-11-18
9899,53655,4457,37537.29,2025-12-04
9900,54456,5134,5516.92,2025-11-21
9901,18891,1644,67240.17,2025-11-09
9902,49345,3622,59952.95,2025-11-12
9903,84991,1547,16883.32,2025-11-24
9904,31408,1411,49728.58,2025-12-02
9905,87085,3858,68127.75,2025-12-02
9906,66512,8979,74328.47,2025-11-28
9907,7342,3330,26096.22,2025-11-22
9908,52327,1987,40867.07,2025-11-19
9909,18767,8939,41716.14,2025-12-04
9910,71306,6778,22198.53,2025-11-10
9911,18920,1060,29936.35,2025-11-29
9912,14202,3358,49134.55,2025-11-23
9913,24976,9624,62531.09,2025-11-19
9914,84065,9441,95837.19,2025-11-12
9915,93254,6738,27748.12,2025-11-18
9916,77307,6847,78947.86,2025-11-15
9917,79911,771,49085.96,2025-11-17
9918,60806,4747,68310.64,2025-11-20
9919,30707,5884,58033.28,2025-11-20
9920,11134,5101,77634.9,2025-11-25
9921,12325,5648,59800.18,2025-11-06
9922,87727,8663,96727.92,2025-11-07
9923,55822,1453,17351.11,2025-11-18
9924,30495,5791,29596.63,2025-12-06
9925,96199,5080,89100.93,2025-11-28
9926,59617,8678,12817.05,2025-11-18
9927,48976,6396,35101.09,2025-11-19
9928,80417,9615,57268.6,2025-11-12
9929,21669,3880,47979.55,2025-11-10
9930,31711,7150,51039.2,2025-11-25
9931,40834,1601,84308.01,2025-12-03
9932,90104,2050,93757.67,2025-12-06
9933,48635,1630,89806.54,2025-11-14
9934,20632,8339,40946.18,2025-11-27
9935,66688,2533,77267.62,2025-11-25
9936,30161,9240,27433.46,2025-11-09
9937,33556,6549,86276.16,2025-11-12
9938,12633,4417,67884.36,2025-11-16
9939,45337,4637,78790.28,2025-11-22
9940,57012,3279,99941.47,2025-12-04
9941,67086,6057,91263.57,2025-11-24
9942,5666,973,46923.35,2025-11-17
9943,58705,9973,59227.51,2025-11-18
9944,27758,895,8397.04,2025-11-14
9945,50492,6888,88505.88,2025-11-14
9946,32754,5511,50514.77,2025-12-05
9947,23712,7827,58303.3,2025-11-25
9948,34584,5707,97776.57,2025-11-25
9949,25545,9825,32993.58,2025-11-21
9950,14009,3243,51454.26,2025-11-17
9951,7789,5408,8058.84,2025-11-23
9952,71886,6258,12341.88,2025-11-14
9953,11133,8642,25542.55,2025-11-26
9954,48629,2798,80987.54,2025-11-13
9955,50631,6715,77681.33,2025-11-30
9956,46110,3003,85014.64,2025-12-01
9957,20582,295,44950.27,2025-11-26
9958,70079,8839,75701.9,2025-11-28
9959,19973,4738,41480.88,2025-11-08
9960,89237,3680,55908.24,2025-11-17
9961,79782,8011,68781.15,2025-11-14
9962,36661,5231,62877.18,2025-11-22
9963,70358,7560,12596.91,2025-12-07
9964,43645,5416,85201.83,2025-12-07
9965,34478,6886,52786.26,2025-11-26
9966,13129,1991,38267.53,2025-12-06
9967,14631,8727,86646.94,2025-11-21
9968,21392,1089,7780.5,2025-11-22
9969,45067,8408,43269.17,2025-11-09
9970,99189,3028,34483.76,2025-12-01
9971,64705,5222,91115.78,2025-12-03
9972,82765,2382,34042.7,2025-11-14
9973,48080,9264,79252.51,2025-11-28
9974,93860,7705,67230.37,2025-11-24
9975,2941,2133,25992.6,2025-12-02
9976,70645,6219,47752.94,2025-11-09
9977,70655,3328,98165.09,2025-11-26
9978,3026,8124,80589.38,2025-11-26
9979,28119,1716,68397.22,2025-11-24
9980,47044,1683,61602.74,2025-11-29
9981,89325,4068,75209.05,2025-11-28
9982,26069,1536,39084.49,2025-11-26
9983,35230,6315,94865.48,2025-12-03
9984,47422,7526,79521.24,2025-12-03
9985,60858,7717,22979.64,2025-11-27
9986,38946,6205,73825.34,2025-11-20
9987,21983,3354,81727.31,2025-12-03
9988,95487,501,46191.96,2025-11-21
9989,31471,7992,39611.96,2025-11-29
9990,36770,3529,85834.5,2025-11-20
9991,49967,8320,68749.47,2025-11-12
9992,18823,6004,38154.47,2025-11-26
9993,59134,7287,78355.13,2025-12-05
9994,68020,8093,17312.19,2025-11-20
9995,58671,4713,44790.13,2025-12-04
9996,59540,7487,73444.72,2025-12-06
9997,82400,5343,53939.23,2025-12-03
9998,2126,2718,68133.43,2025-11-12
9999,83779,7588,58329.59,2025-11-28
10000,3184,9520,11060.7,2025-11-15
10001,16927,240,40031.27,2025-11-27
10002,81087,3,99523.99,2025-11-22
10003,85453,2455,46071.9,2025-11-21
10004,1763,1977,50240.05,2025-11-21
10005,80575,714,62018.24,2025-11-20
10006,43276,6590,19728.4,2025-12-08
10007,97549,5878,66698.74,2025-11-11
10008,49259,6922,25890.28,2025-11-21
10009,19630,5461,90170.35,2025-11-19
10010,73003,627,88277.53,2025-11-17
10011,93570,6920,83914.61,2025-11-26
10012,73800,6500,9933.31,2025-11-18
10013,10571,5198,39254.7,2025-11-16
10014,79920,4754,46833.89,2025-12-03
10015,17579,7854,42672.46,2025-11-18
10016,75266,2736,29692.42,2025-11-11
10017,29789,1363,65302.97,2025-12-07
10018,55919,5705,24926.9,2025-11-21
10019,21779,3962,12961.54,2025-11-25
10020,15235,6591,42598.05,2025-11-21
10021,72111,3089,18653.52,2025-12-03
10022,37838,9477,20779.24,2025-11-13
10023,55660,3132,57883.67,2025-12-07
10024,63110,7728,23953.7,2025-11-11
10025,30191,1414,80244.95,2025-11-15
10026,24813,6444,53233.28,2025-11-26
10027,71896,2715,41968.14,2025-11-29
10028,51943,5026,84469.81,2025-12-01
10029,35053,363,35374.13,2025-11-21
10030,77878,6196,33215.92,2025-12-09
10031,56635,455,57371.8,2025-11-18
10032,77390,6151,5054.41,2025-11-29
10033,3412,843,41471.27,2025-12-02
10034,61186,3800,83270.81,2025-11-14
10035,16498,2618,23221.63,2025-12-08
10036,99080,6719,91972.58,2025-11-27
10037,70064,453,67083.48,2025-11-18
10038,20936,2363,41734.87,2025-11-20
10039,32551,8625,76372.6,2025-12-06
10040,99798,1929,76616.9,2025-12-08
10041,92508,9839,97357.08,2025-11-20
10042,14363,6671,37341.12,2025-11-30
10043,58688,7171,45857.82,2025-11-13
10044,79164,1454,6170.17,2025-11-30
10045,66542,5902,89772.0,2025-11-19
10046,34965,4536,23536.75,2025-12-02
10047,80783,6417,55427.87,2025-11-25
10048,97212,3309,68361.97,2025-12-09
10049,53849,1553,52303.84,2025-12-10
10050,73943,5748,91972.32,2025-11-23
10051,33450,4787,30931.31,2025-11-30
10052,61879,6127,91160.46,2025-12-04
10053,21771,6273,67771.53,2025-12-11
10054,63289,1796,99406.23,2025-11-14
10055,67976,9749,71492.63,2025-12-07
10056,52181,6169,21507.91,2025-11-26
10057,87396,4932,25370.63,2025-11-22
10058,59724,5532,59924.93,2025-11-28
10059,18577,6990,78109.37,2025-11-20
10060,89364,5215,37160.37,2025-12-02
10061,28961,5511,75567.33,2025-11-16
10062,62496,7340,47092.75,2025-12-12
10063,33154,5720,65674.13,2025-11-15
10064,48255,8383,6342.07,2025-11-16
10065,77934,8444,82981.66,2025-11-27
10066,69071,5968,39180.34,2025-11-27
10067,5260,3699,28822.83,2025-11-21
10068,60051,7509,97870.64,2025-11-19
10069,11292,360,91090.56,2025-12-02
10070,96783,2945,42597.88,2025-11-17
10071,68619,6724,12303.12,2025-11-20
10072,36485,2342,61145.81,2025-11-18
10073,59115,8514,13776.42,2025-12-01
10074,59091,5238,43863.97,2025-11-25
10075,34427,1555,88885.22,2025-12-09
10076,38286,2060,8296.4,2025-11-20
10077,26075,7202,71458.65,2025-11-21
10078,85427,8442,38744.69,2025-12-03
10079,95407,7530,41780.39,2025-11-17
10080,15110,5694,94722.8,2025-11-25
10081,37199,2220,71969.9,2025-11-19
10082,41041,9313,82681.53,2025-11-23
10083,70835,4510,7750.71,2025-11-14
10084,19073,9271,6734.94,2025-11-26
10085,34750,6922,44731.69,2025-11-18
10086,572,187,93198.63,2025-11-23
10087,86713,5158,38712.32,2025-11-16
10088,63356,9749,79605.59,2025-12-10
10089,58379,4669,12465.21,2025-12-10
10090,48372,5063,75625.47,2025-11-30
10091,61457,7653,47953.35,2025-11-21
10092,52858,5878,73606.04,2025-11-20
10093,32030,1346,52750.32,2025-11-26
10094,41581,6824,73843.03,2025-11-28
10095,41650,8280,86816.64,2025-11-16
10096,43093,2947,28838.36,2025-12-10
10097,51064,5520,26619.79,2025-11-28
10098,3007,9505,41480.7,2025-11-26
10099,82166,810,37448.66,2025-12-13
10100,8972,6693,56061.68,2025-11-15
10101,3051,928,96062.61,2025-12-11
10102,53654,2876,32604.09,2025-11-26
10103,35700,3878,83081.43,2025-11-26
10104,60085,3477,73824.1,2025-12-06
10105,67918,1686,67109.69,2025-11-28
10106,49391,8342,11570.7,2025-11-19
10107,68129,4596,37790.88,2025-12-06
10108,67681,6526,57125.15,2025-12-02
10109,63941,9922,6727.19,2025-12-13
10110,28226,8834,62890.07,2025-12-05
10111,56936,79,29895.41,2025-11-19
10112,56469,1117,51421.97,2025-11-19
10113,23745,9296,50846.5,2025-11-17
10114,72779,8441,31738.5,2025-11-20
10115,60377,9142,36375.06,2025-12-03
10116,15302,2368,48815.86,2025-12-02
10117,46777,842,70800.74,2025-12-08
10118,51884,9804,61699.4,2025-12-06
10119,66924,5296,99862.25,2025-11-19
10120,76987,3271,68753.08,2025-11-20
10121,29471,5736,96509.44,2025-12-14
10122,73973,7535,42889.29,2025-11-20
10123,63736,3475,38569.17,2025-12-10
10124,11615,1163,9354.45,2025-12-01
10125,98879,4120,7092.48,2025-12-06
10126,66366,4431,44995.22,2025-12-10
10127,69468,1450,97891.69,2025-11-22
10128,87139,2270,40946.5,2025-12-13
10129,64139,3802,83321.73,2025-11-23
10130,7184,1528,78753.49,2025-11-18
10131,36579,7211,20143.39,2025-11-18
10132,98435,2986,48788.06,2025-12-02
10133,70105,4825,70592.61,2025-12-13
10134,59637,774,42339.56,2025-11-23
10135,88029,5750,21773.84,2025-12-11
10136,93887,5769,96491.94,2025-12-04
10137,59023,1669,63418.15,2025-11-27
10138,49802,5622,87035.79,2025-11-18
10139,35924,9269,70311.04,2025-12-15
10140,42425,2335,70344.11,2025-11-18
10141,71350,8638,76097.46,2025-11-28
10142,85034,5235,78106.49,2025-11-17
10143,62810,3800,21052.92,2025-12-01
10144,86028,306,38686.74,2025-12-13
10145,4754,7082,28402.6,2025-11-30
10146,17388,4180,90488.41,2025-11-24
10147,3407,5494,27697.87,2025-12-07
10148,40571,3121,74702.83,2025-12-09
10149,93212,3763,71968.71,2025-11-28
10150,15470,1802,29390.36,2025-11-21
10151,87943,7500,95205.85,2025-11-24
10152,40457,3099,11426.22,2025-12-13
10153,94253,9495,20962.62,2025-12-16
10154,96283,4366,63609.71,2025-12-09
10155,84884,9971,71840.78,2025-12-10
10156,11236,8457,67793.74,2025-12-08
10157,54,9851,7127.92,2025-11-26
10158,5645,9075,59916.07,2025-11-22
10159,96935,1542,82128.48,2025-12-05
10160,95190,7645,79451.23,2025-11-21
10161,71816,9807,96374.14,2025-12-12
10162,20377,8413,42331.04,2025-11-30
10163,16672,6155,92811.11,2025-12-16
10164,85579,4430,23965.71,2025-11-18
10165,93513,1074,6904.54,2025-11-22
10166,65471,3508,87950.32,2025-11-28
10167,90688,9170,48955.74,2025-11-22
10168,96361,8082,36146.06,2025-12-02
10169,94557,4023,90227.72,2025-11-21
10170,33769,6464,99765.57,2025-12-17
10171,91630,8328,42638.46,2025-11-25
10172,12177,8326,68038.04,2025-12-07
10173,98011,6204,45256.96,2025-11-27
10174,72073,6489,78592.06,2025-12-01
10175,60307,8688,5725.05,2025-12-15
10176,41512,244,59619.24,2025-12-14
10177,71303,8893,70682.88,2025-11-24
10178,66631,7495,75654.75,2025-12-05
10179,70092,217,22235.32,2025-12-17
10180,59093,5430,86066.97,2025-12-04
10181,42953,3818,49163.11,2025-12-07
10182,40540,6146,82769.64,2025-11-30
10183,2319,3369,51229.14,2025-11-27
10184,59709,7071,94262.87,2025-11-27
10185,7101,7863,8947.97,2025-12-04
10186,2102,7300,8489.91,2025-11-26
10187,5193,7017,32952.1,2025-12-04
10188,41529,5120,9826.25,2025-12-01
10189,23473,3480,50629.43,2025-11-25
10190,25676,7143,61581.31,2025-11-20
10191,70272,2276,49394.24,2025-12-18
10192,12366,9162,29128.84,2025-12-12
10193,80394,5219,65113.37,2025-11-21
10194,63224,1177,40668.13,2025-12-05
10195,63484,4846,50409.67,2025-11-29
10196,5391,8987,91812.27,2025-11-23
10197,56554,2410,37079.46,2025-11-28
10198,71031,3815,18398.95,2025-11-23
10199,96020,7128,51443.48,2025-11-26
10200,38693,7310,37477.1,2025-12-18
10201,73198,6186,83510.4,2025-11-19
10202,11772,1136,93964.31,2025-12-10
10203,31129,7318,54502.53,2025-11-29
10204,7921,3350,87709.0,2025-12-08
10205,47745,8093,33418.94,2025-11-29
10206,17297,2833,67481.44,2025-11-21
10207,94604,9318,52822.68,2025-11-30
10208,81406,9508,45441.64,2025-11-26
10209,89116,6810,39949.8,2025-12-05
10210,21934,8885,93951.87,2025-12-03
10211,14899,8630,74486.59,2025-12-14
10212,53596,1531,44524.85,2025-12-05
10213,11798,2745,87309.1,2025-12-12
10214,60990,7536,48189.75,2025-11-23
10215,51168,5271,79549.57,2025-12-05
10216,56124,5893,57430.56,2025-11-23
10217,41345,2462,16377.37,2025-12-02
10218,17640,5320,67503.84,2025-12-01
10219,55835,2455,89961.99,2025-11-26
10220,14576,6085,54524.43,2025-12-05
10221,34931,7753,90748.33,2025-12-08
10222,35592,591,12444.02,2025-11-28
10223,35709,1978,9061.59,2025-12-13
10224,27191,868,34059.88,2025-12-15
10225,33498,1496,43227.4,2025-12-10
10226,8117,3518,61707.39,2025-12-16
10227,99366,4929,17974.25,2025-11-24
10228,29478,3956,52648.68,2025-12-01
10229,95497,8829,84182.77,2025-12-11
10230,62770,3563,18864.09,2025-12-08
10231,36879,7408,62491.55,2025-11-30
10232,33110,2401,49966.49,2025-11-23
10233,34366,1206,6663.11,2025-11-20
10234,42829,4865,95314.83,2025-11-29
10235,48163,3153,95982.09,2025-11-25
10236,55763,2170,17479.46,2025-12-11
10237,27673,322,83725.33,2025-11-24
10238,82762,4713,46500.13,2025-12-16
10239,95517,1598,25614.74,2025-11-21
10240,33314,3100,49820.95,2025-12-04
10241,76888,577,26517.19,2025-12-10
10242,61598,172,6644.18,2025-12-20
10243,81098,7274,8031.59,2025-12-06
10244,5514,3089,75441.17,2025-12-16
10245,29224,9253,54584.51,2025-12-06
10246,8690,7406,95232.94,2025-11-30
10247,33502,9000,88379.76,2025-12-17
10248,11479,1662,55369.57,2025-12-16
10249,17351,2192,97649.44,2025-12-16
10250,21546,7394,90611.55,2025-12-03
10251,35859,4704,82505.43,2025-11-21
10252,16731,9100,23287.93,2025-12-05
10253,75385,2666,69370.39,2025-12-09
10254,55381,8600,52512.32,2025-11-28
10255,76370,3313,38765.01,2025-12-10
10256,63173,9336,93145.46,2025-12-05
10257,73672,193,95167.67,2025-11-27
10258,7163,3352,95934.37,2025-11-22
10259,43534,4653,45019.34,2025-11-27
10260,58868,4144,81607.97,2025-12-13
10261,53624,5483,51007.06,2025-12-07
10262,53663,383,81962.42,2025-12-21
10263,64658,191,23201.25,2025-12-10
10264,31807,341,7528.17,2025-11-27
10265,54942,1756,90343.02,2025-11-29
10266,36857,7380,54419.24,2025-11-28
10267,47218,2967,90186.99,2025-12-05
10268,49656,6522,66427.82,2025-12-09
10269,86114,2750,97032.35,2025-11-25
10270,51601,2268,96068.96,2025-12-04
10271,51425,1269,23847.22,2025-12-07
10272,78429,4774,87431.92,2025-11-24
10273,19703,1431,99432.73,2025-12-05
10274,62720,9266,42235.4,2025-12-11
10275,56950,5571,9149.48,2025-12-01
10276,67167,3353,79322.69,2025-11-27
10277,48100,6306,10017.68,2025-12-11
10278,1416,5722,6959.96,2025-11-27
10279,15929,9902,66429.39,2025-12-12
10280,73692,1649,98857.63,2025-12-08
10281,13917,6383,61952.44,2025-12-12
10282,96,9166,16116.65,2025-11-25
10283,306,9178,32471.81,2025-12-03
10284,11331,1081,33263.62,2025-12-03
10285,50295,6568,87435.5,2025-12-04
10286,83355,8243,40640.94,2025-12-13
10287,65542,1325,91342.96,2025-12-01
10288,733,982,63763.85,2025-12-04
10289,21852,3064,72358.33,2025-12-06
10290,83176,8795,91394.67,2025-11-29
10291,43541,4469,14689.4,2025-11-30
10292,89312,5885,83759.87,2025-11-24
10293,24488,3172,6295.46,2025-12-02
10294,8050,6958,45089.64,2025-12-20
10295,82286,5057,99565.09,2025-12-18
10296,49748,6140,92030.66,2025-12-08
10297,33818,996,27185.8,2025-11-29
10298,66404,4461,67881.97,2025-12-15
10299,89919,9414,66205.65,2025-12-20
10300,12756,7273,60433.64,2025-12-11
10301,21661,8167,21843.42,2025-12-23
10302,54675,3001,55684.07,2025-11-28
10303,57030,8484,99213.44,2025-12-08
10304,88764,8176,99078.91,2025-12-19
10305,14267,4089,48839.27,2025-12-03
10306,53209,607,33912.36,2025-12-13
10307,58364,6792,51492.03,2025-12-17
10308,96695,8585,63156.61,2025-12-04
10309,29416,1438,35292.42,2025-12-07
10310,1483,5369,69855.64,2025-12-19
10311,10935,3442,14515.72,2025-12-05
10312,40117,3271,34046.98,2025-12-08
10313,16738,1414,12690.27,2025-12-20
10314,44246,1623,77817.02,2025-12-02
10315,88277,8444,76822.29,2025-11-25
10316,24908,8651,90381.18,2025-12-20
10317,80568,2019,93658.79,2025-11-30
10318,61150,5095,59515.21,2025-11-24
10319,20458,1183,73769.33,2025-12-12
10320,24917,8254,24483.1,2025-12-10
10321,53612,7016,74828.16,2025-12-18
10322,53622,3584,94324.31,2025-12-06
10323,44899,192,57811.15,2025-12-09
10324,57979,2413,74573.7,2025-12-06
10325,84195,9403,51936.24,2025-12-08
10326,88563,4824,27664.52,2025-11-30
10327,12565,7256,39768.52,2025-12-07
10328,56960,7924,19372.1,2025-11-27
10329,91943,8987,82580.39,2025-12-09
10330,48734,1175,27575.51,2025-12-05
10331,92053,4889,62253.44,2025-12-08
10332,26824,4176,16041.48,2025-12-03
10333,61581,7723,31469.95,2025-12-24
10334,68878,8613,6626.73,2025-12-08
10335,50148,6754,58922.62,2025-12-06
10336,67326,565,37642.58,2025-12-01
10337,7663,2234,80915.35,2025-12-19
10338,91182,9988,69213.29,2025-12-18
10339,89415,9533,21845.35,2025-12-08
10340,47578,6140,86965.28,2025-12-09
10341,66483,3639,71973.62,2025-11-26
10342,72914,9760,93647.83,2025-11-27
10343,89395,7447,25063.26,2025-12-06
10344,23844,7183,67551.76,2025-12-18
10345,85142,1116,14423.48,2025-12-05
10346,55334,7765,71635.83,2025-12-04
10347,3671,1437,65030.87,2025-12-11
10348,61390,4684,7404.55,2025-12-25
10349,19376,6224,68986.0,2025-12-16
10350,32301,1285,95355.51,2025-12-10
10351,26879,6948,86110.68,2025-11-27
10352,48182,7975,12191.94,2025-12-11
10353,45999,7176,54348.26,2025-12-14
10354,8395,7455,35791.84,2025-12-25
10355,48748,1291,15760.68,2025-12-06
10356,54031,7564,11453.27,2025-11-28
10357,44053,8472,44138.87,2025-12-03
10358,57747,2302,18779.16,2025-12-09
10359,98257,5983,96039.34,2025-11-28
10360,91567,1181,81117.92,2025-12-21
10361,17477,6445,90903.43,2025-12-25
10362,2057,3269,92707.35,2025-11-29
10363,84315,7359,21683.37,2025-12-24
10364,83937,9910,87289.6,2025-12-14
10365,86479,1986,95617.61,2025-12-09
10366,76691,7364,46229.3,2025-12-14
10367,3786,6133,18230.14,2025-12-25
10368,33127,7087,48725.94,2025-12-18
10369,89382,7599,38992.42,2025-12-22
10370,13890,210,67587.37,2025-12-09
10371,58285,9112,70068.87,2025-12-05
10372,5971,5702,36278.39,2025-12-03
10373,745,5451,99519.17,2025-12-04
10374,39076,1419,64100.39,2025-12-15
10375,69578,8058,75555.73,2025-12-18
10376,66838,2288,31907.4,2025-12-05
10377,65549,2646,81380.73,2025-12-20
10378,18746,3859,92582.74,2025-12-19
10379,10801,149,23677.69,2025-12-08
10380,44047,5458,95431.84,2025-12-15
10381,85858,7481,10330.63,2025-12-20
10382,82660,8034,39417.67,2025-12-18
10383,85755,1797,32713.11,2025-11-27
10384,74914,9958,58674.51,2025-12-22
10385,17708,3505,34536.53,2025-12-03
10386,45800,9617,74654.93,2025-12-09
10387,52236,1407,24622.65,2025-12-23
10388,10963,4063,69581.58,2025-12-11
10389,44565,5068,62960.42,2025-12-24
10390,95307,8347,54825.41,2025-12-19
10391,89854,7388,53651.17,2025-12-01
10392,29783,7229,60326.99,2025-12-20
10393,87387,5630,28499.42,2025-11-28
10394,42643,8978,53912.56,2025-12-23
10395,29739,2423,28495.88,2025-12-11
10396,52837,6505,76415.91,2025-12-12
10397,1103,9149,45037.75,2025-12-21
10398,35093,9017,71157.29,2025-12-01
10399,8434,7499,17487.6,2025-12-06
10400,24635,8981,45057.29,2025-12-05
10401,99144,7819,10993.19,2025-12-15
10402,48217,5905,42227.83,2025-12-25
10403,19442,8983,39470.67,2025-12-17
10404,14666,7081,40992.63,2025-12-16
10405,88858,1823,47969.68,2025-11-29
10406,86165,877,58091.74,2025-12-14
10407,33396,204,42209.19,2025-12-21
10408,49885,7845,6639.4,2025-12-26
10409,54960,2044,42463.74,2025-12-10
10410,70466,9716,63837.67,2025-12-02
10411,81952,1327,83897.38,2025-12-09
10412,65439,6176,97000.48,2025-12-06
10413,82153,4431,7295.67,2025-12-03
10414,63491,9188,5364.44,2025-12-27
10415,80978,8387,75471.21,2025-12-07
10416,41291,1830,36429.83,2025-12-10
10417,76860,2269,74722.22,2025-12-14
10418,72213,4422,63317.76,2025-12-12
10419,58483,5830,94735.84,2025-12-19
10420,97010,5012,86925.19,2025-12-20
10421,52171,3990,74461.75,2025-11-30
10422,77702,2206,19039.45,2025-12-21
10423,8025,9616,53714.06,2025-12-16
10424,6848,9598,11668.75,2025-12-19
10425,49814,9390,82000.16,2025-12-12
10426,52717,2842,58312.55,2025-12-19
10427,90785,3360,11418.0,2025-12-13
10428,18700,8257,78874.02,2025-12-19
10429,8837,1990,74259.69,2025-12-28
10430,51249,7217,6802.48,2025-12-24
10431,2969,6599,42453.6,2025-12-05
10432,58493,8366,10369.53,2025-12-21
10433,25322,199,17453.77,2025-12-11
10434,92875,3045,90508.59,2025-12-05
10435,20553,4177,40664.65,2025-12-17
10436,45630,2979,30168.55,2025-12-16
10437,60402,2778,44991.34,2025-12-12
10438,61691,8484,99175.7,2025-12-23
10439,23394,4535,26960.77,2025-12-20
10440,38728,6648,95052.24,2025-12-23
10441,38502,4246,72872.57,2025-12-04
10442,54427,2160,91956.13,2025-12-02
10443,22287,2914,8926.02,2025-12-27
10444,27863,1238,11006.32,2025-12-18
10445,41080,2911,78546.55,2025-12-17
10446,28644,8239,6578.31,2025-12-17
10447,47987,3234,66332.18,2025-12-13
10448,98336,5214,15107.89,2025-12-16
10449,95801,3835,34751.46,2025-12-13
10450,31466,5136,33693.49,2025-12-14
10451,15348,7434,66522.39,2025-12-14
10452,73758,1309,26519.22,2025-12-28
10453,26967,2782,21215.51,2025-12-01
10454,14739,483,97882.72,2025-12-27
10455,19678,197,92364.71,2025-12-28
10456,90814,1749,69967.92,2025-12-02
10457,17817,9655,28146.75,2025-12-03
10458,59965,6057,72338.5,2025-12-30
10459,14638,4440,60853.91,2025-12-16
10460,34434,6393,95441.74,2025-12-29
10461,84517,2587,5912.33,2025-12-11
10462,79207,1612,90628.59,2025-12-17
10463,17305,8044,16099.6,2025-12-22
10464,71135,5253,97310.55,2025-12-24
10465,38516,3061,54322.83,2025-12-11
10466,59817,4458,41276.31,2025-12-07
10467,67863,8081,55163.32,2025-12-14
10468,36964,7900,67946.38,2025-12-21
10469,78719,5543,92317.99,2025-12-22
10470,16567,3788,52214.3,2025-12-05
10471,42846,2497,32120.05,2025-12-30
10472,63675,5657,18113.06,2025-12-02
10473,40268,8351,74740.17,2025-12-27
10474,33696,8367,82736.82,2025-12-13
10475,56917,7129,11364.16,2025-12-09
10476,27868,3522,27439.72,2025-12-05
10477,21636,6512,67338.69,2025-12-05
10478,41685,5549,24123.7,2025-12-08
10479,61785,7060,42145.76,2025-12-23
10480,39421,9394,20313.46,2025-12-26
10481,27415,1153,84685.72,2025-12-20
10482,98624,7947,92805.09,2025-12-28
10483,39776,7933,44687.9,2025-12-28
10484,726,9462,70491.25,2025-12-21
10485,94820,4985,16968.67,2025-12-17
10486,59416,2655,65273.09,2025-12-29
10487,13940,3676,9436.4,2025-12-08
10488,22284,7276,25415.14,2025-12-16
10489,4139,9981,31412.02,2025-12-21
10490,9522,5539,47642.69,2025-12-09
10491,55559,3504,77206.45,2025-12-18
10492,9972,151,76744.48,2025-12-13
10493,77926,1818,9733.85,2025-12-14
10494,82357,2855,86587.49,2025-12-08
10495,71054,9042,75532.89,2025-12-20
10496,57583,9636,29426.16,2025-12-14
10497,9562,7246,50186.82,2025-12-14
10498,75959,4393,42157.98,2025-12-12
10499,21204,5754,88373.0,2025-12-27
10500,91715,8461,75728.84,2026-01-01
10501,27468,994,49439.62,2025-12-17
10502,65603,5534,63045.68,2025-12-07
10503,22816,9848,8920.03,2025-12-25
10504,40231,1314,90011.98,2025-12-17
10505,92413,5457,38016.94,2025-12-31
10506,43072,8250,25198.39,2025-12-28
10507,14711,3430,35925.1,2025-12-09
10508,30437,4906,58345.44,2025-12-24
10509,7806,3667,33107.93,2025-12-08
10510,4508,1686,45069.37,2025-12-16
10511,21005,9473,44809.08,2025-12-18
10512,92069,436,15110.63,2025-12-22
10513,49838,3768,25724.95,2025-12-14
10514,26892,1594,91421.31,2025-12-06
10515,60550,3851,39874.42,2025-12-05
10516,42223,2812,13744.3,2025-12-30
10517,83010,9059,32841.74,2025-12-07
10518,89022,215,16753.09,2025-12-30
10519,83170,5330,52070.77,2026-01-01
10520,49352,4347,25657.92,2025-12-21
10521,56796,8498,24167.58,2025-12-10
10522,62363,3374,99480.63,2025-12-24
10523,78855,222,54261.6,2025-12-21
10524,64329,3889,29073.64,2026-01-01
10525,50785,3332,82839.51,2025-12-07
10526,68804,6563,19158.49,2025-12-26
10527,16126,7746,99032.72,2025-12-31
10528,22943,9914,98424.82,2025-12-04
10529,22930,1306,59400.55,2025-12-22
10530,24663,4004,51673.95,2025-12-25
10531,26667,9739,27734.47,2025-12-30
10532,30204,8798,23049.65,2025-12-23
10533,1458,2026,83969.77,2025-12-05
10534,599,7997,72354.97,2025-12-30
10535,22640,9513,41707.19,2025-12-06
10536,32835,1711,16159.06,2025-12-13
10537,87127,2426,37734.51,2025-12-08
10538,68222,2281,38250.68,2025-12-13
10539,76170,4702,37465.1,2025-12-23
10540,5745,2217,74413.52,2025-12-14
10541,92542,3935,13079.45,2026-01-02
10542,71783,8419,70498.58,2025-12-17
10543,19815,7137,24933.3,2025-12-23
10544,91086,7062,68990.21,2025-12-29
10545,67618,9563,30708.17,2025-12-16
10546,98621,1993,94332.76,2025-12-15
10547,69716,7678,56989.58,2025-12-10
10548,8082,7501,99216.91,2025-12-26
10549,88581,1158,36610.65,2025-12-24
10550,89821,5531,73866.87,2025-12-30
10551,25573,1881,51132.89,2025-12-20
10552,31094,9355,60819.49,2025-12-15
10553,66470,2689,49303.36,2025-12-28
10554,93232,6751,64474.83,2025-12-20
10555,20703,7124,60209.24,2025-12-19
10556,34830,1715,67743.24,2025-12-13
10557,87920,1722,52837.52,2025-12-31
10558,79814,7194,34398.87,2025-12-26
10559,27469,7451,98840.45,2025-12-22
10560,89735,2450,93248.33,2025-12-07
10561,31581,2559,57600.84,2025-12-21
10562,59703,7558,45489.39,2025-12-10
10563,30705,4280,62866.22,2025-12-22
10564,84831,2767,23279.62,2025-12-18
10565,37320,9909,48834.47,2025-12-14
10566,38837,8359,6048.93,2025-12-22
10567,38636,8625,73320.4,2025-12-13
10568,46942,507,69807.89,2026-01-01
10569,29382,1206,35473.96,2025-12-23
10570,94279,9170,49382.9,2025-12-27
10571,43967,4130,65223.23,2025-12-28
10572,69185,3123,6416.71,2025-12-16
10573,52988,1534,77819.96,2025-12-10
10574,2467,5748,26802.24,2025-12-10
10575,58776,9130,91272.58,2026-01-04
10576,67175,8014,44710.7,2025-12-13
10577,46339,6177,47124.18,2025-12-24
10578,93358,4616,76264.75,2025-12-27
10579,83083,6494,88245.42,2025-12-18
10580,30351,629,53254.34,2025-12-11
10581,43401,5231,23809.85,2025-12-14
10582,55589,9387,86814.26,2025-12-19
10583,94178,418,22340.51,2025-12-12
10584,38870,5065,79872.44,2025-12-24
10585,92609,5527,33453.43,2025-12-17
10586,23045,483,86216.68,2025-12-27
10587,77912,6917,19455.07,2025-12-23
10588,26038,3128,23762.23,2025-12-19
10589,23882,4306,11578.11,2025-12-14
10590,44889,6500,57543.33,2025-12-13
10591,34302,9908,41700.73,2025-12-21
10592,45104,2688,80614.51,2025-12-29
10593,20570,9714,38450.92,2025-12-16
10594,25682,3124,69759.13,2026-01-04
10595,41298,2403,70827.83,2026-01-02
10596,57308,3915,33462.69,2025-12-12
10597,73151,4406,81645.68,2026-01-03
10598,19382,9386,82411.74,2025-12-12
10599,56202,2670,7671.02,2025-12-31
10600,76098,9861,81225.74,2025-12-22
10601,92892,4871,39616.56,2025-12-28
10602,58967,2756,40692.73,2026-01-07
10603,48514,4898,49575.79,2026-01-06
10604,63017,8021,68823.41,2025-12-26
10605,541,9757,61803.54,2025-12-21
10606,27636,2452,51904.72,2025-12-21
10607,90587,5712,79157.84,2026-01-03
10608,29784,9022,89870.67,2026-01-04
10609,243,8583,13908.71,2025-12-16
10610,77631,2763,69943.61,2025-12-31
10611,46861,1972,57537.36,2025-12-25
10612,46815,423,49793.39,2025-12-19
10613,89621,7635,30564.14,2025-12-14
10614,2299,1435,78293.92,2025-12-22
10615,73297,8052,34364.06,2025-12-29
10616,14276,2517,88115.56,2025-12-15
10617,82550,4267,33784.24,2025-12-26
10618,91037,5589,57443.08,2026-01-05
10619,71679,9044,58594.42,2025-12-26
10620,64080,5676,26838.47,2025-12-10
10621,35661,9476,48383.0,2025-12-28
10622,87848,6632,19672.29,2025-12-28
10623,36285,6372,58064.44,2025-12-11
10624,86194,6216,88922.82,2025-12-14
10625,60506,4112,5350.66,2025-12-27
10626,48450,7732,46542.46,2026-01-04
10627,21848,6291,30314.21,2025-12-13
10628,66258,9549,9560.44,2025-12-18
10629,63177,812,73741.6,2025-12-19
10630,59730,5431,57125.69,2025-12-25
10631,27538,6682,93603.54,2025-12-30
10632,18389,8933,95534.33,2025-12-26
10633,8003,16,74481.87,2025-12-24
10634,89286,5107,81163.75,2025-12-19
10635,8605,8774,54870.88,2025-12-23
10636,37855,5729,53154.35,2026-01-04
10637,20121,6316,16687.12,2025-12-13
10638,60968,2252,14390.67,2026-01-02
10639,76158,970,89665.89,2025-12-14
10640,50590,4520,49693.4,2025-12-19
10641,44229,9652,8241.52,2026-01-08
10642,58069,5581,28275.92,2026-01-02
10643,47928,1384,5000.09,2025-12-20
10644,21478,1252,74627.54,2026-01-05
10645,47291,1620,99180.68,2026-01-07
10646,94031,9027,63327.16,2025-12-23
10647,39183,8111,82264.81,2026-01-06
10648,4227,7222,82018.14,2025-12-26
10649,24484,8809,61938.86,2025-12-16
10650,85723,3167,39683.72,2026-01-04
10651,78714,2914,6982.43,2026-01-08
10652,22270,7878,71632.92,2025-12-20
10653,8671,1949,48635.16,2026-01-05
10654,22422,2561,72877.53,2025-12-12
10655,57771,9727,46585.8,2025-12-20
10656,76399,5886,71044.14,2026-01-03
10657,27671,6710,34368.58,2025-12-27
10658,63146,1183,28421.71,2025-12-27
10659,2303,9883,96534.25,2025-12-11
10660,14409,5406,5459.53,2025-12-25
10661,82436,9479,16721.68,2026-01-04
10662,27744,6836,32903.38,2025-12-21
10663,37005,4516,79628.25,2025-12-26
10664,63152,9689,87605.35,2025-12-16
10665,19240,4408,69939.52,2025-12-15
10666,58720,8270,17835.96,2026-01-04
10667,32459,6039,12253.32,2025-12-16
10668,74223,7726,9056.42,2026-01-01
10669,12420,5001,20314.59,2025-12-21
10670,33517,2173,95542.35,2025-12-16
10671,48407,8800,95698.42,2026-01-05
10672,7313,9910,78362.15,2025-12-15
10673,23598,131,49095.96,2025-12-19
10674,40943,4130,44418.84,2025-12-17
10675,18753,6360,94846.61,2025-12-22
10676,84927,1747,20387.02,2025-12-24
10677,54707,392,42337.81,2025-12-15
10678,96781,5177,17169.42,2025-12-22
10679,88020,4030,15084.55,2025-12-18
10680,52255,3017,37445.4,2025-12-28
10681,81924,5598,35608.61,2025-12-19
10682,13289,4440,28606.51,2025-12-18
10683,21798,8048,72216.9,2025-12-29
10684,22847,7534,13429.13,2025-12-26
10685,13268,1852,58153.71,2026-01-06
10686,73844,217,97322.22,2025-12-22
10687,49779,8723,66783.38,2026-01-11
10688,15152,6854,17963.45,2025-12-28
10689,30559,2150,23946.78,2025-12-25
10690,60992,4013,97390.4,2025-12-24
10691,48579,8447,50019.9,2026-01-06
10692,1234,4468,77794.45,2025-12-21
10693,78531,262,75118.46,2025-12-17
10694,42164,6880,44676.53,2026-01-06
10695,44337,2715,68288.23,2026-01-02
10696,42810,9717,69270.46,2025-12-24
10697,53637,673,41508.72,2026-01-01
10698,85331,5137,75849.45,2025-12-28
10699,80144,2133,91286.56,2026-01-09
10700,65612,1443,83485.51,2025-12-24
10701,7427,6273,16665.28,2025-12-27
10702,18203,2998,89634.34,2025-12-27
10703,44236,5953,71970.07,2025-12-23
10704,35418,8874,76576.64,2025-12-21
10705,99799,2290,74044.59,2026-01-12
10706,10931,7939,55517.51,2025-12-25
10707,90960,9984,88511.75,2025-12-28
10708,62317,5599,61349.32,2026-01-09
10709,27042,437,60466.05,2026-01-12
10710,83895,2294,43068.71,2026-01-09
10711,99975,3303,57986.18,2025-12-28
10712,68242,1919,36292.35,2025-12-14
10713,27264,1231,48384.31,2025-12-29
10714,67352,5613,96076.23,2025-12-14
10715,47077,6708,64251.12,2025-12-29
10716,84427,5597,43668.65,2025-12-24
10717,73779,2919,75792.23,2025-12-25
10718,44107,5481,53078.01,2025-12-24
10719,95952,5486,72741.72,2026-01-07
10720,55227,8944,71131.01,2026-01-08
10721,26272,3010,74154.77,2026-01-10
10722,43496,6851,92019.21,2026-01-09
10723,3210,8472,80664.17,2026-01-02
10724,20442,5376,29032.57,2025-12-31
10725,2035,1838,46296.26,2026-01-10
10726,87346,3313,51098.41,2025-12-25
10727,84729,6016,91260.41,2025-12-28
10728,60538,7672,31250.21,2025-12-18
10729,32503,8093,60562.39,2026-01-06
10730,60002,5061,74631.2,2026-01-04
10731,97763,3514,84015.39,2025-12-19
10732,17134,3440,94509.22,2026-01-10
10733,25169,7599,45538.11,2026-01-07
10734,23826,9100,73526.65,2026-01-08
10735,18986,1019,15314.95,2026-01-03
10736,23754,4319,8033.53,2026-01-03
10737,39006,8068,32760.65,2025-12-24
10738,29011,8140,65043.76,2025-12-17
10739,27585,7646,5391.32,2026-01-05
10740,37402,4455,27531.82,2025-12-17
10741,67757,7718,25893.73,2025-12-19
10742,34432,2052,35346.23,2025-12-30
10743,56479,1349,75348.38,2025-12-18
10744,29839,3438,80480.15,2025-12-26
10745,72469,2753,83804.29,2025-12-26
10746,62903,252,81837.86,2025-12-22
10747,2386,9591,49596.73,2026-01-09
10748,68215,2902,59369.66,2025-12-19
10749,98921,710,44782.88,2025-12-23
10750,71010,7934,97263.09,2026-01-09
10751,47096,9366,60230.38,2025-12-29
10752,11610,1650,34901.62,2026-01-12
10753,31823,6619,82587.23,2025-12-22
10754,19665,2731,70022.4,2025-12-26
10755,72037,2027,13137.63,2026-01-05
10756,6809,4337,59947.41,2025-12-18
10757,69067,7462,92766.36,2026-01-11
10758,21027,8678,37524.59,2025-12-29
10759,43528,4312,79050.34,2025-12-30
10760,39526,8965,11277.24,2025-12-27
10761,98542,934,75409.68,2026-01-08
10762,40511,948,66047.63,2025-12-29
10763,97281,6277,60136.88,2026-01-16
10764,1325,1469,57635.65,2025-12-30
10765,64286,7290,29823.36,2026-01-14
10766,54452,3733,19544.9,2025-12-28
10767,27864,2097,85979.62,2025-12-21
10768,44343,9578,38111.31,2025-12-22
10769,46734,253,95557.48,2026-01-06
10770,85350,3683,25727.71,2026-01-07
10771,87366,47,97400.27,2025-12-19
10772,504,3827,40753.67,2026-01-06
10773,89277,1874,49419.98,2026-01-14
10774,72799,7969,30634.07,2026-01-10
10775,5003,9023,65554.81,2026-01-15
10776,83705,552,62262.84,2026-01-03
10777,1844,2954,23114.79,2025-12-25
10778,44688,6016,43117.9,2026-01-11
10779,94593,3299,30084.04,2025-12-25
10780,45489,1657,48661.34,2026-01-03
10781,44338,369,89623.38,2025-12-27
10782,45288,2935,31776.6,2025-12-31
10783,44649,548,79937.09,2026-01-12
10784,10237,1061,44182.11,2026-01-17
10785,14738,5691,28601.25,2025-12-21
10786,20856,419,94436.66,2025-12-21
10787,9713,3836,8420.03,2026-01-13
10788,64555,364,96869.54,2025-12-27
10789,57700,2382,92224.47,2026-01-16
10790,55479,9765,10943.74,2025-12-27
10791,77680,4475,51755.7,2026-01-09
10792,25846,6241,14597.34,2026-01-13
10793,97977,724,53127.25,2025-12-21
10794,2460,2967,84133.39,2025-12-23
10795,37073,1920,24558.42,2025-12-24
10796,76091,1941,58307.61,2026-01-01
10797,19013,7727,57024.25,2025-12-19
10798,77772,1225,32090.13,2026-01-12
10799,85589,834,68935.93,2026-01-10
10800,59267,7879,7745.55,2025-12-27
10801,59898,1198,94025.56,2026-01-04
10802,9523,9590,61439.68,2025-12-29
10803,79042,2103,12728.24,2025-12-24
10804,80785,2960,94355.61,2025-12-27
10805,41096,2266,90586.6,2025-12-22
10806,21431,210,24495.84,2025-12-25
10807,51267,8387,5909.91,2026-01-13
10808,55035,1863,67441.6,2026-01-12
10809,49023,6387,23131.2,2025-12-24
10810,51579,8598,83500.86,2025-12-23
10811,11413,6728,84327.19,2025-12-21
10812,68647,620,35662.18,2026-01-02
10813,11542,4015,58981.62,2025-12-20
10814,96794,5192,64697.17,2026-01-06
10815,30124,5034,46240.71,2025-12-20
10816,94805,5827,52802.51,2026-01-08
10817,65124,7938,90330.56,2025-12-27
10818,14068,9649,98775.16,2026-01-02
10819,62743,5458,52595.14,2025-12-25
10820,12197,9685,17242.17,2026-01-11
10821,98086,599,11547.53,2025-12-31
10822,96760,7501,69272.65,2026-01-04
10823,13128,1668,43796.5,2025-12-28
10824,62199,3805,54856.95,2025-12-22
10825,69098,1305,66664.68,2026-01-19
10826,57162,8165,54280.89,2025-12-29
10827,2436,2203,61315.63,2025-12-26
10828,51390,1269,33963.83,2026-01-09
10829,5583,8667,90157.85,2026-01-15
10830,86302,6856,90231.8,2026-01-03
10831,22657,5212,63839.78,2026-01-12
10832,85217,6931,57057.51,2025-12-30
10833,79520,983,52981.85,2025-12-24
10834,1379,5225,53617.11,2026-01-09
10835,79684,1028,44814.88,2026-01-16
10836,48015,3355,89947.51,2025-12-24
10837,60114,3277,28449.12,2026-01-17
10838,21942,5814,96525.31,2026-01-13
10839,76409,501,78049.39,2025-12-22
10840,72712,4440,68403.87,2026-01-04
10841,42409,5344,5673.81,2026-01-09
10842,40101,6260,18443.87,2026-01-16
10843,79868,6388,34363.61,2026-01-13
10844,32530,2273,49522.24,2026-01-19
10845,81553,3380,77328.98,2025-12-22
10846,9384,2812,42931.01,2026-01-20
10847,42855,5038,62242.66,2026-01-02
10848,48887,3429,17629.44,2026-01-15
10849,96767,7141,94994.4,2026-01-10
10850,54499,5789,76185.27,2026-01-09
10851,69835,7429,88305.73,2025-12-28
10852,92887,7856,31606.42,2026-01-06
10853,44962,9093,17938.05,2026-01-13
10854,80489,5374,30203.31,2026-01-13
10855,4299,1247,8460.43,2026-01-02
10856,68754,9251,82411.19,2026-01-07
10857,69537,9520,20437.93,2026-01-20
10858,45093,2405,71739.74,2025-12-27
10859,81054,5756,94391.83,2025-12-26
10860,48192,6119,31497.43,2026-01-18
10861,33103,7442,88024.73,2026-01-07
10862,82993,7493,85421.02,2026-01-12
10863,64285,6094,87809.97,2026-01-18
10864,16986,9899,12846.25,2026-01-03
10865,61334,7028,62681.01,2026-01-04
10866,82543,7162,89064.54,2026-01-16
10867,73821,9282,99982.45,2026-01-09
10868,48536,104,50700.79,2026-01-11
10869,93078,7899,76102.28,2026-01-17
10870,64072,2965,5051.8,2025-12-27
10871,88324,7009,92078.07,2025-12-27
10872,47929,7695,34527.22,2026-01-13
10873,7048,1632,66681.27,2026-01-15
10874,41816,3725,82556.88,2025-12-30
10875,17284,2573,80405.07,2026-01-15
10876,68888,4348,78736.39,2026-01-12
10877,27089,3556,80763.53,2026-01-19
10878,88415,1699,25134.38,2026-01-07
10879,99833,265,49278.08,2026-01-16
10880,59759,2028,45420.32,2026-01-02
10881,67316,856,14930.11,2026-01-18
10882,47203,550,78862.2,2026-01-06
10883,7690,8289,30148.44,2025-12-27
10884,14746,1028,72775.31,2026-01-20
10885,43231,886,93010.86,2026-01-11
10886,38131,5369,50607.1,2026-01-07
10887,84020,4907,49734.18,2026-01-19
10888,53049,2864,62842.45,2026-01-14
10889,291,4371,36891.18,2026-01-19
10890,2020,5290,9465.81,2026-01-08
10891,84201,7032,51405.45,2025-12-26
10892,46277,4341,36428.95,2026-01-08
10893,42822,8222,77264.9,2025-12-25
10894,20061,5261,27262.26,2025-12-29
10895,2045,8274,74230.51,2026-01-03
10896,78825,7990,81806.73,2026-01-02
10897,48557,6708,96884.43,2025-12-27
10898,2671,9682,91687.73,2026-01-09
10899,47940,1532,51599.37,2025-12-25
10900,1939,1815,11780.93,2026-01-03
10901,85357,1202,22147.32,2025-12-27
10902,24060,9102,45423.85,2026-01-07
10903,36460,6990,55633.38,2025-12-31
10904,866,6064,37463.15,2026-01-12
10905,63295,8235,12909.98,2026-01-16
10906,61463,3594,24533.81,2025-12-25
10907,27360,7650,40308.46,2026-01-06
10908,87070,7742,23071.75,2026-01-13
10909,22957,4318,98320.35,2026-01-20
10910,52674,1615,59369.03,2025-12-28
10911,35203,1223,22306.3,2026-01-18
10912,99398,5414,69101.91,2026-01-14
10913,68953,9644,70383.5,2026-01-03
10914,16261,2299,27305.53,2026-01-04
10915,44875,5216,8715.5,2026-01-03
10916,58852,7293,59774.82,2026-01-24
10917,67315,9264,33011.72,2026-01-13
10918,23551,9398,50342.41,2025-12-30
10919,35545,9288,47073.87,2026-01-23
10920,87987,5517,45111.31,2026-01-03
10921,2063,4805,65843.8,2025-12-26
10922,88622,5273,14529.14,2026-01-13
10923,87711,4794,55870.46,2026-01-22
10924,15992,699,86563.15,2026-01-07
10925,64093,3591,6451.3,2026-01-17
10926,8827,5583,44971.03,2026-01-09
10927,44770,4936,14033.65,2026-01-24
10928,53752,6734,52228.27,2026-01-10
10929,46969,7273,70751.63,2026-01-23
10930,47388,8295,39964.44,2026-01-13
10931,28302,4581,18940.57,2025-12-30
10932,91343,954,49688.4,2026-01-20
10933,67228,8784,79337.23,2025-12-27
10934,97475,26,32068.83,2026-01-10
10935,28823,8019,17904.34,2025-12-30
10936,29260,9874,78763.2,2026-01-18
10937,91193,2155,42504.66,2026-01-10
10938,3651,171,93066.26,2026-01-02
10939,48452,8378,36271.46,2026-01-12
10940,12066,3476,89385.64,2026-01-11
10941,10374,1950,98815.16,2026-01-14
10942,87090,4910,41734.86,2026-01-15
10943,21234,3088,24758.53,2026-01-15
10944,66932,462,41860.9,2026-01-15
10945,605,8920,79813.74,2025-12-31
10946,24435,4021,44800.53,2026-01-03
10947,87894,3309,79306.91,2026-01-09
10948,95135,4968,56366.64,2026-01-23
10949,97252,4154,27180.6,2026-01-03
10950,92750,2610,67166.95,2026-01-22
10951,76272,2196,28243.32,2026-01-03
10952,98394,7927,79912.19,2026-01-18
10953,96970,834,99407.63,2026-01-01
10954,1707,9895,19565.29,2025-12-28
10955,90935,2556,77829.11,2026-01-10
10956,41809,739,14147.65,2026-01-23
10957,63791,4904,81860.12,2026-01-13
10958,52169,8334,13912.88,2026-01-24
10959,39785,8177,7838.88,2026-01-15
10960,51475,8437,36421.05,2026-01-20
10961,50205,3102,67669.25,2026-01-14
10962,19730,8410,81304.75,2026-01-22
10963,24266,4052,96411.75,2026-01-05
10964,11393,5522,55419.26,2026-01-19
10965,68890,7827,63238.45,2026-01-26
10966,5498,4131,35430.62,2026-01-06
10967,9605,7287,85067.68,2026-01-13
10968,68851,4931,85427.33,2025-12-31
10969,35305,7115,69087.32,2026-01-17
10970,68678,7519,55725.43,2026-01-24
10971,68371,9132,25742.2,2025-12-29
10972,52467,1387,87436.97,2026-01-20
10973,13378,7431,30661.47,2026-01-12
10974,29085,1716,58573.23,2026-01-15
10975,1919,3298,71065.35,2026-01-04
10976,17470,4010,80498.81,2026-01-11
10977,85392,9427,57033.81,2026-01-15
10978,49627,5247,6420.04,2026-01-12
10979,80547,7080,10245.71,2026-01-21
10980,18438,6955,61850.54,2026-01-26
10981,8536,5237,17009.21,2026-01-22
10982,49618,4967,37896.99,2026-01-19
10983,9753,4272,19301.61,2026-01-17
10984,90635,272,45505.0,2026-01-05
10985,9793,9813,99583.83,2026-01-12
10986,90563,1016,88548.73,2026-01-16
10987,89840,2800,41931.74,2026-01-16
10988,45769,6536,31714.44,2026-01-11
10989,25876,2854,29248.65,2026-01-18
10990,70152,9267,12766.55,2026-01-24
10991,95086,4441,62552.24,2026-01-14
10992,48804,3959,75586.77,2025-12-31
10993,64484,6102,90367.93,2026-01-03
10994,40703,5794,20415.56,2026-01-14
10995,64150,9230,71352.42,2026-01-06
10996,1371,9069,33491.95,2026-01-17
10997,45934,6877,97688.09,2025-12-30
10998,15665,4884,13569.71,2026-01-11
10999,75979,3043,60377.83,2026-01-21
11000,44385,9175,20715.8,2026-01-28
11001,85232,3021,51462.49,2026-01-26
11002,68362,3441,86990.44,2026-01-05
11003,5837,7349,62432.09,2026-01-26
11004,51858,8481,62590.19,2026-01-14
11005,50475,4447,31473.53,2026-01-17
11006,67499,108,66315.65,2026-01-27
11007,4682,2207,56608.42,2026-01-08
11008,50797,9766,23512.08,2026-01-23
11009,38764,6754,28633.45,2026-01-08
11010,10577,6262,27406.63,2025-12-31
11011,56741,8983,30444.81,2026-01-08
11012,20311,8439,76272.9,2026-01-28
11013,67752,5494,79857.38,2026-01-23
11014,57632,9900,47921.25,2026-01-19
11015,94117,3516,58635.73,2026-01-10
11016,88357,985,70586.72,2025-12-30
11017,42278,3851,31127.52,2026-01-21
11018,5875,4061,8630.85,2026-01-03
11019,3,5779,51949.05,2026-01-07
11020,40856,3444,32723.91,2026-01-26
11021,43548,5201,42592.45,2026-01-15
11022,32564,6974,14381.79,2026-01-26
11023,6358,955,67535.45,2026-01-01
11024,51250,1473,87586.41,2026-01-04
11025,73975,6726,65857.69,2026-01-06
11026,80295,8883,34001.39,2026-01-15
11027,17196,2826,87190.12,2026-01-04
11028,60332,9787,85259.05,2026-01-21
11029,12607,7050,55952.74,2026-01-26
11030,37581,874,98200.61,2026-01-10
11031,53986,8429,95528.41,2026-01-16
11032,48267,7508,87663.69,2026-01-17
11033,6500,5473,10887.81,2025-12-31
11034,64140,4887,8282.19,2026-01-03
11035,72545,3933,82034.95,2026-01-06
11036,10537,9849,33485.9,2026-01-11
11037,81575,6193,12056.86,2026-01-17
11038,97329,3785,16913.39,2026-01-05
11039,48631,220,81107.42,2026-01-06
11040,49432,9223,99171.97,2026-01-13
11041,8821,3269,93568.3,2026-01-03
11042,60742,3666,31941.54,2026-01-11
11043,47573,1029,28139.98,2026-01-29
11044,31048,9997,49173.64,2026-01-17
11045,65759,177,9336.76,2026-01-12
11046,78056,9235,75167.21,2026-01-02
11047,13076,1264,27333.86,2026-01-25
11048,93068,7808,11441.29,2026-01-01
11049,78281,9860,40978.82,2026-01-14
11050,79350,9609,70039.02,2026-01-10
11051,20956,1357,30213.86,2026-01-30
11052,67666,5155,32653.61,2026-01-10
11053,53616,3008,80193.99,2026-01-05
11054,82358,7018,96478.08,2026-01-01
11055,51698,680,18991.76,2026-01-20
11056,3332,88,69760.86,2026-01-23
11057,46759,6303,68987.07,2026-01-10
11058,67835,2095,75858.45,2026-01-03
11059,18468,5397,37033.98,2026-01-14
11060,27066,8915,51739.17,2026-01-11
11061,224,1044,5105.45,2026-01-04
11062,28736,1885,7693.83,2026-01-22
11063,93398,3061,98445.98,2026-01-03
11064,1687,8634,80671.07,2026-01-16
11065,37566,3623,29521.53,2026-01-11
11066,6092,1835,11619.87,2026-01-05
11067,12953,6101,95618.23,2026-01-03
11068,11063,3933,74632.33,2026-01-07
11069,61993,2117,60979.31,2026-01-13
11070,31235,7698,33257.1,2026-01-19
11071,82556,7929,15363.98,2026-01-18
11072,71775,6313,88823.49,2026-01-18
11073,96503,9193,18830.14,2026-01-05
11074,87586,9472,43670.32,2026-01-30
11075,84755,9063,43491.19,2026-01-25
11076,51558,3085,89419.45,2026-01-25
11077,98924,1466,16669.89,2026-01-29
11078,88402,9232,56225.1,2026-01-08
11079,76806,1920,98275.24,2026-01-10
11080,8512,7091,14058.7,2026-01-03
11081,18485,3916,50045.88,2026-02-01
11082,52962,9933,6829.1,2026-01-08
11083,93917,8998,30615.49,2026-01-10
11084,38139,9440,49501.34,2026-01-28
11085,58784,2161,36525.18,2026-01-23
11086,27512,4675,65064.16,2026-01-08
11087,43091,3344,78964.81,2026-01-25
11088,28513,3921,30648.86,2026-01-31
11089,89844,5648,15669.14,2026-01-07
11090,54065,7663,36424.51,2026-01-19
11091,70476,1515,21237.69,2026-01-10
11092,26264,3313,85222.21,2026-01-23
11093,59009,54,99125.29,2026-01-12
11094,92103,7070,82468.09,2026-01-25
11095,71758,7972,75465.22,2026-01-11
11096,21732,5567,67158.9,2026-02-01
11097,73395,6929,31815.71,2026-01-11
11098,50968,5723,25905.21,2026-01-14
11099,88538,38,64068.33,2026-01-13
11100,88114,893,94692.63,2026-01-16
11101,23406,8522,72855.4,2026-01-17
11102,25610,618,13221.86,2026-01-23
11103,70137,5281,99691.92,2026-01-05
11104,19125,5598,85156.15,2026-02-02
11105,72370,3472,44202.91,2026-01-30
11106,54448,1753,58902.74,2026-01-20
11107,52695,336,72789.87,2026-01-04
11108,39306,2254,33598.69,2026-01-07
11109,51634,8916,86945.54,2026-01-25
11110,81543,1219,51867.53,2026-02-02
11111,47162,6682,27934.29,2026-01-11
11112,17642,589,6827.3,2026-01-21
11113,55607,4842,25165.0,2026-01-16
11114,83689,3356,47766.08,2026-01-23
11115,85688,2095,74758.15,2026-01-30
11116,29256,4343,27582.32,2026-01-30
11117,71502,6314,44824.47,2026-01-15
11118,21353,2337,74119.62,2026-01-06
11119,82207,5095,93433.95,2026-02-02
11120,91866,5351,95013.53,2026-01-17
11121,15440,8594,24064.01,2026-01-25
11122,16549,6800,23839.88,2026-01-23
11123,10664,3264,11284.53,2026-01-24
11124,85011,1574,14972.45,2026-01-28
11125,23898,1091,10621.95,2026-01-09
11126,77745,865,18284.64,2026-01-29
11127,94384,9672,56514.68,2026-02-01
11128,592,4978,32270.64,2026-01-09
11129,66658,4622,92480.27,2026-02-02
11130,88607,1601,95817.58,2026-01-11
11131,11664,6699,27123.38,2026-01-28
11132,84175,5155,68054.51,2026-01-10
11133,65588,2108,84234.89,2026-01-15
11134,26793,9540,52553.26,2026-01-28
11135,17332,7241,76424.91,2026-01-09
11136,89015,696,68540.44,2026-01-20
11137,39773,9200,36360.12,2026-01-23
11138,82020,7888,85591.78,2026-01-30
11139,86936,1180,42042.72,2026-01-11
11140,27690,6419,37508.16,2026-01-19
11141,24478,9233,91617.4,2026-01-13
11142,16907,9432,16325.81,2026-01-19
11143,92782,4163,34241.06,2026-01-09
11144,18475,7647,53451.74,2026-01-31
11145,5919,3034,23371.66,2026-01-09
11146,7064,254,97313.01,2026-02-03
11147,4648,9564,82168.44,2026-01-26
11148,1545,4721,91626.23,2026-01-13
11149,53467,1063,67084.12,2026-01-07
11150,88520,6643,97740.38,2026-02-04
11151,35083,6180,40596.88,2026-01-20
11152,70341,2364,33441.36,2026-01-16
11153,1836,8296,9435.03,2026-01-22
11154,26178,7757,27898.96,2026-02-03
11155,45482,1602,44186.04,2026-01-15
11156,72358,1773,65157.2,2026-01-20
11157,73882,1771,7135.85,2026-01-22
11158,96776,3824,69932.95,2026-02-02
11159,10974,5210,53598.31,2026-01-16
11160,80791,1520,42765.25,2026-02-01
11161,65485,2944,92547.14,2026-01-29
11162,85283,1871,97838.83,2026-01-19
11163,22115,4476,26428.84,2026-01-24
11164,70873,6636,96479.97,2026-01-09
11165,25010,697,83256.39,2026-01-26
11166,90804,3389,8317.89,2026-01-24
11167,24915,6834,24584.17,2026-01-24
11168,5989,3151,24376.16,2026-01-12
11169,20335,4525,99568.92,2026-02-01
11170,69893,6148,41528.18,2026-01-09
11171,31030,5398,50161.8,2026-01-07
11172,34490,8091,72998.09,2026-01-15
11173,35761,9769,47639.52,2026-02-02
11174,75693,5860,54808.59,2026-01-11
11175,90119,4652,11249.13,2026-02-01
11176,40585,5431,9851.7,2026-01-12
11177,9025,5448,10234.47,2026-01-11
11178,60292,2908,98842.75,2026-02-05
11179,2745,7895,7306.74,2026-01-18
11180,39475,7781,73057.37,2026-02-02
11181,39061,9861,43768.01,2026-01-22
11182,77928,7196,27770.03,2026-02-03
11183,51745,5894,16911.19,2026-01-27
11184,33998,2239,8054.98,2026-01-15
11185,77106,9273,20556.2,2026-02-06
11186,59836,5619,68709.4,2026-01-17
11187,36759,4082,60919.85,2026-01-11
11188,62231,2543,37404.08,2026-01-23
11189,37416,7657,88964.29,2026-01-21
11190,36738,8511,34032.47,2026-02-02
11191,44219,5836,36696.57,2026-01-21
11192,57987,5567,73240.1,2026-01-26
11193,84555,807,98759.38,2026-01-14
11194,38656,1669,66952.4,2026-02-03
11195,27086,9173,8689.91,2026-01-26
11196,3319,230,58874.61,2026-01-09
11197,95665,7066,46685.57,2026-01-13
11198,29130,4428,97606.38,2026-01-16
11199,18859,5959,6340.85,2026-01-17
11200,36265,6453,50164.65,2026-01-18
11201,37103,5254,70016.93,2026-01-14
11202,79140,3926,76047.15,2026-01-16
11203,77253,6928,12312.91,2026-01-19
11204,50782,8143,70240.86,2026-01-21
11205,75118,2974,69899.98,2026-02-07
11206,72035,5621,49232.67,2026-01-30
11207,29284,6368,90941.93,2026-01-25
11208,62541,7702,34906.49,2026-01-25
11209,77421,3506,53250.66,2026-01-22
11210,94578,5492,19192.76,2026-01-16
11211,42189,1681,86325.2,2026-02-07
11212,91640,5254,17755.26,2026-01-19
11213,55933,6675,56473.1,2026-02-01
11214,11989,961,51620.73,2026-01-11
11215,51474,4477,31289.86,2026-01-25
11216,26597,3765,40750.68,2026-02-02
11217,14464,35,10634.2,2026-01-31
11218,55112,8138,12165.96,2026-01-17
11219,39610,5208,96906.94,2026-01-14
11220,72800,5008,92401.34,2026-01-14
11221,50,16,36506.69,2026-01-15
11222,7620,8361,51696.36,2026-01-24
11223,31827,2111,25676.52,2026-01-21
11224,68844,7528,28721.08,2026-01-13
11225,81906,3432,87623.02,2026-02-08
11226,23130,8767,61993.04,2026-02-05
11227,47935,5226,41960.38,2026-01-29
11228,93438,2798,88144.03,2026-02-07
11229,30245,1840,33964.6,2026-01-18
11230,59844,3455,24247.78,2026-01-22
11231,6692,3882,62220.95,2026-01-18
11232,36397,5961,47568.89,2026-02-01
11233,60549,8001,96301.46,2026-02-06
11234,42763,2374,80081.15,2026-02-08
11235,60119,3729,12798.39,2026-01-28
11236,32930,6595,52042.12,2026-01-10
11237,60634,51,10445.26,2026-01-15
11238,56442,1830,22750.66,2026-01-21
11239,50012,2769,40879.1,2026-02-09
11240,86012,6907,12307.94,2026-02-09
11241,28093,2864,31014.83,2026-01-29
11242,85854,4522,13956.51,2026-01-31
11243,88677,1680,60342.85,2026-02-08
11244,28426,516,18143.67,2026-01-14
11245,88160,8485,39502.67,2026-01-26
11246,4962,1692,14582.79,2026-01-20
11247,68689,6910,60211.0,2026-01-15
11248,18151,8675,49050.12,2026-01-25
11249,89623,1658,16269.35,2026-02-02
11250,71476,755,37318.85,2026-01-28
11251,74881,8725,66092.59,2026-02-02
11252,44976,4501,49028.39,2026-01-28
11253,67984,5489,47416.41,2026-02-08
11254,31546,8346,33283.12,2026-01-25
11255,30077,8735,38262.74,2026-01-11
11256,48705,3573,58529.22,2026-01-31
11257,79706,8448,14343.12,2026-01-19
11258,12512,4431,6306.54,2026-02-06
11259,83824,7534,43133.41,2026-01-27
11260,24378,6790,57375.38,2026-01-13
11261,246,7979,35358.78,2026-01-28
11262,18302,2258,31202.57,2026-01-23
11263,40051,3640,55785.86,2026-01-17
11264,38630,2979,62806.65,2026-01-23
11265,17359,1949,77610.28,2026-01-26
11266,61184,3569,89603.64,2026-01-15
11267,51658,4059,77479.41,2026-01-22
11268,78882,7423,36251.81,2026-01-29
11269,76204,6021,8277.08,2026-02-06
11270,11214,2443,53233.85,2026-01-24
11271,3035,9602,65648.89,2026-01-22
11272,11436,6765,12648.45,2026-02-03
11273,535,2095,55980.96,2026-01-24
11274,38748,6709,59099.06,2026-01-28
11275,6846,2555,81628.68,2026-02-01
11276,54054,5833,89711.93,2026-02-02
11277,51623,4299,41101.61,2026-02-05
11278,67799,4294,25813.73,2026-02-06
11279,27629,7349,62634.44,2026-01-22
11280,19026,1665,28736.73,2026-02-10
11281,58991,8395,34756.61,2026-01-19
11282,55038,7288,12545.83,2026-01-23
11283,36056,3518,87141.43,2026-01-19
11284,76265,61,99303.26,2026-01-28
11285,92211,6791,57970.72,2026-01-27
11286,9530,7486,87855.95,2026-02-02
11287,50670,3799,42450.62,2026-02-01
11288,45037,1185,90453.64,2026-02-10
11289,59595,8490,26431.81,2026-01-23
11290,52497,7091,53000.31,2026-02-04
11291,38800,6602,84945.02,2026-01-31
11292,48359,1090,25524.64,2026-02-06
11293,68172,3820,61624.62,2026-02-04
11294,71196,285,6783.12,2026-02-03
11295,52869,8540,52542.95,2026-01-27
11296,92648,1049,24609.79,2026-01-13
11297,72129,3380,45937.12,2026-02-04
11298,69055,495,70903.97,2026-01-30
11299,83596,4400,27940.75,2026-02-06
11300,78808,5980,83878.23,2026-02-05
11301,60828,6069,82826.0,2026-02-01
11302,41209,5897,78840.24,2026-01-17
11303,44973,6535,25356.23,2026-01-17
11304,90411,9608,43838.0,2026-02-02
11305,98648,8844,76038.83,2026-02-05
11306,73601,9791,61042.67,2026-01-21
11307,24466,9281,22913.55,2026-02-06
11308,57114,7938,34062.5,2026-02-05
11309,68184,3799,87293.91,2026-02-11
11310,84032,8667,60287.18,2026-01-14
11311,60012,5471,89273.57,2026-01-25
11312,12862,8574,85519.79,2026-02-10
11313,6986,5954,15017.38,2026-01-16
11314,18,2358,67402.45,2026-01-20
11315,29211,3643,59378.47,2026-02-02
11316,63564,535,88497.62,2026-01-29
11317,8102,943,92580.09,2026-02-06
11318,34175,9594,65953.69,2026-01-25
11319,85842,1318,97177.01,2026-01-19
11320,7923,957,89043.36,2026-01-25
11321,94860,7127,73916.74,2026-02-02
11322,3922,7465,80010.97,2026-01-26
11323,93213,4883,87906.25,2026-01-24
11324,23895,1634,73130.18,2026-01-31
11325,59161,7701,98298.43,2026-02-08
11326,35717,438,64094.61,2026-02-08
11327,88760,5605,24149.22,2026-02-13
11328,21250,215,76334.25,2026-01-19
11329,91626,9924,30274.98,2026-02-02
11330,20531,46,27106.85,2026-01-31
11331,99985,9288,96905.55,2026-01-22
11332,63115,9705,70328.19,2026-02-12
11333,86427,6835,58502.57,2026-01-27
11334,21193,63,32477.74,2026-02-11
11335,4300,2128,6405.15,2026-01-27
11336,39569,9024,16521.51,2026-01-25
11337,34625,7091,29672.09,2026-02-13
11338,33774,7908,11857.62,2026-02-10
11339,66794,5075,47415.32,2026-02-01
11340,5692,5315,71404.56,2026-02-11
11341,74240,8676,89895.28,2026-01-28
11342,87123,4665,13703.29,2026-02-01
11343,80060,8945,56987.93,2026-02-03
11344,36696,5094,82449.45,2026-01-23
11345,63705,3581,89666.25,2026-01-19
11346,58463,7820,93972.64,2026-01-24
11347,10659,3988,42441.77,2026-02-10
11348,14023,5099,74089.59,2026-01-18
11349,20104,3393,86063.93,2026-02-01
11350,4613,6273,40107.85,2026-01-18
11351,81011,8382,24917.2,2026-02-03
11352,25867,8979,74841.23,2026-01-17
11353,45472,4350,76488.2,2026-02-13
11354,9746,7124,19047.04,2026-02-06
11355,1354,4574,72062.46,2026-01-25
11356,92231,9856,30863.14,2026-02-08
11357,56444,289,90832.29,2026-02-11
11358,27574,1800,82976.61,2026-02-07
11359,56254,3070,47386.66,2026-02-10
11360,99096,6820,47744.63,2026-02-08
11361,90851,633,35743.31,2026-01-26
11362,22539,2045,99045.57,2026-02-10
11363,72076,9509,6800.81,2026-02-12
11364,29120,5508,89937.27,2026-02-06
11365,45375,6580,59280.59,2026-02-10
11366,97551,9636,19045.64,2026-02-08
11367,21359,7893,43987.72,2026-02-09
11368,99472,4308,92906.74,2026-02-04
11369,88781,8570,90088.8,2026-02-08
11370,78592,67,87299.3,2026-01-29
11371,23838,793,18052.08,2026-02-04
11372,92220,89,64313.49,2026-02-05
11373,88362,1411,42525.35,2026-01-27
11374,46474,9430,14085.7,2026-02-12
11375,40923,4180,74734.19,2026-01-26
11376,55348,2888,82852.91,2026-01-24
11377,25194,3705,68023.68,2026-01-31
11378,54828,9258,34497.56,2026-02-07
11379,90370,6140,77205.26,2026-02-05
11380,98709,6894,63567.0,2026-01-21
11381,4191,8013,93609.52,2026-02-10
11382,91853,6374,20216.31,2026-02-11
11383,21607,1000,90849.48,2026-01-22
11384,44457,707,61339.52,2026-02-09
11385,32647,4269,9861.24,2026-02-03
11386,54758,8332,65310.97,2026-02-02
11387,9026,8215,86563.51,2026-02-08
11388,95630,9420,24811.81,2026-02-10
11389,54582,5057,51609.31,2026-02-07
11390,27156,3384,96719.03,2026-02-10
11391,79414,2004,16962.17,2026-01-25
11392,40948,3402,31883.22,2026-02-12
11393,87151,7727,33530.08,2026-02-05
11394,19675,175,34916.81,2026-02-07
11395,75718,1818,87409.9,2026-02-07
11396,52582,2906,13600.62,2026-01-30
11397,2193,3484,74367.17,2026-01-29
11398,10196,848,50342.02,2026-01-29
11399,39819,1075,96730.49,2026-02-01
11400,21263,384,74468.4,2026-01-31
11401,56483,2690,56006.69,2026-02-04
11402,7129,3397,76410.01,2026-02-11
11403,2388,1495,17852.98,2026-01-28
11404,95621,8129,63476.38,2026-02-03
11405,23720,7603,91606.38,2026-01-20
11406,42948,9545,51204.47,2026-01-28
11407,93744,717,39777.52,2026-02-16
11408,58793,7264,5465.27,2026-02-07
11409,27838,6212,60414.12,2026-02-13
11410,30290,4740,42110.38,2026-01-30
11411,27554,4579,92616.04,2026-02-09
11412,40341,7714,72748.65,2026-01-24
11413,6287,506,24544.99,2026-01-27
11414,36281,4100,51847.16,2026-01-24
11415,28321,5595,69508.34,2026-02-01
11416,71320,3012,21931.6,2026-01-26
11417,54206,7264,27528.88,2026-02-17
11418,520,4828,32139.51,2026-01-27
11419,69814,226,44292.49,2026-01-28
11420,27759,2396,52007.54,2026-02-08
11421,80807,4801,34374.61,2026-01-30
11422,82880,7306,54306.23,2026-02-04
11423,82575,8791,49556.75,2026-02-03
11424,41310,569,60972.64,2026-01-22
11425,68700,2679,62791.31,2026-02-10
11426,53653,5140,87241.49,2026-01-22
11427,16440,1869,84524.3,2026-02-04
11428,70490,2826,33322.72,2026-02-13
11429,46662,96,54537.39,2026-01-21
11430,55140,3541,80273.63,2026-01-23
11431,27630,8168,30318.64,2026-01-22
11432,94206,983,44106.73,2026-02-07
11433,68999,1481,22757.74,2026-02-08
11434,9049,5347,54435.47,2026-01-22
11435,5629,9448,54028.7,2026-01-21
11436,634,5366,66001.57,2026-02-17
11437,4544,6024,69133.22,2026-01-20
11438,9503,8950,54879.95,2026-02-04
11439,98642,971,36629.61,2026-02-04
11440,95110,6487,80664.17,2026-02-12
11441,65229,8359,82293.85,2026-02-13
11442,98878,8344,44878.36,2026-01-31
11443,84108,1237,85546.29,2026-01-20
11444,88327,3489,39729.04,2026-02-02
11445,44084,3036,80801.42,2026-02-09
11446,92348,4342,99285.24,2026-02-10
11447,69288,8237,74922.6,2026-02-11
11448,52521,6404,5114.13,2026-02-10
11449,54837,9999,5090.08,2026-02-17
11450,70868,5933,77017.0,2026-02-17
11451,9984,1760,41935.31,2026-01-21
11452,30976,7298,82739.08,2026-01-23
11453,63384,8027,79788.54,2026-01-25
11454,1057,7473,88101.89,2026-01-29
11455,74703,6552,41106.96,2026-02-07
11456,28640,3730,89787.87,2026-02-16
11457,16488,1898,24660.17,2026-01-24
11458,12774,3294,77611.75,2026-01-29
11459,51190,6478,88756.45,2026-01-21
11460,44367,5655,11637.98,2026-01-21
11461,10925,600,81603.01,2026-01-31
11462,71411,4127,93304.16,2026-02-11
11463,39213,4927,79522.29,2026-01-24
11464,46461,1833,80813.92,2026-01-30
11465,7384,4828,22199.66,2026-01-25
11466,96434,8384,33566.18,2026-01-22
11467,41639,1974,15210.0,2026-01-22
11468,3467,9510,93329.22,2026-02-20
11469,50610,9278,63294.14,2026-01-29
11470,75432,260,41088.39,2026-02-08
11471,38279,6152,55975.81,2026-02-10
11472,25753,8123,55969.54,2026-02-06
11473,60219,7679,86471.49,2026-01-29
11474,57971,1440,29958.54,2026-02-05
11475,74924,9111,91990.89,2026-02-03
11476,99683,817,15910.45,2026-01-30
11477,27822,3558,97871.1,2026-02-11
11478,81051,4887,5928.84,2026-02-17
11479,8509,5690,14178.12,2026-01-26
11480,37598,4568,23485.91,2026-02-15
11481,63109,974,66419.29,2026-01-24
11482,77482,2199,44658.15,2026-02-07
11483,62314,9669,54205.55,2026-02-11
11484,88999,4791,61177.54,2026-02-14
11485,16911,1172,42668.86,2026-01-28
11486,56299,3099,13197.44,2026-02-09
11487,49795,6368,87726.47,2026-02-14
11488,72493,530,72288.97,2026-01-31
11489,33164,3676,78527.33,2026-01-27
11490,8256,1537,54890.85,2026-02-17
11491,5197,227,83054.62,2026-02-19
11492,62796,3113,54667.17,2026-01-26
11493,25303,610,94700.73,2026-02-07
11494,17514,547,6269.28,2026-02-08
11495,50803,4868,52409.95,2026-02-07
11496,74954,8648,22684.22,2026-02-09
11497,88927,7632,68343.49,2026-01-24
11498,65080,4053,87352.27,2026-02-13
11499,79017,5913,37257.01,2026-02-01
11500,44977,7964,35217.15,2026-02-17
11501,46269,3248,30369.74,2026-02-21
11502,99602,2522,39984.84,2026-02-07
11503,65987,8072,32676.33,2026-01-30
11504,94583,2873,71251.38,2026-02-02
11505,4731,1373,34054.23,2026-02-08
11506,29263,3478,61222.5,2026-02-13
11507,18024,3717,72967.86,2026-02-19
11508,7883,5241,59039.29,2026-01-28
11509,53679,8106,74586.57,2026-01-30
11510,7259,2394,94227.37,2026-02-21
11511,14433,3571,62581.59,2026-01-28
11512,49469,1864,28906.23,2026-01-26
11513,26065,8064,21925.83,2026-02-04
11514,6086,8284,98429.7,2026-02-06
11515,73521,5128,41510.41,2026-02-09
11516,58384,8179,68357.15,2026-02-04
11517,65982,9112,22068.61,2026-02-16
11518,73592,7448,85978.39,2026-02-07
11519,37251,4098,72620.82,2026-02-05
11520,67087,6846,10905.17,2026-02-04
11521,41530,9799,66834.69,2026-02-06
11522,39670,2881,95934.28,2026-02-09
11523,74303,9227,37341.1,2026-02-03
11524,77992,3881,9841.72,2026-02-14
11525,90963,4307,13853.11,2026-02-17
11526,63096,5437,30607.84,2026-02-09
11527,28687,5983,5718.34,2026-01-30
11528,22490,9212,32716.52,2026-01-25
11529,22175,5912,14211.75,2026-01-25
11530,67440,4224,45084.07,2026-02-09
11531,3833,2567,26843.08,2026-02-07
11532,27927,5352,97212.31,2026-02-16
11533,82709,4445,7499.96,2026-02-14
11534,53648,728,74499.47,2026-01-28
11535,7513,7587,36627.01,2026-02-17
11536,40768,5612,98552.26,2026-02-02
11537,71825,5348,54834.36,2026-02-13
11538,99943,2174,25250.16,2026-01-30
11539,52546,3536,62897.38,2026-02-11
11540,86011,5359,23640.55,2026-02-23
11541,56340,1703,88411.22,2026-02-17
11542,34125,9314,44939.75,2026-02-10
11543,25909,5606,58432.76,2026-01-31
11544,15702,5705,70524.71,2026-01-30
11545,44488,4108,89125.15,2026-02-15
11546,38534,9401,53170.96,2026-02-09
11547,81545,2598,74293.02,2026-01-26
11548,59368,7067,63686.88,2026-02-23
11549,33370,7353,43650.72,2026-02-17
11550,98035,5643,76598.66,2026-02-20
11551,58984,2275,85214.56,2026-02-05
11552,6808,8900,38820.77,2026-02-23
11553,77552,1716,5829.96,2026-01-25
11554,67203,108,32517.7,2026-01-26
11555,61210,4644,9450.41,2026-02-22
11556,30218,3765,70034.12,2026-02-06
11557,62051,9452,24309.89,2026-02-03
11558,68526,2920,42709.64,2026-02-11
11559,29213,8858,98735.73,2026-02-01
11560,17241,6927,53242.36,2026-02-08
11561,68577,1074,86033.08,2026-02-21
11562,69905,3788,89854.49,2026-02-19
11563,21164,1941,31158.47,2026-02-11
11564,54678,4427,32256.3,2026-02-12
11565,76562,1233,5806.53,2026-02-13
11566,74569,3349,76278.18,2026-01-28
11567,95428,184,10535.97,2026-02-23
11568,30677,1534,26402.35,2026-02-10
11569,6037,5077,23646.95,2026-01-26
11570,52792,8437,42596.44,2026-02-04
11571,49413,8062,32466.06,2026-02-10
11572,13022,662,69280.23,2026-02-11
11573,99598,2300,55919.96,2026-02-17
11574,33946,75,16147.28,2026-01-28
11575,48723,1397,65180.63,2026-02-14
11576,22617,4602,22345.77,2026-02-05
11577,3913,2291,34468.62,2026-02-19
11578,72273,5811,98537.66,2026-02-20
11579,62792,938,61591.65,2026-02-19
11580,28759,3455,9126.48,2026-02-15
11581,62922,5026,78814.25,2026-01-28
11582,22836,7218,23465.81,2026-02-10
11583,99340,9879,56938.93,2026-02-18
11584,40794,8452,97874.53,2026-02-25
11585,49151,224,75627.64,2026-02-01
11586,3292,9951,92339.73,2026-02-04
11587,3578,7647,19707.87,2026-02-07
11588,25688,2820,96385.73,2026-02-13
11589,29718,5720,13962.06,2026-02-05
11590,43443,7787,17464.97,2026-02-23
11591,26338,3389,29187.31,2026-01-30
11592,16119,8306,83689.92,2026-02-11
11593,27072,357,23986.28,2026-02-13
11594,4884,6636,88122.67,2026-02-13
11595,86238,6950,77799.72,2026-02-19
11596,19508,2163,84237.51,2026-02-09
11597,97414,5741,26310.41,2026-02-23
11598,25186,2339,37204.98,2026-02-22
11599,92585,1111,55125.23,2026-01-31
11600,50494,7559,90737.55,2026-02-14
11601,57182,1259,89135.15,2026-02-04
11602,97036,7530,39250.59,2026-02-12
11603,372,641,64726.18,2026-02-03
11604,7236,7475,28302.31,2026-01-31
11605,14810,8007,75909.36,2026-02-05
11606,27359,337,91701.49,2026-02-14
11607,3441,8603,87953.92,2026-02-13
11608,16297,2997,28068.11,2026-02-05
11609,92866,429,90017.78,2026-01-29
11610,42672,3697,79841.27,2026-02-12
11611,82000,2751,95719.53,2026-02-04
11612,21048,6829,47996.11,2026-02-25
11613,22421,4224,34013.33,2026-02-08
11614,63559,6033,26314.86,2026-02-05
11615,80378,7837,53765.71,2026-02-24
11616,29313,1026,31678.93,2026-02-01
11617,6165,9059,14730.39,2026-02-08
11618,38687,9363,26114.62,2026-02-23
11619,22226,2573,29223.12,2026-01-31
11620,58845,5611,47742.88,2026-02-07
11621,20529,4186,75667.67,2026-02-22
11622,30046,4372,42336.34,2026-02-02
11623,31545,7556,82030.58,2026-02-21
11624,53832,9316,58865.08,2026-02-02
11625,71853,5200,62368.46,2026-02-10
11626,97725,4406,75339.37,2026-02-23
11627,49189,4858,44654.53,2026-02-21
11628,64980,8340,7416.62,2026-02-26
11629,64069,3226,66709.18,2026-02-25
11630,73171,6026,85500.95,2026-02-22
11631,1036,7087,15119.1,2026-02-01
11632,75522,6887,22465.81,2026-02-26
11633,76185,6827,26097.26,2026-02-21
11634,98845,9262,65156.69,2026-02-01
11635,61488,2862,60087.49,2026-02-25
11636,3326,3626,74245.45,2026-01-31
11637,20398,2051,77421.98,2026-02-13
11638,86782,2382,8839.36,2026-01-31
11639,53966,1202,35325.45,2026-02-02
11640,73298,2467,24519.67,2026-02-25
11641,20440,7382,71887.63,2026-02-16
11642,64380,3131,50355.4,2026-02-25
11643,91503,4180,99358.72,2026-02-07
11644,75103,946,86220.85,2026-02-21
11645,68089,7427,11596.23,2026-02-21
11646,87816,2960,22706.56,2026-02-08
11647,22806,9137,71746.14,2026-02-09
11648,66934,3613,62349.84,2026-02-08
11649,71501,499,98930.07,2026-02-12
11650,59944,2233,23464.52,2026-02-17
11651,2999,3677,70620.94,2026-02-04
11652,7215,6001,23241.34,2026-01-31
11653,99106,2964,32019.79,2026-01-30
11654,46000,8325,48935.64,2026-02-19
11655,12975,4019,56306.56,2026-02-26
11656,26169,5746,86287.18,2026-02-11
11657,87091,2548,64451.49,2026-02-26
11658,25132,7674,17552.95,2026-02-13
11659,43396,1157,5681.41,2026-02-24
11660,21812,8254,33092.47,2026-02-04
11661,95522,6701,71029.91,2026-02-21
11662,93895,785,35634.78,2026-02-27
11663,22426,518,35146.47,2026-02-20
11664,32095,2897,72314.83,2026-02-25
11665,67610,4470,62631.89,2026-02-11
11666,86234,3460,65118.73,2026-02-19
11667,2373,3390,46781.12,2026-02-25
11668,30895,7259,24412.98,2026-02-25
11669,48465,6525,5895.88,2026-02-26
11670,2543,9301,60875.82,2026-02-19
11671,88,1792,72389.29,2026-02-27
11672,64406,937,47547.84,2026-02-11
11673,62028,8805,24831.44,2026-02-10
11674,72332,4189,36642.2,2026-02-25
11675,3043,9298,76894.58,2026-02-06
11676,52471,2308,74415.59,2026-02-21
11677,19355,5080,50768.57,2026-02-10
11678,93210,9611,89607.68,2026-02-13
11679,78422,4293,89975.14,2026-02-02
11680,45147,3006,95360.26,2026-02-22
11681,2357,2388,98763.14,2026-02-04
11682,60040,9573,87333.35,2026-02-20
11683,36700,306,41299.89,2026-02-16
11684,7231,9199,48019.67,2026-03-01
11685,46219,4739,28140.84,2026-02-03
11686,57643,1058,42703.18,2026-02-03
11687,99667,2710,10066.53,2026-02-01
11688,26364,5138,51979.32,2026-03-02
11689,31040,5995,73405.51,2026-02-09
11690,65300,8269,24635.16,2026-02-13
11691,42305,1442,78311.58,2026-03-01
11692,46101,1365,30468.05,2026-02-22
11693,16621,4139,36238.59,2026-02-09
11694,11193,2560,14464.4,2026-02-18
11695,43539,7243,94810.7,2026-02-17
11696,3102,1237,87197.47,2026-02-17
11697,61745,7574,93781.62,2026-02-28
11698,13433,2975,34021.11,2026-02-01
11699,17728,3635,9880.01,2026-03-02
11700,32709,3721,79524.97,2026-02-06
11701,13892,1067,24150.94,2026-02-24
11702,57957,3615,61756.84,2026-02-19
11703,35288,7585,84091.28,2026-02-27
11704,32897,8534,12949.7,2026-02-23
11705,25481,6172,67206.0,2026-02-22
11706,85446,3537,12017.62,2026-02-25
11707,9686,9339,88289.68,2026-02-27
11708,72572,1472,84518.33,2026-02-17
11709,75661,4270,5048.18,2026-02-07
11710,60922,1315,9482.79,2026-02-03
11711,92767,1607,49564.24,2026-02-22
11712,67157,1686,98111.64,2026-02-24
11713,29604,4091,86560.32,2026-02-12
11714,72102,1850,87740.65,2026-02-07
11715,49333,3004,47859.45,2026-02-17
11716,67406,6679,73834.84,2026-02-23
11717,87393,7726,94951.37,2026-02-10
11718,83040,1016,62528.87,2026-02-17
11719,55569,6968,72868.64,2026-02-21
11720,18383,2223,93495.94,2026-02-20
11721,26582,9746,38399.3,2026-02-21
11722,75797,708,68883.55,2026-02-17
11723,14876,6495,54361.33,2026-02-11
11724,36118,531,32589.58,2026-02-25
11725,40434,1250,49923.06,2026-02-08
11726,10945,7366,82335.57,2026-02-18
11727,86206,4302,66811.76,2026-03-03
11728,62762,9259,7748.52,2026-03-04
11729,13528,6328,53732.51,2026-02-09
11730,32658,2270,38238.0,2026-02-11
11731,87884,6538,74310.68,2026-02-15
11732,78735,7540,17939.57,2026-02-18
11733,48619,5538,58792.95,2026-02-12
11734,33048,6045,88733.25,2026-02-14
11735,30194,8853,24214.2,2026-02-22
11736,2785,6509,68012.51,2026-02-28
11737,38789,4858,48226.72,2026-02-03
11738,11277,9230,62899.88,2026-02-26
11739,8986,6631,71649.09,2026-03-03
11740,31699,6850,79840.1,2026-02-22
11741,27851,2251,51991.15,2026-02-26
11742,62209,3350,73495.22,2026-02-11
11743,77779,7790,11370.89,2026-02-16
11744,55315,1625,70496.42,2026-02-05
11745,35209,3067,75490.46,2026-02-11
11746,32567,4066,93008.24,2026-02-14
11747,49980,3082,16450.55,2026-03-05
11748,91075,617,13675.86,2026-02-27
11749,96771,4004,42383.17,2026-02-27
11750,31289,9047,66508.08,2026-02-04
11751,21870,9628,87172.57,2026-03-01
11752,18728,8480,9106.96,2026-02-06
11753,64233,8797,51551.21,2026-02-21
11754,96549,3725,72152.05,2026-02-24
11755,92646,2128,89685.88,2026-02-28
11756,50679,3725,22037.63,2026-02-13
11757,5330,6035,75149.9,2026-02-05
11758,3711,2528,9632.18,2026-02-12
11759,32272,3382,45336.17,2026-02-18
11760,61011,5849,64820.15,2026-02-15
11761,52817,7334,63123.37,2026-02-17
11762,41300,647,48326.75,2026-02-19
11763,48150,69,53388.09,2026-03-03
11764,74123,3000,66165.7,2026-02-20
11765,83789,9509,40316.97,2026-02-10
11766,59867,71,22908.27,2026-02-23
11767,78933,3621,81886.96,2026-02-11
11768,67753,8495,27957.96,2026-02-06
11769,18321,9464,34398.92,2026-03-04
11770,37791,9949,75737.36,2026-03-01
11771,59050,7139,72149.15,2026-03-06
11772,56699,5201,27941.18,2026-02-18
11773,89564,3734,60397.01,2026-02-13
11774,81550,7935,59941.86,2026-02-08
11775,88848,5225,71124.82,2026-02-26
11776,54247,2255,51317.77,2026-03-06
11777,83534,912,31859.44,2026-03-05
11778,41995,1114,17758.61,2026-02-07
11779,72179,142,24948.85,2026-02-24
11780,82748,4562,41395.04,2026-02-20
11781,63444,8034,74928.8,2026-02-22
11782,14646,3936,98989.96,2026-03-03
11783,42320,8853,43173.0,2026-03-04
11784,31947,9850,13261.16,2026-02-12
11785,34765,2441,86100.94,2026-02-07
11786,56770,5257,6943.44,2026-02-11
11787,40848,3863,87750.38,2026-02-06
11788,4155,5422,53657.03,2026-02-09
11789,72969,9061,94489.62,2026-02-19
11790,71622,3206,52824.6,2026-03-05
11791,51470,6198,42439.99,2026-02-17
11792,74536,387,99404.3,2026-02-17
11793,42962,2347,23865.61,2026-02-10
11794,80186,2273,74770.39,2026-02-17
11795,96923,6702,32493.07,2026-03-06
11796,84892,1204,55963.97,2026-02-25
11797,7433,9254,55929.85,2026-02-26
11798,55932,4343,34288.08,2026-02-09
11799,23471,5000,39918.42,2026-03-01
11800,25358,9130,83081.6,2026-02-10
11801,59923,5583,50539.92,2026-02-10
11802,37145,7236,24620.27,2026-02-24
11803,90500,7292,85335.74,2026-03-02
11804,63927,8231,16982.26,2026-02-22
11805,85387,4004,93569.42,2026-02-24
11806,70581,4438,22562.78,2026-02-21
11807,83586,669,68963.43,2026-02-08
11808,49362,922,83605.91,2026-02-14
11809,68923,7269,46670.2,2026-02-19
11810,57138,572,95590.26,2026-03-01
11811,23074,6962,33985.3,2026-02-13
11812,1326,4014,42715.92,2026-03-07
11813,63281,3722,95482.97,2026-02-07
11814,73671,5421,45424.17,2026-02-17
11815,24874,5119,92972.52,2026-03-06
11816,33326,9632,81026.4,2026-02-08
11817,38414,4379,24917.63,2026-03-07
11818,48858,3854,97309.14,2026-02-18
11819,8057,9379,79556.15,2026-02-26
11820,63706,6629,58339.25,2026-02-26
11821,10973,5724,25175.65,2026-02-15
11822,82882,7274,86643.19,2026-02-23
11823,88504,8245,57503.09,2026-02-19
11824,21594,1819,8730.39,2026-02-26
11825,81131,2376,72336.93,2026-03-01
11826,3642,5389,58313.48,2026-03-01
11827,60863,957,96237.75,2026-02-09
11828,61347,30,33133.7,2026-02-10
11829,84007,5175,63076.79,2026-02-22
11830,65951,7294,76439.98,2026-03-09
11831,74939,6008,26903.43,2026-02-10
11832,75594,9927,65374.41,2026-02-28
11833,71432,1979,66196.68,2026-02-21
11834,22105,8197,55658.22,2026-02-09
11835,69899,7712,6811.72,2026-02-25
11836,76369,2144,28160.0,2026-02-22
11837,32782,693,8681.01,2026-02-09
11838,40414,1363,70415.94,2026-02-25
11839,15900,9412,96089.08,2026-03-04
11840,3473,8498,73790.95,2026-02-19
11841,97637,4060,98939.56,2026-02-11
11842,97057,6414,93887.11,2026-02-16
11843,28154,7347,45144.46,2026-02-19
11844,58401,8329,72519.94,2026-02-20
11845,4179,7825,95394.67,2026-03-06
11846,56280,3584,28383.95,2026-02-16
11847,96249,9529,40369.73,2026-02-27
11848,44239,7579,75760.19,2026-03-09
11849,24330,5083,25653.31,2026-03-07
11850,46569,1146,17010.33,2026-02-25
11851,17773,6729,70404.94,2026-02-23
11852,47676,145,56266.53,2026-03-05
11853,85906,5549,40528.0,2026-03-03
11854,28461,4267,41871.78,2026-03-07
11855,97389,3898,70773.81,2026-03-10
11856,84380,2371,59442.24,2026-03-05
11857,39299,4506,88391.32,2026-03-07
11858,6530,3304,86519.5,2026-02-09
11859,72474,4455,96635.73,2026-02-16
11860,92274,5309,88130.1,2026-03-09
11861,21571,6334,7318.0,2026-03-08
11862,23269,5430,99261.28,2026-03-09
11863,19370,7314,13915.96,2026-03-07
11864,48528,2206,35445.38,2026-02-14
11865,32946,1072,65053.75,2026-02-16
11866,73657,8824,32197.12,2026-02-17
11867,49631,5596,98836.35,2026-02-24
11868,39875,3140,10761.0,2026-02-13
11869,22218,8994,69162.11,2026-02-14
11870,44650,4179,44371.33,2026-02-23
11871,27382,713,99780.74,2026-02-19
11872,12497,8443,13086.34,2026-02-12
11873,39495,5009,51978.86,2026-02-13
11874,27200,3213,73817.76,2026-03-06
11875,87018,5895,72837.35,2026-02-11
11876,43988,563,44739.9,2026-03-06
11877,75802,8504,32747.71,2026-02-27
11878,9609,7625,5797.43,2026-02-11
11879,10782,4124,82576.58,2026-03-08
11880,39677,5924,6904.8,2026-03-03
11881,79426,276,39910.38,2026-02-20
11882,52426,2452,92596.35,2026-02-12
11883,77910,7037,70585.06,2026-03-03
11884,65334,7713,50711.65,2026-03-02
11885,3902,2768,61299.78,2026-02-18
11886,1142,7723,65580.29,2026-02-26
11887,91572,9786,93893.46,2026-02-26
11888,3040,7619,76021.83,2026-02-19
11889,18896,5506,44983.07,2026-03-08
11890,77372,9461,80217.13,2026-02-12
11891,43100,2930,65513.26,2026-02-13
11892,8142,7719,26136.58,2026-03-10
11893,29899,1623,85771.08,2026-02-21
11894,49181,5702,43166.51,2026-02-18
11895,70325,9587,62289.3,2026-03-06
11896,85684,4034,28245.81,2026-02-23
11897,26339,838,59227.57,2026-02-27
11898,1423,9528,20991.66,2026-02-27
11899,47832,633,31425.26,2026-02-14
11900,18221,7385,67130.69,2026-03-10
11901,86567,7452,58325.48,2026-02-17
11902,93746,1562,99261.59,2026-02-13
11903,16091,2313,71880.05,2026-02-14
11904,78540,4003,68291.37,2026-03-12
11905,46285,6067,21170.39,2026-02-23
11906,99116,9353,55157.56,2026-02-25
11907,7085,6710,66586.0,2026-02-16
11908,21957,5773,50974.65,2026-02-15
11909,2288,2999,43372.27,2026-03-11
11910,51527,5287,79827.89,2026-03-04
11911,4568,3193,55545.68,2026-03-04
11912,99619,2985,21918.87,2026-02-18
11913,11087,9030,66358.79,2026-02-12
11914,45313,9562,87948.92,2026-02-18
11915,87120,5167,18656.81,2026-02-13
11916,12069,1997,42605.23,2026-02-24
11917,56167,7033,33109.0,2026-02-25
11918,15884,333,80921.14,2026-02-15
11919,37141,6329,15343.88,2026-03-06
11920,50499,4079,73896.51,2026-03-10
11921,67848,5395,81685.48,2026-02-24
11922,33211,2563,6750.82,2026-02-20
11923,17774,45,29519.76,2026-02-16
11924,36199,4601,75453.75,2026-02-18
11925,59846,1184,82230.15,2026-02-26
11926,30936,2508,78005.51,2026-03-03
11927,36098,2037,42113.19,2026-02-20
11928,47482,9023,86525.68,2026-02-19
11929,22546,2365,11621.12,2026-02-16
11930,18258,5585,79083.29,2026-02-28
11931,56761,6527,79045.59,2026-03-07
11932,35125,2190,86549.83,2026-03-02
11933,25893,9588,25301.3,2026-02-23
11934,25328,9765,67582.61,2026-02-24
11935,77837,5287,33675.14,2026-02-26
11936,56930,9152,98401.92,2026-03-05
11937,11199,2927,50791.69,2026-03-01
11938,65013,6461,99708.73,2026-03-02
11939,35667,2589,6251.36,2026-02-28
11940,98966,9540,88654.46,2026-02-15
11941,55489,4177,83941.22,2026-02-20
11942,16127,4216,60065.46,2026-02-23
11943,92350,6207,66955.41,2026-02-17
11944,35284,5893,82613.93,2026-02-23
11945,20176,3604,84863.71,2026-02-18
11946,99447,2136,75126.89,2026-02-23
11947,37905,9052,66543.33,2026-02-28
11948,92117,6084,33055.74,2026-02-28
11949,67427,1553,42137.11,2026-03-14
11950,50869,9005,31032.94,2026-03-09
11951,40982,9854,23515.73,2026-03-12
11952,32390,1017,70995.85,2026-03-03
11953,36871,7491,42734.62,2026-03-05
11954,38835,7987,74813.92,2026-02-27
11955,54058,4957,16387.31,2026-02-18
11956,39841,9238,93079.54,2026-03-08
11957,87612,2131,37822.02,2026-02-21
11958,28110,2095,45482.74,2026-03-07
11959,34892,6833,98542.15,2026-02-23
11960,29249,2582,71889.02,2026-02-24
11961,25427,5681,69362.72,2026-03-11
11962,32738,4091,96073.27,2026-03-11
11963,37546,9610,56112.54,2026-02-25
11964,62437,5482,79697.95,2026-02-16
11965,8049,1460,84928.3,2026-02-25
11966,96236,4306,77975.53,2026-03-06
11967,94442,8775,89932.82,2026-03-02
11968,86594,5629,39736.65,2026-02-19
11969,55748,5288,26456.48,2026-03-05
11970,29025,2972,20401.27,2026-02-27
11971,94102,3993,81655.45,2026-02-19
11972,96206,1560,97206.97,2026-02-17
11973,83693,4958,58436.91,2026-03-06
11974,16114,5399,84691.26,2026-02-28
11975,43204,9007,15476.44,2026-03-07
11976,45364,1100,15752.75,2026-02-17
11977,93121,4878,37419.75,2026-03-05
11978,12808,9354,19675.97,2026-02-21
11979,13564,7242,86768.87,2026-02-18
11980,92112,8985,60824.48,2026-03-04
11981,8387,4027,52997.55,2026-03-15
11982,63437,595,93415.49,2026-03-13
11983,94426,4341,18415.12,2026-03-06
11984,17264,7249,50167.76,2026-03-01
11985,29743,873,93787.58,2026-02-26
11986,61753,984,43363.24,2026-02-16
11987,88659,6682,66744.84,2026-02-20
11988,65528,7137,30562.43,2026-03-14
11989,15910,6615,10580.6,2026-02-20
11990,75384,4945,54525.63,2026-03-10
11991,63999,1979,36603.87,2026-03-01
11992,53032,2589,94120.27,2026-02-23
11993,25624,920,78876.45,2026-02-27
11994,448,1332,62272.26,2026-02-21
11995,91135,5520,95753.73,2026-03-11
11996,16101,2860,64221.72,2026-03-16
11997,38855,6170,8478.05,2026-03-07
11998,36836,4340,75264.45,2026-02-24
11999,92758,8332,16830.55,2026-03-12
12000,97411,7669,68077.12,2026-03-06
12001,95431,3871,39293.65,2026-02-28
12002,64884,5324,60814.12,2026-03-02
12003,39022,6008,70220.76,2026-02-16
12004,1031,2193,77438.42,2026-02-17
12005,44593,5165,31819.67,2026-03-07
12006,13780,8998,84217.09,2026-02-19
12007,53292,4512,11622.5,2026-03-12
12008,11234,7613,39091.39,2026-03-17
12009,41416,5513,95366.5,2026-03-05
12010,43929,7613,99116.97,2026-03-17
12011,20711,1684,38618.68,2026-03-07
12012,2601,1500,76387.09,2026-03-05
12013,47838,1590,56195.2,2026-02-23
12014,17193,3593,23642.17,2026-03-07
12015,81055,737,11465.78,2026-02-22
12016,97115,2892,86327.84,2026-03-07
12017,554,875,94159.49,2026-03-04
12018,41163,89,88871.66,2026-03-10
12019,24107,3106,7275.1,2026-03-12
12020,20581,2619,24915.6,2026-03-17
12021,32112,9043,91755.52,2026-03-02
12022,96340,7430,74011.87,2026-02-21
12023,16964,2970,8613.63,2026-03-09
12024,3434,2997,87111.76,2026-02-18
12025,92007,5448,92029.01,2026-02-26
12026,88638,9383,18151.97,2026-03-05
12027,84141,5695,22367.37,2026-03-11
12028,61131,3663,22195.47,2026-03-06
12029,77157,8697,29286.17,2026-02-27
12030,86684,8659,94596.59,2026-03-10
12031,17168,6824,91110.61,2026-02-21
12032,6244,2809,95838.25,2026-03-05
12033,20859,7062,16539.5,2026-02-22
12034,14506,85,17664.98,2026-03-10
12035,5970,6875,90111.92,2026-02-22
12036,58438,7006,25615.61,2026-02-19
12037,1137,8503,98097.61,2026-03-18
12038,11705,2518,84693.86,2026-02-22
12039,63947,319,13928.06,2026-03-01
12040,19923,1478,89346.87,2026-03-07
12041,60495,2554,10318.59,2026-03-04
12042,94547,4160,12740.12,2026-03-07
12043,51560,4376,39486.89,2026-03-10
12044,37461,5282,97812.58,2026-03-02
12045,33767,2576,34739.04,2026-03-01
12046,29292,4795,68660.26,2026-03-17
12047,69654,3272,91688.58,2026-02-22
12048,35813,3772,14390.45,2026-02-24
12049,22453,3492,57874.17,2026-03-04
12050,94182,4001,40413.09,2026-03-12
12051,53250,1398,13583.53,2026-03-10
12052,41519,3946,65231.28,2026-03-14
12053,46028,5620,14997.0,2026-03-05
12054,3715,2127,50436.8,2026-03-15
12055,46194,8698,89439.55,2026-02-24
12056,60596,3882,41575.17,2026-03-18
12057,57115,8302,63867.25,2026-02-21
12058,35830,963,89507.12,2026-03-06
12059,917,2380,12294.64,2026-03-08
12060,22637,6800,33174.47,2026-03-06
12061,45942,5416,38629.57,2026-02-19
12062,68359,3760,17177.79,2026-02-19
12063,90837,8440,57692.47,2026-02-20
12064,66180,4629,8336.61,2026-03-09
12065,20791,5082,43424.53,2026-02-19
12066,87630,240,98728.23,2026-02-23
12067,43203,3816,38125.78,2026-03-11
12068,66958,6007,32131.67,2026-03-13
12069,2707,7126,85881.83,2026-03-01
12070,23137,1541,13748.04,2026-03-16
12071,44938,1032,53140.46,2026-03-07
12072,34851,6273,72055.04,2026-02-26
12073,70309,5001,55485.81,2026-03-17
12074,45797,8281,24353.48,2026-03-05
12075,6224,4269,96023.58,2026-02-21
12076,28019,4908,45900.15,2026-02-28
12077,16143,3366,28392.23,2026-03-01
12078,81298,7002,43904.74,2026-03-18
12079,49199,4369,7147.87,2026-02-28
12080,65114,5676,11845.27,2026-03-02
12081,89339,5602,87472.77,2026-03-11
12082,30510,7040,22715.8,2026-03-09
12083,21108,5798,12009.79,2026-03-04
12084,58858,546,75984.5,2026-03-09
12085,87352,7394,74692.76,2026-03-19
12086,64991,118,28732.7,2026-03-04
12087,41967,6902,50904.65,2026-03-06
12088,69764,2367,46510.31,2026-03-16
12089,55168,9431,46366.6,2026-03-18
12090,9832,8405,37830.51,2026-03-05
12091,79969,3874,6611.54,2026-03-14
12092,736,7411,58458.83,2026-03-12
12093,76194,8933,55407.62,2026-02-26
12094,54366,3766,5929.57,2026-03-18
12095,47363,4317,99394.44,2026-03-03
12096,76408,440,89766.32,2026-02-28
12097,55622,6491,87200.82,2026-03-13
12098,48973,8081,23356.73,2026-03-06
12099,8889,9481,58009.81,2026-02-21
12100,83962,6039,34308.83,2026-03-10
12101,10461,62,75612.77,2026-03-13
12102,94109,2405,95235.71,2026-03-13
12103,22124,8500,72761.36,2026-03-03
12104,2409,4991,15368.94,2026-03-05
12105,67116,2417,34074.83,2026-03-09
12106,22189,9805,41956.86,2026-03-21
12107,12713,9382,72546.08,2026-02-22
12108,53532,4173,26214.84,2026-03-21
12109,32613,1954,67540.18,2026-03-23
12110,64490,2378,12415.56,2026-02-26
12111,39588,1577,38955.85,2026-03-18
12112,84401,6304,24890.52,2026-03-19
12113,23355,7231,13857.35,2026-03-06
12114,56750,8366,71571.87,2026-03-08
12115,31905,9387,21091.97,2026-02-23
12116,21422,1168,97632.28,2026-03-07
12117,84644,2446,27064.95,2026-03-05
12118,27403,5480,13749.08,2026-03-02
12119,5242,5614,34694.29,2026-03-09
12120,91430,7867,90594.52,2026-03-10
12121,22100,3324,72976.02,2026-03-10
12122,26581,4689,59596.4,2026-02-27
12123,23447,203,76207.46,2026-03-10
12124,46011,6308,61200.06,2026-03-09
12125,40721,8868,41487.0,2026-03-14
12126,24001,1786,24350.91,2026-03-16
12127,63354,7263,88437.06,2026-03-14
12128,68342,7219,56746.02,2026-02-27
12129,45191,8742,48701.71,2026-02-25
12130,29810,7315,48788.25,2026-03-16
12131,33868,4442,25797.16,2026-03-21
12132,49254,1643,44769.33,2026-03-14
12133,79940,9035,35537.45,2026-03-07
12134,64347,4427,56314.97,2026-03-15
12135,36047,1998,6406.83,2026-03-06
12136,72578,318,53608.41,2026-03-23
12137,89247,4214,66437.69,2026-03-18
12138,31124,2992,23426.46,2026-02-28
12139,59984,523,56317.96,2026-03-01
12140,82444,8543,39837.93,2026-03-03
12141,43748,7769,26290.96,2026-03-17
12142,43747,5041,54874.47,2026-03-03
12143,90501,1904,36308.53,2026-03-01
12144,50230,9819,19547.66,2026-03-06
12145,4765,8151,28892.61,2026-03-16
12146,77426,7936,61247.58,2026-03-25
12147,16942,7403,56709.44,2026-03-22
12148,90110,3645,60222.19,2026-03-20
12149,40882,1890,24824.79,2026-03-10
12150,97020,149,6691.72,2026-03-25
12151,70755,5504,67202.42,2026-03-06
12152,45815,2881,49876.29,2026-03-04
12153,9272,4036,73589.23,2026-02-24
12154,70610,476,38970.82,2026-03-22
12155,95943,4472,81117.85,2026-03-08
12156,65968,6517,91092.32,2026-03-12
12157,74475,8131,54032.32,2026-03-21
12158,57670,2851,91343.5,2026-03-14
12159,19165,8342,78972.11,2026-03-13
12160,84957,9736,20912.47,2026-03-19
12161,7792,4487,26463.85,2026-03-20
12162,73786,5046,32984.23,2026-03-21
12163,90997,3144,7793.7,2026-03-17
12164,29632,6497,22701.42,2026-03-19
12165,57385,2912,78730.35,2026-03-25
12166,17641,5799,99192.81,2026-03-03
12167,87110,389,91403.05,2026-03-26
12168,66817,3615,88962.43,2026-03-11
12169,90704,5936,70291.69,2026-03-02
12170,82319,1443,69568.47,2026-02-27
12171,9779,586,75881.42,2026-03-03
12172,12702,7375,57355.68,2026-03-18
12173,23086,7548,90078.05,2026-03-06
12174,93062,9473,48455.28,2026-03-19
12175,58674,705,66611.3,2026-03-08
12176,16140,3435,20869.05,2026-02-26
12177,48782,1795,74081.59,2026-03-16
12178,32205,5003,61946.38,2026-03-25
12179,46556,7213,24733.36,2026-02-28
12180,25869,3514,94575.71,2026-03-13
12181,89391,6200,96641.37,2026-03-12
12182,95796,3379,46230.81,2026-02-26
12183,13335,4328,30824.59,2026-03-15
12184,81451,9027,19669.59,2026-03-22
12185,95780,5182,32597.25,2026-03-03
12186,20902,3982,25090.06,2026-03-19
12187,65527,8287,32624.93,2026-03-04
12188,15438,6094,46349.9,2026-03-22
12189,47677,9344,52643.44,2026-03-13
12190,56334,4060,74921.88,2026-03-11
12191,75295,1025,35834.26,2026-03-05
12192,52424,8514,11635.74,2026-03-01
12193,84010,9664,92205.12,2026-03-15
12194,23217,1980,25543.37,2026-02-26
12195,2904,2294,36234.6,2026-03-19
12196,68821,5015,33098.57,2026-03-05
12197,64392,7434,31698.62,2026-03-25
12198,65083,3201,85396.04,2026-03-07
12199,86033,3980,77177.36,2026-03-03
12200,15410,2680,66944.39,2026-03-10
12201,26232,8271,95206.65,2026-03-12
12202,5073,9462,96630.96,2026-03-05
12203,31292,3675,95497.05,2026-03-11
12204,15127,5340,34290.0,2026-03-07
12205,31911,4374,6531.86,2026-02-27
12206,76071,7738,50339.31,2026-03-13
12207,67995,2784,5489.81,2026-03-26
12208,48870,4973,59210.17,2026-03-13
12209,83433,544,93886.19,2026-03-02
12210,61290,5891,71380.93,2026-03-12
12211,14978,4792,92722.45,2026-03-17
12212,86922,3130,70851.05,2026-03-12
12213,14218,1295,8306.75,2026-03-06
12214,22820,43,44915.08,2026-03-11
12215,45072,6070,59911.18,2026-03-01
12216,1623,1522,44874.61,2026-03-09
12217,82275,9484,6549.59,2026-03-21
12218,4126,6340,20298.3,2026-03-14
12219,52177,2514,86586.94,2026-03-27
12220,66575,2173,31434.41,2026-03-10
12221,76644,6941,85213.93,2026-03-20
12222,70807,2491,7332.18,2026-03-11
12223,1355,2709,97190.92,2026-03-26
12224,16663,2677,33761.93,2026-03-16
12225,59506,2718,65673.55,2026-03-22
12226,39276,3043,80618.5,2026-03-20
12227,80020,1962,33284.22,2026-03-04
12228,23645,5389,32179.69,2026-03-17
12229,2854,2043,93436.56,2026-03-15
12230,76757,7172,25145.93,2026-03-22
12231,95795,8634,10558.0,2026-03-06
12232,83502,6646,36238.59,2026-02-27
12233,45924,2233,93831.48,2026-03-03
12234,30368,19,74345.77,2026-03-02
12235,75727,1713,91227.33,2026-03-05
12236,28258,7039,53427.02,2026-03-11
12237,45827,12,97906.34,2026-03-12
12238,9201,4220,48124.41,2026-03-25
12239,81750,3125,67847.9,2026-03-05
12240,83286,7215,84159.96,2026-03-27
12241,91264,3356,47719.15,2026-03-17
12242,43169,1384,66696.44,2026-03-08
12243,53582,1146,14219.84,2026-03-09
12244,58866,7626,13054.49,2026-03-04
12245,11139,1009,74091.74,2026-03-14
12246,96146,3750,15418.06,2026-03-04
12247,93600,2586,40384.34,2026-03-17
12248,88118,1293,80107.33,2026-03-17
12249,11233,946,92215.49,2026-03-04
12250,94049,6508,33000.5,2026-03-09
12251,59799,1965,18148.65,2026-03-25
12252,97584,9392,81207.3,2026-03-20
12253,5207,1377,92909.22,2026-03-27
12254,47692,645,5945.49,2026-02-28
12255,35069,2707,24883.92,2026-03-08
12256,87877,8457,30663.35,2026-03-16
12257,56955,6408,63698.87,2026-03-01
12258,28121,9964,72018.81,2026-03-10
12259,99185,7912,58446.75,2026-03-13
12260,57214,2412,95408.32,2026-03-07
12261,69792,3194,60228.01,2026-03-23
12262,36095,8902,99372.99,2026-03-09
12263,67541,5416,86805.7,2026-03-25
12264,99964,7754,70101.97,2026-03-13
12265,7468,4835,26340.72,2026-03-24
12266,79427,4843,6434.53,2026-03-06
12267,86854,5321,22724.3,2026-03-22
12268,10658,9092,98046.65,2026-03-02
12269,96212,6820,52592.18,2026-03-08
12270,95736,4541,51479.12,2026-03-19
12271,42127,1382,34627.79,2026-03-19
12272,65101,5722,39638.87,2026-03-10
12273,88566,6782,53116.72,2026-03-09
12274,86828,9342,32588.4,2026-03-14
12275,45387,7040,91671.42,2026-03-01
12276,36860,1531,66565.47,2026-03-06
12277,32296,5526,97887.45,2026-03-25
12278,60397,4109,12195.97,2026-03-01
12279,6319,7547,96847.57,2026-03-28
12280,41139,5582,82558.31,2026-03-23
12281,44842,9115,36367.44,2026-03-01
12282,79089,2800,67052.51,2026-03-20
12283,48903,4727,22812.31,2026-03-22
12284,81523,4876,64876.49,2026-03-02
12285,24305,4626,55018.58,2026-03-06
12286,94263,8440,31669.96,2026-03-11
12287,65382,5902,77500.45,2026-03-08
12288,80058,2011,97743.61,2026-03-24
12289,14082,4833,98921.19,2026-03-24
12290,54772,5185,44901.41,2026-03-24
12291,39808,7729,25530.63,2026-03-11
12292,33180,4460,52793.45,2026-03-25
12293,74113,3253,59257.32,2026-03-25
12294,22893,8352,67948.55,2026-03-28
12295,12906,9875,29558.49,2026-03-21
12296,98742,5381,63126.4,2026-03-25
12297,63534,8840,48550.58,2026-03-28
12298,95655,4891,59147.42,2026-03-15
12299,78749,4195,41023.52,2026-03-15
12300,57222,5946,42657.65,2026-03-22
12301,28912,8288,93635.47,2026-03-20
12302,17089,4590,6699.23,2026-03-18
12303,31179,6102,66807.11,2026-03-31
12304,72012,9026,13500.86,2026-03-05
12305,45571,8368,54071.16,2026-03-30
12306,68401,4760,38841.66,2026-03-15
12307,8964,7476,42087.13,2026-03-30
12308,18578,6435,27045.77,2026-03-06
12309,14383,8928,79923.46,2026-03-05
12310,14595,9316,84915.12,2026-03-27
12311,14990,1776,8659.51,2026-03-13
12312,46774,4700,58793.36,2026-03-12
12313,2235,1089,51372.13,2026-03-20
12314,42750,1506,28576.8,2026-03-15
12315,79500,4663,10161.03,2026-03-14
12316,4291,5023,84624.6,2026-03-05
12317,12344,9938,39874.78,2026-03-05
12318,4729,7934,23094.75,2026-03-31
12319,51598,2401,8757.68,2026-03-05
12320,53099,1897,37454.89,2026-03-29
12321,9377,2670,7081.5,2026-03-24
12322,93565,1817,5279.98,2026-03-03
12323,72429,5703,87051.53,2026-03-21
12324,42841,1248,27758.7,2026-03-19
12325,59282,3794,30545.22,2026-03-25
12326,59491,4650,7685.51,2026-03-06
12327,17798,3320,93265.32,2026-03-27
12328,96170,8531,46760.74,2026-03-12
12329,4169,5639,83969.21,2026-03-15
12330,74816,7739,52914.01,2026-03-20
12331,33072,631,87130.06,2026-03-09
12332,32989,3673,47966.56,2026-03-07
12333,65570,6034,67240.5,2026-03-25
12334,13652,6297,21323.88,2026-03-30
12335,66715,7873,30420.45,2026-03-08
12336,92582,4662,87108.98,2026-03-21
12337,67563,4279,48373.36,2026-03-29
12338,98387,2114,18339.69,2026-03-07
12339,98316,9739,29002.93,2026-03-20
12340,970,5815,77043.25,2026-03-18
12341,62724,478,34727.38,2026-03-30
12342,62299,8110,97355.69,2026-03-28
12343,97032,2528,11246.38,2026-03-30
12344,32618,1693,28561.44,2026-03-28
12345,14476,5846,53527.91,2026-03-31
12346,99344,1525,54142.72,2026-03-08
12347,87961,436,30601.24,2026-03-26
12348,32116,8041,11557.95,2026-04-02
12349,15558,1556,72568.26,2026-03-14
12350,63308,3885,21994.4,2026-03-25
12351,52484,3538,67631.49,2026-03-30
12352,22038,353,32431.04,2026-03-13
12353,22819,4013,81385.07,2026-03-14
12354,29423,3017,42004.31,2026-04-02
12355,21397,6273,53738.56,2026-04-01
12356,21131,9792,57036.81,2026-04-01
12357,11446,7792,34001.64,2026-03-13
12358,28875,72,23414.26,2026-03-30
12359,78393,792,81896.75,2026-03-13
12360,5894,4180,11108.97,2026-03-19
12361,14771,3103,66829.34,2026-03-14
12362,14946,8058,55155.53,2026-03-25
12363,8085,6969,24941.8,2026-03-12
12364,33367,8849,8268.97,2026-03-30
12365,23967,2406,67638.49,2026-03-08
12366,56078,5385,6464.2,2026-03-05
12367,30475,1871,17911.89,2026-03-17
12368,7329,6131,74611.76,2026-03-13
12369,90230,2808,32542.43,2026-03-11
12370,26541,6698,67369.61,2026-04-03
12371,29635,5433,37906.12,2026-03-07
12372,57341,3376,96613.78,2026-03-26
12373,47899,9702,56685.76,2026-03-14
12374,76962,594,36558.91,2026-03-16
12375,9825,9977,59023.55,2026-04-02
12376,99773,8133,52277.85,2026-03-20
12377,13722,4946,29018.29,2026-03-14
12378,39073,7527,14654.77,2026-03-18
12379,65427,875,14960.26,2026-03-06
12380,65307,4207,79301.27,2026-03-20
12381,45665,5232,18211.21,2026-03-06
12382,82831,8717,77048.29,2026-03-29
12383,30708,412,84710.86,2026-03-22
12384,76749,7319,63072.87,2026-03-24
12385,26826,4214,99593.82,2026-03-13
12386,76471,5061,25533.47,2026-03-22
12387,22959,3789,26652.07,2026-03-12
12388,73311,8866,22773.61,2026-03-12
12389,90787,7292,11160.26,2026-03-24
12390,5500,5944,5534.05,2026-03-25
12391,22827,6304,16042.71,2026-03-15
12392,80235,1733,82804.89,2026-03-24
12393,16393,5823,95008.84,2026-03-06
12394,72754,1059,83092.62,2026-03-11
12395,52110,4371,19214.16,2026-03-16
12396,29748,1399,83984.5,2026-03-24
12397,53722,3536,35040.99,2026-03-21
12398,2281,5835,64156.35,2026-03-30
12399,25144,9746,9140.03,2026-03-20
12400,5171,5840,29551.16,2026-03-27
12401,87850,9847,14872.55,2026-03-14
12402,70003,3491,40960.51,2026-03-18
12403,52814,8567,36123.81,2026-04-05
12404,48385,9957,79603.93,2026-03-31
12405,80994,9308,87543.9,2026-04-04
12406,39154,9700,86948.73,2026-03-12
12407,54325,2869,37700.79,2026-03-17
12408,1873,8591,13157.64,2026-03-12
12409,2422,6488,99211.27,2026-03-18
12410,23600,1356,33328.88,2026-03-11
12411,6042,786,5373.59,2026-03-27
12412,86973,4024,19643.06,2026-03-27
12413,64703,7050,77849.41,2026-03-22
12414,24359,9250,37244.08,2026-04-05
12415,24601,8234,63954.77,2026-03-31
12416,86205,6858,7491.68,2026-03-27
12417,36703,4911,87848.17,2026-03-17
12418,91830,8221,23326.95,2026-04-02
12419,59373,1484,22565.98,2026-03-18
12420,55837,2045,47634.89,2026-03-28
12421,67727,2558,27160.01,2026-03-19
12422,66253,5004,77975.31,2026-03-23
12423,37309,8381,28372.92,2026-04-01
12424,74826,2665,59095.38,2026-03-29
12425,87742,8992,29951.04,2026-03-13
12426,37150,3848,64803.6,2026-03-10
12427,73584,5321,96840.13,2026-03-21
12428,28980,7360,41720.96,2026-03-13
12429,74595,1044,74987.28,2026-03-31
12430,48510,2529,88912.36,2026-04-06
12431,24211,326,11529.47,2026-03-11
12432,14417,6702,69640.45,2026-03-11
12433,21738,4320,12454.51,2026-03-26
12434,33970,578,30026.29,2026-03-24
12435,75986,9288,81582.89,2026-04-03
12436,37900,8483,80777.07,2026-03-22
12437,78331,2283,35135.47,2026-03-11
12438,63899,7593,45957.39,2026-03-16
12439,28196,7203,41820.2,2026-04-05
12440,31184,9036,6581.42,2026-03-09
12441,95309,313,71728.97,2026-03-24
12442,99321,2671,9634.14,2026-03-12
12443,39164,9061,67946.09,2026-03-19
12444,99733,3804,49526.68,2026-03-11
12445,16392,2466,24130.39,2026-03-11
12446,88544,1979,11868.58,2026-03-27
12447,15483,9541,40446.17,2026-04-04
12448,69621,5478,86151.14,2026-03-11
12449,57829,4149,40166.8,2026-03-12
12450,86250,3682,23008.67,2026-04-06
12451,65828,3381,45614.75,2026-03-10
12452,74894,5498,70062.46,2026-03-17
12453,34994,1858,42288.46,2026-03-27
12454,93850,4653,10279.9,2026-03-24
12455,36816,304,25162.89,2026-03-27
12456,90995,2694,62871.44,2026-04-01
12457,72506,8162,32143.58,2026-03-31
12458,43481,8481,65796.45,2026-03-20
12459,58321,8310,16601.97,2026-03-25
12460,33540,9022,69963.79,2026-04-06
12461,87443,4365,47475.87,2026-03-12
12462,68616,3182,9128.7,2026-03-24
12463,68498,930,95702.4,2026-04-04
12464,80345,9632,56624.79,2026-04-08
12465,77218,1627,49075.45,2026-03-12
12466,1346,1573,9524.22,2026-04-02
12467,6645,9652,32720.23,2026-03-24
12468,40115,1070,55712.42,2026-03-10
12469,51810,2811,94649.15,2026-03-22
12470,92043,3115,90866.2,2026-04-02
12471,79958,8880,80424.85,2026-04-02
12472,17054,5487,36421.2,2026-03-30
12473,97233,6320,9256.7,2026-03-25
12474,27196,2487,98429.27,2026-03-25
12475,85269,5595,78161.39,2026-03-19
12476,30118,5456,59171.4,2026-03-15
12477,12514,3500,57732.92,2026-03-27
12478,56138,6361,93669.94,2026-03-22
12479,88314,9259,20695.56,2026-03-11
12480,61615,679,76880.59,2026-03-21
12481,44147,7681,90376.6,2026-04-01
12482,82547,4235,80551.64,2026-03-11
12483,31982,1494,84364.12,2026-04-07
12484,13240,388,23462.53,2026-03-31
12485,18564,4193,25489.94,2026-04-08
12486,91386,4758,67353.02,2026-03-23
12487,66504,8151,98711.7,2026-03-12
12488,79568,5299,30010.77,2026-03-23
12489,22012,7932,77644.77,2026-03-21
12490,95119,9806,68019.01,2026-03-28
12491,96693,1131,95794.73,2026-04-04
12492,86089,5737,77189.76,2026-04-02
12493,99563,7391,8651.15,2026-03-16
12494,77818,2192,94365.49,2026-03-24
12495,84552,3114,16709.14,2026-04-07
12496,27246,2059,89744.3,2026-04-09
12497,51229,4814,19771.57,2026-03-13
12498,21826,2779,96191.88,2026-03-16
12499,66853,2291,23552.7,2026-03-13
12500,72855,7581,61039.17,2026-03-17
12501,90022,2966,98488.57,2026-04-10
12502,88006,8687,54856.6,2026-03-24
12503,36743,4713,32026.92,2026-04-04
12504,95029,2092,81679.64,2026-03-15
12505,33583,6615,25936.66,2026-03-29
12506,50865,5356,42000.54,2026-04-06
12507,63889,6700,95118.9,2026-03-14
12508,19048,7636,61485.8,2026-04-08
12509,11659,1002,8165.36,2026-03-23
12510,3894,8488,40639.56,2026-03-20
12511,32122,2836,58602.8,2026-03-28
12512,87062,5995,24809.86,2026-04-05
12513,77365,76,25725.64,2026-03-25
12514,75223,7403,19824.21,2026-03-30
12515,63834,6539,54423.54,2026-04-06
12516,55337,3934,90009.7,2026-03-14
12517,87644,5188,56379.45,2026-03-20
12518,14154,4906,26054.7,2026-04-07
12519,56617,1458,76358.35,2026-03-23
12520,28352,6348,21649.38,2026-03-20
12521,98935,6706,33082.86,2026-03-31
12522,62820,6571,5373.75,2026-03-28
12523,26099,2135,87429.8,2026-04-08
12524,84648,8868,82088.66,2026-03-15
12525,21139,2387,63725.42,2026-04-09
12526,58891,302,21646.42,2026-04-01
12527,27936,9759,68440.19,2026-04-13
12528,86971,2167,79426.09,2026-03-15
12529,87784,1765,72904.93,2026-04-05
12530,91890,1810,51699.07,2026-03-31
12531,83574,9400,53783.97,2026-04-03
12532,45856,7910,26665.77,2026-03-26
12533,90619,6073,56809.31,2026-03-18
12534,37409,760,34584.01,2026-03-31
12535,36018,9897,38891.65,2026-04-01
12536,89523,2291,75610.14,2026-04-12
12537,87269,2830,6907.89,2026-03-18
12538,94202,4847,21443.06,2026-03-29
12539,74946,3462,19478.73,2026-04-05
12540,75795,184,54102.19,2026-04-13
12541,4577,5787,54432.69,2026-03-16
12542,97940,8,71734.68,2026-04-13
12543,74972,5498,5821.85,2026-03-19
12544,66814,6864,51045.96,2026-04-12
12545,57512,9753,23238.14,2026-03-29
12546,71069,8393,69439.14,2026-03-15
12547,67999,8377,68272.17,2026-03-29
12548,21543,26,11907.37,2026-04-01
12549,65815,2982,68268.94,2026-04-09
12550,99396,2780,35115.35,2026-03-21
12551,73057,2841,15100.49,2026-04-13
12552,29803,7897,81650.55,2026-03-28
12553,25645,5817,45764.41,2026-03-20
12554,52390,3982,72425.11,2026-04-07
12555,80778,4131,20532.35,2026-04-04
12556,2948,6221,19206.26,2026-04-02
12557,1415,563,51626.16,2026-04-04
12558,7387,921,63324.41,2026-03-31
12559,54348,3449,68309.86,2026-03-18
12560,1538,3042,62048.65,2026-03-22
12561,982,8225,46423.14,2026-03-27
12562,28975,5820,48414.96,2026-04-01
12563,26503,3814,17051.26,2026-03-17
12564,5441,2367,86415.87,2026-04-13
12565,60995,8717,36955.21,2026-03-19
12566,15484,920,97073.7,2026-04-06
12567,51071,4970,48203.75,2026-03-21
12568,56126,9693,18238.61,2026-04-10
12569,47919,9000,63450.2,2026-04-05
12570,96005,503,11301.67,2026-03-24
12571,67020,9791,70263.74,2026-03-26
12572,74590,9054,98854.47,2026-04-03
12573,55990,4613,28401.6,2026-04-11
12574,78255,5866,34455.52,2026-04-04
12575,18285,846,26049.47,2026-03-20
12576,99649,2733,84532.77,2026-04-07
12577,66590,9112,86221.1,2026-03-25
12578,19090,4823,83007.11,2026-04-06
12579,62121,1756,99433.58,2026-03-26
12580,87383,1977,54635.43,2026-04-13
12581,14697,2995,43555.39,2026-03-28
12582,58908,6036,48470.76,2026-03-19
12583,88127,6975,76542.19,2026-04-02
12584,18647,3772,92145.89,2026-04-07
12585,81979,2041,68356.67,2026-04-13
12586,86220,868,92445.21,2026-04-03
12587,99905,1748,91667.04,2026-03-25
12588,40053,9171,69622.4,2026-04-02
12589,53703,584,36323.05,2026-03-20
12590,80493,1013,71759.45,2026-03-25
12591,55191,9798,69589.63,2026-03-25
12592,62529,1213,54587.32,2026-04-04
12593,44273,7643,23621.26,2026-03-20
12594,34556,7676,16796.3,2026-04-13
12595,1644,1647,76347.16,2026-04-08
12596,64230,3078,51877.91,2026-04-04
12597,63241,7030,5522.96,2026-03-19
12598,38754,7853,99283.1,2026-03-31
12599,52643,9809,25924.64,2026-03-20
12600,99607,8548,86945.64,2026-03-23
12601,97082,9191,81062.54,2026-03-27
12602,88159,6086,89441.73,2026-03-29
12603,8325,7304,95861.35,2026-04-13
12604,46724,1393,82727.78,2026-03-27
12605,36356,9606,47141.93,2026-04-15
12606,57282,9957,28562.98,2026-03-28
12607,36625,6426,24395.72,2026-04-03
12608,73896,8660,27012.89,2026-04-07
12609,40014,3545,27810.15,2026-03-29
12610,7580,6015,80045.37,2026-04-02
12611,76499,4022,32342.23,2026-04-08
12612,890,1904,27436.05,2026-03-21
12613,96585,5659,55470.37,2026-04-02
12614,48643,7036,68795.77,2026-04-02
12615,50187,5115,82496.56,2026-04-14
12616,37903,6,90568.45,2026-03-21
12617,62261,433,14425.11,2026-04-11
12618,33565,1496,91658.67,2026-03-24
12619,81758,3776,70152.05,2026-03-22
12620,44549,757,92269.8,2026-04-11
12621,8111,9497,33434.98,2026-04-01
12622,61932,2114,44652.33,2026-03-30
12623,4774,1151,73402.04,2026-04-14
12624,87086,8246,30931.74,2026-03-30
12625,49722,3336,24219.17,2026-04-09
12626,39319,4993,47561.79,2026-04-06
12627,82111,9613,66781.81,2026-03-22
12628,4342,8777,31520.55,2026-04-06
12629,18902,5653,96628.93,2026-04-16
12630,92459,8552,7541.95,2026-04-02
12631,19795,5502,24237.41,2026-04-10
12632,28182,8484,87616.35,2026-03-22
12633,36577,9670,20210.56,2026-04-13
12634,79653,4336,78583.32,2026-04-16
12635,52444,4431,81648.05,2026-04-16
12636,45582,428,64862.17,2026-04-11
12637,65984,7330,59927.16,2026-04-16
12638,91657,3785,13983.09,2026-03-25
12639,24302,155,97616.91,2026-04-17
12640,41711,9520,16051.73,2026-04-05
12641,31573,7568,57764.34,2026-04-18
12642,67159,6853,90874.1,2026-04-14
12643,70267,3337,82366.2,2026-03-29
12644,80700,2056,73776.1,2026-04-04
12645,67307,5286,27886.24,2026-04-05
12646,43749,7210,93449.69,2026-04-10
12647,69534,7650,59827.79,2026-03-28
12648,69583,5038,64315.73,2026-03-31
12649,10685,7627,83743.51,2026-04-07
12650,18384,3413,99186.87,2026-04-10
12651,36088,3823,79959.59,2026-03-27
12652,48395,6561,76019.35,2026-04-15
12653,762,7661,48510.71,2026-03-30
12654,11348,7366,81792.18,2026-04-05
12655,44801,8413,67265.85,2026-04-14
12656,27207,6009,33071.51,2026-03-20
12657,55368,7007,38914.06,2026-03-27
12658,28959,3377,11642.58,2026-04-14
12659,95867,8457,16081.8,2026-04-04
12660,94455,2948,26846.58,2026-04-05
12661,29513,2156,67907.12,2026-03-24
12662,8891,5022,23601.44,2026-04-10
12663,19322,6767,87220.36,2026-04-11
12664,95499,5627,29199.29,2026-03-31
12665,93575,1316,53125.73,2026-03-28
12666,16077,3820,72709.83,2026-04-19
12667,43833,1835,66129.45,2026-03-24
12668,53971,8088,89552.9,2026-03-23
12669,53937,2561,56685.46,2026-03-23
12670,26664,6798,59990.74,2026-04-16
12671,41404,1812,40856.62,2026-04-19
12672,43911,7950,63317.52,2026-04-02
12673,59919,2574,87514.86,2026-03-29
12674,46996,540,10156.23,2026-03-28
12675,74416,6688,25956.51,2026-04-04
12676,61465,9627,38643.74,2026-04-10
12677,23632,7848,51997.14,2026-04-01
12678,99746,8284,52415.26,2026-04-04
12679,93270,3758,75719.54,2026-04-12
12680,78783,6150,49390.38,2026-04-13
12681,92003,6005,62119.82,2026-04-08
12682,54429,8122,72540.17,2026-03-29
12683,83113,4524,55493.11,2026-04-18
12684,25336,4888,87613.69,2026-03-31
12685,21194,2676,31960.18,2026-04-12
12686,55568,3271,78561.39,2026-03-25
12687,81291,6687,31543.23,2026-04-19
12688,64237,9971,81572.77,2026-04-08
12689,3066,6778,21376.58,2026-04-09
12690,69498,8030,82266.55,2026-04-19
12691,61152,9471,98468.91,2026-04-02
12692,35886,3670,87194.39,2026-04-03
12693,35762,3843,5132.54,2026-03-25
12694,20589,1678,81791.89,2026-04-08
12695,56222,9030,45865.07,2026-03-31
12696,15257,6917,87499.69,2026-03-27
12697,62876,8809,64202.46,2026-03-23
12698,56209,1224,43678.08,2026-03-29
12699,10666,772,39799.82,2026-03-24
12700,59602,9929,63935.53,2026-04-13
12701,78583,8678,83982.0,2026-03-25
12702,23828,4150,73371.43,2026-03-28
12703,25295,4027,89936.66,2026-04-21
12704,36101,8322,16309.73,2026-04-05
12705,64788,6412,30566.39,2026-04-12
12706,81260,5123,65496.77,2026-04-16
12707,85,576,96061.99,2026-04-14
12708,61034,870,52588.57,2026-04-14
12709,5055,5437,18572.94,2026-04-09
12710,39196,6425,49207.42,2026-03-31
12711,7422,9813,41099.55,2026-03-26
12712,94832,5812,87468.29,2026-04-03
12713,18914,8606,57602.84,2026-04-12
12714,95672,4240,65146.46,2026-04-14
12715,51916,8121,80191.69,2026-03-24
12716,53228,2314,49441.94,2026-04-10
12717,23642,5065,68704.16,2026-03-27
12718,74607,4322,14914.27,2026-04-08
12719,93958,7387,93548.98,2026-04-22
12720,52123,8870,13623.22,2026-04-01
12721,6461,6238,91632.1,2026-04-20
12722,28044,5545,22031.57,2026-03-31
12723,21832,1462,90794.49,2026-03-28
12724,83559,1422,42353.59,2026-03-26
12725,49719,6,65455.43,2026-04-09
12726,46934,9572,28187.3,2026-04-01
12727,93659,2264,22123.52,2026-04-16
12728,48563,5640,74651.5,2026-04-11
12729,72747,1783,81220.63,2026-04-04
12730,73824,7345,95057.01,2026-03-27
12731,96610,1234,66932.04,2026-04-22
12732,39786,6146,78290.33,2026-04-14
12733,4187,7747,59913.14,2026-04-22
12734,10861,5915,53280.46,2026-04-21
12735,2065,5836,99740.38,2026-04-01
12736,73569,2491,13692.97,2026-04-01
12737,52673,6518,50630.74,2026-03-26
12738,83,7303,61184.1,2026-04-10
12739,83939,204,68101.03,2026-04-24
12740,6956,7368,76545.76,2026-04-10
12741,58737,4350,26939.19,2026-04-02
12742,26559,1220,60121.39,2026-04-20
12743,27320,1920,94697.67,2026-04-07
12744,11334,6899,43541.7,2026-04-21
12745,28361,6968,55066.26,2026-03-28
12746,63560,2663,25105.31,2026-04-07
12747,975,5084,52322.72,2026-03-28
12748,6998,6872,7834.07,2026-03-29
12749,47489,7460,98226.43,2026-03-27
12750,35870,5614,91128.06,2026-04-22
12751,96536,215,67944.1,2026-04-14
12752,44684,8857,57793.46,2026-04-15
12753,48940,7889,64467.12,2026-04-16
12754,3113,6996,71099.17,2026-04-02
12755,68191,5615,26632.28,2026-04-13
12756,45238,9886,34990.55,2026-04-09
12757,30269,868,76056.39,2026-04-10
12758,82982,989,10029.38,2026-03-28
12759,4086,4676,21791.98,2026-04-22
12760,93504,4325,36243.08,2026-04-18
12761,32800,3982,25326.68,2026-04-07
12762,7960,7432,9617.63,2026-04-07
12763,19299,6924,87639.2,2026-04-02
12764,79187,384,45641.55,2026-04-15
12765,11522,7020,94866.61,2026-04-24
12766,95422,7248,34951.19,2026-04-10
12767,78724,3980,68244.42,2026-04-21
12768,15865,6505,14665.94,2026-04-19
12769,66441,9215,60787.87,2026-04-17
12770,67532,3103,54493.87,2026-04-15
12771,76575,4270,44015.2,2026-04-12
12772,11802,7005,91197.73,2026-04-22
12773,861,3343,60016.55,2026-04-02
12774,48404,3992,66262.59,2026-04-11
12775,46968,4059,17278.8,2026-04-25
12776,63337,2345,28259.63,2026-04-22
12777,75775,9105,12948.48,2026-04-14
12778,65843,6686,8182.12,2026-04-21
12779,23564,1247,22350.92,2026-04-03
12780,51768,4711,11797.27,2026-03-29
12781,48469,4336,90192.89,2026-03-30
12782,55042,1926,24087.39,2026-04-25
12783,6422,103,96753.1,2026-04-24
12784,79793,7503,27918.41,2026-04-01
12785,48304,4406,52597.97,2026-04-16
12786,63270,2461,16159.02,2026-04-06
12787,91765,4635,5254.89,2026-03-28
12788,43705,1307,63124.24,2026-04-08
12789,97966,8600,40282.4,2026-04-15
12790,36566,8736,14741.62,2026-04-22
12791,12883,1543,66977.43,2026-04-14
12792,10379,7072,62031.26,2026-04-15
12793,73898,6417,76579.91,2026-04-17
12794,64185,823,19522.7,2026-04-16
12795,25962,6389,5069.79,2026-04-09
12796,19515,465,83051.93,2026-04-10
12797,56091,9574,63560.77,2026-04-11
12798,2566,2680,44205.9,2026-04-17
12799,56904,3429,66005.35,2026-04-10
12800,49502,9327,77495.04,2026-04-14
12801,69789,110,90374.82,2026-04-24
12802,64697,8752,81478.63,2026-03-30
12803,65078,543,60721.43,2026-04-03
12804,45148,1339,76374.97,2026-04-12
12805,71081,8723,38165.77,2026-04-09
12806,13245,7083,63662.96,2026-04-11
12807,57084,2680,49982.0,2026-04-25
12808,80709,2775,87289.48,2026-04-17
12809,23593,6739,54035.25,2026-04-17
12810,56487,6991,76399.8,2026-04-17
12811,32360,609,25398.2,2026-04-04
12812,67048,5373,16964.32,2026-04-16
12813,9776,189,49261.74,2026-04-07
12814,7385,3005,84856.89,2026-04-04
12815,33750,3543,50471.31,2026-04-11
12816,32520,9014,5642.6,2026-04-16
12817,36031,2712,31492.42,2026-04-23
12818,4098,1794,61943.27,2026-03-31
12819,52175,672,71836.04,2026-04-27
12820,76689,7853,31366.39,2026-04-01
12821,11988,9592,32217.33,2026-04-10
12822,58193,2418,20883.85,2026-04-06
12823,7840,9970,97219.03,2026-04-21
12824,91466,7811,29690.53,2026-04-12
12825,77302,5096,68147.55,2026-04-22
12826,21444,3043,12431.16,2026-03-30
12827,56079,1180,15617.11,2026-03-31
12828,73535,5473,78546.21,2026-03-30
12829,23935,1003,50866.58,2026-04-23
12830,79294,6252,84156.28,2026-04-02
12831,10611,9276,46073.96,2026-04-06
12832,93762,8332,48358.55,2026-04-13
12833,60294,9441,71735.6,2026-04-07
12834,62185,8948,32607.18,2026-04-01
12835,1924,7973,46023.6,2026-04-28
12836,949,5437,90518.09,2026-04-23
12837,67128,2992,54472.64,2026-04-03
12838,29048,8793,62375.85,2026-04-28
12839,69164,946,86128.37,2026-03-31
12840,33002,569,59764.19,2026-04-22
12841,76307,7073,80760.87,2026-04-26
12842,36831,4049,54382.83,2026-04-10
12843,6259,104,24250.07,2026-04-27
12844,26117,3707,54248.17,2026-03-30
12845,25356,2061,24509.25,2026-04-19
12846,18283,6554,96377.66,2026-04-23
12847,27309,4675,25276.91,2026-04-22
12848,41665,3406,32454.99,2026-04-29
12849,27291,8489,85067.97,2026-04-17
12850,21514,7951,22464.02,2026-04-25
12851,94666,4587,92797.37,2026-04-17
12852,72960,7323,92635.82,2026-04-28
12853,96672,6255,60282.44,2026-04-20
12854,95881,8897,96842.21,2026-04-18
12855,78064,4138,14237.99,2026-04-07
12856,14669,6760,45263.55,2026-04-29
12857,50949,4526,80426.19,2026-04-27
12858,59231,2215,34533.46,2026-04-25
12859,46801,4884,79605.35,2026-04-20
12860,7660,3982,96159.37,2026-04-29
12861,15674,3594,47954.83,2026-04-08
12862,46823,4387,25139.86,2026-04-08
12863,39683,4543,74960.46,2026-04-15
12864,38026,2733,78057.31,2026-04-14
12865,27396,7775,22705.8,2026-04-18
12866,62087,1402,74754.1,2026-04-07
12867,28225,217,36021.16,2026-04-02
12868,15304,3909,30827.74,2026-04-04
12869,52588,4588,80226.78,2026-04-23
12870,76634,9043,35623.32,2026-03-31
12871,16000,5202,50562.09,2026-04-29
12872,79138,8243,72039.49,2026-04-25
12873,99353,6522,76775.69,2026-04-01
12874,56599,2146,66659.8,2026-04-02
12875,95059,535,67781.86,2026-04-27
12876,38239,1263,33642.52,2026-04-09
12877,6825,6383,85227.38,2026-04-22
12878,86457,9407,60911.12,2026-04-25
12879,12051,6399,35654.27,2026-04-21
12880,91839,3510,92160.53,2026-04-13
12881,84947,7417,46652.47,2026-04-20
12882,26842,9928,50139.08,2026-04-25
12883,40532,4125,20294.0,2026-04-09
12884,47209,9221,21569.43,2026-04-23
12885,83235,3528,29187.47,2026-04-23
12886,25424,3476,42866.86,2026-04-17
12887,96137,6811,57236.21,2026-04-29
12888,6904,9523,98540.28,2026-04-04
12889,28170,7923,18051.21,2026-04-22
12890,96651,9851,97596.42,2026-04-19
12891,16648,6964,59381.16,2026-04-19
12892,16707,8900,23635.74,2026-04-15
12893,5671,6032,12524.82,2026-04-13
12894,37115,5588,78053.64,2026-04-06
12895,47780,4927,30489.63,2026-04-14
12896,25920,5826,18674.97,2026-04-06
12897,64308,1957,79026.78,2026-04-30
12898,58262,5665,15793.9,2026-04-09
12899,57751,6463,52539.02,2026-04-27
12900,25899,3437,37798.24,2026-04-10
12901,9344,4906,28483.75,2026-04-07
12902,66181,2976,65114.0,2026-04-20
12903,10223,5064,64917.97,2026-04-12
12904,41076,9457,10388.54,2026-04-11
12905,1466,9993,30609.01,2026-04-09
12906,49605,6494,98153.87,2026-04-15
12907,13002,9330,20927.69,2026-04-17
12908,49734,2282,5325.12,2026-04-14
12909,46041,1277,50757.7,2026-04-24
12910,61426,5685,25349.55,2026-04-29
12911,53558,3393,24132.76,2026-04-02
12912,69153,5508,7317.3,2026-04-04
12913,81690,5032,54909.28,2026-04-11
12914,87933,2914,18287.07,2026-04-16
12915,8377,2248,29992.13,2026-04-09
12916,72758,9468,67584.85,2026-04-23
12917,27143,1987,74816.16,2026-04-21
12918,57915,5681,29359.19,2026-04-30
12919,62894,869,14856.59,2026-04-23
12920,9672,4042,69962.59,2026-05-01
12921,21615,9502,22941.79,2026-04-26
12922,9697,8304,96865.06,2026-04-04
12923,15567,951,11490.09,2026-05-02
12924,36621,9781,48149.69,2026-04-28
12925,55124,9836,79775.8,2026-05-02
12926,64662,677,96225.62,2026-04-22
12927,45676,5091,26555.86,2026-04-17
12928,74596,6503,49009.97,2026-04-14
12929,14614,7825,43983.11,2026-04-04
12930,4516,1290,55423.15,2026-05-01
12931,16938,6468,94715.52,2026-04-20
12932,84682,7686,73308.89,2026-04-22
12933,23243,5049,35589.99,2026-04-06
12934,79475,8742,96610.49,2026-04-24
12935,1107,7211,51104.25,2026-04-26
12936,87240,5843,36278.97,2026-04-21
12937,65071,5598,13913.0,2026-05-03
12938,71478,8897,60928.01,2026-05-02
12939,88361,5576,79277.62,2026-04-21
12940,41023,8470,19437.42,2026-04-12
12941,97369,2231,13182.76,2026-04-10
12942,19814,8988,93917.89,2026-04-25
12943,58090,8243,9020.91,2026-04-14
12944,85079,9432,48821.17,2026-04-05
12945,4578,2906,75411.68,2026-04-30
12946,94271,3185,46553.79,2026-04-12
12947,98060,6569,8132.08,2026-04-14
12948,68906,4777,93018.42,2026-04-23
12949,3584,8414,8791.31,2026-05-01
12950,63380,4293,17749.4,2026-04-22
12951,56221,6796,65425.95,2026-04-15
12952,56235,9530,40813.73,2026-04-12
12953,63745,3320,58471.83,2026-04-30
12954,27511,2419,26589.93,2026-05-03
12955,37498,1158,27159.34,2026-05-03
12956,30537,3447,61872.5,2026-05-02
12957,70931,6005,85813.09,2026-04-12
12958,40908,5258,16354.42,2026-04-20
12959,96655,9374,35361.07,2026-04-30
12960,50327,1557,42098.99,2026-04-19
12961,38582,4518,29558.52,2026-04-04
12962,48614,2301,56286.47,2026-04-21
12963,34803,9449,93821.08,2026-04-24
12964,12791,224,67264.86,2026-04-27
12965,56526,2063,70230.8,2026-04-27
12966,23089,1786,51205.03,2026-04-05
12967,1750,4193,77311.16,2026-04-20
12968,39945,8357,63746.3,2026-05-04
12969,56732,4690,8631.76,2026-04-17
12970,59708,6262,41048.03,2026-04-12
12971,54484,825,86868.84,2026-04-28
12972,64902,1624,80767.44,2026-05-03
12973,59497,6161,85410.1,2026-05-01
12974,14251,3236,76678.88,2026-04-11
12975,13885,7382,43180.14,2026-05-01
12976,3813,4428,88088.07,2026-04-10
12977,19588,7304,90861.31,2026-04-26
12978,16249,8181,53759.99,2026-04-12
12979,98781,7346,59470.03,2026-04-23
12980,5218,9218,73123.68,2026-04-28
12981,51219,522,43162.26,2026-05-01
12982,39571,6036,98068.89,2026-04-20
12983,4728,1031,13868.45,2026-04-22
12984,29723,6993,35208.94,2026-04-25
12985,70029,1062,78938.58,2026-04-18
12986,93778,7259,55783.55,2026-04-07
12987,64021,5339,94519.66,2026-04-29
12988,15204,3054,17779.56,2026-04-17
12989,86480,520,54187.51,2026-04-24
12990,75152,8972,66015.51,2026-04-30
12991,62369,8152,13710.32,2026-04-12
12992,38557,8511,57313.14,2026-05-02
12993,14249,9259,11887.82,2026-04-25
12994,36766,47,12767.17,2026-04-07
12995,59941,5225,96781.58,2026-04-08
12996,69973,4357,69284.04,2026-04-19
12997,69321,5682,42667.18,2026-04-19
12998,33820,7620,31966.51,2026-05-05
12999,18904,9239,31426.48,2026-04-12
13000,78154,8606,34724.72,2026-04-28
13001,71611,8552,12376.75,2026-04-29
13002,92021,969,85342.83,2026-05-01
13003,94063,1459,39474.54,2026-04-23
13004,31047,5091,79433.96,2026-04-16
13005,10356,220,60098.51,2026-05-04
13006,68397,830,45003.96,2026-04-24
13007,77607,4410,90717.04,2026-04-06
13008,88404,502,33865.62,2026-04-24
13009,4279,8396,49031.78,2026-05-03
13010,95501,329,15271.91,2026-04-10
13011,51716,5117,75731.7,2026-04-20
13012,75187,2448,64769.68,2026-04-21
13013,52343,685,55568.13,2026-04-22
13014,22292,6357,62095.76,2026-04-23
13015,74604,2542,88230.5,2026-04-13
13016,73351,8996,34096.42,2026-04-25
13017,13798,679,9115.62,2026-05-04
13018,28511,8615,82108.55,2026-04-22
13019,45821,6811,95801.45,2026-04-25
13020,15407,4818,46890.67,2026-04-15
13021,45783,8240,64696.57,2026-04-28
13022,38526,4167,98596.31,2026-04-21
13023,37932,2876,51249.84,2026-04-22
13024,18693,2228,68998.69,2026-04-23
13025,27036,4160,67431.84,2026-04-14
13026,46706,1698,77025.0,2026-04-19
13027,84745,8325,28281.67,2026-05-06
13028,95030,8985,46286.18,2026-04-08
13029,63245,4666,89986.06,2026-04-27
13030,53451,4968,5805.09,2026-04-30
13031,15403,1841,32124.07,2026-04-29
13032,15734,87,12759.25,2026-04-16
13033,1576,8571,50240.8,2026-04-27
13034,98999,2795,33452.37,2026-05-03
13035,96250,9144,81392.82,2026-04-10
13036,85425,2989,93875.6,2026-04-28
13037,38097,3350,36076.41,2026-04-23
13038,67359,3006,59487.53,2026-04-12
13039,89228,5191,56541.55,2026-05-06
13040,97795,1781,94802.25,2026-04-20
13041,78031,9524,47236.6,2026-04-13
13042,8158,7722,33310.59,2026-04-22
13043,25888,7507,47017.56,2026-04-19
13044,96393,9890,58052.33,2026-05-02
13045,64472,3763,73218.45,2026-04-18
13046,32507,9440,97541.25,2026-04-09
13047,96337,2386,53804.0,2026-04-18
13048,12674,9968,76875.19,2026-04-21
13049,44461,2793,16020.2,2026-05-03
13050,40309,2816,27573.48,2026-04-13
13051,94542,7368,80905.89,2026-04-19
13052,95882,2437,59282.47,2026-04-30
13053,44985,9852,72879.86,2026-05-06
13054,1719,9937,39700.02,2026-04-23
13055,17764,5554,18802.05,2026-04-11
13056,35670,9269,59011.02,2026-05-08
13057,93260,2286,98178.38,2026-04-18
13058,19183,3609,30593.78,2026-04-24
13059,66444,3063,28314.16,2026-04-27
13060,75406,9292,8260.23,2026-05-08
13061,21300,2138,23729.17,2026-05-07
13062,35413,4146,71679.16,2026-04-20
13063,15729,4629,83970.85,2026-04-23
13064,71291,540,80247.23,2026-04-24
13065,5602,9408,47530.18,2026-04-25
13066,56989,2500,70003.01,2026-04-14
13067,10696,579,82931.58,2026-04-17
13068,13607,6530,62293.67,2026-04-11
13069,43630,7571,90689.7,2026-04-14
13070,11535,610,68573.68,2026-05-09
13071,95024,3721,9214.93,2026-05-04
13072,65499,5467,30324.95,2026-04-18
13073,55789,3991,21121.03,2026-04-22
13074,90738,8041,58168.32,2026-04-23
13075,58241,2052,10532.81,2026-05-03
13076,71913,6159,93137.48,2026-04-28
13077,13964,2619,97451.02,2026-05-09
13078,78645,1083,89689.82,2026-04-18
13079,29855,6791,79911.94,2026-04-30
13080,71714,2423,27585.58,2026-04-30
13081,66543,8712,28915.85,2026-04-22
13082,36951,1786,33526.8,2026-04-14
13083,76088,3089,72572.21,2026-04-22
13084,32202,4175,67737.74,2026-04-25
13085,13048,9917,31031.49,2026-05-01
13086,93338,9866,99760.25,2026-05-04
13087,99485,235,78573.43,2026-04-29
13088,81461,1720,20026.52,2026-04-22
13089,24401,3316,81126.17,2026-05-04
13090,35202,910,5839.94,2026-05-06
13091,3939,6502,28240.67,2026-04-17
13092,74637,4736,70521.57,2026-05-05
13093,32569,6200,40869.05,2026-05-03
13094,26611,9313,42966.39,2026-04-11
13095,76945,6544,68424.74,2026-04-14
13096,87296,8247,93514.18,2026-04-20
13097,86444,7523,94385.21,2026-04-23
13098,80784,1751,26445.62,2026-04-15
13099,13340,4073,67542.0,2026-05-07
13100,68917,7523,81412.18,2026-04-23
13101,37375,743,89068.52,2026-05-02
13102,80723,9047,13585.21,2026-05-10
13103,65539,9566,81690.82,2026-04-15
13104,43265,6191,90854.71,2026-05-04
13105,26369,3366,55022.5,2026-05-10
13106,35522,3117,58399.84,2026-05-07
13107,31228,6154,18427.58,2026-04-15
13108,11910,2789,71488.15,2026-04-16
13109,43873,5911,81098.8,2026-05-04
13110,14473,5751,25890.43,2026-05-02
13111,32004,6334,39806.86,2026-05-08
13112,76309,8871,46645.45,2026-04-28
13113,62164,9027,27908.39,2026-05-06
13114,66862,845,25941.9,2026-04-16
13115,18168,5658,55241.48,2026-04-30
13116,78253,2267,91369.72,2026-04-23
13117,42807,8122,61642.72,2026-04-19
13118,15264,1618,49792.79,2026-04-20
13119,73530,7591,13393.0,2026-04-21
13120,24188,1451,61091.74,2026-04-29
13121,7390,7554,65783.76,2026-05-01
13122,9797,2650,23217.58,2026-04-21
13123,40118,9639,34349.0,2026-05-06
13124,9879,2984,70179.75,2026-04-20
13125,12445,354,60139.44,2026-05-10
13126,38737,4425,49514.17,2026-04-13
13127,34243,8573,58541.89,2026-04-19
13128,89114,8589,60809.18,2026-04-24
13129,20140,9445,20064.74,2026-05-12
13130,39600,9520,37970.35,2026-04-14
13131,90757,6982,86915.31,2026-05-06
13132,24033,707,46818.02,2026-04-21
13133,1817,2078,17643.1,2026-05-03
13134,78703,388,62083.9,2026-05-05
13135,15783,3546,41435.36,2026-05-05
13136,95379,3304,29533.18,2026-04-20
13137,26244,5037,35761.24,2026-04-27
13138,35944,7501,96596.13,2026-05-10
13139,46288,8382,39430.15,2026-05-06
13140,97096,5295,62913.73,2026-05-06
13141,88049,1068,63519.91,2026-04-20
13142,81929,7550,48346.21,2026-04-24
13143,62870,5583,99996.67,2026-04-18
13144,617,8785,84865.04,2026-05-07
13145,86846,5620,36708.18,2026-05-13
13146,7596,1764,40497.99,2026-04-19
13147,93244,8305,95282.29,2026-05-03
13148,74770,2017,53055.99,2026-04-26
13149,19142,2193,96520.61,2026-04-25
13150,70875,6107,98969.65,2026-04-20
13151,60173,4649,70244.15,2026-04-29
13152,95942,3280,51003.24,2026-04-17
13153,22729,1007,19913.8,2026-05-12
13154,51242,1508,95887.02,2026-04-21
13155,93382,3153,65219.68,2026-05-05
13156,40126,7216,37980.21,2026-05-01
13157,8920,2125,31258.11,2026-04-16
13158,82953,6932,22292.56,2026-04-29
13159,91151,1610,79773.22,2026-05-08
13160,82372,1036,28512.02,2026-04-16
13161,50561,1714,83008.0,2026-04-28
13162,75041,3619,55790.51,2026-05-04
13163,86419,9048,21880.09,2026-05-02
13164,4149,7464,61391.24,2026-04-30
13165,40474,5875,41235.19,2026-05-06
13166,63815,3510,67290.35,2026-04-20
13167,18671,1622,75055.36,2026-05-02
13168,17598,5826,78316.65,2026-04-20
13169,9227,3815,59771.54,2026-04-26
13170,18329,9284,29293.97,2026-04-19
13171,39575,1713,67981.59,2026-04-26
13172,52945,8473,44920.52,2026-05-06
13173,64729,6821,85433.33,2026-04-22
13174,44270,8802,30914.39,2026-05-08
13175,28867,101,24334.84,2026-05-11
13176,74074,9780,55537.75,2026-05-01
13177,54600,1136,27706.62,2026-04-18
13178,81408,4253,46126.85,2026-04-18
13179,50815,6603,17722.85,2026-05-04
13180,98145,5181,44045.91,2026-05-12
13181,5189,8887,19217.75,2026-05-12
13182,33775,4991,76498.65,2026-04-18
13183,92627,3560,67536.52,2026-04-26
13184,56410,5666,94702.94,2026-05-09
13185,11946,5713,25146.44,2026-05-15
13186,74052,6777,73020.68,2026-05-15
13187,22896,5311,80187.69,2026-05-09
13188,51604,4081,42702.35,2026-04-20
13189,15351,5785,37798.93,2026-04-24
13190,66911,4440,82265.2,2026-05-10
13191,48918,1304,31296.6,2026-05-12
13192,46648,6198,26340.56,2026-05-05
13193,49617,1224,72083.9,2026-04-20
13194,91539,3107,39537.56,2026-04-22
13195,64491,3393,56648.19,2026-05-07
13196,38207,5032,8717.92,2026-05-11
13197,55713,2485,9087.11,2026-04-25
13198,99743,8716,42621.92,2026-05-14
13199,74891,9330,90825.3,2026-05-01
13200,63193,8172,54350.86,2026-05-10
13201,57813,7226,48743.74,2026-05-16
13202,56395,6491,7856.54,2026-04-19
13203,68485,2338,40386.42,2026-05-06
13204,56663,862,97974.31,2026-04-28
13205,60460,5513,41228.32,2026-05-16
13206,96336,1302,70434.29,2026-04-28
13207,61400,7443,43782.09,2026-04-19
13208,87266,1715,37503.73,2026-04-18
13209,69808,836,78535.36,2026-05-03
13210,4523,883,26145.7,2026-04-26
13211,88763,7300,51736.58,2026-05-15
13212,52513,8012,44932.5,2026-04-29
13213,41100,2438,93680.19,2026-05-10
13214,36157,9117,32384.3,2026-04-20
13215,10916,772,25630.75,2026-04-28
13216,20915,2349,66220.24,2026-05-15
13217,68281,9020,15466.59,2026-04-19
13218,76315,238,61650.59,2026-05-17
13219,31963,1419,12802.13,2026-04-30
13220,65912,9872,70210.1,2026-05-13
13221,14048,8920,78604.19,2026-05-13
13222,98184,1458,67066.1,2026-05-13
13223,61833,8029,79089.74,2026-04-27
13224,61908,7459,94727.37,2026-05-17
13225,73982,1189,18698.89,2026-05-16
13226,71510,5444,24804.63,2026-05-01
13227,6053,199,54651.4,2026-05-11
13228,36992,2396,99990.12,2026-05-04
13229,42587,4068,77042.77,2026-05-15
13230,49483,7051,23082.54,2026-04-27
13231,37803,6927,36057.71,2026-04-22
13232,40298,8947,13836.51,2026-04-22
13233,77207,9982,55270.34,2026-05-03
13234,1363,5162,49353.77,2026-05-05
13235,9951,3655,52553.05,2026-05-14
13236,40988,8011,8273.86,2026-05-16
13237,63240,1328,74543.82,2026-05-19
13238,74895,6882,51474.14,2026-05-04
13239,67252,1324,82819.95,2026-05-01
13240,31862,6373,74941.74,2026-05-08
13241,87198,194,12472.45,2026-05-09
13242,43710,2731,15771.25,2026-05-12
13243,72216,8392,57322.97,2026-05-13
13244,11819,9079,93428.63,2026-05-12
13245,79029,6832,38229.14,2026-05-18
13246,91160,4871,51600.01,2026-05-01
13247,47998,399,62547.21,2026-04-24
13248,20536,636,71539.09,2026-05-14
13249,75627,9569,81683.93,2026-04-22
13250,86675,6306,15053.19,2026-04-23
13251,69005,9412,9390.5,2026-05-04
13252,51760,3083,21545.59,2026-05-09
13253,77148,4099,52262.1,2026-05-01
13254,57037,1649,83269.58,2026-04-21
13255,31813,7118,20569.68,2026-05-02
13256,17304,7136,72149.99,2026-04-27
13257,69930,5352,74692.5,2026-05-03
13258,81226,8356,18952.41,2026-05-06
13259,65682,213,97355.79,2026-05-05
13260,29466,2786,62997.17,2026-05-11
13261,40904,631,8240.61,2026-04-26
13262,65295,4523,75309.61,2026-05-08
13263,65870,167,76738.63,2026-05-11
13264,85251,5948,85248.31,2026-05-04
13265,76156,568,28172.71,2026-04-28
13266,12286,5114,13223.07,2026-04-30
13267,51130,6109,27861.11,2026-05-08
13268,8854,9662,42815.95,2026-04-23
13269,66263,8607,17971.62,2026-04-29
13270,33135,8533,74973.44,2026-04-26
13271,5241,1197,52675.5,2026-05-03
13272,61060,8711,54074.38,2026-05-07
13273,43522,2695,88300.26,2026-04-30
13274,42793,801,87692.63,2026-04-25
13275,2713,612,11529.92,2026-04-27
13276,80433,6607,27450.4,2026-04-22
13277,84145,139,10719.85,2026-05-19
13278,11190,2267,52855.57,2026-04-25
13279,10856,3078,55079.46,2026-04-26
13280,86262,439,14937.07,2026-04-26
13281,30798,120,47574.39,2026-05-10
13282,82104,9443,25752.68,2026-05-09
13283,83057,7370,66488.07,2026-05-17
13284,6575,8022,13565.03,2026-05-11
13285,9992,5011,35886.24,2026-05-13
13286,50642,9769,70426.7,2026-05-13
13287,21925,386,51043.0,2026-05-03
13288,60184,5355,88355.12,2026-04-25
13289,45759,9657,92981.54,2026-05-16
13290,56724,4630,48323.68,2026-05-20
13291,90564,9031,85847.66,2026-04-26
13292,69574,9645,95387.87,2026-05-11
13293,55114,1131,88569.02,2026-04-24
13294,45412,1545,75730.83,2026-05-02
13295,89263,9403,49362.65,2026-05-13
13296,11575,4868,79869.27,2026-05-15
13297,20326,4690,77820.54,2026-05-19
13298,98479,7247,21493.67,2026-04-25
13299,5222,1811,21400.62,2026-05-06
13300,61168,4938,87641.27,2026-04-25
13301,57152,412,92871.33,2026-05-22
13302,75820,7428,67517.99,2026-05-23
13303,64539,7858,62445.71,2026-05-15
13304,63636,7401,65883.16,2026-05-06
13305,94294,8950,87180.28,2026-05-20
13306,85422,8138,28118.1,2026-05-16
13307,82889,4230,58821.69,2026-05-15
13308,28914,5809,91362.27,2026-05-23
13309,20943,4879,75970.78,2026-05-03
13310,34308,9985,62680.36,2026-05-22
13311,55912,1952,94000.86,2026-05-03
13312,35900,5128,51928.36,2026-05-03
13313,39934,3484,50985.38,2026-05-05
13314,54609,6414,85519.49,2026-05-17
13315,94675,7546,39321.8,2026-04-27
13316,69615,561,39648.86,2026-05-14
13317,93919,3532,83940.16,2026-05-01
13318,89323,2166,89066.21,2026-05-01
13319,770,9112,95199.61,2026-05-04
13320,52029,3650,28428.82,2026-04-25
13321,24791,5701,93742.27,2026-05-08
13322,62186,7125,21389.0,2026-05-19
13323,66424,1270,82062.25,2026-04-30
13324,321,4054,52720.5,2026-05-11
13325,93614,8119,88518.34,2026-05-23
13326,80707,1860,30675.72,2026-05-09
13327,68601,8848,13202.6,2026-05-07
13328,38029,8809,10380.86,2026-04-26
13329,20287,423,39115.08,2026-05-08
13330,91578,7109,28958.99,2026-05-10
13331,98453,6787,13804.93,2026-05-20
13332,92942,3653,65012.88,2026-05-06
13333,10187,8445,87217.51,2026-05-18
13334,12383,7746,75873.35,2026-05-01
13335,21580,8691,59420.87,2026-04-27
13336,7629,1017,76864.62,2026-04-25
13337,68193,1881,13121.13,2026-05-17
13338,43244,1410,61009.96,2026-05-06
13339,85041,6820,82371.49,2026-05-19
13340,87533,3263,89181.84,2026-05-06
13341,39403,281,77880.93,2026-05-15
13342,48472,4031,71127.0,2026-04-30
13343,73780,1462,38352.02,2026-05-17
13344,86470,1585,14581.24,2026-05-04
13345,67630,3298,50737.87,2026-05-02
13346,77362,7096,60391.09,2026-05-12
13347,38710,1624,58841.72,2026-05-18
13348,70740,6222,9868.92,2026-04-28
13349,76541,1836,37063.47,2026-05-17
13350,51493,5929,63855.31,2026-04-25
13351,69284,7998,99099.93,2026-04-26
13352,20807,511,26622.95,2026-05-09
13353,79223,6664,19775.88,2026-04-29
13354,98423,6164,50316.45,2026-05-23
13355,80088,5779,34672.73,2026-05-06
13356,60371,1988,11803.14,2026-04-26
13357,49820,9436,81269.03,2026-05-06
13358,88933,1052,10311.03,2026-05-13
13359,6172,3342,9208.5,2026-05-16
13360,13703,5365,60666.91,2026-05-21
13361,99845,8201,31157.01,2026-05-17
13362,76936,8794,44043.03,2026-05-18
13363,21026,980,88330.07,2026-05-23
13364,12520,1177,91479.49,2026-05-19
13365,51777,2173,20310.43,2026-05-02
13366,36488,4309,54728.74,2026-04-29
13367,44167,3235,35374.7,2026-05-17
13368,35996,9061,57170.93,2026-05-25
13369,10917,3816,83422.52,2026-05-07
13370,3753,8169,22651.42,2026-05-04
13371,40524,2076,40871.91,2026-05-05
13372,72081,4051,97344.97,2026-05-20
13373,95359,2312,43018.25,2026-05-04
13374,74184,6680,30844.8,2026-05-08
13375,14445,9804,80065.96,2026-05-05
13376,77935,2447,91077.83,2026-04-26
13377,88394,2444,55794.43,2026-05-24
13378,66521,7003,49013.3,2026-05-26
13379,69897,1444,98233.8,2026-04-28
13380,30117,3386,98702.61,2026-05-23
13381,78108,2238,80725.98,2026-05-26
13382,64118,739,40603.01,2026-05-02
13383,97397,7111,90184.19,2026-05-21
13384,99818,8523,78745.58,2026-05-09
13385,19986,478,19902.15,2026-05-12
13386,74281,9378,49895.69,2026-05-20
13387,97223,1264,93615.7,2026-05-10
13388,17978,7909,49640.37,2026-05-02
13389,28042,7220,42967.69,2026-05-04
13390,83775,7773,99867.77,2026-05-16
13391,45987,3300,34305.44,2026-05-08
13392,19555,354,52924.54,2026-05-26
13393,91186,4824,61259.21,2026-05-10
13394,43767,6522,24278.34,2026-05-24
13395,98358,580,17151.11,2026-05-01
13396,35119,1595,44232.25,2026-05-23
13397,14357,919,78178.94,2026-05-03
13398,72109,8357,49647.26,2026-05-25
13399,70756,6072,81513.29,2026-05-08
13400,36255,8431,35554.62,2026-05-16
13401,38652,4200,72784.98,2026-05-11
13402,98200,5863,5306.85,2026-05-10
13403,15599,8504,93467.66,2026-05-02
13404,32684,4806,23096.42,2026-05-23
13405,71996,8040,81305.44,2026-05-12
13406,28662,4839,83023.03,2026-05-11
13407,86119,6276,29529.44,2026-05-23
13408,62602,9911,8845.5,2026-05-21
13409,58476,3004,59445.24,2026-05-05
13410,69287,7582,85105.84,2026-05-18
13411,4817,2506,44617.99,2026-05-03
13412,36817,1926,23962.3,2026-04-29
13413,40394,7894,98284.79,2026-05-23
13414,67437,8561,56837.38,2026-05-08
13415,78201,2202,61268.24,2026-05-13
13416,48665,1202,38610.72,2026-05-22
13417,46817,9875,55745.51,2026-05-17
13418,94228,8228,58863.1,2026-05-15
13419,32981,1951,70895.68,2026-05-22
13420,83178,2498,80025.92,2026-04-30
13421,45829,5383,77038.88,2026-05-28
13422,40168,9891,76612.73,2026-05-18
13423,37076,9553,90930.73,2026-04-29
13424,31943,7147,91357.17,2026-05-09
13425,62553,6072,88100.25,2026-05-26
13426,96530,4284,55624.36,2026-05-27
13427,2331,6221,62130.94,2026-05-28
13428,68218,8044,44118.37,2026-05-04
13429,10734,5742,82256.43,2026-05-10
13430,36810,876,30817.78,2026-05-10
13431,12395,1979,84997.45,2026-05-11
13432,30932,4937,32111.36,2026-05-12
13433,56040,3974,21764.92,2026-05-07
13434,30641,1067,56624.51,2026-05-24
13435,71160,7588,30479.28,2026-05-25
13436,9808,886,84045.39,2026-05-22
13437,48289,6871,16924.66,2026-05-27
13438,28663,518,50599.37,2026-05-22
13439,29304,2422,48535.01,2026-05-04
13440,6916,5074,44566.78,2026-05-19
13441,67823,5864,84286.75,2026-05-21
13442,43948,3182,58644.33,2026-05-28
13443,2297,5982,66148.2,2026-05-05
13444,44146,1201,42772.65,2026-05-07
13445,44158,3703,88814.28,2026-05-27
13446,67771,5271,80101.49,2026-05-03
13447,72727,4952,90837.16,2026-05-24
13448,35250,9054,12434.49,2026-05-26
13449,43620,2818,20891.06,2026-05-08
13450,45985,4540,54643.87,2026-05-26
13451,86927,9304,16753.99,2026-05-17
13452,82537,5130,98849.32,2026-05-09
13453,79745,3484,51765.43,2026-05-29
13454,66650,7182,67231.88,2026-05-19
13455,94672,2495,54415.67,2026-05-22
13456,76682,2191,52448.12,2026-05-10
13457,38675,5624,94151.49,2026-05-28
13458,46983,4127,20260.64,2026-05-07
13459,93298,8080,51599.04,2026-05-05
13460,96978,97,62849.05,2026-05-25
13461,5670,3618,93402.94,2026-05-21
13462,8286,2570,5860.49,2026-05-20
13463,73357,9605,29844.42,2026-05-24
13464,2589,5672,40366.36,2026-05-29
13465,87659,8187,88533.03,2026-05-18
13466,30377,818,11819.19,2026-05-30
13467,84631,7417,71313.88,2026-05-03
13468,57450,9069,80353.94,2026-05-12
13469,9255,6978,77806.65,2026-05-09
13470,93114,3104,17725.7,2026-05-06
13471,79163,9219,11809.97,2026-05-11
13472,74653,7948,30427.95,2026-05-03
13473,82142,550,49110.57,2026-05-14
13474,53999,2409,16152.77,2026-05-25
13475,2865,9813,43581.56,2026-05-07
13476,34394,7624,26261.35,2026-05-17
13477,80947,3227,93452.68,2026-05-18
13478,82921,3040,80847.18,2026-05-26
13479,65519,6375,35324.35,2026-05-13
13480,52784,692,5164.02,2026-05-22
13481,3377,3684,6595.1,2026-05-30
13482,60723,2064,42578.11,2026-05-18
13483,19194,1142,79036.86,2026-05-15
13484,51273,6987,68210.31,2026-05-13
13485,31138,1079,74732.19,2026-05-05
13486,21913,8173,30547.87,2026-05-05
13487,57422,5406,60379.45,2026-05-22
13488,5580,1232,13423.35,2026-05-22
13489,8747,335,74538.89,2026-05-18
13490,20617,2195,20118.08,2026-05-02
13491,72733,403,46671.48,2026-05-02
13492,12986,4817,12901.43,2026-05-19
13493,97357,9936,16812.68,2026-05-14
13494,88965,8065,7524.18,2026-05-19
13495,70242,6518,29775.91,2026-05-30
13496,68868,7973,48054.75,2026-05-14
13497,96018,7645,79503.66,2026-05-03
13498,31207,6743,38261.77,2026-05-25
13499,59153,8340,91402.6,2026-05-28
13500,56061,2255,89926.09,2026-05-22
13501,91207,8930,64468.16,2026-05-13
13502,64914,7870,87480.57,2026-05-12
13503,33030,8482,58216.29,2026-05-22
13504,6169,1412,49279.67,2026-05-29
13505,63517,1381,80289.55,2026-05-29
13506,82288,9913,42185.75,2026-05-14
13507,53823,3131,17070.6,2026-05-25
13508,43943,5518,17221.87,2026-05-19
13509,79784,6256,65627.25,2026-05-31
13510,47023,9522,70872.35,2026-05-10
13511,74485,9905,67268.37,2026-05-23
13512,88428,5626,57540.68,2026-05-21
13513,30889,4148,99432.99,2026-05-27
13514,32497,4202,5878.81,2026-05-06
13515,5815,4469,39997.92,2026-05-24
13516,8563,3395,53519.16,2026-05-04
13517,43038,373,35804.61,2026-05-07
13518,57323,543,98057.75,2026-05-27
13519,20096,29,99529.62,2026-05-19
13520,58320,9659,87712.65,2026-05-26
13521,82208,8847,11251.05,2026-05-09
13522,95056,5921,68019.94,2026-05-30
13523,60150,5920,17795.64,2026-05-15
13524,17702,4253,9925.78,2026-05-07
13525,57674,4068,61009.87,2026-05-10
13526,9373,8904,23556.98,2026-05-26
13527,50339,2125,64333.5,2026-06-01
13528,55106,2055,62572.64,2026-05-08
13529,44719,8449,7261.23,2026-06-03
13530,35300,1854,53068.82,2026-05-21
13531,65418,8873,23243.85,2026-05-08
13532,57930,2441,58266.64,2026-05-07
13533,45875,9382,32712.22,2026-05-31
13534,71649,2602,79673.19,2026-05-13
13535,56239,6294,56668.02,2026-05-24
13536,15125,8374,10077.96,2026-05-13
13537,74163,1769,42058.82,2026-05-05
13538,58023,5045,62826.51,2026-05-08
13539,45881,4205,41197.2,2026-05-17
13540,60844,6443,13938.5,2026-05-23
13541,68178,6711,89891.97,2026-05-25
13542,76255,2973,21533.8,2026-05-07
13543,73282,8832,73892.82,2026-06-02
13544,81829,9566,90150.38,2026-05-09
13545,93204,748,93551.79,2026-05-07
13546,40338,2868,64507.96,2026-05-12
13547,3554,3385,54963.41,2026-05-08
13548,69206,9240,38998.35,2026-05-14
13549,24068,4549,83481.22,2026-06-04
13550,3887,9414,75795.86,2026-05-09
13551,87911,1614,45209.68,2026-06-03
13552,87466,499,83235.24,2026-05-14
13553,41022,2094,58754.08,2026-05-09
13554,18695,636,67374.43,2026-05-20
13555,35643,8864,58533.66,2026-05-27
13556,20126,21,44300.07,2026-05-18
13557,13106,3842,10944.82,2026-05-30
13558,99226,8412,59738.59,2026-06-02
13559,49270,8795,43090.12,2026-05-24
13560,86906,6299,62743.79,2026-06-04
13561,21835,2842,54050.8,2026-05-12
13562,80134,5130,74463.55,2026-05-11
13563,15804,3910,29805.86,2026-05-21
13564,52828,1572,6160.87,2026-06-01
13565,90446,9076,56490.79,2026-05-31
13566,9646,4589,64236.38,2026-05-23
13567,41593,2749,83003.67,2026-05-24
13568,18620,6571,13287.34,2026-06-05
13569,24535,9911,53872.4,2026-05-29
13570,71064,107,6392.11,2026-06-05
13571,95950,8673,30589.94,2026-05-28
13572,73928,7469,44626.68,2026-05-16
13573,13290,279,11369.57,2026-05-22
13574,20015,6940,68868.29,2026-05-09
13575,20962,469,98237.86,2026-06-04
13576,851,5988,54536.43,2026-06-03
13577,89673,5353,12629.67,2026-05-28
13578,9636,944,30201.08,2026-05-19
13579,5283,8854,36966.29,2026-05-11
13580,79203,5639,21657.95,2026-05-19
13581,38683,5858,19563.98,2026-06-01
13582,74151,1094,92359.36,2026-05-26
13583,80042,4826,83364.95,2026-06-03
13584,25808,7096,82533.67,2026-05-08
13585,66548,409,16825.73,2026-05-15
13586,86869,6225,66693.64,2026-05-30
13587,43865,1363,91899.24,2026-06-03
13588,10342,3837,65471.54,2026-05-11
13589,63088,3731,65666.65,2026-05-29
13590,33411,5823,60563.95,2026-05-17
13591,88836,8815,11016.26,2026-05-07
13592,57978,7233,57727.14,2026-05-17
13593,78527,1463,26085.16,2026-05-22
13594,40269,5697,76432.2,2026-05-09
13595,47722,2793,16980.44,2026-05-08
13596,14800,334,92889.32,2026-05-18
13597,54971,9215,43985.28,2026-05-12
13598,42789,6979,45886.36,2026-05-31
13599,64120,1595,56366.87,2026-05-23
13600,85297,7372,23629.2,2026-05-28
13601,794,480,84690.31,2026-05-24
13602,76529,6657,11165.62,2026-06-01
13603,47200,8734,49636.36,2026-05-15
13604,65632,2214,64198.44,2026-05-22
13605,91589,1989,29465.88,2026-05-15
13606,29377,2670,32399.89,2026-05-19
13607,54048,2284,76211.18,2026-05-31
13608,78975,2239,33748.39,2026-05-20
13609,22643,1645,9344.71,2026-06-06
13610,23284,5068,36895.48,2026-05-24
13611,64702,6774,68319.29,2026-05-27
13612,27000,3136,34871.56,2026-05-14
13613,95229,7021,43978.34,2026-05-24
13614,21414,3722,81660.74,2026-05-25
13615,53349,8678,82759.28,2026-05-09
13616,29508,8389,69623.01,2026-06-06
13617,85067,6320,48975.59,2026-05-17
13618,3496,7044,37369.79,2026-06-02
13619,61145,8863,55443.11,2026-06-03
13620,70222,9424,51158.49,2026-06-05
13621,87989,6509,63828.81,2026-05-18
13622,61748,7418,80063.29,2026-05-21
13623,82075,8865,18468.11,2026-05-31
13624,46766,1014,49338.78,2026-05-22
13625,46691,9940,49014.99,2026-05-22
13626,27703,3149,68884.83,2026-06-04
13627,39792,4681,74374.03,2026-06-06
13628,94370,6232,96028.06,2026-05-15
13629,36406,2383,7336.21,2026-05-13
13630,51607,8753,7325.15,2026-05-17
13631,19912,537,97533.02,2026-05-13
13632,91546,2355,47125.47,2026-05-25
13633,10151,6184,70844.68,2026-05-24
13634,57094,3808,52687.82,2026-05-23
13635,77888,1582,23495.38,2026-05-11
13636,2559,3421,82969.03,2026-05-13
13637,44677,979,68975.02,2026-05-11
13638,55963,1825,17126.36,2026-06-02
13639,13436,7685,78919.87,2026-06-05
13640,67872,4067,24592.98,2026-06-07
13641,38192,3916,54975.39,2026-05-16
13642,6481,6791,95385.72,2026-05-24
13643,99121,1272,7624.05,2026-05-27
13644,70037,9734,45532.34,2026-05-29
13645,46404,4014,28362.88,2026-06-08
13646,55626,2051,50925.23,2026-05-22
13647,3308,1294,92519.56,2026-05-20
13648,95282,9780,58303.93,2026-05-29
13649,68858,2545,18046.32,2026-05-21
13650,39863,214,85036.45,2026-05-11
13651,64586,947,67884.93,2026-06-07
13652,5065,1316,87345.53,2026-05-22
13653,92356,2187,88455.79,2026-05-21
13654,96555,9256,55044.42,2026-05-13
13655,59097,1955,17293.86,2026-06-08
13656,31944,2879,47057.38,2026-05-18
13657,52247,2610,29440.54,2026-05-11
13658,92944,4000,34092.02,2026-05-13
13659,33983,416,20340.86,2026-05-27
13660,69620,2483,13077.32,2026-06-02
13661,77693,6620,31973.24,2026-05-14
13662,91174,4778,34033.76,2026-05-22
13663,81159,3246,71958.35,2026-06-03
13664,14167,702,78987.09,2026-05-31
13665,66539,4149,49538.68,2026-05-25
13666,37165,8020,80586.81,2026-05-25
13667,65980,5990,43041.35,2026-05-16
13668,3333,6470,30003.17,2026-06-06
13669,26771,8694,80387.35,2026-05-17
13670,24878,7965,41792.45,2026-06-05
13671,95971,5018,92993.3,2026-05-18
13672,50301,5060,53477.04,2026-06-04
13673,14226,1280,44319.12,2026-05-13
13674,83377,6820,27327.16,2026-05-22
13675,52206,4539,32683.19,2026-05-20
13676,65846,6480,46850.56,2026-05-31
13677,51937,7525,52811.52,2026-05-25
13678,57351,2775,75781.66,2026-05-13
13679,32279,9708,11528.25,2026-06-05
13680,40642,5819,79049.78,2026-06-04
13681,7733,6437,7492.6,2026-06-02
13682,43997,5530,49405.64,2026-05-26
13683,91012,8526,80274.9,2026-05-30
13684,33385,1464,72474.25,2026-06-06
13685,80148,1608,34068.5,2026-05-30
13686,97951,6384,59404.39,2026-05-22
13687,73322,8891,44960.89,2026-05-12
13688,27209,4664,54296.02,2026-06-04
13689,29041,4708,98354.03,2026-05-27
13690,67047,5169,32249.24,2026-06-03
13691,80446,1905,37591.76,2026-05-30
13692,36975,463,47948.38,2026-05-24
13693,98330,3895,58823.03,2026-05-29
13694,98361,535,18811.6,2026-06-06
13695,6910,3320,52032.43,2026-05-30
13696,93855,8304,79483.76,2026-05-24
13697,3746,1299,13856.29,2026-05-17
13698,41550,5934,27009.07,2026-05-23
13699,94224,1961,32811.02,2026-05-22
13700,59333,5600,70664.81,2026-05-29
13701,5159,85,50555.48,2026-05-21
13702,55444,335,11493.42,2026-05-26
13703,36804,6980,61926.53,2026-05-21
13704,15082,5000,21757.16,2026-06-06
13705,57219,8285,63830.98,2026-05-13
13706,83540,2060,98775.03,2026-05-26
13707,6994,7999,61410.78,2026-05-30
13708,88657,5842,7454.14,2026-05-25
13709,4076,6837,60886.02,2026-05-14
13710,10545,7563,78745.6,2026-05-25
13711,38237,8284,86495.03,2026-05-27
13712,26448,4736,91723.67,2026-05-23
13713,94457,3733,62678.42,2026-06-05
13714,22133,625,16036.81,2026-05-14
13715,76688,659,95844.68,2026-05-26
13716,3823,1965,70637.65,2026-06-11
13717,44336,7898,30311.87,2026-06-04
13718,39490,6043,62861.34,2026-05-15
13719,28728,6483,36167.26,2026-05-14
13720,37754,3358,12602.07,2026-05-25
13721,96038,9753,32079.85,2026-05-25
13722,83724,165,68973.73,2026-05-20
13723,79336,8511,55131.33,2026-06-04
13724,13715,805,95338.69,2026-06-12
13725,21885,7238,57477.31,2026-06-12
13726,71465,280,81005.05,2026-05-16
13727,74347,1124,24756.95,2026-06-06
13728,42849,4368,53743.19,2026-05-29
13729,52640,6346,23613.72,2026-06-10
13730,61728,1660,52747.94,2026-05-19
13731,75345,8095,17827.57,2026-05-27
13732,65150,5500,5062.3,2026-05-17
13733,69178,8002,27405.67,2026-06-02
13734,99164,3020,21596.1,2026-06-01
13735,5687,4070,91193.39,2026-06-10
13736,90813,7150,37173.91,2026-06-05
13737,62828,4796,51738.71,2026-06-05
13738,50701,935,16616.9,2026-06-12
13739,88056,5407,76225.98,2026-06-13
13740,28681,6028,42933.55,2026-05-30
13741,68495,7361,49409.7,2026-06-13
13742,97675,3385,64676.16,2026-05-31
13743,38936,9013,59507.43,2026-06-07
13744,68340,7387,37820.09,2026-06-10
13745,45457,4910,22093.65,2026-05-22
13746,80154,2325,10273.92,2026-06-05
13747,34726,900,99525.55,2026-06-04
13748,96731,2356,32309.71,2026-05-19
13749,79135,7115,20952.91,2026-05-30
13750,70250,8856,22114.92,2026-06-07
13751,78190,7737,70937.5,2026-06-10
13752,63777,394,99832.06,2026-05-20
13753,5785,1292,11187.97,2026-06-11
13754,27169,7927,54055.35,2026-05-24
13755,22479,7513,70599.34,2026-06-10
13756,31595,8707,44383.3,2026-05-31
13757,97567,2180,93106.21,2026-06-12
13758,23519,6587,48334.58,2026-05-18
13759,68105,3934,61360.75,2026-05-27
13760,8348,4928,91708.67,2026-06-11
13761,16316,1239,33780.76,2026-06-04
13762,45241,1489,37950.02,2026-05-22
13763,92265,742,46328.28,2026-06-05
13764,66921,4622,51785.12,2026-06-04
13765,98880,890,51037.18,2026-06-01
13766,58055,2788,82737.9,2026-05-30
13767,37672,5881,77620.13,2026-06-08
13768,98989,3703,21340.16,2026-05-31
13769,74337,8134,57556.4,2026-06-07
13770,2911,1957,83488.78,2026-05-17
13771,3466,1674,26386.43,2026-05-16
13772,38623,4559,61121.59,2026-06-14
13773,30202,9592,43484.8,2026-06-12
13774,35893,276,72954.36,2026-06-01
13775,55378,4115,60681.68,2026-06-04
13776,21761,1257,27421.5,2026-06-01
13777,9151,7049,77997.72,2026-05-22
13778,15953,169,82604.73,2026-05-31
13779,83532,1533,71579.82,2026-06-05
13780,66497,522,67874.58,2026-05-21
13781,82883,565,97694.15,2026-06-14
13782,25451,9864,21196.04,2026-05-29
13783,67153,8153,21483.23,2026-06-12
13784,21030,2329,75378.13,2026-05-28
13785,33214,6915,6833.74,2026-06-12
13786,29312,5944,81301.28,2026-05-25
13787,87365,860,30481.43,2026-06-13
13788,26390,1802,51433.67,2026-06-09
13789,83966,8235,54185.32,2026-05-31
13790,73354,6724,63569.32,2026-06-12
13791,37998,5901,60484.57,2026-05-30
13792,52906,2684,58271.34,2026-05-23
13793,48281,4675,97774.82,2026-05-24
13794,27215,5744,78601.6,2026-06-06
13795,76229,929,32335.49,2026-05-31
13796,25685,3779,38545.31,2026-05-28
13797,14290,8029,84893.78,2026-05-19
13798,1032,6975,74518.84,2026-06-03
13799,7381,8996,49960.68,2026-06-02
13800,66509,846,55132.52,2026-05-29
13801,84452,7638,38350.84,2026-05-26
13802,56143,8473,54249.67,2026-06-01
13803,54742,5372,41264.33,2026-05-26
13804,68987,440,15012.95,2026-06-07
13805,38993,9685,66137.62,2026-06-02
13806,88896,8250,53962.43,2026-05-18
13807,13083,8525,20634.83,2026-05-19
13808,93799,5010,42217.38,2026-05-24
13809,77190,5168,22233.33,2026-06-06
13810,64962,6216,59753.45,2026-05-29
13811,10463,40,61781.21,2026-06-13
13812,20683,110,31219.37,2026-06-08
13813,83425,793,96830.96,2026-06-10
13814,9450,8300,65972.23,2026-05-21
13815,91628,3397,45876.93,2026-06-10
13816,94114,2787,49112.01,2026-06-02
13817,98141,5523,33039.16,2026-06-11
13818,75471,1642,39657.94,2026-05-27
13819,49292,3008,5187.59,2026-06-11
13820,23761,6249,77092.93,2026-05-21
13821,41084,9522,42386.59,2026-06-11
13822,51818,8962,27785.22,2026-05-26
13823,18571,641,87956.37,2026-06-06
13824,93352,8038,59912.46,2026-06-09
13825,14110,2983,92555.6,2026-06-07
13826,31035,9415,40819.31,2026-05-30
13827,17683,6139,16119.01,2026-06-11
13828,13065,9345,73140.12,2026-05-31
13829,25354,2312,35424.38,2026-06-10
13830,20814,2751,80267.43,2026-06-08
13831,83151,307,97623.13,2026-06-06
13832,57136,4707,93967.05,2026-05-31
13833,85444,8805,74660.98,2026-06-02
13834,2087,6272,46964.1,2026-06-10
13835,56408,9824,47314.68,2026-06-06
13836,97352,7411,29952.28,2026-05-19
13837,70758,8078,95483.61,2026-06-09
13838,61330,9454,27032.63,2026-06-07
13839,27840,6619,29946.33,2026-05-24
13840,22792,1579,63728.55,2026-05-31
13841,33608,2981,79155.97,2026-06-12
13842,71944,4092,99862.39,2026-05-29
13843,53645,1496,58557.57,2026-06-09
13844,24264,3526,17105.36,2026-05-19
13845,99298,3063,63132.5,2026-06-13
13846,1907,7618,39610.13,2026-06-17
13847,58844,7049,34705.92,2026-05-24
13848,55819,956,54817.28,2026-06-08
13849,16980,4036,96715.98,2026-06-13
13850,10698,1254,98221.01,2026-06-01
13851,33439,5112,13255.42,2026-06-18
13852,34220,681,25456.92,2026-06-02
13853,66725,3794,34490.44,2026-06-03
13854,22909,1267,17788.32,2026-06-09
13855,94720,9241,63473.07,2026-05-30
13856,90890,6598,81566.19,2026-06-17
13857,49918,5232,96086.9,2026-05-26
13858,58073,6763,82529.46,2026-05-21
13859,67830,6583,63717.92,2026-06-15
13860,19549,1323,94640.04,2026-06-14
13861,8835,393,58532.57,2026-05-31
13862,51193,1754,60604.55,2026-06-05
13863,51758,4681,49289.55,2026-05-31
13864,59470,8522,15775.7,2026-06-07
13865,50688,9687,10012.35,2026-05-26
13866,19326,8765,9732.11,2026-05-21
13867,60764,6231,17482.59,2026-06-10
13868,35587,8446,33153.7,2026-06-14
13869,13648,4223,24616.29,2026-06-12
13870,96135,4921,70417.59,2026-05-23
13871,2517,8220,41077.1,2026-06-05
13872,68224,3994,49054.78,2026-06-03
13873,49746,9928,59928.22,2026-06-10
13874,9889,3209,26136.45,2026-06-03
13875,46276,6889,98877.21,2026-06-02
13876,65452,5544,79304.31,2026-05-27
13877,93462,6814,54951.3,2026-06-13
13878,28180,4153,59953.21,2026-06-12
13879,13356,992,86080.66,2026-06-12
13880,31800,9287,28527.77,2026-05-22
13881,46799,1737,22825.95,2026-05-21
13882,34451,8573,15059.93,2026-06-17
13883,78080,421,47558.26,2026-06-06
13884,42823,2122,55934.91,2026-05-28
13885,20567,7293,32858.47,2026-06-19
13886,40641,9056,42491.35,2026-06-15
13887,94983,9296,85262.06,2026-06-05
13888,54465,6822,37799.15,2026-06-09
13889,13751,2250,24105.03,2026-06-19
13890,78413,3590,5768.13,2026-06-12
13891,10316,204,51896.6,2026-06-10
13892,88961,3372,81262.56,2026-06-16
13893,8933,9932,17751.38,2026-05-28
13894,19468,6970,20940.98,2026-06-05
13895,37845,5407,92794.42,2026-06-07
13896,92950,3464,72631.49,2026-05-22
13897,69243,8111,42567.32,2026-06-16
13898,38899,4096,52090.0,2026-06-03
13899,45021,57,92107.02,2026-05-30
13900,71334,778,37521.49,2026-06-04
13901,65553,2011,31429.22,2026-06-02
13902,73023,363,30574.25,2026-06-01
13903,73016,9048,75970.52,2026-06-12
13904,77237,9485,98097.95,2026-06-09
13905,84676,1581,64597.06,2026-06-17
13906,40418,3804,93774.46,2026-06-16
13907,37561,9083,87646.74,2026-06-10
13908,59980,9855,79764.59,2026-06-03
13909,63662,8745,90287.77,2026-06-15
13910,47049,1879,28205.75,2026-06-01
13911,31824,8651,72289.6,2026-06-10
13912,6,2342,90686.78,2026-06-11
13913,90288,5228,99715.04,2026-06-20
13914,81703,8494,7145.81,2026-06-05
13915,32706,3126,39734.5,2026-06-16
13916,18566,387,46879.58,2026-06-06
13917,52209,4740,48094.52,2026-05-30
13918,49517,8747,65293.08,2026-06-02
13919,66291,3282,74758.51,2026-05-25
13920,22868,1483,14172.87,2026-05-24
13921,50001,2424,67734.37,2026-06-01
13922,24111,484,87919.75,2026-05-24
13923,14020,3775,87390.88,2026-06-12
13924,48535,6112,69752.36,2026-06-06
13925,71931,2061,22613.04,2026-06-19
13926,23713,4027,74345.57,2026-06-01
13927,55046,1123,36703.96,2026-06-22
13928,79065,3937,73809.21,2026-06-17
13929,89963,7697,46218.99,2026-05-29
13930,83090,961,70291.2,2026-05-29
13931,62366,1319,67621.88,2026-06-06
13932,83457,2131,21055.4,2026-06-11
13933,58874,6453,30302.24,2026-06-13
13934,70899,2467,81781.09,2026-05-26
13935,78189,4546,97329.99,2026-06-16
13936,72973,6786,90927.8,2026-06-07
13937,44240,2275,63715.46,2026-06-08
13938,27712,5549,88823.15,2026-06-10
13939,57155,4586,29469.86,2026-06-09
13940,27904,9659,68240.79,2026-06-22
13941,49672,4197,90118.91,2026-05-31
13942,66376,8567,6312.99,2026-06-06
13943,50553,3329,18330.08,2026-06-10
13944,11896,6770,69582.34,2026-05-28
13945,4375,8956,70665.66,2026-06-10
13946,49149,918,23521.5,2026-06-22
13947,73815,5396,10999.64,2026-05-30
13948,10835,4581,60696.19,2026-06-01
13949,85590,6563,84208.96,2026-06-11
13950,22160,5576,15337.12,2026-06-05
13951,48350,1503,34030.39,2026-06-12
13952,23756,5664,38386.51,2026-06-02
13953,96893,3559,49408.84,2026-06-13
13954,22524,6410,54806.01,2026-06-07
13955,37957,2888,18122.16,2026-05-30
13956,62233,472,12529.12,2026-05-27
13957,80442,2938,87811.87,2026-06-13
13958,53384,9149,28850.42,2026-06-12
13959,41463,1651,77931.47,2026-05-26
13960,67653,8640,55032.37,2026-06-14
13961,3318,8931,61444.91,2026-06-04
13962,79889,6291,54873.02,2026-06-20
13963,96376,966,84610.24,2026-06-17
13964,51417,2728,8786.88,2026-06-10
13965,86477,4139,83440.54,2026-06-05
13966,91199,6918,95986.28,2026-06-05
13967,64199,2573,42922.87,2026-06-18
13968,11573,5040,99543.02,2026-05-31
13969,39930,6557,79391.88,2026-06-01
13970,51692,5434,96905.53,2026-06-04
13971,90690,8141,22045.43,2026-05-26
13972,73534,4072,13844.13,2026-06-03
13973,82676,7295,75456.43,2026-06-21
13974,38458,555,47553.58,2026-06-14
13975,55818,8164,42663.68,2026-05-29
13976,55615,4615,20939.37,2026-06-11
13977,12677,7724,34433.24,2026-05-30
13978,67102,6689,98950.18,2026-06-18
13979,38188,8996,81723.87,2026-06-13
13980,21677,4535,70772.22,2026-06-15
13981,59845,603,17289.4,2026-06-10
13982,92391,6030,88438.8,2026-06-10
13983,77880,1502,53872.69,2026-06-17
13984,68893,1043,52152.17,2026-06-25
13985,85228,9438,31632.06,2026-06-18
13986,42069,894,86020.77,2026-06-03
13987,2250,3683,96423.61,2026-06-25
13988,30464,3782,22438.92,2026-06-10
13989,6817,8838,88722.69,2026-06-10
13990,14237,8401,16108.53,2026-06-11
13991,52156,9233,62294.56,2026-06-14
13992,90470,2467,29348.08,2026-05-31
13993,93804,8115,88478.34,2026-06-07
13994,73533,1997,34742.88,2026-05-30
13995,89927,4655,20758.94,2026-06-14
13996,87523,6751,23587.14,2026-06-06
13997,5510,1030,84776.3,2026-06-07
13998,44583,5491,75030.85,2026-06-02
13999,9285,6281,22863.9,2026-06-19
14000,63208,4909,59727.3,2026-06-08
14001,96747,1450,33682.85,2026-06-07
14002,63953,7617,42235.75,2026-06-20
14003,29518,6078,55777.49,2026-06-06
14004,33096,2169,50252.47,2026-06-06
14005,30900,4688,29217.9,2026-06-06
14006,12230,7241,88927.5,2026-06-06
14007,86416,1058,85933.48,2026-06-02
14008,75414,9752,89791.44,2026-05-31
14009,72951,1038,57315.58,2026-06-25
14010,89839,4481,68011.23,2026-05-31
14011,90637,2052,99042.05,2026-06-11
14012,5817,52,49929.96,2026-06-04
14013,51324,2412,23898.84,2026-06-17
14014,36224,9945,20884.64,2026-05-29
14015,94355,5181,13478.9,2026-06-06
14016,93388,5997,86078.75,2026-06-13
14017,21671,225,72192.24,2026-06-14
14018,60745,2729,9602.2,2026-06-04
14019,78751,710,67855.8,2026-05-30
14020,90727,1950,89310.24,2026-05-30
14021,77733,7117,78782.85,2026-06-11
14022,73106,7270,72422.4,2026-06-12
14023,86902,8259,41775.78,2026-05-30
14024,80808,9763,17434.14,2026-06-14
14025,35780,715,66855.3,2026-06-03
14026,25660,1766,96915.74,2026-06-24
14027,92647,6871,50466.58,2026-06-24
14028,36379,71,54143.84,2026-06-23
14029,97864,9861,16920.53,2026-06-02
14030,43197,9642,97201.69,2026-06-10
14031,50625,6071,92319.61,2026-06-02
14032,37937,7437,50586.92,2026-06-21
14033,57213,2757,80448.75,2026-06-22
14034,75255,9357,97216.44,2026-06-05
14035,28956,7120,95036.18,2026-06-06
14036,79950,3455,93804.21,2026-05-30
14037,43604,6810,11681.13,2026-06-10
14038,95992,1548,10036.44,2026-06-09
14039,74998,6287,35391.22,2026-06-12
14040,41989,3867,40711.15,2026-06-12
14041,62307,4087,56319.47,2026-06-01
14042,61274,8683,61943.15,2026-06-15
14043,2170,3772,44142.76,2026-06-04
14044,29113,4111,18312.27,2026-06-13
14045,62942,5189,98776.72,2026-06-14
14046,45118,9596,25734.67,2026-06-04
14047,6606,5999,29535.87,2026-06-04
14048,10088,5174,92492.4,2026-06-10
14049,8980,7570,63464.25,2026-06-28
14050,16658,8628,42383.84,2026-06-10
14051,98685,1036,96700.59,2026-06-06
14052,15455,2357,51790.15,2026-05-30
14053,43110,2840,94700.57,2026-06-01
14054,89475,9768,45697.68,2026-06-15
14055,45476,7841,95397.97,2026-06-23
14056,15159,3132,15738.93,2026-06-11
14057,86362,167,30514.24,2026-05-31
14058,53179,2588,56632.63,2026-06-26
14059,18298,3035,23047.75,2026-06-05
14060,67361,6932,44492.51,2026-06-21
14061,30638,223,47774.45,2026-06-22
14062,17265,633,59527.78,2026-05-30
14063,94630,8829,37008.39,2026-06-14
14064,58311,4022,76186.29,2026-06-16
14065,67073,9252,97273.3,2026-06-22
14066,53686,5313,79872.28,2026-06-21
14067,81867,2484,86028.51,2026-06-01
14068,43419,9638,92856.21,2026-06-16
14069,32672,8031,32566.53,2026-05-31
14070,31886,1256,17489.66,2026-06-25
14071,23457,8032,68923.72,2026-06-26
14072,64486,3094,81012.47,2026-06-23
14073,43300,346,25206.81,2026-05-31
14074,26625,296,88883.74,2026-06-16
14075,1443,126,22266.75,2026-06-14
14076,93968,5259,32489.32,2026-06-04
14077,80847,9207,95715.25,2026-06-21
14078,10102,2762,46182.28,2026-06-27
14079,76068,8028,41017.98,2026-06-13
14080,54909,6994,29315.98,2026-06-28
14081,39014,4348,21521.44,2026-06-02
14082,79619,2727,65675.08,2026-06-24
14083,77788,1753,14607.23,2026-06-15
14084,39373,1741,65607.02,2026-06-25
14085,71437,6471,57229.89,2026-06-16
14086,33451,1429,22417.1,2026-06-27
14087,27337,8251,93202.13,2026-06-10
14088,81493,1935,34480.9,2026-06-08
14089,50912,4875,90997.7,2026-06-07
14090,79935,5399,41808.65,2026-06-07
14091,57139,4184,52212.24,2026-06-22
14092,12046,5475,88138.72,2026-06-04
14093,18303,5970,32250.7,2026-06-24
14094,51925,3395,97284.23,2026-06-27
14095,73512,8387,68147.94,2026-06-22
14096,73054,7345,98205.17,2026-06-24
14097,47353,9007,35076.56,2026-06-28
14098,24914,2376,21027.11,2026-06-23
14099,47528,3544,61463.71,2026-06-12
14100,46328,3392,47730.62,2026-06-10
14101,22771,8484,14647.25,2026-06-29
14102,74641,1932,38542.76,2026-06-25
14103,20932,4386,90792.16,2026-06-15
14104,88733,9868,11545.33,2026-06-26
14105,41770,4177,9173.44,2026-06-29
14106,72791,2228,12793.85,2026-06-12
14107,97683,996,45273.57,2026-06-04
14108,82367,2032,31422.95,2026-06-25
14109,43564,5037,30957.2,2026-06-07
14110,72930,9318,92069.41,2026-06-07
14111,83473,7382,46167.98,2026-06-16
14112,27526,6649,42564.89,2026-06-26
14113,19447,2803,5566.7,2026-06-12
14114,65148,6570,63544.57,2026-06-21
14115,94166,5283,83266.25,2026-06-24
14116,64443,6816,45825.44,2026-06-03
14117,76859,2760,7388.67,2026-06-25
14118,37563,2665,77318.06,2026-06-24
14119,82860,4951,7074.47,2026-06-24
14120,78541,5271,6583.92,2026-06-20
14121,52413,1345,18440.67,2026-06-28
14122,7571,7972,41243.8,2026-06-25
14123,95654,7511,94580.89,2026-06-26
14124,45533,6386,18093.48,2026-06-10
14125,44478,1565,36853.78,2026-06-19
14126,39928,6335,42174.17,2026-06-22
14127,63101,2840,19602.77,2026-06-16
14128,93093,3294,34379.18,2026-06-29
14129,90857,8854,60884.99,2026-06-23
14130,66615,2539,59884.5,2026-06-25
14131,93321,7061,39776.34,2026-06-17
14132,51990,3559,69564.76,2026-07-01
14133,79797,5980,10386.32,2026-06-16
14134,51492,7759,67519.15,2026-07-01
14135,95788,584,9937.61,2026-07-01
14136,84964,8632,37927.4,2026-06-08
14137,42111,7205,9723.55,2026-06-24
14138,47583,8676,42092.21,2026-06-06
14139,37567,1378,7184.9,2026-06-15
14140,14332,1462,14967.48,2026-06-14
14141,92249,5471,25015.46,2026-06-20
14142,48003,5197,75528.17,2026-06-07
14143,97577,9045,88876.52,2026-06-23
14144,79415,521,95120.33,2026-06-16
14145,25068,5522,28264.85,2026-06-13
14146,47061,6790,57543.11,2026-06-14
14147,20077,2152,58095.46,2026-06-18
14148,56459,3878,30264.84,2026-06-28
14149,63807,5879,71126.22,2026-06-20
14150,69131,9088,30983.67,2026-06-19
14151,92707,8913,63524.44,2026-06-16
14152,29553,1189,50227.04,2026-06-08
14153,4723,8123,91259.53,2026-06-11
14154,54533,4923,62068.09,2026-06-23
14155,96945,5084,51286.44,2026-06-20
14156,51059,3655,35485.88,2026-06-09
14157,61791,7250,30114.69,2026-06-18
14158,41614,3603,82053.57,2026-06-21
14159,30421,2428,50357.97,2026-07-01
14160,99081,2581,40483.61,2026-06-29
14161,9053,8658,78476.47,2026-06-10
14162,20789,95,83257.63,2026-06-11
14163,62561,2027,25424.4,2026-06-30
14164,35317,203,37749.08,2026-06-14
14165,23890,9944,84421.32,2026-06-14
14166,95202,1633,45377.77,2026-06-29
14167,29657,7630,92982.88,2026-06-11
14168,3973,1750,36678.09,2026-06-17
14169,40303,3747,94044.68,2026-06-10
14170,68985,6243,18243.61,2026-06-22
14171,15638,6155,85562.47,2026-06-06
14172,36213,6076,7702.1,2026-07-01
14173,75946,4417,36195.42,2026-06-22
14174,57344,1307,13445.54,2026-06-29
14175,50645,1243,36104.95,2026-06-30
14176,93076,158,57542.3,2026-06-21
14177,53997,2039,74333.47,2026-06-29
14178,95785,3431,90525.06,2026-06-06
14179,19012,2372,89499.69,2026-06-09
14180,49681,6553,72992.01,2026-06-27
14181,75557,8300,45572.54,2026-06-21
14182,37149,8624,47951.51,2026-06-15
14183,79444,3563,35803.09,2026-06-16
14184,20259,5277,27241.13,2026-06-27
14185,15634,2588,90025.59,2026-06-08
14186,64492,3282,52917.59,2026-06-20
14187,26160,5046,35527.63,2026-06-06
14188,25008,9846,83124.78,2026-06-10
14189,47679,1786,71151.92,2026-06-28
14190,41453,1124,28591.15,2026-06-30
14191,25106,4656,22084.05,2026-07-01
14192,9988,2000,90159.51,2026-07-01
14193,44222,9350,27716.52,2026-06-27
14194,34971,3863,27849.45,2026-06-16
14195,88227,1558,22023.74,2026-07-04
14196,70172,9178,57199.05,2026-06-19
14197,2917,6956,80850.48,2026-06-19
14198,73989,2510,18384.33,2026-06-08
14199,84278,8200,82627.32,2026-06-06
14200,52231,8072,83213.09,2026-06-17
14201,90505,9706,35329.75,2026-06-10
14202,8983,1534,58917.25,2026-07-04
14203,74612,8629,76760.25,2026-06-06
14204,37810,1179,68632.93,2026-06-17
14205,42624,5659,47119.57,2026-06-15
14206,72202,866,14907.41,2026-06-18
14207,42757,175,9943.84,2026-07-03
14208,43024,963,54262.06,2026-06-08
14209,71353,1933,64258.66,2026-06-07
14210,81383,4072,47220.24,2026-06-06
14211,38005,6385,57324.07,2026-06-07
14212,65668,1858,77062.42,2026-06-27
14213,40767,1795,38739.86,2026-07-06
14214,54531,2358,95377.98,2026-06-16
14215,30692,7205,43827.56,2026-06-19
14216,84615,7773,82362.46,2026-07-02
14217,11007,2814,99213.38,2026-06-10
14218,73812,7842,17621.88,2026-06-26
14219,29208,4104,41182.07,2026-06-15
14220,63032,1704,73121.05,2026-06-19
14221,31529,6952,21395.21,2026-06-19
14222,8944,224,9312.95,2026-06-29
14223,13423,7106,51173.54,2026-06-23
14224,87276,4140,67419.54,2026-06-09
14225,74305,7581,41624.69,2026-06-15
14226,81827,3406,25333.52,2026-06-16
14227,5910,2426,82978.54,2026-07-02
14228,46212,3719,78166.02,2026-06-10
14229,91594,4223,85418.49,2026-06-12
14230,56265,5097,83429.46,2026-06-29
14231,92819,6535,20774.65,2026-06-29
14232,21181,8707,55557.84,2026-07-04
14233,47211,8208,35622.23,2026-07-02
14234,13154,491,13843.13,2026-06-21
14235,13131,6616,10684.92,2026-06-11
14236,43102,108,42040.92,2026-06-29
14237,97923,5790,54846.42,2026-06-20
14238,78979,591,15080.95,2026-06-12
14239,64024,5929,79626.46,2026-06-10
14240,62196,5676,19388.79,2026-07-03
14241,53776,8357,20393.02,2026-06-28
14242,42119,6954,97746.88,2026-06-11
14243,6730,9443,22176.48,2026-06-18
14244,22671,332,14354.79,2026-06-20
14245,6710,7227,78956.43,2026-06-18
14246,72464,2429,77974.39,2026-06-30
14247,16330,51,94924.8,2026-06-29
14248,53352,4322,73607.41,2026-06-08
14249,16461,2377,58782.89,2026-06-16
14250,90703,7021,95636.34,2026-06-20
14251,96717,3218,33689.83,2026-07-05
14252,7950,9052,98661.04,2026-06-28
14253,2145,4927,86082.34,2026-06-22
14254,61625,6801,91662.29,2026-07-05
14255,70306,5983,79074.95,2026-07-01
14256,27322,8977,59420.05,2026-06-29
14257,80586,5141,25215.56,2026-06-22
14258,74847,9702,30270.9,2026-06-30
14259,12955,3280,20705.27,2026-06-15
14260,37670,8770,43084.57,2026-07-03
14261,13078,7777,13068.1,2026-07-06
14262,92027,9050,46031.14,2026-06-14
14263,47276,6038,6665.13,2026-06-20
14264,56142,1363,29830.85,2026-07-07
14265,70596,1558,84989.14,2026-06-18
14266,33569,5078,78167.8,2026-06-12
14267,42028,6154,43952.37,2026-07-03
14268,11650,6787,5102.06,2026-06-24
14269,85662,3588,77392.57,2026-07-02
14270,73332,1735,33128.08,2026-07-07
14271,19175,5283,98912.13,2026-06-25
14272,90980,8962,6284.34,2026-06-21
14273,21219,9984,14419.14,2026-06-16
14274,40523,913,90786.63,2026-07-07
14275,84449,4991,98051.9,2026-06-19
14276,69223,1689,11338.93,2026-06-25
14277,8355,2367,80805.76,2026-06-16
14278,90397,3100,38374.78,2026-07-03
14279,30706,6502,91958.73,2026-06-19
14280,18259,4900,75883.0,2026-06-27
14281,17896,1709,93509.23,2026-06-22
14282,61683,683,7651.77,2026-06-30
14283,43733,7925,24299.9,2026-06-14
14284,55879,1188,63444.45,2026-06-18
14285,51927,8416,93071.15,2026-06-18
14286,81008,1467,37159.7,2026-07-02
14287,515,7766,31491.12,2026-06-13
14288,7542,5870,98767.26,2026-07-01
14289,25527,2794,81837.32,2026-06-11
14290,92933,2590,85094.13,2026-07-01
14291,81467,2748,51169.96,2026-06-17
14292,49941,541,82750.52,2026-06-12
14293,26477,5229,27745.02,2026-07-10
14294,8367,396,78104.88,2026-07-10
14295,7062,7861,48341.19,2026-06-22
14296,71691,63,23200.87,2026-07-09
14297,96944,9681,56165.4,2026-07-01
14298,99844,4826,6260.94,2026-06-24
14299,6750,9597,13325.32,2026-06-24
14300,87331,3238,78927.74,2026-06-28
14301,27056,1182,12769.87,2026-06-17
14302,92055,8717,94193.59,2026-07-08
14303,85383,3190,20044.06,2026-06-12
14304,86757,6685,46786.61,2026-07-03
14305,33245,3587,39603.71,2026-07-04
14306,17729,3583,60146.68,2026-07-09
14307,76974,1019,28137.84,2026-06-19
14308,88249,3539,97569.19,2026-07-01
14309,7010,5791,80351.06,2026-06-16
14310,39999,7626,33144.05,2026-07-04
14311,81610,370,81211.94,2026-07-09
14312,88846,6311,80208.38,2026-06-16
14313,35993,1741,68184.09,2026-06-24
14314,31200,9436,84799.63,2026-06-20
14315,18850,6761,82766.88,2026-07-04
14316,29351,4442,66291.85,2026-06-28
14317,78211,5742,79287.36,2026-06-15
14318,3782,7101,49278.78,2026-06-14
14319,45776,4957,36099.31,2026-06-25
14320,81531,9229,68372.12,2026-07-02
14321,45642,4840,8476.46,2026-07-06
14322,44663,1405,64081.29,2026-06-24
14323,80337,6051,70466.85,2026-06-28
14324,94518,1558,58794.28,2026-06-25
14325,2164,8589,68337.01,2026-06-22
14326,77275,805,11153.17,2026-06-29
14327,63094,4223,73547.39,2026-06-12
14328,33499,5808,28119.55,2026-07-08
14329,96025,7651,64043.23,2026-06-28
14330,35143,5864,34668.05,2026-06-12
14331,20423,1851,81213.8,2026-06-20
14332,17839,9124,97200.51,2026-07-11
14333,16005,9200,28924.05,2026-07-03
14334,85811,2839,93097.23,2026-07-05
14335,58933,6766,71528.38,2026-07-08
14336,71225,1552,91296.21,2026-06-29
14337,80898,9120,42889.52,2026-07-05
14338,61236,3433,14877.81,2026-06-27
14339,36926,7175,28794.68,2026-06-25
14340,49066,3429,27521.41,2026-07-09
14341,31712,3160,36797.87,2026-07-11
14342,78043,7783,94392.55,2026-06-15
14343,80909,8517,30406.8,2026-07-06
14344,90191,4192,12140.88,2026-07-10
14345,95339,3817,46809.05,2026-06-19
14346,61295,1969,59841.18,2026-06-15
14347,96770,7512,75187.85,2026-06-20
14348,55313,438,70468.82,2026-07-03
14349,84172,9618,26814.89,2026-07-04
14350,29307,5433,47527.85,2026-06-24
14351,96830,6595,37750.68,2026-06-27
14352,38828,6148,23306.39,2026-06-21
14353,77258,6149,89439.39,2026-06-23
14354,41452,9491,71563.01,2026-07-04
14355,91806,6997,62911.26,2026-07-03
14356,47894,9520,88631.5,2026-07-04
14357,25084,5022,58801.29,2026-07-03
14358,46586,4802,81911.31,2026-07-05
14359,88595,5461,25210.51,2026-07-09
14360,71288,5450,91716.12,2026-07-06
14361,24788,8435,47115.38,2026-06-21
14362,46993,3041,61178.84,2026-06-24
14363,97072,6907,84906.22,2026-06-30
14364,41277,2004,91463.79,2026-07-08
14365,32354,1174,29637.24,2026-07-04
14366,58971,8026,47013.63,2026-07-06
14367,93399,8820,50508.08,2026-07-10
14368,69393,9799,13918.67,2026-06-29
14369,30342,4457,91211.29,2026-06-26
14370,24807,5036,24203.54,2026-07-03
14371,72067,6653,61099.95,2026-07-08
14372,95079,8982,73186.49,2026-06-30
14373,3511,5056,28755.78,2026-06-26
14374,56052,9806,49556.28,2026-06-27
14375,68037,4938,18124.67,2026-06-29
14376,79152,2220,52934.0,2026-06-21
14377,88110,4931,96990.6,2026-07-13
14378,79027,5112,52411.57,2026-06-21
14379,17038,1280,75143.66,2026-07-08
14380,47763,8497,49717.39,2026-06-25
14381,94853,4184,47096.35,2026-06-30
14382,89148,358,7071.29,2026-07-01
14383,62154,6725,85673.69,2026-06-25
14384,59986,1139,44320.41,2026-07-07
14385,61734,5042,11653.96,2026-07-09
14386,18557,3532,65748.82,2026-07-05
14387,18689,422,98568.63,2026-07-12
14388,35369,624,68874.16,2026-06-22
14389,67805,3430,34354.13,2026-06-28
14390,67865,3134,5809.29,2026-07-06
14391,66304,4974,46071.01,2026-07-03
14392,42874,8613,36970.97,2026-06-28
14393,46795,8191,47653.23,2026-07-06
14394,73525,8622,86736.01,2026-06-27
14395,38021,273,79706.0,2026-06-25
14396,64993,3338,77864.46,2026-06-24
14397,96013,7721,20888.05,2026-06-17
14398,65871,2819,95773.88,2026-07-03
14399,77799,7758,81037.53,2026-07-08
14400,55055,1447,49759.17,2026-07-06
14401,25693,6931,98312.52,2026-06-22
14402,98838,5413,40522.6,2026-06-23
14403,15723,2731,14633.65,2026-06-27
14404,52504,9879,5481.76,2026-07-06
14405,53039,8536,79729.11,2026-06-19
14406,16051,8407,75492.1,2026-06-17
14407,91531,8368,91843.19,2026-07-08
14408,79981,171,75698.39,2026-07-02
14409,2542,2445,97607.24,2026-06-24
14410,81700,552,75567.52,2026-06-24
14411,66204,1245,65737.29,2026-07-15
14412,69199,8280,43501.12,2026-07-07
14413,54023,7804,92025.73,2026-06-21
14414,35253,779,93575.88,2026-07-14
14415,90199,8867,52201.78,2026-07-12
14416,31337,8737,11685.11,2026-06-25
14417,86734,3985,84445.27,2026-06-23
14418,40968,5070,6405.15,2026-06-19
14419,58300,2648,88510.42,2026-06-19
14420,54281,7104,93530.34,2026-07-13
14421,26526,3318,92022.26,2026-07-08
14422,95527,5026,77756.04,2026-07-13
14423,65643,4706,26120.93,2026-06-23
14424,52879,9167,66620.12,2026-07-07
14425,31924,1886,97283.2,2026-07-14
14426,77432,1405,5450.28,2026-06-27
14427,27686,8616,36456.73,2026-07-07
14428,77403,5349,38547.73,2026-06-23
14429,23128,5895,71750.25,2026-06-22
14430,50881,7285,82258.24,2026-06-23
14431,43954,4698,22593.55,2026-06-19
14432,26026,7269,59638.87,2026-06-18
14433,69639,855,55871.52,2026-07-16
14434,37547,582,15432.99,2026-07-08
14435,48184,8018,72465.26,2026-07-03
14436,41531,2451,95133.58,2026-07-05
14437,22756,2198,33701.15,2026-07-15
14438,41192,6161,64367.88,2026-06-23
14439,76751,3675,23450.1,2026-07-02
14440,17141,717,83647.47,2026-07-09
14441,74097,8871,71283.82,2026-06-28
14442,62908,873,74106.11,2026-07-02
14443,95094,7333,37041.71,2026-07-02
14444,74059,6876,51445.34,2026-06-22
14445,92640,9125,21987.13,2026-06-26
14446,36866,5808,87870.98,2026-07-07
14447,1581,3962,75020.52,2026-06-20
14448,78033,5750,34578.36,2026-06-18
14449,2728,4318,75491.33,2026-06-26
14450,86016,3260,18223.16,2026-07-10
14451,40696,9864,73792.15,2026-06-25
14452,88636,8695,26645.93,2026-07-05
14453,67687,6285,59882.32,2026-07-04
14454,46210,5732,79834.03,2026-06-19
14455,43341,4198,92045.09,2026-07-10
14456,11327,3064,11412.27,2026-06-30
14457,82647,69,11664.71,2026-06-26
14458,53769,9684,33067.08,2026-06-29
14459,59873,3757,56069.43,2026-07-06
14460,7394,1882,56823.23,2026-07-07
14461,95254,6042,77116.69,2026-07-03
14462,36545,7939,65674.02,2026-07-07
14463,93136,6534,47487.77,2026-06-18
14464,53449,3748,10982.14,2026-07-07
14465,60345,9998,42541.37,2026-06-29
14466,21024,9298,79040.04,2026-07-06
14467,69246,6920,66368.19,2026-06-21
14468,27102,5142,64407.15,2026-06-19
14469,7819,4979,65591.08,2026-07-12
14470,63645,7375,8281.6,2026-06-20
14471,64437,6697,63845.75,2026-06-29
14472,89042,6354,95889.73,2026-07-05
14473,39731,5755,16701.97,2026-07-18
14474,89635,7848,85268.6,2026-06-22
14475,34376,4781,6855.29,2026-06-29
14476,53879,5026,33158.45,2026-07-15
14477,77022,4363,50869.78,2026-06-24
14478,14615,8171,12319.63,2026-07-03
14479,96100,9759,6898.48,2026-06-20
14480,10016,186,63029.46,2026-07-16
14481,88466,2832,75000.36,2026-07-04
14482,28376,2340,91654.05,2026-06-27
14483,45229,580,30855.05,2026-07-15
14484,42697,1083,48494.14,2026-07-09
14485,30125,242,98828.54,2026-07-10
14486,90747,2698,13580.29,2026-07-09
14487,24355,1421,27338.65,2026-06-29
14488,91019,8632,6152.92,2026-07-18
14489,88536,5507,56733.71,2026-07-08
14490,63499,2130,70993.9,2026-07-14
14491,50594,2277,84296.24,2026-07-16
14492,14124,8391,87319.32,2026-07-12
14493,35544,4872,82500.26,2026-06-26
14494,51148,9232,29635.81,2026-07-11
14495,67093,5919,7162.75,2026-07-02
14496,16313,5118,44757.39,2026-07-17
14497,65140,5888,55142.48,2026-07-06
14498,71093,3719,74205.9,2026-06-25
14499,47718,6990,8834.56,2026-06-22
14500,18942,9309,46909.84,2026-07-02
14501,81663,9672,8212.57,2026-07-10
14502,63732,5611,55417.41,2026-06-23
14503,32765,1751,98107.24,2026-07-10
14504,7964,7490,16051.49,2026-07-08
14505,58076,4498,71798.58,2026-07-12
14506,23446,2447,71624.87,2026-06-27
14507,11019,7601,83626.28,2026-06-21
14508,71428,2897,6364.35,2026-06-26
14509,66526,1084,98608.53,2026-07-10
14510,23994,1030,55184.07,2026-06-30
14511,96911,3670,78686.82,2026-06-27
14512,40730,4640,64155.97,2026-07-04
14513,54560,6952,70942.6,2026-06-20
14514,38059,8744,7122.3,2026-07-03
14515,83481,3200,90877.96,2026-07-19
14516,8172,7385,49486.03,2026-06-30
14517,3846,7580,48784.76,2026-07-15
14518,40381,1457,49073.87,2026-07-17
14519,48209,2318,60826.86,2026-06-30
14520,53720,675,90693.86,2026-06-23
14521,6078,5008,71100.24,2026-07-19
14522,81931,1849,37392.09,2026-07-12
14523,87475,8848,82769.43,2026-06-23
14524,25110,1440,46903.76,2026-07-09
14525,13901,4155,20337.64,2026-07-18
14526,7680,1068,90458.06,2026-07-04
14527,70491,2733,35212.29,2026-07-01
14528,23966,703,13038.14,2026-07-05
14529,30425,2161,30323.71,2026-06-22
14530,23331,6715,71162.41,2026-06-29
14531,52042,4620,98147.6,2026-07-17
14532,57070,4926,65121.87,2026-06-24
14533,31265,5037,87574.98,2026-07-13
14534,59359,6302,95074.97,2026-07-15
14535,97939,6868,84895.72,2026-06-27
14536,61019,6052,54261.87,2026-06-27
14537,71904,1668,68432.35,2026-07-12
14538,34370,1858,35745.58,2026-06-22
14539,22512,7567,28179.25,2026-06-26
14540,82181,4613,15445.94,2026-07-04
14541,63179,9344,41364.59,2026-07-01
14542,3575,2492,48564.86,2026-07-04
14543,43153,7645,74139.59,2026-07-16
14544,79933,96,5600.56,2026-06-22
14545,27978,6051,89227.67,2026-07-15
14546,63825,7953,6634.61,2026-07-05
14547,67002,6254,10176.68,2026-07-07
14548,67567,2005,85045.08,2026-06-28
14549,56146,5492,16136.41,2026-06-29
14550,20671,2824,76638.82,2026-07-20
14551,74438,5293,8506.52,2026-07-19
14552,25822,9414,25999.74,2026-06-29
14553,79062,7506,16431.4,2026-07-21
14554,79074,3034,25432.82,2026-07-15
14555,24517,2269,16886.4,2026-06-26
14556,64734,4040,5874.68,2026-06-25
14557,58428,7715,44153.0,2026-07-12
14558,62365,3957,76595.74,2026-06-28
14559,53275,2595,73323.54,2026-07-05
14560,62773,3961,15527.77,2026-06-23
14561,31556,6525,6592.8,2026-07-03
14562,75781,5657,28996.76,2026-07-08
14563,75421,885,5260.23,2026-07-21
14564,55051,5406,98099.1,2026-07-03
14565,24008,4220,20109.59,2026-07-18
14566,23544,7323,9015.72,2026-07-18
14567,40697,7047,19098.46,2026-07-08
14568,69923,3025,44291.1,2026-07-07
14569,41120,6157,85332.81,2026-07-09
14570,30747,6553,61702.24,2026-07-15
14571,90442,6072,12452.91,2026-07-06
14572,5651,3498,45514.5,2026-06-27
14573,60733,3870,8980.5,2026-06-24
14574,6813,4214,33333.79,2026-07-10
14575,70118,1627,6349.45,2026-07-22
14576,34404,3485,20644.56,2026-07-10
14577,59798,4223,80177.44,2026-07-01
14578,32839,5847,35430.38,2026-07-14
14579,62441,6465,9991.15,2026-07-12
14580,36830,5998,55307.37,2026-07-17
14581,835,690,66329.94,2026-07-20
14582,45511,2665,43279.42,2026-06-27
14583,46322,7423,54329.53,2026-06-30
14584,78717,4405,51612.35,2026-07-08
14585,91080,7255,94601.89,2026-07-10
14586,63600,4711,63160.61,2026-06-29
14587,54334,1995,77134.09,2026-07-16
14588,17504,5074,65893.84,2026-07-09
14589,37906,2155,59327.71,2026-06-29
14590,549,8452,95288.63,2026-07-12
14591,18655,8614,6801.23,2026-07-17
14592,46103,6975,83196.91,2026-07-13
14593,54605,6553,21657.65,2026-07-21
14594,35857,3903,46633.86,2026-07-05
14595,43268,4903,6814.81,2026-07-18
14596,81282,3509,29575.96,2026-07-20
14597,1797,3227,58178.33,2026-06-29
14598,83226,1192,20363.87,2026-07-17
14599,38610,5487,28147.08,2026-07-18
14600,93953,2584,75747.54,2026-07-13
14601,43971,920,32945.07,2026-07-07
14602,8201,1197,26081.61,2026-07-18
14603,82627,9389,25500.55,2026-07-11
14604,1746,8027,12790.86,2026-06-25
14605,10630,2979,15129.77,2026-07-14
14606,52740,5694,5716.5,2026-06-29
14607,7717,4239,61360.17,2026-06-27
14608,36791,8509,93016.64,2026-06-26
14609,79553,2644,50326.61,2026-07-03
14610,83562,1463,88702.88,2026-07-13
14611,89618,1713,18412.73,2026-07-16
14612,97960,52,65272.49,2026-06-26
14613,17666,4293,27290.91,2026-07-08
14614,26627,3751,93731.95,2026-07-09
14615,16397,6678,39766.67,2026-06-30
14616,26489,2560,7184.9,2026-07-12
14617,64133,777,48399.67,2026-07-12
14618,11111,6162,99278.29,2026-07-21
14619,82344,3903,68659.76,2026-07-16
14620,66168,2546,41740.79,2026-07-19
14621,66174,8924,70603.5,2026-07-21
14622,66080,7354,67669.4,2026-07-17
14623,80021,8447,71551.43,2026-06-28
14624,90829,2454,87893.41,2026-07-21
14625,32952,1037,10049.67,2026-07-03
14626,65132,819,83042.83,2026-07-24
14627,12425,8084,16629.81,2026-07-14
14628,51450,4308,59982.43,2026-07-24
14629,71112,5126,24129.69,2026-07-03
14630,51476,8619,70159.0,2026-07-08
14631,54502,5532,67933.08,2026-07-23
14632,81642,6142,15343.81,2026-07-05
14633,97393,7118,10482.37,2026-07-14
14634,64023,7561,95025.0,2026-07-05
14635,87194,1764,78099.12,2026-07-19
14636,6112,2297,35859.63,2026-07-25
14637,24366,1737,80114.08,2026-07-11
14638,32819,7529,36348.9,2026-07-15
14639,23933,516,93879.99,2026-07-18
14640,96489,5136,72425.09,2026-07-20
14641,88091,2498,72108.25,2026-07-10
14642,90570,76,84098.31,2026-07-15
14643,11310,3304,48782.17,2026-07-18
14644,84642,3152,7592.29,2026-07-16
14645,72378,3330,21577.47,2026-07-17
14646,72430,3462,9772.9,2026-07-23
14647,51731,4279,81009.58,2026-07-16
14648,42787,3604,45167.28,2026-07-25
14649,63863,5060,7266.39,2026-07-06
14650,59612,9603,55217.93,2026-07-02
14651,3228,8195,95973.63,2026-07-24
14652,96332,8388,43773.28,2026-07-21
14653,48030,2810,14214.85,2026-07-21
14654,13033,8749,78741.66,2026-07-04
14655,70423,240,90728.48,2026-07-07
14656,62535,6443,33443.78,2026-07-25
14657,44320,2318,47823.99,2026-06-28
14658,69714,361,35408.13,2026-07-17
14659,39195,4795,32642.65,2026-07-20
14660,38912,7184,91462.61,2026-07-27
14661,38842,8789,57485.52,2026-06-29
14662,60178,4760,84550.63,2026-07-18
14663,69938,2046,26318.96,2026-07-08
14664,88194,192,85359.03,2026-07-17
14665,24367,1397,80549.16,2026-07-11
14666,26932,1828,32326.7,2026-07-20
14667,72796,3572,72645.85,2026-07-04
14668,55437,8061,45382.39,2026-07-13
14669,79001,8932,44719.55,2026-06-29
14670,49111,4614,68978.11,2026-07-26
14671,16685,5595,66551.27,2026-07-18
14672,17183,1947,70861.64,2026-07-28
14673,30772,3235,65354.49,2026-07-03
14674,49467,490,65714.8,2026-07-03
14675,10207,8546,60451.14,2026-07-25
14676,13023,9764,53867.95,2026-07-16
14677,54481,3985,45387.99,2026-07-14
14678,18005,696,69722.92,2026-07-03
14679,87051,2851,21514.34,2026-07-16
14680,95986,7028,51359.05,2026-07-21
14681,40827,7882,37769.55,2026-07-01
14682,67583,7444,36919.28,2026-07-28
14683,69335,9107,63993.42,2026-07-02
14684,46295,3556,10830.36,2026-07-01
14685,43328,2720,52392.04,2026-07-14
14686,73961,1892,10213.69,2026-07-20
14687,21604,9721,36797.91,2026-07-07
14688,93199,8922,61737.55,2026-07-19
14689,89829,4266,97349.81,2026-07-12
14690,91234,6721,76478.56,2026-07-11
14691,1120,7700,15083.27,2026-07-13
14692,49997,6254,53162.98,2026-07-27
14693,72478,624,64458.67,2026-07-23
14694,41386,3446,33261.2,2026-06-30
14695,91066,3629,63248.61,2026-07-29
14696,60047,7131,94337.15,2026-07-17
14697,43808,7227,80995.13,2026-07-15
14698,94673,4220,67433.18,2026-07-06
14699,86914,4430,78302.12,2026-07-15
14700,37667,1898,75887.1,2026-07-23
14701,65200,8244,24857.52,2026-06-30
14702,18484,8778,79362.72,2026-07-07
14703,25399,6657,61960.41,2026-07-29
14704,8186,692,60322.03,2026-07-01
14705,33240,1260,84441.27,2026-07-11
14706,16276,3885,17687.51,2026-07-07
14707,11257,8560,71109.85,2026-07-01
14708,1452,1219,87222.62,2026-07-06
14709,86849,9057,59456.69,2026-07-13
14710,17339,7741,87030.02,2026-07-26
14711,18756,3943,19659.4,2026-07-29
14712,58762,1786,45835.26,2026-07-03
14713,83621,7120,89849.28,2026-07-25
14714,44030,9900,38130.42,2026-07-19
14715,41431,8339,98189.77,2026-07-12
14716,55769,2788,74606.05,2026-07-07
14717,79724,8000,61562.56,2026-07-23
14718,6850,6227,98545.62,2026-07-06
14719,74064,2505,28985.09,2026-07-26
14720,85725,2935,44200.56,2026-07-07
14721,47777,527,40267.62,2026-07-10
14722,73153,6212,57664.9,2026-07-02
14723,70533,1160,85706.5,2026-07-26
14724,34095,1525,26528.53,2026-07-30
14725,99072,5245,93057.52,2026-07-07
14726,75742,6973,22679.12,2026-07-07
14727,30294,7401,26508.9,2026-07-17
14728,69401,6055,77935.25,2026-07-21
14729,61522,4717,43753.41,2026-07-15
14730,18522,2070,50737.78,2026-07-20
14731,53888,1732,81321.24,2026-07-08
14732,18520,1079,53272.83,2026-07-29
14733,77062,7763,75913.23,2026-07-22
14734,61456,4030,76976.74,2026-07-09
14735,31742,3094,14929.75,2026-07-30
14736,8968,5850,61534.23,2026-07-07
14737,19264,3017,11960.37,2026-07-09
14738,2741,4893,49339.95,2026-08-01
14739,44922,2496,12843.48,2026-07-25
14740,49998,6231,47947.56,2026-07-23
14741,2292,7384,68956.93,2026-07-07
14742,83308,7832,84500.33,2026-07-09
14743,54041,2058,86074.76,2026-07-20
14744,83815,501,59765.98,2026-07-04
14745,45842,8531,50421.83,2026-07-10
14746,64725,8542,16844.15,2026-07-14
14747,91863,8537,24206.74,2026-07-17
14748,7715,500,49650.75,2026-07-05
14749,38580,9764,17567.87,2026-07-15
14750,26860,5440,67146.78,2026-07-26
14751,83699,9535,99328.04,2026-07-14
14752,1608,8040,8100.69,2026-07-24
14753,38629,4386,25355.51,2026-07-28
14754,88660,6219,95805.1,2026-07-21
14755,50077,7051,88139.98,2026-07-13
14756,93796,1482,60542.82,2026-07-14
14757,12306,6020,10547.49,2026-08-01
14758,41832,3494,87446.41,2026-07-10
14759,2128,9249,49576.03,2026-07-28
14760,2372,5209,73550.77,2026-07-16
14761,66537,3683,43284.68,2026-07-17
14762,30872,2474,33533.08,2026-07-27
14763,68864,1973,20760.77,2026-07-17
14764,13043,8193,50777.03,2026-07-24
14765,84824,2530,44239.28,2026-07-05
14766,85368,4817,50190.36,2026-07-25
14767,5250,2420,62983.9,2026-07-26
14768,61336,5903,60198.56,2026-07-05
14769,22582,3555,20295.73,2026-07-21
14770,7957,2181,26629.19,2026-07-26
14771,10360,8834,77075.72,2026-07-20
14772,49597,812,77071.82,2026-07-07
14773,53690,8429,9322.21,2026-07-23
14774,44100,3300,56724.5,2026-07-18
14775,21480,2854,57651.09,2026-07-05
14776,16364,6568,98889.37,2026-07-30
14777,97270,9841,68364.35,2026-07-26
14778,40293,5389,23318.92,2026-07-29
14779,10639,4650,88731.06,2026-07-22
14780,52259,9462,68699.84,2026-07-18
14781,39162,7296,50940.32,2026-07-23
14782,96117,6335,98518.61,2026-07-08
14783,81347,8938,14788.36,2026-07-19
14784,10788,6295,16794.24,2026-07-25
14785,32926,7986,49232.07,2026-07-12
14786,17736,9407,25397.14,2026-07-10
14787,3541,4055,62105.55,2026-07-22
14788,67215,9183,79196.04,2026-07-30
14789,74407,974,18423.17,2026-07-15
14790,85546,4631,31351.08,2026-07-10
14791,12655,5085,23124.2,2026-07-13
14792,26767,1570,27022.78,2026-07-23
14793,91562,7175,22596.06,2026-07-10
14794,3012,8352,62623.76,2026-07-20
14795,85279,6493,8377.04,2026-07-30
14796,90918,786,55829.35,2026-07-17
14797,98634,4706,86834.48,2026-07-12
14798,69103,8011,31040.92,2026-07-10
14799,93821,3843,12577.55,2026-07-10
14800,65192,7426,94616.68,2026-07-13
14801,51778,3720,9042.87,2026-08-02
14802,89625,8571,32398.93,2026-07-25
14803,8247,7989,22387.08,2026-07-15
14804,1259,4516,98558.89,2026-07-17
14805,64474,7876,33772.65,2026-07-15
14806,76586,5804,37485.95,2026-08-01
14807,80098,6821,46240.34,2026-07-10
14808,33874,488,57233.1,2026-07-28
14809,17993,2413,39450.38,2026-07-20
14810,18118,9998,67363.76,2026-07-23
14811,80738,1487,5639.84,2026-07-19
14812,19131,4253,32190.85,2026-07-15
14813,25413,7051,18750.07,2026-07-21
14814,76291,8607,41008.68,2026-08-04
14815,39741,4741,26830.36,2026-07-23
14816,79228,2217,18567.65,2026-07-25
14817,96848,7737,44758.61,2026-08-05
14818,51668,3368,28395.88,2026-07-17
14819,44866,6394,90568.93,2026-07-22
14820,59152,7978,71149.79,2026-07-19
14821,72181,2615,78792.38,2026-07-16
14822,83970,2840,14400.06,2026-07-20
14823,60117,1638,30308.85,2026-07-15
14824,4672,3002,66421.4,2026-07-14
14825,88670,7060,54688.73,2026-07-08
14826,15308,7652,80748.13,2026-08-01
14827,97972,317,69494.66,2026-07-12
14828,2975,2247,86711.28,2026-07-29
14829,17172,6413,41661.61,2026-07-30
14830,75945,3158,44656.42,2026-07-28
14831,24652,2711,41347.41,2026-08-01
14832,30504,1361,66093.02,2026-07-31
14833,9169,4954,61027.4,2026-07-09
14834,429,5455,34937.85,2026-08-04
14835,37616,7799,73605.4,2026-08-01
14836,67901,5861,85636.85,2026-08-06
14837,84746,8982,66335.42,2026-08-02
14838,93872,1104,41430.66,2026-07-15
14839,45503,9627,30749.65,2026-07-20
14840,66082,889,64169.5,2026-07-12
14841,52796,883,89790.78,2026-07-11
14842,78704,8209,84414.67,2026-07-24
14843,66173,474,87014.51,2026-07-23
14844,24840,9363,81870.46,2026-07-31
14845,87654,2913,31536.96,2026-08-04
14846,88085,7148,53670.04,2026-07-26
14847,27074,3072,54221.29,2026-07-09
14848,66337,9305,18229.07,2026-07-23
14849,4637,4690,24148.01,2026-07-22
14850,79365,3447,89229.71,2026-07-19
14851,14147,2460,57135.64,2026-07-08
14852,91418,737,73528.61,2026-07-09
14853,35267,7444,33096.4,2026-07-19
14854,98818,3958,83161.46,2026-07-18
14855,91322,7255,74676.39,2026-07-28
14856,18976,6158,99623.89,2026-07-18
14857,37500,7874,42906.02,2026-08-07
14858,41469,4457,71398.44,2026-07-24
14859,44381,5763,24569.38,2026-07-24
14860,72259,6298,24462.57,2026-07-12
14861,51766,4550,25953.21,2026-07-15
14862,67193,3465,46365.03,2026-07-12
14863,12705,7543,21115.09,2026-07-11
14864,16773,4905,24122.67,2026-07-15
14865,32454,8432,85575.66,2026-07-13
14866,69028,7885,99403.31,2026-08-05
14867,99956,8128,51973.12,2026-07-09
14868,48320,690,69159.15,2026-07-19
14869,75108,6562,39570.27,2026-07-23
14870,90794,9249,71342.52,2026-07-12
14871,33018,2647,32975.58,2026-08-02
14872,64444,5568,8034.93,2026-07-11
14873,59123,1951,40784.86,2026-07-21
14874,14642,6982,72198.32,2026-07-29
14875,46273,6020,46017.28,2026-07-31
14876,16074,8995,83864.65,2026-07-12
14877,89421,6291,57797.3,2026-07-21
14878,52443,1327,48972.74,2026-07-27
14879,88665,1075,31399.52,2026-08-07
14880,33346,9107,41950.16,2026-07-21
14881,29816,9321,76316.05,2026-08-04
14882,6928,8551,53072.01,2026-07-13
14883,77901,2306,20852.96,2026-07-19
14884,95841,4407,72703.45,2026-07-13
14885,77446,1447,96974.59,2026-08-06
14886,42056,6541,96833.57,2026-07-28
14887,42459,5181,94272.75,2026-07-29
14888,68633,4731,44515.57,2026-07-14
14889,85305,3451,39552.55,2026-07-28
14890,37156,7655,57183.04,2026-07-29
14891,85690,6634,55914.97,2026-07-22
14892,33308,2468,78410.4,2026-08-08
14893,72742,2206,45902.86,2026-07-24
14894,64390,4882,52425.1,2026-08-01
14895,22525,6954,8862.38,2026-08-03
14896,1911,5706,96515.77,2026-07-26
14897,81916,4418,28538.05,2026-07-28
14898,65422,1289,77713.01,2026-07-27
14899,93386,7625,47409.34,2026-07-14
14900,38975,2624,52166.98,2026-07-21
14901,67075,6976,15860.73,2026-08-01
14902,1778,722,32220.19,2026-07-28
14903,15420,7517,66295.02,2026-08-03
14904,91483,2136,17563.62,2026-07-25
14905,20048,7530,33079.16,2026-07-24
14906,84117,8504,80276.63,2026-07-26
14907,94751,4340,94459.23,2026-07-17
14908,26612,510,73057.42,2026-07-26
14909,48085,2887,51058.09,2026-07-26
14910,35315,3821,90010.7,2026-08-06
14911,39047,9846,24979.05,2026-07-21
14912,57086,3106,67133.48,2026-08-06
14913,37193,4181,99080.73,2026-08-01
14914,28833,9944,73866.57,2026-07-25
14915,74699,4713,98435.43,2026-08-09
14916,49492,9100,31786.31,2026-07-14
14917,70367,7112,81678.2,2026-07-20
14918,69212,778,98281.74,2026-07-28
14919,63399,4337,65299.55,2026-08-08
14920,34259,3473,22919.14,2026-07-15
14921,42571,8623,96554.2,2026-07-14
14922,79566,1228,26728.37,2026-08-09
14923,85909,6825,82230.61,2026-08-01
14924,64509,5562,14965.68,2026-07-31
14925,71218,4965,29130.55,2026-07-16
14926,69346,1639,87257.16,2026-07-30
14927,31328,1507,28998.27,2026-07-14
14928,69297,2880,88439.06,2026-07-31
14929,72092,6169,24485.75,2026-08-09
14930,36994,8508,62577.43,2026-07-14
14931,28929,1083,96252.43,2026-07-26
14932,27163,2348,97824.58,2026-07-16
14933,65733,4105,81594.37,2026-07-18
14934,116,5928,5002.64,2026-07-18
14935,66570,4545,88048.61,2026-07-12
14936,22829,3165,32615.4,2026-08-06
14937,18955,9108,44776.41,2026-07-28
14938,8556,5088,21612.61,2026-07-23
14939,8729,2761,27421.9,2026-08-08
14940,76039,9822,15596.84,2026-07-31
14941,49004,9351,7349.98,2026-07-15
14942,16988,1075,46806.47,2026-08-01
14943,8179,8671,27620.91,2026-07-13
14944,43025,7040,12095.25,2026-07-13
14945,26091,9220,52807.24,2026-08-05
14946,55922,7530,5306.38,2026-08-07
14947,15130,3899,40026.63,2026-07-15
14948,26711,4617,43498.97,2026-07-30
14949,42703,3345,44000.54,2026-07-31
14950,66316,1338,47299.94,2026-07-28
14951,83535,6113,86827.74,2026-07-28
14952,12287,9344,19006.88,2026-08-01
14953,32079,8759,79603.26,2026-07-18
14954,64870,2551,75488.76,2026-07-15
14955,9666,2605,96576.94,2026-07-30
14956,67223,4222,98183.35,2026-07-27
14957,70192,1551,63509.19,2026-07-24
14958,83273,9097,28003.37,2026-08-05
14959,13900,677,21809.78,2026-07-31
14960,86120,8981,27763.59,2026-08-07
14961,19900,1776,48625.3,2026-08-01
14962,86428,3490,65599.71,2026-07-28
14963,26025,454,73516.55,2026-08-05
14964,42634,3791,84454.71,2026-08-01
14965,39342,3970,37191.88,2026-07-13
14966,8982,1445,15928.38,2026-07-15
14967,35229,6756,11055.87,2026-08-01
14968,29143,5718,57541.6,2026-07-14
14969,52339,3766,27589.49,2026-07-21
14970,30567,1247,93338.72,2026-08-10
14971,84763,5916,14288.97,2026-07-24
14972,81012,203,32752.67,2026-07-14
14973,33106,4995,9967.33,2026-07-15
14974,42999,7408,10561.26,2026-08-11
14975,18749,4961,6348.59,2026-08-04
14976,4543,1207,83648.28,2026-08-08
14977,33111,6996,99458.83,2026-08-01
14978,76627,8007,45138.22,2026-07-14
14979,35792,9875,56530.59,2026-08-03
14980,7800,533,53310.3,2026-07-17
14981,10333,2613,59467.72,2026-07-23
14982,1957,4819,79450.91,2026-08-07
14983,81774,98,43473.42,2026-08-11
14984,11672,9938,5067.75,2026-07-24
14985,59704,1599,95663.33,2026-08-02
14986,78261,4714,27659.55,2026-07-26
14987,8185,8562,93139.6,2026-08-05
14988,89445,263,32557.51,2026-07-27
14989,86883,8933,38516.91,2026-08-06
14990,35231,6300,85971.91,2026-07-26
14991,72515,3230,66007.86,2026-08-11
14992,56856,8363,87971.35,2026-08-09
14993,12743,7028,60060.65,2026-07-31
14994,80737,7454,13696.66,2026-07-20
14995,94881,5539,74725.23,2026-08-12
14996,27661,3932,47936.79,2026-08-10
14997,93827,1309,53884.24,2026-07-28
14998,8448,8987,9818.79,2026-07-15
14999,80641,379,32968.02,2026-08-01
15000,7953,2220,80500.89,2026-07-22
15001,58036,669,51181.69,2026-08-06
15002,9249,5243,34698.75,2026-07-23
15003,77417,1885,77726.67,2026-08-01
15004,72079,6633,59852.18,2026-08-01
15005,76896,34,46742.98,2026-07-15
15006,88351,7664,37706.64,2026-08-02
15007,72678,885,28364.95,2026-08-02
15008,54135,4004,35054.2,2026-08-13
15009,54618,7255,42168.51,2026-07-21
15010,7697,5230,48153.93,2026-07-17
15011,75577,1318,19513.29,2026-08-04
15012,63317,6234,73245.19,2026-08-05
15013,34034,3782,41682.57,2026-08-05
15014,45430,1393,82049.89,2026-07-16
15015,3331,5106,31421.48,2026-07-24
15016,48422,3629,59422.12,2026-07-24
15017,92364,5638,12939.96,2026-08-04
15018,48284,2715,78740.68,2026-08-08
15019,25674,9170,19520.53,2026-07-23
15020,49351,8498,79268.04,2026-08-01
15021,82044,9959,90693.48,2026-08-01
15022,74874,8848,39989.87,2026-08-06
15023,45091,6681,54570.18,2026-08-06
15024,66600,9459,27760.74,2026-08-01
15025,51203,9025,56388.47,2026-08-06
15026,51366,7928,19543.67,2026-07-17
15027,27221,9821,28320.11,2026-08-01
15028,31715,1682,26480.46,2026-07-18
15029,40919,1927,43630.72,2026-08-06
15030,90105,6961,80435.8,2026-07-31
15031,79808,1871,19902.32,2026-08-06
15032,74314,7779,65420.95,2026-08-11
15033,45150,6591,61247.25,2026-08-11
15034,56933,4002,17837.63,2026-07-30
15035,74229,8552,32700.75,2026-07-22
15036,67675,5511,98321.29,2026-08-06
15037,31983,8799,71956.45,2026-07-19
15038,12828,253,34065.65,2026-07-19
15039,15195,440,81587.16,2026-07-18
15040,87980,6443,20215.33,2026-07-27
15041,75178,2255,93974.26,2026-07-22
15042,16829,7891,26430.48,2026-08-04
15043,98976,9455,49667.77,2026-07-20
15044,4639,1915,61214.39,2026-08-03
15045,70823,7557,73434.65,2026-07-22
15046,72119,8875,63333.07,2026-07-26
15047,35880,8413,98717.91,2026-08-09
15048,11579,4317,50217.72,2026-07-30
15049,53770,5741,14009.14,2026-08-07
15050,25265,6842,94975.95,2026-07-26
15051,68171,9389,64323.45,2026-07-20
15052,31027,318,14035.06,2026-08-08
15053,35902,5746,83135.82,2026-07-25
15054,61665,3006,30851.49,2026-07-25
15055,91604,7610,52024.39,2026-07-29
15056,87844,9276,61599.16,2026-07-28
15057,17892,8518,17588.51,2026-07-19
15058,96238,9594,79041.01,2026-08-09
15059,62658,6566,46194.14,2026-07-22
15060,25346,3491,39163.37,2026-08-06
15061,50846,4428,44337.83,2026-08-07
15062,80546,4926,66716.34,2026-07-20
15063,89694,2962,98748.62,2026-07-21
15064,53935,1170,43338.51,2026-08-06
15065,86850,5272,58707.23,2026-08-04
15066,75123,289,49448.01,2026-08-14
15067,64814,1893,97403.76,2026-08-14
15068,37469,7382,43928.22,2026-07-22
15069,47841,5160,66335.54,2026-08-10
15070,56867,885,73148.56,2026-08-13
15071,96277,7409,91372.65,2026-08-14
15072,640,9406,52582.92,2026-08-01
15073,31677,5106,13655.45,2026-08-14
15074,6572,7831,37947.53,2026-08-07
15075,42161,3907,24790.73,2026-07-24
15076,5762,7696,98909.16,2026-07-26
15077,14296,5676,6887.53,2026-07-21
15078,86696,3199,68533.69,2026-08-04
15079,32208,3978,39856.8,2026-08-03
15080,56199,5280,83148.36,2026-08-05
15081,41374,8689,54457.22,2026-08-02
15082,39984,9720,78650.32,2026-08-04
15083,36839,7929,16888.93,2026-08-10
15084,83836,2975,7352.71,2026-08-11
15085,87838,4960,56644.54,2026-08-13
15086,7247,9819,39202.67,2026-07-28
15087,91756,7487,35056.27,2026-08-13
15088,48902,2895,10071.5,2026-08-10
15089,59253,3294,24164.25,2026-07-27
15090,67097,7864,27662.78,2026-07-19
15091,9136,8375,61840.51,2026-07-22
15092,4024,8251,95488.73,2026-07-30
15093,29137,9125,91383.45,2026-07-22
15094,33596,6775,15999.95,2026-07-18
15095,77963,8014,85233.01,2026-07-19
15096,84220,5854,25543.33,2026-08-03
