email_id,campaign_id,emails_sent,emails_opened,emails_clicked,unsubscribes
1,1,42905,7868,1852,477
2,2,10144,3762,824,276
3,3,6697,2190,126,49
4,4,16247,4900,277,161
5,5,43590,15709,2433,707
6,6,19231,7554,389,483
7,7,46753,12940,1545,485
8,8,23059,4165,603,322
9,9,23541,7794,1962,547
10,10,36142,6774,1900,251
11,11,20213,8061,1649,536
12,12,38837,8065,543,836
13,13,19965,8895,2346,532
14,14,25911,6047,1263,365
15,15,25260,6481,1409,569
16,16,45796,15772,3190,424
17,17,48784,10900,1804,573
18,18,42943,15306,1605,562
19,19,4665,1020,59,60
20,20,18546,3150,876,355
21,21,48049,11743,2511,715
22,22,43129,12406,1441,481
23,23,37789,11778,2788,593
24,24,39242,10588,1109,1174
25,25,34392,10250,2449,912
26,26,11016,3725,923,171
27,27,5163,1370,272,86
28,28,17476,7712,2045,92
29,29,48233,8892,2411,1146
30,30,43006,10839,1337,385
31,31,1212,528,142,14
32,32,33806,12798,2264,258
33,33,41979,10055,2108,848
34,34,11016,2888,261,317
35,35,35757,15216,3039,615
36,36,8331,3571,963,214
37,37,21153,4692,517,405
38,38,6161,1082,185,41
39,39,35911,13637,1119,606
40,40,37031,7389,1344,746
41,41,14880,6378,1523,331
42,42,47723,11621,3472,1013
43,43,29711,12475,2031,332
44,44,5196,1306,257,55
45,45,15432,2348,532,99
46,46,5417,2283,604,36
47,47,16597,3876,664,306
48,48,48405,20845,4018,814
49,49,31996,12550,1224,237
50,50,29249,7496,1145,777
51,51,4550,1601,473,33
52,52,27386,10090,2523,211
53,53,13556,2806,455,210
54,54,19254,5560,1493,132
55,55,37066,6648,1416,686
56,56,1967,866,243,51
57,57,11899,3235,551,316
58,58,4842,965,48,71
59,59,30819,7260,1627,716
60,60,37422,13043,2239,364
61,61,15267,6726,1310,283
62,62,21552,3602,706,378
63,63,35807,7062,2049,250
64,64,13178,2247,150,349
65,65,27461,5106,1391,306
66,66,39962,6470,456,856
67,67,38042,11672,3311,384
68,68,47936,11708,1362,396
69,69,43303,10392,1341,1030
70,70,5754,879,180,109
71,71,7552,1298,134,87
72,72,23872,9889,2668,339
73,73,11338,3191,592,142
74,74,43858,13538,2937,827
75,75,44475,8053,2170,516
76,76,8014,2987,265,96
77,77,14803,5407,545,308
78,78,18300,5519,622,506
79,79,4329,769,119,51
80,80,1232,308,25,36
81,81,11589,4315,810,181
82,82,1633,299,85,36
83,83,10768,3377,873,210
84,84,10705,2986,180,151
85,85,3614,1516,155,40
86,86,7736,1981,376,207
87,87,41675,15621,4396,455
88,88,11649,5158,1303,314
89,89,2624,534,150,64
90,90,27982,10931,2907,707
91,91,18485,3655,823,269
92,92,3537,1441,152,89
93,93,31166,7944,2026,834
94,94,15609,2452,240,206
95,95,5549,2441,292,116
96,96,27193,9622,2510,361
97,97,2808,518,151,26
98,98,18397,2970,591,250
99,99,21557,6055,1792,170
100,100,38787,8029,490,616
101,101,35073,14999,2769,806
102,102,49624,18416,1827,783
103,103,44531,18980,3905,961
104,104,9167,3354,419,116
105,105,27764,6881,1543,523
106,106,13572,3747,1068,297
107,107,12405,4151,519,231
108,108,1026,247,25,25
109,109,40758,14119,2347,654
110,110,15005,4551,1130,435
111,111,49231,9890,704,880
112,112,42480,14263,1046,1223
113,113,16392,5767,612,163
114,114,2600,426,126,52
115,115,5772,1654,449,111
116,116,48077,17255,2995,533
117,117,43995,15674,4281,1166
118,118,7985,3062,320,200
119,119,46607,14233,890,523
120,120,8953,2568,642,194
121,121,37629,12366,3555,1026
122,122,41150,16233,4431,644
123,123,36905,10472,940,979
124,124,30495,6945,776,638
125,125,35163,10386,1140,562
126,126,47762,11258,1327,620
127,127,36399,6339,555,530
128,128,11014,3986,263,167
129,129,36560,10594,694,944
130,130,26524,11178,2191,593
131,131,38728,10228,526,534
132,132,26558,10783,3109,410
133,133,49989,18515,4628,1371
134,134,32996,7121,1131,188
135,135,23028,8075,2014,532
136,136,31630,13470,3976,580
137,137,26822,8786,1895,190
138,138,29089,5547,917,182
139,139,25844,6414,1049,347
140,140,25846,6034,1736,401
141,141,6367,1853,439,40
142,142,23935,5200,349,692
143,143,3638,1368,393,36
144,144,2335,785,86,39
145,145,8496,2711,283,191
146,146,25175,5043,1017,596
147,147,8506,3260,296,108
148,148,38924,6138,785,853
149,149,25596,6885,1574,176
150,150,46260,18465,2044,1037
151,151,20764,8411,1683,166
152,152,38088,14655,2004,598
153,153,25285,4315,914,134
154,154,28528,11317,864,827
155,155,42653,17806,2936,376
156,156,12543,4642,1352,147
157,157,36269,13868,2305,930
158,158,39828,9181,2413,1026
159,159,6679,1560,253,158
160,160,38345,12772,1848,219
161,161,22300,4561,469,556
162,162,23304,5450,1084,629
163,163,37424,5727,1643,267
164,164,48190,13104,2473,530
165,165,32201,11069,1911,799
166,166,7098,1691,255,78
167,167,44513,14442,2430,813
168,168,28885,12969,2432,398
169,169,30736,7108,802,246
170,170,13621,3332,785,391
171,171,46230,9502,989,790
172,172,48486,15848,3804,965
173,173,7588,3033,376,106
174,174,20809,3209,588,246
175,175,4573,1445,324,37
176,176,33170,5996,318,401
177,177,32373,9133,877,203
178,178,32308,5951,394,558
179,179,38815,13151,833,338
180,180,37886,16470,1174,424
181,181,37573,14252,2872,930
182,182,15790,6042,876,437
183,183,20487,8359,2486,258
184,184,41699,7008,2032,311
185,185,14617,4935,573,102
186,186,16719,3379,232,84
187,187,30524,10891,1824,177
188,188,19881,7198,1624,325
189,189,46048,10131,1176,1141
190,190,39652,13812,3914,619
191,191,36688,7977,695,427
192,192,10321,1769,161,130
193,193,38303,16330,2609,640
194,194,20928,7532,2151,366
195,195,33361,9385,1872,908
196,196,49138,12122,1364,357
197,197,45190,18111,3509,1300
198,198,45058,17862,3466,1084
199,199,12481,3633,773,348
200,200,12894,5790,920,326
201,201,6979,2030,308,90
202,202,7855,3199,423,175
203,203,19888,6936,1041,477
204,204,3404,975,125,44
205,205,27488,11255,2883,138
206,206,36559,10550,670,656
207,207,41804,15757,3251,1003
208,208,14340,3299,273,174
209,209,46760,13813,790,970
210,210,16682,6054,773,89
211,211,27738,4936,1471,771
212,212,31241,13562,2874,276
213,213,47963,11394,2579,738
214,214,32621,14486,1606,612
215,215,26138,5415,1082,618
216,216,9946,4069,484,246
217,217,28193,7103,1753,329
218,218,1168,274,34,22
219,219,44249,13137,1144,817
220,220,23618,5898,1419,340
221,221,22088,9075,2678,242
222,222,26098,5743,1400,158
223,223,49804,14537,4046,723
224,224,44495,17251,3674,391
225,225,3426,643,187,45
226,226,7577,3123,499,137
227,227,30945,4784,411,828
228,228,11116,1916,470,129
229,229,41845,14972,3180,1100
230,230,45194,18430,2672,583
231,231,48101,20021,3443,891
232,232,41465,7070,1469,1161
233,233,15908,5950,943,118
234,234,42533,15361,1154,389
235,235,20625,8683,533,513
236,236,20226,5208,821,224
237,237,28004,8955,2222,259
238,238,6175,2055,299,136
239,239,33615,14247,1222,555
240,240,17644,5079,1100,484
241,241,31490,13237,2904,281
242,242,29949,12985,3855,373
243,243,28807,10286,1689,361
244,244,26211,10641,815,380
245,245,24524,7907,2357,303
246,246,44137,11861,617,1175
247,247,49802,22016,6112,1176
248,248,19756,7561,813,494
249,249,15352,5234,1074,336
250,250,48246,18345,4039,406
251,251,7367,3101,656,93
252,252,29889,4782,675,247
253,253,20340,5044,776,203
254,254,36350,15010,2123,637
255,255,18860,7527,859,483
256,256,32578,14341,1775,871
257,257,8547,2482,170,203
258,258,15785,6440,1487,465
259,259,37524,9746,2413,200
260,260,36164,6765,961,858
261,261,18181,5915,1511,518
262,262,8100,2854,479,165
263,263,37792,9387,1901,800
264,264,42641,16935,4696,535
265,265,27758,5135,314,164
266,266,33284,6152,668,613
267,267,26470,7572,1647,624
268,268,36402,10037,2364,322
269,269,28189,9766,2523,574
270,270,19333,3089,440,310
271,271,16473,6698,501,364
272,272,36682,15425,3257,238
273,273,19080,3948,317,499
274,274,30800,5467,563,646
275,275,2399,396,52,71
276,276,38000,8039,2069,716
277,277,39429,8468,2264,521
278,278,10670,4124,820,127
279,279,10482,4677,865,261
280,280,8204,2857,161,44
281,281,16593,5420,292,193
282,282,9307,3467,629,220
283,283,32211,9163,1287,639
284,284,30622,9221,2640,186
285,285,44181,13538,2227,1285
286,286,4986,2241,586,78
287,287,8075,2398,665,55
288,288,6294,1552,135,51
289,289,41915,14247,2665,550
290,290,40150,12413,2028,808
291,291,7499,2909,228,160
292,292,37132,13599,1410,604
293,293,15974,4379,1124,239
294,294,48815,8714,1365,1055
295,295,25530,11133,2468,430
296,296,6978,2787,204,51
297,297,49417,12937,1067,321
298,298,37804,12040,2618,577
299,299,44603,19283,3003,1244
300,300,4371,1925,385,60
301,301,38874,11748,1041,662
302,302,8092,2063,390,63
303,303,19256,6204,1562,503
304,304,41745,13945,2937,236
305,305,44111,17593,2055,419
306,306,47052,17819,4996,648
307,307,12888,5296,1014,193
308,308,10297,3833,1122,75
309,309,35765,7673,1188,483
310,310,25251,6148,805,720
311,311,40074,7032,444,358
312,312,41490,6842,481,667
313,313,28788,8512,1366,340
314,314,34577,6367,1002,417
315,315,45465,14909,2709,577
316,316,15451,4149,829,80
317,317,20753,8998,2176,500
318,318,19969,4961,257,472
319,319,12514,2362,432,134
320,320,37616,15046,3784,255
321,321,49630,8074,441,1391
322,322,21516,6943,1342,489
323,323,28373,6720,1016,827
324,324,12263,4787,979,316
325,325,24714,4360,1138,273
326,326,39592,10695,745,1059
327,327,49877,12561,1673,459
328,328,34455,11713,2139,339
329,329,23896,6101,1766,505
330,330,10679,2358,204,106
331,331,40478,7928,1901,278
332,332,42153,12571,2999,1011
333,333,30419,10778,2915,641
334,334,41928,10354,3031,541
335,335,29820,5083,816,374
336,336,19001,6221,858,130
337,337,31260,8927,573,806
338,338,6028,2070,609,43
339,339,39933,12064,1998,753
340,340,49425,20697,3361,1247
341,341,43718,9026,1816,766
342,342,5054,1441,364,131
343,343,47813,8381,1772,285
344,344,47374,13327,2130,855
345,345,11403,2955,825,167
346,346,23175,8196,517,481
347,347,22931,3893,286,503
348,348,19621,4426,1163,571
349,349,40498,16684,2224,792
350,350,10268,4364,556,219
351,351,44393,11879,2361,1262
352,352,21288,6762,1425,281
353,353,9375,3290,846,220
354,354,45919,19457,1427,999
355,355,34324,8874,1248,326
356,356,15037,3797,917,147
357,357,10015,1967,243,247
358,358,34271,13066,3381,928
359,359,3473,1210,325,71
360,360,40141,10557,956,1034
361,361,41942,16471,1505,668
362,362,27926,7240,1664,816
363,363,41015,9658,2290,665
364,364,35996,7982,2325,885
365,365,13715,3570,1023,406
366,366,31256,11903,2910,549
367,367,28437,12508,3179,711
368,368,10070,4147,261,171
369,369,25327,8012,606,662
370,370,9170,2159,519,108
371,371,34643,6727,1072,992
372,372,15551,6142,1665,439
373,373,28190,4678,820,307
374,374,6348,1666,95,179
375,375,47838,16503,4090,403
376,376,19800,8419,1415,510
377,377,47238,13733,2799,1305
378,378,2245,509,131,42
379,379,48660,16187,2522,1187
380,380,16573,3983,246,256
381,381,41816,12006,933,1155
382,382,40107,12465,2592,777
383,383,48090,9284,1460,979
384,384,16765,5384,521,363
385,385,35307,15619,1045,640
386,386,34248,13217,2338,188
387,387,31810,5186,760,455
388,388,49976,7739,1912,680
389,389,49034,17021,1292,958
390,390,22791,4330,597,306
391,391,43126,8734,2137,716
392,392,46573,13671,1306,389
393,393,47926,18348,3016,591
394,394,3870,1498,406,49
395,395,21321,6494,1930,396
396,396,17601,2833,599,213
397,397,4132,1693,225,33
398,398,25118,7060,1059,401
399,399,26339,6629,641,587
400,400,25074,10713,1926,627
401,401,48650,13493,2127,1453
402,402,12826,4022,524,89
403,403,44314,10577,1707,1016
404,404,11921,4254,586,72
405,405,24105,8062,1279,505
406,406,4759,820,171,67
407,407,45525,9013,520,1193
408,408,45439,17466,1025,303
409,409,43281,11248,1638,830
410,410,40655,7969,1294,580
411,411,30094,11403,2206,548
412,412,27085,6617,791,785
413,413,2698,1000,174,39
414,414,37809,7007,1707,854
415,415,15062,6761,820,420
416,416,33191,6971,585,227
417,417,12315,5167,833,88
418,418,45690,20115,5966,991
419,419,47500,8050,1493,1295
420,420,11322,4116,1160,237
421,421,24690,7471,600,247
422,422,10101,2232,387,141
423,423,38504,10036,2518,723
424,424,41104,17069,1134,614
425,425,47984,17545,3183,1162
426,426,38676,6657,1951,814
427,427,30489,8834,1584,250
428,428,37130,12696,1212,1082
429,429,29352,8830,2358,756
430,430,34954,6847,624,456
431,431,47486,10334,2964,853
432,432,19615,7920,892,409
433,433,37099,8619,1777,755
434,434,7122,2142,197,203
435,435,11105,2236,460,305
436,436,23126,9314,1778,592
437,437,2859,498,142,69
438,438,18344,6334,1531,282
439,439,42876,6820,1856,799
440,440,43068,18820,3213,1081
441,441,45891,12474,2038,1019
442,442,11359,3201,547,114
443,443,40758,7870,2088,529
444,444,23634,10460,864,337
445,445,37808,6875,759,304
446,446,30464,6835,507,373
447,447,26175,10712,1655,760
448,448,11466,4518,1280,264
449,449,13440,5092,888,240
450,450,33686,13936,2429,244
451,451,26771,8075,2355,277
452,452,24127,3971,477,481
453,453,43877,15434,1874,228
454,454,8044,2246,607,186
455,455,27427,7125,1069,528
456,456,13756,3559,434,201
457,457,30514,11574,1388,907
458,458,45590,15195,1248,338
459,459,25457,9889,1332,724
460,460,10454,2192,388,182
461,461,3969,641,146,99
462,462,35034,10058,2027,626
463,463,22493,9658,1251,333
464,464,41402,15393,1921,555
465,465,34404,10654,2420,429
466,466,2090,544,118,61
467,467,39253,9511,2612,1052
468,468,42239,6673,1125,1232
469,469,38910,12579,2897,762
470,470,12174,3740,861,296
471,471,25916,5036,1108,150
472,472,46909,8582,469,602
473,473,10924,2991,302,191
474,474,41073,17503,4694,960
475,475,5081,1837,330,96
476,476,44399,13031,1879,1283
477,477,31124,13185,1787,431
478,478,48246,17089,4287,560
479,479,32731,6797,758,620
480,480,15736,6804,2011,382
481,481,47196,10014,2265,610
482,482,23859,7590,2152,549
483,483,19860,3705,811,287
484,484,26856,10621,3065,674
485,485,20035,3258,941,139
486,486,29991,10400,2463,310
487,487,36296,8396,1599,427
488,488,8158,2730,537,90
489,489,44898,18926,2014,485
490,490,7566,2073,475,56
491,491,10009,1516,284,282
492,492,27667,9569,2585,467
493,493,43633,9155,2663,568
494,494,43329,7268,1760,923
495,495,16218,5036,1162,460
496,496,12473,3434,890,353
497,497,3381,1518,226,58
498,498,19970,8248,431,383
499,499,8032,3442,460,131
500,500,43029,13467,2336,1224
501,501,34044,9886,970,266
502,502,11649,4302,912,267
503,503,1923,713,176,36
504,504,13659,2767,730,374
505,505,29029,8841,633,630
506,506,13109,5827,986,372
507,507,1447,330,35,34
508,508,22602,5437,1254,119
509,509,43839,11304,1232,951
510,510,31500,7624,1153,553
511,511,47108,17945,3994,987
512,512,20335,5292,556,588
513,513,32338,6336,1501,651
514,514,28252,10187,2834,676
515,515,44522,17705,4257,979
516,516,40047,16496,1162,647
517,517,47122,12182,3402,367
518,518,36890,15525,1560,679
519,519,11783,2927,527,93
520,520,14461,5279,909,397
521,521,30195,11854,1936,538
522,522,30936,9873,1872,674
523,523,21196,7778,1158,538
524,524,49877,10742,733,777
525,525,46900,7932,2367,1330
526,526,5523,2462,413,67
527,527,12795,4870,1175,376
528,528,43328,19026,2732,1182
529,529,30395,12488,3455,437
530,530,45743,20092,5397,380
531,531,23791,4415,1316,352
532,532,9345,3442,363,47
533,533,2489,1103,182,57
534,534,28795,8914,2280,322
535,535,23685,4654,451,636
536,536,8395,1340,288,171
537,537,2025,449,30,40
538,538,30257,9964,2250,188
539,539,49532,8087,1291,916
540,540,4699,902,269,51
541,541,48940,15799,3070,1189
542,542,22015,4866,1309,652
543,543,35160,7605,951,229
544,544,39775,16463,4574,821
545,545,28997,9184,566,394
546,546,43160,15166,3737,559
547,547,28284,7706,963,271
548,548,36253,10587,2777,453
549,549,47371,9157,1517,305
550,550,28045,12349,2337,234
551,551,16915,3831,507,118
552,552,30477,12316,900,704
553,553,13483,2230,321,271
554,554,3591,1479,143,86
555,555,48468,17033,1775,495
556,556,22821,5498,1524,234
557,557,13453,5900,468,403
558,558,32386,13742,3076,731
559,559,26993,11459,2154,658
560,560,25947,7521,1595,329
561,561,24569,7465,1301,183
562,562,48344,14060,3654,1346
563,563,25294,6168,378,672
564,564,49578,9607,1106,1406
565,565,38954,14257,1764,385
566,566,16074,4242,1095,281
567,567,43900,19010,2554,1057
568,568,33022,14528,3057,570
569,569,12025,4447,613,102
570,570,36818,10916,3048,683
571,571,43061,18825,3407,1118
572,572,5871,2545,552,141
573,573,28026,5359,1112,187
574,574,10897,1664,293,156
575,575,41490,14161,4014,1154
576,576,44206,13100,676,830
577,577,1776,275,63,32
578,578,19788,3069,777,432
579,579,12748,2321,171,111
580,580,13578,4561,515,188
581,581,27011,4691,1359,445
582,582,16938,7572,806,374
583,583,6283,2174,575,150
584,584,7127,1935,279,120
585,585,42729,6530,606,747
586,586,29436,10110,1342,866
587,587,7249,3033,848,77
588,588,46369,19301,3259,285
589,589,5872,2086,250,109
590,590,44129,7054,1990,567
591,591,14576,4753,1131,332
592,592,27102,11617,1450,517
593,593,38138,15270,2249,1045
594,594,22740,6029,1416,563
595,595,46174,16957,2970,1355
596,596,4519,810,87,31
597,597,40660,15479,4469,606
598,598,22389,3557,420,667
599,599,33152,7241,1363,476
600,600,13172,4661,1002,94
601,601,41541,9912,1106,284
602,602,18561,3642,830,386
603,603,49474,13203,1850,360
604,604,21202,6009,1444,160
605,605,6721,1385,224,126
606,606,27741,5020,363,523
607,607,40120,13216,1732,586
608,608,20126,5517,1350,465
609,609,37669,15879,4677,726
610,610,12113,4307,397,142
611,611,18590,5538,364,294
612,612,28597,6861,1685,401
613,613,17160,6285,1093,350
614,614,31006,5645,712,890
615,615,22772,9165,1328,604
616,616,29850,7475,1897,790
617,617,39954,7624,992,1145
618,618,14163,4159,392,211
619,619,21915,5203,1164,378
620,620,38740,14899,1958,465
621,621,26751,6942,1964,267
622,622,36758,7497,1813,208
623,623,48658,14037,3187,776
624,624,20092,8024,539,526
625,625,27813,9787,829,349
626,626,17559,6103,1396,434
627,627,5847,1664,331,114
628,628,36020,10877,3046,802
629,629,36628,5898,1722,825
630,630,36186,11874,3308,279
631,631,17268,5996,831,365
632,632,3903,1244,262,82
633,633,22731,9995,1575,119
634,634,17956,3889,920,340
635,635,46066,14859,2398,680
636,636,45535,14870,2603,620
637,637,2609,769,95,73
638,638,6626,1224,349,56
639,639,21440,5422,1334,386
640,640,23826,6977,1113,534
641,641,21900,3726,227,498
642,642,2480,1003,212,54
643,643,11771,5049,1187,210
644,644,37169,7360,1398,1076
645,645,16194,6304,1307,156
646,646,44077,12325,706,897
647,647,13931,3968,624,71
648,648,15076,3192,759,380
649,649,5100,1648,411,93
650,650,24972,6187,1017,288
651,651,33078,10198,2139,659
652,652,41062,10994,863,566
653,653,31006,10393,2633,702
654,654,20493,8721,1722,446
655,655,21524,3989,503,206
656,656,46445,8936,1314,924
657,657,38670,10251,988,807
658,658,46444,19773,5589,433
659,659,11935,3543,301,153
660,660,30556,10261,2733,879
661,661,32759,6255,1587,953
662,662,34124,11804,1797,590
663,663,47539,19109,3290,335
664,664,3022,1174,123,17
665,665,15735,4898,450,258
666,666,49661,18958,3295,882
667,667,38533,7100,1730,985
668,668,25042,7828,1872,601
669,669,29925,9393,2793,226
670,670,43839,16457,2047,1314
671,671,30473,6973,1851,218
672,672,8693,3326,363,219
673,673,39530,14101,3740,800
674,674,29060,5806,492,295
675,675,14562,5702,1097,266
676,676,40115,12501,1636,906
677,677,19961,6423,1850,356
678,678,45518,17959,1506,1081
679,679,27974,11906,3549,746
680,680,9315,3357,279,80
681,681,22108,8811,2117,484
682,682,33077,6372,1326,684
683,683,25587,7307,1522,690
684,684,7101,1923,456,158
685,685,25187,7213,1240,492
686,686,49019,8722,2555,1023
687,687,46697,12022,791,857
688,688,15275,6727,1723,265
689,689,22159,8830,1187,430
690,690,38102,15459,3819,1042
691,691,4172,683,141,108
692,692,2067,387,102,33
693,693,1044,467,73,31
694,694,9645,3999,501,259
695,695,18958,3374,472,133
696,696,44549,18761,1714,664
697,697,21021,7731,1846,330
698,698,6976,2519,126,118
699,699,9696,3181,572,156
700,700,1528,548,139,45
701,701,28676,10272,1740,307
702,702,6854,2530,191,87
703,703,20611,3939,958,491
704,704,9725,3330,730,65
705,705,37915,5783,1228,606
706,706,48345,10341,2451,1353
707,707,41375,14728,3902,296
708,708,7584,1456,117,176
709,709,24038,10552,1357,204
710,710,19151,6576,736,383
711,711,48263,16036,3924,1074
712,712,44149,18222,1847,890
713,713,13363,5002,619,85
714,714,16685,4979,389,291
715,715,39923,6838,1861,211
716,716,24664,10609,880,654
717,717,38249,10566,1971,356
718,718,31868,13905,3373,172
719,719,5425,836,86,152
720,720,27081,8178,1694,474
721,721,28225,7820,1177,593
722,722,36235,12131,1448,461
723,723,34508,14709,4318,306
724,724,22413,5989,1249,579
725,725,45633,15649,1995,727
726,726,16639,2784,199,263
727,727,30712,10248,653,664
728,728,44126,16423,1311,1001
729,729,46973,7205,1254,642
730,730,34896,13431,3091,320
731,731,9318,3493,937,217
732,732,8736,3332,191,219
733,733,18824,5781,669,552
734,734,42125,7292,1194,589
735,735,33742,13760,1262,301
736,736,7743,3238,707,61
737,737,49547,14995,914,1316
738,738,17026,2788,393,476
739,739,12728,5464,1444,239
740,740,47794,17788,2754,623
741,741,28279,12011,1561,725
742,742,38456,10069,1767,1059
743,743,12753,2766,494,78
744,744,27275,4655,774,328
745,745,21361,5301,998,111
746,746,14151,3360,826,332
747,747,16897,4886,967,292
748,748,13807,5104,952,343
749,749,10867,1650,251,117
750,750,23703,8077,1804,124
751,751,22955,3453,740,601
752,752,48658,11787,1194,1439
753,753,28513,8485,551,853
754,754,47638,11144,679,513
755,755,35062,9604,2630,577
756,756,6564,2128,375,137
757,757,26844,4629,888,426
758,758,9566,2114,243,123
759,759,26752,9636,2253,346
760,760,18822,4142,1184,158
761,761,39319,7183,548,638
762,762,21580,5868,1079,628
763,763,14607,4171,691,384
764,764,6925,1366,302,177
765,765,46670,15447,1602,1232
766,766,10720,1901,213,148
767,767,34650,5706,711,883
768,768,12394,1974,298,202
769,769,37052,8335,1379,929
770,770,10161,1894,123,249
771,771,15567,2945,753,222
772,772,42307,18245,1295,831
773,773,5914,925,61,163
774,774,30060,11807,861,787
775,775,22728,4244,1211,142
776,776,38610,10808,2497,671
777,777,26082,9258,862,270
778,778,13265,3084,498,115
779,779,41246,13848,1543,510
780,780,28000,11615,1971,201
781,781,26101,4989,498,707
782,782,35459,7969,2378,659
783,783,2279,1018,249,31
784,784,36685,14102,1917,702
785,785,22076,5883,558,286
786,786,15353,2437,615,184
787,787,31912,9855,2382,957
788,788,11461,2063,441,133
789,789,49303,8222,2459,516
790,790,26455,6784,1762,691
791,791,12540,2770,358,294
792,792,24513,10398,593,551
793,793,38201,12189,2325,370
794,794,33258,10397,976,197
795,795,4681,1028,107,85
796,796,1044,260,52,26
797,797,23331,8517,2382,609
798,798,22206,3727,323,502
799,799,10283,3931,1028,272
800,800,5753,1507,430,85
801,801,7621,1912,249,224
802,802,48995,21293,5279,1421
803,803,43544,10676,2421,829
804,804,41220,15914,1683,813
805,805,12491,3291,768,154
806,806,12646,4661,1338,363
807,807,26663,10804,2622,511
808,808,12932,4276,1198,377
809,809,15476,5291,402,269
810,810,22703,8481,928,671
811,811,12002,4090,1189,306
812,812,44910,15347,4169,726
813,813,18380,3913,873,252
814,814,8080,2958,183,128
815,815,28502,12561,3405,493
816,816,25819,6593,948,664
817,817,38883,13425,2977,352
818,818,5830,2272,132,32
819,819,18113,7888,540,167
820,820,25606,5076,348,730
821,821,7101,1785,528,194
822,822,47170,7514,2146,430
823,823,29455,5806,437,298
824,824,13450,3668,691,378
825,825,36397,8356,1005,398
826,826,4252,1138,213,73
827,827,4572,1180,185,56
828,828,44386,14981,2547,329
829,829,14562,2930,360,102
830,830,8569,2078,310,147
831,831,44321,10171,2140,650
832,832,25315,10522,1497,408
833,833,18255,5146,596,473
834,834,37978,6398,1523,823
835,835,6616,2318,584,101
836,836,39648,8653,564,581
837,837,35247,9713,1786,940
838,838,32118,10336,1125,400
839,839,26873,11309,2584,471
840,840,34870,13604,2984,715
841,841,8882,3861,626,255
842,842,11955,5279,1330,97
843,843,28746,4987,1101,288
844,844,42105,8183,1626,547
845,845,48651,20640,1377,715
846,846,27041,8534,2254,486
847,847,1810,698,143,32
848,848,28498,5236,457,546
849,849,39186,14793,4214,1102
850,850,37876,14539,3582,1010
851,851,23535,9728,1128,502
852,852,38488,12804,760,457
853,853,10427,3497,770,156
854,854,26938,11229,1492,294
855,855,49873,14591,1709,713
856,856,23142,9146,1150,277
857,857,33218,13535,2994,973
858,858,15939,3033,890,256
859,859,22028,5084,783,465
860,860,13316,3761,1046,202
861,861,32749,12374,3301,835
862,862,34768,13470,894,790
863,863,27436,5231,1374,740
864,864,2897,585,157,29
865,865,4776,1073,176,133
866,866,47178,9894,1405,783
867,867,27014,9201,744,155
868,868,25409,7537,1217,737
869,869,32102,10467,1438,291
870,870,17951,6726,1494,217
871,871,26333,4342,1143,645
872,872,15045,6125,1297,330
873,873,18634,6437,1147,495
874,874,45708,6978,1939,968
875,875,40396,15764,1670,816
876,876,21018,7646,1738,249
877,877,25672,10409,1714,268
878,878,20801,7346,1881,310
879,879,7705,1172,351,224
880,880,25525,8128,1612,308
881,881,45853,8365,551,1362
882,882,42982,10639,1268,919
883,883,43694,10470,915,1054
884,884,4720,1848,463,94
885,885,44288,10889,925,249
886,886,33595,15092,1733,519
887,887,26445,9811,1920,789
888,888,13446,3401,776,297
889,889,42832,16510,4567,933
890,890,34247,8221,760,734
891,891,37585,7680,571,308
892,892,17951,6597,1251,499
893,893,45545,19123,4084,480
894,894,15636,5836,739,386
895,895,22713,5939,1166,376
896,896,8718,2538,676,170
897,897,41675,7141,1944,729
898,898,45610,12063,1502,289
899,899,10881,2080,208,165
900,900,38316,16010,4749,328
901,901,47902,9777,686,637
902,902,12588,3071,198,205
903,903,14722,5570,513,354
904,904,33084,12755,3124,272
905,905,29423,10005,1509,857
906,906,26121,3954,725,607
907,907,1922,802,191,35
908,908,2174,767,158,24
909,909,46450,19188,2456,351
910,910,33986,11099,1018,869
911,911,20542,8926,1463,369
912,912,35348,8884,2416,1056
913,913,23461,10530,1816,557
914,914,11805,5128,1433,178
915,915,15969,3470,1027,164
916,916,2436,796,73,34
917,917,43633,16913,2432,916
918,918,36044,12144,2410,223
919,919,8085,2797,153,179
920,920,28313,8020,648,320
921,921,46997,9208,2060,975
922,922,20733,5727,430,373
923,923,41815,13869,1169,1077
924,924,7875,2389,488,95
925,925,7964,2383,481,194
926,926,35284,15593,2174,537
927,927,11510,1862,324,117
928,928,32500,8098,410,708
929,929,8237,3299,716,71
930,930,6903,2649,182,159
931,931,17770,6100,1001,523
932,932,18309,5296,396,171
933,933,3585,1454,203,78
934,934,28918,10744,792,692
935,935,4007,612,51,84
936,936,22539,5798,924,463
937,937,49042,8723,2213,469
938,938,27265,7363,1208,705
939,939,46213,18725,4680,980
940,940,11930,2194,491,77
941,941,11446,2073,575,195
942,942,38286,13534,1289,554
943,943,24501,8168,2169,661
944,944,48662,21510,1778,1363
945,945,8401,3497,560,55
946,946,43924,10729,2426,964
947,947,49734,16063,3072,1464
948,948,44898,18495,3324,997
949,949,41516,7413,1596,465
950,950,23659,8259,1737,206
951,951,37591,15698,3190,198
952,952,11284,3404,569,196
953,953,11839,2041,352,130
954,954,19229,3174,335,405
955,955,27429,10838,755,441
956,956,38554,10965,2896,623
957,957,8779,3899,921,47
958,958,27439,7510,1421,137
959,959,6956,2695,783,145
960,960,34314,10935,2336,562
961,961,23338,6044,384,246
962,962,30783,7683,1858,615
963,963,47966,16651,3812,376
964,964,44182,9566,1294,1137
965,965,20135,6328,907,154
966,966,11758,3500,894,277
967,967,27818,5065,1026,269
968,968,26748,5742,1470,261
969,969,23146,4220,648,651
970,970,45049,14714,3576,732
971,971,44152,14428,2540,1284
972,972,1284,396,24,36
973,973,39346,11602,2054,1102
974,974,12613,4509,421,320
975,975,7786,2072,414,210
976,976,34037,14105,2181,688
977,977,46384,17566,2079,1349
978,978,20278,5796,483,310
979,979,46876,19497,3471,1222
980,980,36901,15063,3433,1047
981,981,42456,9136,935,970
982,982,45997,11664,2543,1358
983,983,43604,19297,1822,809
984,984,42738,10544,831,590
985,985,32481,10551,3014,739
986,986,45187,16916,4404,548
987,987,28681,11257,2033,161
988,988,10524,1746,112,122
989,989,11547,5139,1134,100
990,990,5065,1809,223,120
991,991,3117,802,130,63
992,992,45271,16833,4481,1066
993,993,37783,10075,1790,941
994,994,46621,11016,2380,1312
995,995,26398,7258,1792,584
996,996,37184,6177,1457,374
997,997,30036,11984,3330,679
998,998,43443,11309,2228,1019
999,999,13875,5311,1545,171
1000,1000,12627,5619,385,366
1001,1001,49174,14956,2158,772
1002,1002,37477,8592,775,980
1003,1003,1369,341,77,12
1004,1004,11073,4745,945,269
1005,1005,41984,14051,3027,724
1006,1006,38530,12138,828,874
1007,1007,35432,7652,734,237
1008,1008,34104,6746,1253,514
1009,1009,23898,5170,534,317
1010,1010,24645,5867,1687,504
1011,1011,32120,14421,3690,948
1012,1012,1576,290,39,17
1013,1013,43091,14397,2955,1248
1014,1014,45731,19010,2762,1138
1015,1015,8430,2240,414,101
1016,1016,34873,13831,1988,874
1017,1017,30200,8940,1109,642
1018,1018,21992,6689,1920,201
1019,1019,36256,11237,2323,372
1020,1020,42255,16144,4298,659
1021,1021,7810,1653,425,210
1022,1022,49586,18969,4014,1412
1023,1023,49948,17772,994,1144
1024,1024,3482,613,38,86
1025,1025,37574,6430,1642,1043
1026,1026,27714,7383,1532,438
1027,1027,2106,561,44,10
1028,1028,48204,16172,3864,946
1029,1029,46933,18983,2646,824
1030,1030,19994,7719,967,143
1031,1031,29683,7848,2005,171
1032,1032,11244,3486,293,166
1033,1033,36764,8767,1828,457
1034,1034,48797,16804,4862,257
1035,1035,37377,7191,434,722
1036,1036,26826,8346,2393,338
1037,1037,49590,20880,2838,759
1038,1038,43331,17568,1504,415
1039,1039,41428,16588,1635,394
1040,1040,38178,15487,4070,1080
1041,1041,36969,10661,1998,453
1042,1042,5414,1219,121,105
1043,1043,22682,5832,1270,246
1044,1044,19686,6611,1818,254
1045,1045,30533,7587,1630,681
1046,1046,10987,3512,495,141
1047,1047,29069,5831,748,716
1048,1048,47674,17732,2819,1239
1049,1049,9801,3468,460,166
1050,1050,30186,7776,982,567
1051,1051,12519,4302,303,150
1052,1052,10175,4246,420,237
1053,1053,42066,7274,500,229
1054,1054,34238,11623,2942,666
1055,1055,39668,8482,501,456
1056,1056,36368,10606,2585,514
1057,1057,15634,6526,1288,413
1058,1058,9774,2828,502,145
1059,1059,33910,5194,569,986
1060,1060,41241,14650,3505,350
1061,1061,11434,2329,668,245
1062,1062,10581,3923,670,147
1063,1063,15340,5805,626,178
1064,1064,16336,2660,270,452
1065,1065,24674,6573,1836,667
1066,1066,3615,1605,210,81
1067,1067,35168,11959,1415,828
1068,1068,38921,12194,1139,830
1069,1069,24940,8138,2234,173
1070,1070,17487,4597,1272,313
1071,1071,24127,9534,1299,598
1072,1072,40597,6169,1668,649
1073,1073,16072,2782,586,165
1074,1074,13249,2612,523,336
1075,1075,44326,9711,2454,1019
1076,1076,32556,11478,1948,643
1077,1077,43418,17367,965,263
1078,1078,38584,12644,1058,687
1079,1079,38504,7472,684,1080
1080,1080,34858,15249,3047,665
1081,1081,2220,918,212,56
1082,1082,6619,1422,286,111
1083,1083,32566,6551,1687,652
1084,1084,39184,15522,1481,842
1085,1085,18335,3672,812,514
1086,1086,40094,13117,1409,586
1087,1087,8115,1257,227,225
1088,1088,45850,12651,1105,339
1089,1089,32186,13533,2705,867
1090,1090,35827,10783,855,611
1091,1091,9541,4012,741,47
1092,1092,45470,15676,2829,648
1093,1093,3846,1381,217,109
1094,1094,32596,12610,1832,642
1095,1095,49587,20943,5430,962
1096,1096,28884,5492,929,312
1097,1097,6493,1525,410,98
1098,1098,13387,2030,478,69
1099,1099,35245,6532,338,752
1100,1100,46073,18027,2743,353
1101,1101,28923,9992,1133,762
1102,1102,28758,9185,1864,856
1103,1103,27047,10182,1560,665
1104,1104,32619,6641,1260,557
1105,1105,21096,6820,1661,315
1106,1106,10048,4084,877,238
1107,1107,30268,11651,3347,227
1108,1108,34314,9270,1247,643
1109,1109,46682,16589,1045,687
1110,1110,42672,6468,470,368
1111,1111,40337,11319,747,425
1112,1112,6245,2077,480,176
1113,1113,27256,9108,1641,621
1114,1114,40155,6715,1634,376
1115,1115,33398,9407,944,715
1116,1116,34957,8242,481,698
1117,1117,34804,12513,2550,760
1118,1118,24575,5450,272,219
1119,1119,19083,7325,1012,283
1120,1120,39409,8279,445,890
1121,1121,6909,2175,503,131
1122,1122,39203,9974,2900,467
1123,1123,40738,17880,2926,615
1124,1124,1304,297,45,9
1125,1125,5743,1728,233,45
1126,1126,34638,15137,4072,877
1127,1127,38676,8703,1398,557
1128,1128,32695,12456,2981,949
1129,1129,31071,11013,3019,824
1130,1130,32586,6024,402,679
1131,1131,15442,5452,585,199
1132,1132,24140,7361,385,622
1133,1133,17269,4078,610,409
1134,1134,23412,4045,1144,395
1135,1135,24169,5210,1007,231
1136,1136,49900,17711,4914,872
1137,1137,14085,3105,343,163
1138,1138,16021,3377,379,327
1139,1139,11223,4306,344,78
1140,1140,44478,13245,684,1175
1141,1141,3769,1524,217,48
1142,1142,38651,15871,2740,1144
1143,1143,34497,8075,852,669
1144,1144,4548,1399,217,129
1145,1145,3134,942,139,69
1146,1146,12455,3576,286,223
1147,1147,21686,7736,409,222
1148,1148,39076,7042,988,1037
1149,1149,13265,4172,455,222
1150,1150,41179,10415,999,642
1151,1151,28465,10253,1466,750
1152,1152,19325,5511,1062,569
1153,1153,45958,10045,753,539
1154,1154,16453,5209,1375,162
1155,1155,49401,9626,2420,465
1156,1156,33741,6422,1755,700
1157,1157,35995,13180,3246,449
1158,1158,37840,15421,954,282
1159,1159,11704,1966,498,197
1160,1160,42278,7563,1785,485
1161,1161,24613,7829,2215,281
1162,1162,2299,628,86,50
1163,1163,40687,8531,1654,863
1164,1164,12438,5520,668,163
1165,1165,34452,10206,2389,938
1166,1166,25973,8677,1439,751
1167,1167,11982,4099,1156,186
1168,1168,41128,13222,3467,278
1169,1169,11616,2939,377,247
1170,1170,47558,10949,2312,560
1171,1171,30156,11588,3299,714
1172,1172,35140,15449,2371,337
1173,1173,2513,471,51,28
1174,1174,49750,17920,1254,456
1175,1175,7750,1384,393,130
1176,1176,4527,714,106,109
1177,1177,6455,1169,239,45
1178,1178,26548,6446,720,321
1179,1179,42057,7903,1435,389
1180,1180,3303,1152,305,43
1181,1181,32205,9344,2501,913
1182,1182,36949,10473,3062,829
1183,1183,12602,4123,676,298
1184,1184,37961,10647,2235,696
1185,1185,23752,6994,746,171
1186,1186,21176,5500,632,266
1187,1187,1006,308,73,8
1188,1188,19793,5755,299,555
1189,1189,32265,7739,1868,804
1190,1190,40125,8802,455,575
1191,1191,27983,11603,1848,314
1192,1192,47854,17760,2618,691
1193,1193,18234,3168,653,326
1194,1194,41187,16156,3573,499
1195,1195,49688,15382,1802,481
1196,1196,5486,1123,137,114
1197,1197,41483,11857,2669,717
1198,1198,22013,3430,214,404
1199,1199,13185,5823,701,107
1200,1200,29732,10945,1184,260
1201,1201,33347,7174,1112,821
1202,1202,33662,15127,2509,834
1203,1203,22643,3941,936,195
1204,1204,18465,7066,479,309
1205,1205,13595,5692,640,197
1206,1206,1826,340,82,20
1207,1207,30029,6730,2009,299
1208,1208,49190,18756,3381,1453
1209,1209,31987,8532,2476,908
1210,1210,11394,3859,233,323
1211,1211,35139,6558,1116,438
1212,1212,24620,10248,2725,257
1213,1213,8400,1854,293,45
1214,1214,19094,6213,925,211
1215,1215,3752,1216,270,83
1216,1216,11157,2916,211,99
1217,1217,6990,2486,334,204
1218,1218,41968,7051,979,371
1219,1219,36150,14005,1140,391
1220,1220,37592,14531,3475,944
1221,1221,29751,11006,609,429
1222,1222,48474,9230,2535,830
1223,1223,29672,9427,1750,511
1224,1224,38139,7856,1075,889
1225,1225,19043,7813,1560,504
1226,1226,11508,1963,174,142
1227,1227,18258,5705,932,445
1228,1228,34158,9007,868,186
1229,1229,24860,9516,1043,572
1230,1230,44141,19428,4949,430
1231,1231,45775,13698,2573,930
1232,1232,22141,6043,788,163
1233,1233,44181,7510,1943,364
1234,1234,3049,642,110,22
1235,1235,38421,13160,1936,662
1236,1236,41892,15097,1720,593
1237,1237,40711,14873,792,1140
1238,1238,43975,13079,3563,307
1239,1239,42872,7211,1366,1219
1240,1240,28259,11207,2785,182
1241,1241,41431,9518,572,280
1242,1242,20916,3626,377,376
1243,1243,7633,2805,513,74
1244,1244,35484,12315,2370,1017
1245,1245,37596,14089,2166,287
1246,1246,42852,13839,3025,966
1247,1247,28988,12025,1102,275
1248,1248,27316,8233,1765,501
1249,1249,40316,11405,1574,519
1250,1250,22276,8987,1375,464
1251,1251,48570,11998,1321,905
1252,1252,25580,9713,2734,290
1253,1253,30648,8711,1300,709
1254,1254,19643,6457,1158,586
1255,1255,20781,3158,935,215
1256,1256,21637,3386,865,481
1257,1257,19085,8125,1444,367
1258,1258,38461,7554,448,534
1259,1259,10070,2311,629,113
1260,1260,17793,6998,510,266
1261,1261,15249,5646,1303,378
1262,1262,12331,3655,1004,278
1263,1263,7249,2381,297,168
1264,1264,38767,10252,2512,1087
1265,1265,22914,5828,1481,353
1266,1266,8899,3656,390,189
1267,1267,40472,17346,3616,842
1268,1268,4547,1097,66,84
1269,1269,10802,2679,601,95
1270,1270,45147,16680,2472,728
1271,1271,40002,12903,935,631
1272,1272,26842,5218,699,453
1273,1273,49844,8213,1230,355
1274,1274,33887,9500,2132,815
1275,1275,32517,10333,1776,692
1276,1276,13851,4409,1319,250
1277,1277,16880,2894,706,220
1278,1278,38749,6853,1493,604
1279,1279,23826,4935,671,509
1280,1280,20976,4211,578,535
1281,1281,29980,10101,1617,842
1282,1282,16301,3421,490,390
1283,1283,6623,1216,77,190
1284,1284,10678,4384,1118,57
1285,1285,46468,18182,2296,779
1286,1286,22749,4838,892,229
1287,1287,35292,13238,2478,726
1288,1288,10263,3679,798,147
1289,1289,44484,13702,1560,289
1290,1290,14152,5473,1119,89
1291,1291,43910,19037,1268,944
1292,1292,44449,18029,3876,1182
1293,1293,2250,534,144,32
1294,1294,25949,7851,1785,716
1295,1295,32762,13433,2456,316
1296,1296,33810,14877,2829,771
1297,1297,3605,808,147,48
1298,1298,26781,9997,545,592
1299,1299,24290,8199,894,715
1300,1300,33850,7879,516,387
1301,1301,26373,11000,2790,151
1302,1302,37368,16245,1728,506
1303,1303,26745,9282,667,389
1304,1304,45433,15162,3129,485
1305,1305,16752,5391,844,214
1306,1306,40673,10118,1877,413
1307,1307,10081,3269,722,101
1308,1308,10051,2439,551,181
1309,1309,9863,2751,762,239
1310,1310,44006,18918,5283,569
1311,1311,37525,11628,2672,360
1312,1312,10536,3878,935,284
1313,1313,28134,12332,1551,665
1314,1314,42736,18375,2176,1046
1315,1315,7997,1515,85,237
1316,1316,41432,9531,1827,446
1317,1317,16216,3555,200,113
1318,1318,32234,6131,1603,538
1319,1319,43570,11423,3004,753
1320,1320,10012,1993,212,152
1321,1321,1983,847,243,20
1322,1322,44996,20089,4810,299
1323,1323,29788,12217,2107,390
1324,1324,30985,12898,2023,756
1325,1325,40841,15135,2195,523
1326,1326,41075,17733,3422,755
1327,1327,43034,17761,4382,775
1328,1328,30596,8783,2366,824
1329,1329,17103,5226,778,399
1330,1330,37549,9996,2411,1091
1331,1331,13442,3190,476,169
1332,1332,19737,5692,885,401
1333,1333,4574,1632,450,75
1334,1334,43342,12374,2854,339
1335,1335,39367,16981,3804,330
1336,1336,28103,6942,390,459
1337,1337,47703,19975,5405,346
1338,1338,22238,7950,2200,553
1339,1339,48079,17788,1294,1089
1340,1340,42554,11016,1993,621
1341,1341,34532,11520,1036,647
1342,1342,3877,1475,410,74
1343,1343,44222,18078,1636,380
1344,1344,47664,7883,1001,1108
1345,1345,30245,7157,681,830
1346,1346,14294,2159,521,75
1347,1347,33612,13667,2540,172
1348,1348,33339,7380,1455,563
1349,1349,27879,7877,1577,143
1350,1350,36870,8606,1782,940
1351,1351,14607,2405,209,311
1352,1352,3406,659,38,66
1353,1353,40536,9709,2719,252
1354,1354,28325,12693,1146,343
1355,1355,44314,15840,3148,1093
1356,1356,12627,5554,1318,176
1357,1357,3348,595,74,47
1358,1358,25834,10232,2451,673
1359,1359,5254,1249,104,117
1360,1360,18984,4722,724,194
1361,1361,14700,4904,379,341
1362,1362,42220,13032,937,975
1363,1363,40634,17479,5183,494
1364,1364,40901,16537,1900,792
1365,1365,41844,10718,883,797
1366,1366,35059,12928,2255,883
1367,1367,40938,8998,1103,402
1368,1368,8746,1374,283,69
1369,1369,14587,5687,1704,223
1370,1370,22875,5830,1466,235
1371,1371,42983,9041,1088,1064
1372,1372,21170,5082,952,511
1373,1373,8460,3009,407,195
1374,1374,41369,18121,4675,407
1375,1375,23147,9876,1676,390
1376,1376,3330,1144,194,68
1377,1377,36190,15155,2509,917
1378,1378,49666,8284,1493,949
1379,1379,45446,11118,2045,463
1380,1380,45924,11458,3197,1143
1381,1381,5339,2353,282,30
1382,1382,25591,8648,2253,493
1383,1383,26530,5470,433,651
1384,1384,21203,7666,986,122
1385,1385,28123,4950,1332,401
1386,1386,20833,4475,561,162
1387,1387,3450,1322,367,55
1388,1388,2634,1026,283,23
1389,1389,23289,9946,2318,421
1390,1390,22452,4332,1160,573
1391,1391,34826,12294,1022,804
1392,1392,31105,8282,2204,245
1393,1393,21380,9187,2037,424
1394,1394,6706,1676,456,50
1395,1395,44187,16511,918,1058
1396,1396,42867,17903,2331,420
1397,1397,19130,5924,1440,416
1398,1398,18868,3675,435,101
1399,1399,41825,13295,1005,776
1400,1400,37003,9085,775,836
1401,1401,19564,6304,585,250
1402,1402,23199,7242,453,132
1403,1403,45269,7475,1090,323
1404,1404,26684,5435,1081,528
1405,1405,46228,16633,3394,592
1406,1406,13985,5088,1107,256
1407,1407,31519,10096,739,789
1408,1408,46783,13589,2227,1034
1409,1409,47544,18064,3028,1363
1410,1410,10418,4253,868,289
1411,1411,26695,5472,1528,353
1412,1412,22283,6372,366,376
1413,1413,24032,7055,1844,289
1414,1414,23846,7900,646,180
1415,1415,47810,18599,2445,1015
1416,1416,20799,6444,967,318
1417,1417,41689,9301,834,711
1418,1418,5329,1344,340,105
1419,1419,29531,9454,1281,660
1420,1420,12343,4305,299,348
1421,1421,38630,15491,1217,768
1422,1422,22323,7065,1805,209
1423,1423,27594,4715,363,699
1424,1424,25832,6412,1354,168
1425,1425,15261,6029,1638,420
1426,1426,42689,16774,4013,918
1427,1427,30686,9493,1400,596
1428,1428,13823,2926,788,172
1429,1429,45535,10990,3141,722
1430,1430,23561,10533,2061,477
1431,1431,34451,9345,765,425
1432,1432,25197,10590,3092,126
1433,1433,37702,14938,2088,1000
1434,1434,3043,671,151,45
1435,1435,21848,7942,1203,346
1436,1436,14842,5176,873,144
1437,1437,26204,10560,1479,404
1438,1438,19905,8942,1945,166
1439,1439,5701,1964,168,154
1440,1440,44117,12397,3688,313
1441,1441,43090,16881,4474,1178
1442,1442,46573,15430,2413,442
1443,1443,34385,9532,2430,502
1444,1444,15794,3249,653,307
1445,1445,48901,10808,1896,746
1446,1446,36793,11880,693,218
1447,1447,32671,11809,924,556
1448,1448,46252,8048,1871,839
1449,1449,19312,5590,388,526
1450,1450,6796,1519,315,146
1451,1451,44825,7773,1620,1118
1452,1452,21479,7172,1978,394
1453,1453,1706,495,88,28
1454,1454,49091,12245,1692,1445
1455,1455,20308,4808,282,570
1456,1456,20927,7703,1470,136
1457,1457,32009,10353,2000,685
1458,1458,20120,7900,1628,244
1459,1459,6407,1204,83,157
1460,1460,17518,3324,399,463
1461,1461,1930,718,144,53
1462,1462,49428,9655,1560,1245
1463,1463,18121,6972,760,172
1464,1464,35562,14530,1971,252
1465,1465,10507,3453,882,272
1466,1466,28062,10694,1170,449
1467,1467,42784,8564,1665,1114
1468,1468,4560,1562,373,36
1469,1469,11983,3465,585,202
1470,1470,35899,7901,1745,529
1471,1471,18211,3524,942,96
1472,1472,30413,8047,1037,555
1473,1473,3688,660,120,51
1474,1474,29297,9760,2079,346
1475,1475,18716,4307,321,399
1476,1476,26634,7679,1680,294
1477,1477,45032,14708,1452,605
1478,1478,46238,20712,2657,243
1479,1479,1555,621,32,11
1480,1480,7809,2777,382,180
1481,1481,17508,3640,203,127
1482,1482,39937,13857,3587,1148
1483,1483,42817,7986,2311,306
1484,1484,40628,7677,1643,1117
1485,1485,38097,14894,1432,296
1486,1486,13075,2954,492,371
1487,1487,42863,12260,3663,1038
1488,1488,46365,19520,4733,606
1489,1489,11614,4462,532,76
1490,1490,26466,6611,429,764
1491,1491,18345,3730,251,540
1492,1492,14151,4713,445,244
1493,1493,10428,3255,513,212
1494,1494,7963,3374,772,60
1495,1495,5778,988,229,141
1496,1496,2229,933,81,46
1497,1497,3479,1215,141,78
1498,1498,26646,8590,1536,759
1499,1499,33157,9729,1468,769
1500,1500,5594,1745,88,161
1501,1501,32592,6073,1116,970
1502,1502,22852,8102,1216,475
1503,1503,43406,7691,1412,1259
1504,1504,6272,2523,605,76
1505,1505,14311,2904,173,208
1506,1506,13517,3239,477,103
1507,1507,46143,11894,847,960
1508,1508,49190,10174,599,277
1509,1509,39859,8830,1299,989
1510,1510,43166,10459,1919,1116
1511,1511,30445,13394,724,410
1512,1512,23132,8936,542,184
1513,1513,43850,15356,2527,962
1514,1514,36164,7040,1371,1016
1515,1515,3416,1266,218,18
1516,1516,41525,6799,1531,343
1517,1517,12288,4175,1152,313
1518,1518,7376,2115,196,145
1519,1519,7968,1468,291,162
1520,1520,5135,2009,314,129
1521,1521,49360,17449,2286,1451
1522,1522,38746,12157,1585,1128
1523,1523,14974,5679,1125,200
1524,1524,8913,2069,495,82
1525,1525,25243,7977,1273,710
1526,1526,3667,696,172,76
1527,1527,25650,9831,529,440
1528,1528,1416,215,60,32
1529,1529,39910,16605,2558,1005
1530,1530,32195,11516,1169,675
1531,1531,35281,10059,1104,330
1532,1532,46329,7472,709,810
1533,1533,6768,2288,562,92
1534,1534,1299,412,40,38
1535,1535,7270,2440,648,215
1536,1536,34262,7393,1793,736
1537,1537,19115,3171,247,166
1538,1538,32091,9603,863,900
1539,1539,4540,1559,189,72
1540,1540,22908,7675,2091,374
1541,1541,7843,2918,820,73
1542,1542,2904,858,67,79
1543,1543,48277,13683,2667,747
1544,1544,49961,17639,2318,1222
1545,1545,22373,4884,533,342
1546,1546,14104,3704,389,236
1547,1547,32746,5445,865,340
1548,1548,40939,11728,1722,344
1549,1549,48174,10032,1400,565
1550,1550,23012,4330,965,149
1551,1551,9945,1823,303,153
1552,1552,23516,5078,628,209
1553,1553,42811,18658,5156,832
1554,1554,37225,15132,1083,983
1555,1555,33061,13510,1406,556
1556,1556,31327,7322,1702,733
1557,1557,17164,3850,610,181
1558,1558,39782,17260,4805,1092
1559,1559,28379,12601,756,475
1560,1560,34044,5449,995,578
1561,1561,46655,18493,3016,513
1562,1562,37601,14135,3156,570
1563,1563,15287,2901,359,323
1564,1564,6946,1075,233,62
1565,1565,31099,12669,3000,174
1566,1566,30808,8907,754,695
1567,1567,13120,5076,723,217
1568,1568,42510,6393,1322,621
1569,1569,46269,11561,672,723
1570,1570,18680,6713,1363,362
1571,1571,14575,5630,395,393
1572,1572,49218,21147,3778,1365
1573,1573,24854,10349,804,351
1574,1574,41575,6746,955,881
1575,1575,47194,8027,1824,477
1576,1576,22949,5085,398,389
1577,1577,39018,16049,3622,929
1578,1578,15774,3882,1065,277
1579,1579,28717,6695,440,391
1580,1580,32865,9873,2541,550
1581,1581,35858,12675,2322,441
1582,1582,41694,10858,2370,931
1583,1583,5300,1094,296,38
1584,1584,26603,11156,1362,769
1585,1585,8167,1628,126,71
1586,1586,10863,4480,807,224
1587,1587,20213,5557,1225,571
1588,1588,32057,8142,1310,676
1589,1589,20104,4155,230,503
1590,1590,35053,12037,1840,475
1591,1591,43339,16730,2869,938
1592,1592,35744,14389,2321,450
1593,1593,9647,4046,512,238
1594,1594,15862,4683,1370,384
1595,1595,4101,797,96,118
1596,1596,41542,17748,4045,503
1597,1597,12492,5019,1120,270
1598,1598,11058,2193,173,330
1599,1599,38652,7264,836,371
1600,1600,37863,13711,2966,1115
1601,1601,10695,2800,517,96
1602,1602,20763,3871,217,587
1603,1603,10527,4572,1289,93
1604,1604,49398,15503,2741,1046
1605,1605,20369,5951,728,582
1606,1606,38599,13512,3376,896
1607,1607,29973,7541,588,508
1608,1608,3626,695,130,46
1609,1609,27321,9159,962,380
1610,1610,22388,3727,783,438
1611,1611,15558,5980,1445,153
1612,1612,6478,2018,325,141
1613,1613,6726,2977,442,116
1614,1614,40529,13436,3840,1123
1615,1615,24662,6640,1520,386
1616,1616,26304,6887,834,362
1617,1617,30201,12451,895,700
1618,1618,30112,11215,1726,483
1619,1619,11734,4596,1344,183
1620,1620,28144,5399,1062,201
1621,1621,14617,3522,1046,265
1622,1622,22981,3902,1131,549
1623,1623,6796,1032,216,80
1624,1624,12461,3946,897,297
1625,1625,9973,2092,539,122
1626,1626,33151,5392,1383,857
1627,1627,20917,6238,1465,221
1628,1628,1160,227,28,24
1629,1629,42717,12463,2660,1166
1630,1630,28338,5775,1597,598
1631,1631,2864,532,63,85
1632,1632,5372,1770,248,91
1633,1633,29578,12141,2513,499
1634,1634,46498,18389,2635,1084
1635,1635,2149,867,78,13
1636,1636,21950,6328,1413,305
1637,1637,4466,1035,160,124
1638,1638,24329,4004,492,510
1639,1639,6034,1835,443,57
1640,1640,7193,2371,217,93
1641,1641,21723,8646,1912,272
1642,1642,45921,16503,2320,843
1643,1643,24044,9545,508,431
1644,1644,25445,9761,1493,713
1645,1645,11684,2111,187,123
1646,1646,13348,5186,983,296
1647,1647,35449,14315,3265,799
1648,1648,8468,2330,650,67
1649,1649,9600,4099,696,122
1650,1650,24761,4746,761,735
1651,1651,35283,13374,1812,802
1652,1652,2884,1076,85,23
1653,1653,46497,8960,955,378
1654,1654,9533,4235,661,229
1655,1655,8321,1442,351,199
1656,1656,3786,790,45,81
1657,1657,39874,6690,533,451
1658,1658,5341,1284,67,39
1659,1659,9112,3881,393,250
1660,1660,13109,4603,263,113
1661,1661,49902,21585,6199,683
1662,1662,11522,4684,1148,234
1663,1663,34089,10944,818,663
1664,1664,1916,591,135,55
1665,1665,12257,5154,949,359
1666,1666,7467,3190,893,196
1667,1667,32110,8346,1647,513
1668,1668,8033,1640,227,116
1669,1669,15042,4576,695,361
1670,1670,21596,4040,313,181
1671,1671,24674,8917,1687,148
1672,1672,22503,6708,980,369
1673,1673,49245,11996,3527,792
1674,1674,37301,10152,3007,585
1675,1675,5561,2326,582,158
1676,1676,25080,5111,1531,433
1677,1677,7892,2122,383,172
1678,1678,8813,1700,255,174
1679,1679,7666,2855,779,70
1680,1680,24836,10991,1480,493
1681,1681,27495,5136,1332,635
1682,1682,19252,7305,1764,381
1683,1683,43194,18701,2599,935
1684,1684,27505,12274,2182,238
1685,1685,30794,5617,632,536
1686,1686,42180,18252,1048,988
1687,1687,5471,1638,92,51
1688,1688,40622,14370,1267,834
1689,1689,7313,2764,595,131
1690,1690,33256,12897,1295,716
1691,1691,33129,9986,1853,836
1692,1692,36424,11436,3295,210
1693,1693,29207,12092,964,474
1694,1694,25663,7256,428,241
1695,1695,44215,18044,2269,1001
1696,1696,33209,9272,1187,489
1697,1697,8168,2619,452,153
1698,1698,36349,11692,1975,958
1699,1699,34206,5702,660,676
1700,1700,25759,8631,1192,758
1701,1701,22003,3705,732,180
1702,1702,25013,6369,1499,141
1703,1703,41970,10592,787,571
1704,1704,24420,6680,428,271
1705,1705,16376,5640,1117,454
1706,1706,5292,2173,170,48
1707,1707,36285,8992,1485,964
1708,1708,38227,11637,1807,210
1709,1709,31782,10373,3074,459
1710,1710,26578,6557,488,457
1711,1711,46276,16313,2185,813
1712,1712,44737,11267,2295,630
1713,1713,29573,6225,1300,868
1714,1714,5936,2386,438,72
1715,1715,4115,984,190,103
1716,1716,41931,15634,1141,1094
1717,1717,7208,2361,279,138
1718,1718,35803,10475,1073,891
1719,1719,43699,17353,3056,546
1720,1720,44480,13877,1387,669
1721,1721,41957,12780,2784,784
1722,1722,2219,750,134,21
1723,1723,33715,7211,2095,794
1724,1724,31624,7285,1526,797
1725,1725,29424,12663,2933,191
1726,1726,14149,3668,318,123
1727,1727,45912,17430,4549,700
1728,1728,5222,1776,464,60
1729,1729,19811,6811,777,396
1730,1730,27598,6114,534,157
1731,1731,21351,6175,1172,339
1732,1732,43396,18299,1839,512
1733,1733,2909,661,165,62
1734,1734,12533,4302,260,289
1735,1735,2304,383,104,29
1736,1736,20528,8419,2316,311
1737,1737,24818,8723,2367,370
1738,1738,48463,19522,2128,934
1739,1739,33784,14523,2621,869
1740,1740,35423,7989,2166,387
1741,1741,9013,3442,441,232
1742,1742,49315,13166,3121,537
1743,1743,28713,6184,474,297
1744,1744,18992,5352,607,374
1745,1745,33136,10273,2310,259
1746,1746,36765,10188,2248,1069
1747,1747,10496,2717,621,268
1748,1748,2381,818,226,13
1749,1749,49460,17245,4918,1101
1750,1750,45013,9988,1879,573
1751,1751,46915,12144,3073,377
1752,1752,16491,6716,988,457
1753,1753,26754,11457,3202,335
1754,1754,16431,3930,1040,147
1755,1755,29760,10100,2725,719
1756,1756,27626,10685,1266,193
1757,1757,33223,9678,1483,864
1758,1758,48014,13285,3714,360
1759,1759,11508,4137,730,158
1760,1760,40460,14920,2789,532
1761,1761,46561,7366,464,979
1762,1762,42297,11970,2516,214
1763,1763,14112,4776,613,99
1764,1764,11343,2550,582,274
1765,1765,43544,16500,4318,964
1766,1766,21932,6260,1680,182
1767,1767,12369,4406,1130,309
1768,1768,14019,2457,348,208
1769,1769,25728,11151,3022,273
1770,1770,2505,1069,226,51
1771,1771,6831,3020,300,153
1772,1772,12059,1988,406,241
1773,1773,10781,1905,270,309
1774,1774,8690,1340,243,211
1775,1775,30734,12237,2123,326
1776,1776,14313,2965,787,351
1777,1777,19871,7430,1081,313
1778,1778,14540,4798,1433,175
1779,1779,45380,9384,892,1125
1780,1780,2885,683,78,58
1781,1781,17273,4506,996,284
1782,1782,1676,487,130,49
1783,1783,27054,9632,2199,614
1784,1784,49241,16208,1106,931
1785,1785,4415,1103,119,122
1786,1786,40739,17590,5132,812
1787,1787,3982,603,106,57
1788,1788,26866,9440,784,733
1789,1789,3695,1197,137,65
1790,1790,23228,9601,796,300
1791,1791,35761,10008,1151,458
1792,1792,9380,2811,824,112
1793,1793,24631,10538,1272,663
1794,1794,41169,16421,4625,737
1795,1795,29558,12349,1591,882
1796,1796,10913,3456,970,228
1797,1797,29835,4951,431,320
1798,1798,3350,975,88,55
1799,1799,8603,3858,1087,51
1800,1800,24364,10882,2069,400
1801,1801,8372,3380,901,67
1802,1802,7132,1505,182,184
1803,1803,34340,13625,2599,741
1804,1804,14919,4849,1420,270
1805,1805,38407,7841,2196,428
1806,1806,33644,11878,3228,190
1807,1807,45650,20286,1632,654
1808,1808,7951,3189,282,55
1809,1809,47380,16481,2694,1368
1810,1810,39941,13875,1836,243
1811,1811,41787,18188,2386,973
1812,1812,49124,20733,5167,404
1813,1813,4190,1636,197,104
1814,1814,49745,8517,2452,723
1815,1815,27139,6148,676,658
1816,1816,27143,4797,1262,246
1817,1817,27371,6445,1534,584
1818,1818,8903,2132,533,208
1819,1819,21322,8979,1803,297
1820,1820,7298,2916,519,125
1821,1821,26433,7743,1477,411
1822,1822,28691,11284,2295,454
1823,1823,28919,5144,917,848
1824,1824,45331,9849,2182,402
1825,1825,33461,10312,2184,237
1826,1826,31685,8910,2466,536
1827,1827,10739,4781,1056,134
1828,1828,17295,5308,657,107
1829,1829,6015,2557,456,106
1830,1830,28067,5005,1077,539
1831,1831,17605,4518,887,426
1832,1832,2066,380,81,19
1833,1833,12941,5213,319,199
1834,1834,47162,11285,2220,772
1835,1835,44926,12803,3225,607
1836,1836,13267,2830,196,392
1837,1837,17994,7404,567,330
1838,1838,1383,371,19,29
1839,1839,31157,11139,2976,908
1840,1840,40445,14874,1869,1024
1841,1841,41418,10694,2336,921
1842,1842,26886,10522,756,225
1843,1843,13504,2478,133,395
1844,1844,2757,586,124,58
1845,1845,29559,11901,3148,545
1846,1846,6642,1595,264,111
1847,1847,2429,449,123,57
1848,1848,30180,13253,2224,799
1849,1849,39353,8767,1084,1012
1850,1850,26672,4408,229,553
1851,1851,47733,13343,2053,830
1852,1852,38923,12796,2413,477
1853,1853,32948,8892,1585,761
1854,1854,45477,19169,5116,491
1855,1855,4978,1535,238,64
1856,1856,5162,1189,252,140
1857,1857,8663,2585,736,118
1858,1858,46712,13119,1185,1081
1859,1859,31752,8038,868,333
1860,1860,45890,11552,2316,1195
1861,1861,44054,12799,3465,1016
1862,1862,26583,11641,3006,580
1863,1863,49141,12682,2131,1438
1864,1864,11618,3910,471,275
1865,1865,44716,13185,1230,398
1866,1866,33255,5994,923,992
1867,1867,20900,4606,871,626
1868,1868,24513,10155,1414,219
1869,1869,33995,5425,357,535
1870,1870,41472,9041,1722,711
1871,1871,23303,8982,2176,565
1872,1872,37505,8635,758,834
1873,1873,34776,11520,875,217
1874,1874,29693,11571,3363,709
1875,1875,7939,3052,617,210
1876,1876,7676,3048,184,58
1877,1877,42282,7839,794,593
1878,1878,48733,11580,1857,860
1879,1879,49008,20149,1784,690
1880,1880,10029,1874,188,293
1881,1881,1431,319,80,19
1882,1882,34097,6866,799,780
1883,1883,28198,7280,1574,247
1884,1884,35711,9874,1056,894
1885,1885,28093,11950,3280,808
1886,1886,34826,13525,1899,200
1887,1887,10541,4016,921,189
1888,1888,5560,975,125,164
1889,1889,11769,3297,488,69
1890,1890,43039,8404,1627,1267
1891,1891,47751,18609,5004,1399
1892,1892,28479,7706,1696,536
1893,1893,20944,7675,985,284
1894,1894,19335,8121,1645,167
1895,1895,27472,7798,789,511
1896,1896,41513,14347,3219,1128
1897,1897,43516,11808,1172,545
1898,1898,3422,1065,157,78
1899,1899,9257,2833,524,95
1900,1900,34532,10896,1964,826
1901,1901,11487,1803,491,212
1902,1902,17953,3992,972,415
1903,1903,34113,6247,405,488
1904,1904,42090,12721,1029,1006
1905,1905,9175,2611,504,47
1906,1906,23215,10328,2595,690
1907,1907,38066,13871,3944,823
1908,1908,40029,8812,1099,867
1909,1909,47848,15398,1308,691
1910,1910,49333,11064,1460,964
1911,1911,24676,7064,612,385
1912,1912,28004,4889,320,762
1913,1913,32211,6907,480,706
1914,1914,27394,8943,1607,407
1915,1915,18281,5946,1243,546
1916,1916,46155,19814,3415,1353
1917,1917,11672,2256,184,265
1918,1918,9479,4174,744,172
1919,1919,46512,9943,1673,1100
1920,1920,37636,9815,2826,754
1921,1921,27779,5086,724,340
1922,1922,35260,6910,987,1049
1923,1923,20874,4972,283,178
1924,1924,39641,10961,3115,500
1925,1925,19578,4202,1070,337
1926,1926,9016,2833,189,55
1927,1927,32534,10473,2004,894
1928,1928,25727,7526,1731,518
1929,1929,10078,3037,501,163
1930,1930,30430,5924,1374,220
1931,1931,41944,14653,2233,453
1932,1932,26912,6773,416,585
1933,1933,30038,11137,2355,800
1934,1934,47347,7454,1546,1150
1935,1935,21240,6760,547,403
1936,1936,13610,5941,1101,325
1937,1937,38371,11761,2794,674
1938,1938,2223,413,117,21
1939,1939,2243,521,52,57
1940,1940,38981,11042,2779,786
1941,1941,27332,8928,1543,774
1942,1942,23279,6543,1005,616
1943,1943,21799,5768,419,642
1944,1944,36506,7317,629,415
1945,1945,6873,1348,388,150
1946,1946,4860,1624,213,27
1947,1947,4833,1157,86,41
1948,1948,22247,5058,1443,611
1949,1949,4399,927,220,86
1950,1950,33307,10078,1774,957
1951,1951,18648,3136,521,283
1952,1952,32730,5193,1082,911
1953,1953,2220,512,148,48
1954,1954,17142,6494,1382,139
1955,1955,38240,10402,738,799
1956,1956,14333,5516,472,265
1957,1957,12022,4623,852,187
1958,1958,37382,10673,536,621
1959,1959,41680,9868,2891,208
1960,1960,32600,7562,852,717
1961,1961,24030,9677,998,625
1962,1962,19436,3180,746,370
1963,1963,20702,3662,822,533
1964,1964,48518,15377,1843,766
1965,1965,41006,12361,3096,1111
1966,1966,23454,7987,2355,532
1967,1967,18892,4227,1250,255
1968,1968,31133,13626,1800,867
1969,1969,9763,3357,169,165
1970,1970,1627,572,87,44
1971,1971,47091,13971,2070,330
1972,1972,43539,15037,2776,1189
1973,1973,45014,12763,1031,1318
1974,1974,25666,10221,1425,242
1975,1975,46680,20779,1687,665
1976,1976,13647,3867,407,74
1977,1977,19424,6879,1563,190
1978,1978,41202,13908,3506,433
1979,1979,33362,14685,869,577
1980,1980,47140,17068,1745,466
1981,1981,42840,11516,3080,823
1982,1982,33375,6713,660,783
1983,1983,45051,15980,3056,298
1984,1984,9404,3515,287,266
1985,1985,15939,6603,1533,189
1986,1986,45432,7129,2084,996
1987,1987,41269,9321,1771,674
1988,1988,28991,9923,2835,182
1989,1989,22168,6201,1852,262
1990,1990,45575,13922,2420,817
1991,1991,3848,1597,169,45
1992,1992,28529,8836,1140,422
1993,1993,22935,4003,772,129
1994,1994,49329,10738,2387,1427
1995,1995,17382,3633,480,114
1996,1996,41979,7514,1277,1057
1997,1997,39832,15501,4398,1036
1998,1998,17197,3135,343,232
1999,1999,4567,1810,325,49
2000,2000,5778,2211,453,139
2001,2001,41982,11920,967,1232
2002,2002,3185,838,228,71
2003,2003,9358,1577,395,59
2004,2004,41025,13860,920,900
2005,2005,37651,6237,1637,566
2006,2006,41455,15570,1685,828
2007,2007,44235,14916,2436,734
2008,2008,29056,12028,2463,391
2009,2009,45287,17430,2850,598
2010,2010,13614,2483,131,310
2011,2011,39855,15416,1516,770
2012,2012,42770,12945,1797,728
2013,2013,41688,11813,1308,1039
2014,2014,4964,934,183,88
2015,2015,43710,16448,2102,1185
2016,2016,10543,2047,260,143
2017,2017,25171,11102,1991,539
2018,2018,10476,1751,309,271
2019,2019,4578,1266,125,45
2020,2020,14189,5470,740,307
2021,2021,46533,16637,2775,1038
2022,2022,38906,12443,1666,485
2023,2023,22536,4477,732,557
2024,2024,3765,1124,314,78
2025,2025,46430,10171,2095,509
2026,2026,49141,18698,4742,1237
2027,2027,25635,5424,521,762
2028,2028,24777,3790,528,467
2029,2029,10332,2450,241,202
2030,2030,24587,4011,230,244
2031,2031,12412,2677,309,116
2032,2032,37340,8356,827,351
2033,2033,18156,7683,424,398
2034,2034,25833,8950,2427,347
2035,2035,14778,3569,392,372
2036,2036,44313,8924,1621,1106
2037,2037,41842,17343,4675,277
2038,2038,10465,4341,358,101
2039,2039,35901,9458,1357,717
2040,2040,42690,9535,586,870
2041,2041,13392,5441,672,116
2042,2042,17198,2854,710,461
2043,2043,34309,15113,4102,351
2044,2044,6335,2441,604,129
2045,2045,11972,3622,861,252
2046,2046,34368,9014,1620,325
2047,2047,47693,12503,2796,1091
2048,2048,33426,9764,1906,700
2049,2049,39271,13545,1378,1074
2050,2050,30627,12524,1865,387
2051,2051,25712,8264,2345,369
2052,2052,37080,6504,1547,458
2053,2053,35001,8941,1752,582
2054,2054,41706,10464,1703,659
2055,2055,25085,9817,1268,365
2056,2056,12768,3607,419,88
2057,2057,6401,1525,267,119
2058,2058,6122,2361,664,45
2059,2059,5675,1464,273,75
2060,2060,45243,11255,1414,1148
2061,2061,45796,18484,1805,920
2062,2062,10035,4510,1073,235
2063,2063,18113,2763,345,462
2064,2064,27464,11912,3043,657
2065,2065,1779,518,92,42
2066,2066,10783,4417,472,248
2067,2067,14754,4313,771,363
2068,2068,31719,11633,1923,786
2069,2069,21517,8687,1365,614
2070,2070,28373,6039,981,537
2071,2071,25556,4898,1314,323
2072,2072,49352,7546,1906,1276
2073,2073,23270,5064,792,554
2074,2074,46253,14397,1893,258
2075,2075,3110,1326,117,89
2076,2076,22643,7256,1812,630
2077,2077,38609,15832,4671,390
2078,2078,26600,4498,659,448
2079,2079,22550,7235,1178,617
2080,2080,7110,1432,313,67
2081,2081,46155,15277,866,460
2082,2082,26289,6181,669,564
2083,2083,5586,1599,227,29
2084,2084,22415,9143,1396,200
2085,2085,8257,1558,240,194
2086,2086,26493,11564,3080,218
2087,2087,14479,3517,894,313
2088,2088,11405,3776,1075,224
2089,2089,33930,12385,2040,340
2090,2090,10351,2936,752,208
2091,2091,17176,5286,1467,463
2092,2092,31159,8998,537,226
2093,2093,43355,17961,2946,975
2094,2094,47638,18469,2729,1218
2095,2095,12477,3425,325,255
2096,2096,29316,8423,2339,281
2097,2097,38264,6836,1535,233
2098,2098,11350,2634,545,139
2099,2099,5374,1931,445,56
2100,2100,33341,9114,2191,267
2101,2101,25165,4352,332,608
2102,2102,22365,6106,556,227
2103,2103,3925,1132,77,87
2104,2104,31271,8266,1954,825
2105,2105,26996,4355,490,613
2106,2106,9944,2467,585,170
2107,2107,5471,956,204,124
2108,2108,29686,5701,1454,772
2109,2109,12179,4890,986,114
2110,2110,9136,2835,418,63
2111,2111,1734,612,54,24
2112,2112,15199,5537,1512,278
2113,2113,29970,10759,2787,757
2114,2114,43009,14999,3224,325
2115,2115,46242,11213,707,236
2116,2116,25732,9781,2760,369
2117,2117,16632,3492,188,94
2118,2118,1954,490,48,42
2119,2119,15455,6763,501,400
2120,2120,44523,8920,818,685
2121,2121,8057,3179,415,166
2122,2122,41938,8896,1649,1194
2123,2123,8917,1959,149,116
2124,2124,1982,536,69,29
2125,2125,31066,6711,1439,371
2126,2126,41888,10919,729,438
2127,2127,20761,7894,1380,617
2128,2128,47696,14826,4412,1252
2129,2129,12236,2760,203,160
2130,2130,42344,15197,3335,1241
2131,2131,46463,8822,827,1117
2132,2132,46064,11303,2971,785
2133,2133,22961,3565,991,372
2134,2134,34490,11801,1275,678
2135,2135,1871,411,83,51
2136,2136,21240,4692,737,235
2137,2137,6202,1041,149,77
2138,2138,10939,2873,604,119
2139,2139,48533,15987,4579,1139
2140,2140,22541,4289,554,556
2141,2141,3595,1101,324,76
2142,2142,19904,7467,800,464
2143,2143,23461,5224,965,649
2144,2144,44581,19905,4983,998
2145,2145,15578,5178,752,203
2146,2146,29990,10164,672,518
2147,2147,13613,2254,671,387
2148,2148,9228,1638,324,237
2149,2149,14393,3179,221,332
2150,2150,21412,4266,423,334
2151,2151,40705,9146,1109,659
2152,2152,42654,8975,2383,726
2153,2153,24565,6619,608,393
2154,2154,34114,11353,1797,303
2155,2155,32588,5081,738,858
2156,2156,20675,6792,599,478
2157,2157,17861,4717,596,215
2158,2158,37840,12555,853,318
2159,2159,31753,6627,1849,162
2160,2160,33813,12480,1791,511
2161,2161,28251,12206,3571,404
2162,2162,33083,8017,2380,224
2163,2163,3544,1586,128,100
2164,2164,11640,2424,385,132
2165,2165,48333,12304,2796,1008
2166,2166,25129,9019,1918,707
2167,2167,49212,11025,1867,1379
2168,2168,24685,8375,1835,553
2169,2169,43292,8414,1694,1238
2170,2170,10657,2411,483,306
2171,2171,11579,1779,431,244
2172,2172,26188,7052,1386,720
2173,2173,34982,14796,3980,319
2174,2174,28975,6544,821,845
2175,2175,44154,18367,3609,1030
2176,2176,48687,20001,1546,940
2177,2177,23570,9292,1089,241
2178,2178,27081,9741,502,249
2179,2179,33225,4999,337,744
2180,2180,35403,9737,1188,558
2181,2181,12560,3295,744,124
2182,2182,12926,3887,301,247
2183,2183,14931,3071,198,142
2184,2184,13575,3092,852,206
2185,2185,42080,17837,1378,879
2186,2186,6230,1482,214,74
2187,2187,23423,3721,404,401
2188,2188,7606,1162,135,219
2189,2189,44602,14483,4300,330
2190,2190,35231,13653,1964,634
2191,2191,18421,7914,1331,247
2192,2192,29144,7314,1612,395
2193,2193,21658,8556,2440,468
2194,2194,25801,8597,2526,692
2195,2195,7565,1141,305,113
2196,2196,10100,1592,128,184
2197,2197,46827,17580,1971,763
2198,2198,45969,15981,2697,704
2199,2199,13316,2009,420,380
2200,2200,22114,3427,479,135
2201,2201,49222,12190,1963,992
2202,2202,27225,10121,2514,373
2203,2203,32203,14364,3796,889
2204,2204,49121,13039,2631,1119
2205,2205,35082,14484,3566,803
2206,2206,3080,580,144,38
2207,2207,45109,20249,6010,751
2208,2208,30247,13203,2251,560
2209,2209,16948,3618,862,364
2210,2210,6861,1246,371,39
2211,2211,22397,9424,2276,235
2212,2212,17883,6255,1800,389
2213,2213,44612,8508,1562,1032
2214,2214,6927,2692,358,73
2215,2215,38746,14719,2946,817
2216,2216,25707,10875,2563,594
2217,2217,43855,15026,2862,1157
2218,2218,16293,3536,279,117
2219,2219,6841,1724,341,66
2220,2220,8609,2770,226,110
2221,2221,25916,8372,422,169
2222,2222,36101,7471,1098,562
2223,2223,24922,9701,2750,203
2224,2224,44499,14706,1552,662
2225,2225,36277,14717,1898,921
2226,2226,20452,8204,1435,335
2227,2227,40417,9498,2248,1060
2228,2228,47069,7545,981,826
2229,2229,46128,8627,2581,1045
2230,2230,32344,10975,1140,397
2231,2231,25687,4306,1087,226
2232,2232,47973,10227,2384,1211
2233,2233,46901,17387,4882,1144
2234,2234,32949,12132,1513,836
2235,2235,11432,5113,956,153
2236,2236,45426,13265,1818,671
2237,2237,5707,1759,212,127
2238,2238,13785,4967,928,102
2239,2239,22195,8338,1626,557
2240,2240,47503,11458,2448,922
2241,2241,29959,10748,1319,258
2242,2242,15295,5985,591,325
2243,2243,24738,9098,1764,543
2244,2244,10673,2806,829,234
2245,2245,12024,5143,380,352
2246,2246,12772,5536,439,228
2247,2247,23183,7604,2223,479
2248,2248,27476,6140,489,409
2249,2249,20837,7426,2143,444
2250,2250,25600,9798,2917,557
2251,2251,6872,2634,701,146
2252,2252,19036,6466,1042,100
2253,2253,8643,1510,260,187
2254,2254,34406,7482,1471,1021
2255,2255,32424,7526,1778,806
2256,2256,12868,3412,1023,290
2257,2257,20553,6606,494,135
2258,2258,36226,7443,1884,199
2259,2259,37441,14798,3638,683
2260,2260,5189,1586,311,118
2261,2261,43709,8183,1949,1273
2262,2262,8689,1774,354,82
2263,2263,37354,10614,1364,223
2264,2264,38688,8196,740,737
2265,2265,3294,577,46,41
2266,2266,36679,7390,2174,786
2267,2267,17275,4149,1188,310
2268,2268,20228,7034,1134,392
2269,2269,46554,11353,3152,1392
2270,2270,40726,12684,1299,304
2271,2271,3931,869,84,49
2272,2272,15104,6603,1324,157
2273,2273,24531,5721,1328,381
2274,2274,37034,8387,1219,1021
2275,2275,27218,7806,2233,596
2276,2276,46515,8976,906,964
2277,2277,18655,8368,1876,183
2278,2278,25388,8101,1716,451
2279,2279,11750,3241,286,350
2280,2280,29418,7757,2257,329
2281,2281,18702,3504,271,349
2282,2282,5322,1324,95,147
2283,2283,18907,3666,914,223
2284,2284,7419,1952,570,107
2285,2285,7881,3032,245,143
2286,2286,21090,6889,1733,155
2287,2287,23865,8594,2289,448
2288,2288,40810,7334,454,528
2289,2289,26530,5417,1362,582
2290,2290,35844,11308,3058,540
2291,2291,39817,7496,392,710
2292,2292,11190,3885,332,214
2293,2293,18522,3072,710,543
2294,2294,47366,18153,3985,732
2295,2295,31001,6353,1884,773
2296,2296,33914,8005,2306,610
2297,2297,48085,19927,5051,607
2298,2298,6697,2908,440,85
2299,2299,6907,2351,162,75
2300,2300,7136,1423,91,168
2301,2301,37317,16004,4034,196
2302,2302,28786,10164,2877,242
2303,2303,33624,10238,3066,914
2304,2304,46736,8758,468,455
2305,2305,49884,7591,1186,915
2306,2306,23613,5272,1237,679
2307,2307,35610,12649,766,577
2308,2308,12044,4243,1147,217
2309,2309,15750,3188,451,131
2310,2310,24153,10524,1638,349
2311,2311,25463,11227,1509,559
2312,2312,36331,14722,3893,445
2313,2313,32662,7775,802,765
2314,2314,38279,10262,2881,1080
2315,2315,43137,13142,3592,1224
2316,2316,41484,16780,1080,213
2317,2317,31169,7747,1072,159
2318,2318,48345,9951,1379,364
2319,2319,33246,6957,1268,913
2320,2320,27916,5224,897,248
2321,2321,44033,9909,1661,632
2322,2322,24887,6931,662,629
2323,2323,8123,3629,776,129
2324,2324,10166,2603,412,142
2325,2325,47479,9948,968,285
2326,2326,26856,7420,985,155
2327,2327,44660,9365,1590,966
2328,2328,18419,3419,588,320
2329,2329,45678,16640,2183,1101
2330,2330,27206,8176,2296,709
2331,2331,26483,5016,1451,657
2332,2332,9265,1822,318,224
2333,2333,16499,2732,703,259
2334,2334,40130,14897,2362,491
2335,2335,32845,5740,902,671
2336,2336,48792,14802,1663,1179
2337,2337,18270,8190,915,466
2338,2338,14003,4091,1005,106
2339,2339,48871,14695,1400,1457
2340,2340,39744,13460,1173,318
2341,2341,27298,4408,1311,770
2342,2342,28938,4494,448,770
2343,2343,25926,7056,893,540
2344,2344,16166,3500,547,105
2345,2345,28988,9947,1254,340
2346,2346,19386,8392,1912,216
2347,2347,4116,841,42,88
2348,2348,22078,4715,792,611
2349,2349,7603,2123,240,131
2350,2350,22907,5527,410,122
2351,2351,37160,14163,1169,520
2352,2352,24683,9203,1815,496
2353,2353,16614,5733,587,242
2354,2354,7970,1507,355,63
2355,2355,39440,17373,4708,1003
2356,2356,13643,4930,1387,93
2357,2357,36820,12360,1549,620
2358,2358,14238,4414,390,116
2359,2359,28407,8952,1012,764
2360,2360,37722,16693,4569,611
2361,2361,48010,8892,1414,819
2362,2362,35325,15168,2669,195
2363,2363,40266,9351,2729,492
2364,2364,38104,6410,1878,371
2365,2365,27050,8074,1478,482
2366,2366,5914,1180,280,86
2367,2367,26575,7182,846,255
2368,2368,11485,3693,731,59
2369,2369,34606,9919,2251,627
2370,2370,20884,8473,1051,244
2371,2371,8805,1772,108,96
2372,2372,3561,1217,347,42
2373,2373,9714,2245,555,204
2374,2374,17318,7738,793,136
2375,2375,43509,11061,2226,619
2376,2376,6455,2801,759,74
2377,2377,9756,2658,539,127
2378,2378,4752,1605,84,65
2379,2379,48872,21482,2023,1431
2380,2380,36218,12574,3357,1031
2381,2381,39224,7136,1687,570
2382,2382,43849,9962,2057,881
2383,2383,14510,5732,602,170
2384,2384,39119,13259,3507,582
2385,2385,30232,6636,1536,429
2386,2386,32392,5769,550,311
2387,2387,12541,2591,447,291
2388,2388,43438,10191,1299,1178
2389,2389,26834,9558,926,230
2390,2390,28944,6471,1794,846
2391,2391,7568,2779,234,179
2392,2392,1772,586,84,9
2393,2393,1888,715,150,11
2394,2394,17275,6582,769,491
2395,2395,40297,6207,1809,1166
2396,2396,7969,2491,634,209
2397,2397,6568,1383,235,125
2398,2398,30119,11886,1507,511
2399,2399,16978,2831,631,351
2400,2400,9065,1417,86,168
2401,2401,7721,2343,607,65
2402,2402,15700,2468,386,136
2403,2403,43949,10374,2909,971
2404,2404,46007,19105,4885,359
2405,2405,12112,5416,574,350
2406,2406,19468,5007,1021,154
2407,2407,6557,2745,552,61
2408,2408,35765,8957,853,559
2409,2409,44730,15930,3284,544
2410,2410,7810,1806,315,111
2411,2411,18393,7232,1647,127
2412,2412,1142,466,137,27
2413,2413,10606,2609,385,244
2414,2414,32354,12760,998,507
2415,2415,48625,11356,824,1452
2416,2416,12919,4912,678,224
2417,2417,32541,11650,1788,808
2418,2418,22853,4375,1251,640
2419,2419,26112,7196,1254,479
2420,2420,35896,11158,1199,254
2421,2421,47853,13233,2573,1068
2422,2422,15374,5548,603,77
2423,2423,2124,549,92,17
2424,2424,8219,1379,189,215
2425,2425,10132,2415,207,266
2426,2426,28595,6369,1636,182
2427,2427,10030,1857,415,86
2428,2428,49043,7744,2255,700
2429,2429,46967,8538,1668,794
2430,2430,39923,16414,944,564
2431,2431,6176,1380,73,159
2432,2432,28295,5515,527,667
2433,2433,35566,12788,1596,543
2434,2434,23107,6543,1381,123
2435,2435,8291,1631,440,48
2436,2436,12375,3724,196,319
2437,2437,45558,19793,3237,1038
2438,2438,17911,7625,1337,407
2439,2439,28765,12352,1457,209
2440,2440,25743,11413,927,265
2441,2441,41569,6933,1026,1062
2442,2442,37653,12482,865,840
2443,2443,32287,7876,1657,829
2444,2444,11801,1963,280,184
2445,2445,18689,3411,236,375
2446,2446,22985,3641,438,426
2447,2447,5280,1127,59,146
2448,2448,13303,4197,879,77
2449,2449,18640,3271,629,114
2450,2450,32706,5354,688,934
2451,2451,1555,690,164,45
2452,2452,33782,7042,1675,781
2453,2453,9488,3423,254,144
2454,2454,49591,14930,2620,1208
2455,2455,2552,832,121,50
2456,2456,3451,818,71,57
2457,2457,42022,7479,1717,1139
2458,2458,45660,15810,3829,412
2459,2459,33874,10327,2397,721
2460,2460,23374,6643,550,286
2461,2461,41859,17027,2685,1141
2462,2462,45752,12183,1245,926
2463,2463,5915,2587,495,176
2464,2464,7383,2889,247,197
2465,2465,36857,15120,3770,1009
2466,2466,33696,6005,771,955
2467,2467,11582,1974,383,160
2468,2468,5661,1153,280,64
2469,2469,32015,14200,3419,513
2470,2470,10204,4407,1290,175
2471,2471,24820,10119,1520,655
2472,2472,45602,8604,1219,1191
2473,2473,21555,5649,1245,380
2474,2474,18224,7530,2242,110
2475,2475,43196,7218,1787,971
2476,2476,37752,5752,1514,463
2477,2477,11368,3649,961,120
2478,2478,31295,10976,1506,523
2479,2479,36069,15150,2518,257
2480,2480,48957,8934,2589,730
2481,2481,29384,6165,814,379
2482,2482,40607,12015,2710,686
2483,2483,19243,5510,1026,552
2484,2484,10536,3603,468,60
2485,2485,40392,15440,1012,1018
2486,2486,29187,12946,1338,300
2487,2487,2503,1090,240,29
2488,2488,42660,8652,739,505
2489,2489,6354,1521,346,170
2490,2490,35391,7581,2071,339
2491,2491,4522,803,221,61
2492,2492,20457,4078,559,316
2493,2493,32162,9991,2457,937
2494,2494,29625,7596,1695,436
2495,2495,1650,525,143,16
2496,2496,48364,16946,3459,633
2497,2497,49126,18316,4289,634
2498,2498,10863,4551,1290,189
2499,2499,21736,4001,1170,329
2500,2500,35124,12879,3825,1003
2501,2501,9239,3143,659,179
2502,2502,3391,731,215,52
2503,2503,36788,14064,2816,382
2504,2504,14747,6425,1882,286
2505,2505,1941,506,71,24
2506,2506,21117,6348,1694,474
2507,2507,43527,19574,3004,600
2508,2508,36551,10152,2979,489
2509,2509,12522,3601,515,235
2510,2510,11659,3647,530,304
2511,2511,46124,16331,3405,1040
2512,2512,7502,3365,846,56
2513,2513,43573,6750,1911,330
2514,2514,41883,17932,1343,674
2515,2515,39091,15314,3322,1027
2516,2516,14885,3228,528,216
2517,2517,13816,5621,1616,190
2518,2518,31405,8601,2194,709
2519,2519,49572,13322,3795,1217
2520,2520,34263,8054,2173,397
2521,2521,28178,9918,506,781
2522,2522,3141,485,42,45
2523,2523,35010,13864,2772,468
2524,2524,38498,17241,1904,1129
2525,2525,13626,4563,676,85
2526,2526,38870,10834,3086,573
2527,2527,48717,9846,2717,873
2528,2528,29665,6505,1479,242
2529,2529,8757,2972,731,228
2530,2530,42111,17897,4641,378
2531,2531,22129,4672,342,352
2532,2532,42215,16084,1419,863
2533,2533,36630,15610,1087,533
2534,2534,49649,18382,5438,1035
2535,2535,24469,5039,1073,257
2536,2536,13702,4256,473,335
2537,2537,25779,9824,2110,306
2538,2538,10422,3525,738,203
2539,2539,7777,1425,401,62
2540,2540,10295,2416,661,75
2541,2541,33390,13469,3746,340
2542,2542,7597,2258,125,51
2543,2543,42004,7262,1610,604
2544,2544,21551,7328,1192,194
2545,2545,20579,3149,298,394
2546,2546,40757,16565,1313,553
2547,2547,23726,7003,1425,442
2548,2548,11380,3488,396,91
2549,2549,40722,6469,360,724
2550,2550,10984,2360,333,301
2551,2551,2933,728,76,68
2552,2552,9295,2140,364,267
2553,2553,23842,8640,1840,397
2554,2554,33492,9405,2695,939
2555,2555,17390,3510,778,472
2556,2556,19421,8517,644,482
2557,2557,39507,9618,2390,1139
2558,2558,32970,9232,1491,656
2559,2559,18804,7423,1527,379
2560,2560,29135,6115,845,799
2561,2561,5211,1484,404,150
2562,2562,17584,5733,707,451
2563,2563,43277,18830,3438,647
2564,2564,8513,1736,226,210
2565,2565,24445,5465,567,349
2566,2566,10505,4032,324,136
2567,2567,1714,625,64,32
2568,2568,22073,9262,1763,323
2569,2569,40439,8639,901,769
2570,2570,47941,15934,4315,1270
2571,2571,5903,1901,402,130
2572,2572,29521,7242,941,293
2573,2573,33370,9997,2974,518
2574,2574,9132,2610,522,180
2575,2575,16494,5326,645,347
2576,2576,38732,17289,4804,469
2577,2577,27398,4413,809,498
2578,2578,23111,7937,534,170
2579,2579,28202,10349,1228,672
2580,2580,27236,4737,1154,472
2581,2581,4084,1094,245,66
2582,2582,43014,18932,1521,617
2583,2583,41499,7503,795,1063
2584,2584,10092,1832,239,223
2585,2585,29552,6439,463,682
2586,2586,25174,9939,1832,128
2587,2587,46104,18921,2174,1135
2588,2588,8261,1358,171,95
2589,2589,46083,15383,3893,541
2590,2590,12163,5199,1018,97
2591,2591,21927,8958,2134,596
2592,2592,28085,9578,2078,506
2593,2593,16762,5420,1167,492
2594,2594,22096,8436,1439,161
2595,2595,20414,7418,1025,528
2596,2596,16884,5873,1373,171
2597,2597,6112,1054,183,63
2598,2598,44941,9655,2458,435
2599,2599,7850,1979,501,188
2600,2600,34680,14133,3393,443
2601,2601,30754,10658,2791,235
2602,2602,9523,2053,289,279
2603,2603,41663,12667,3103,404
2604,2604,19208,5319,1178,552
2605,2605,38830,13377,1161,1044
2606,2606,49826,9121,493,823
2607,2607,18482,2930,631,301
2608,2608,18404,3413,640,255
2609,2609,14897,2907,510,263
2610,2610,4483,1266,180,27
2611,2611,26068,9634,1499,321
2612,2612,27390,5559,661,552
2613,2613,34988,9799,2158,740
2614,2614,8279,1787,113,48
2615,2615,18444,4087,748,219
2616,2616,41646,14986,2264,617
2617,2617,15410,5704,1539,180
2618,2618,14481,2915,294,302
2619,2619,47258,15542,3628,347
2620,2620,33980,14350,2949,797
2621,2621,46084,10211,1314,310
2622,2622,13277,3314,542,385
2623,2623,44649,13054,1742,421
2624,2624,18290,7578,702,439
2625,2625,1637,537,157,32
2626,2626,33001,13595,2285,202
2627,2627,2139,684,203,55
2628,2628,35424,10660,2545,863
2629,2629,7553,1823,426,123
2630,2630,49156,12546,2338,1061
2631,2631,17615,4567,243,243
2632,2632,47540,11890,2133,1026
2633,2633,40042,11824,1389,720
2634,2634,42929,6706,1975,1133
2635,2635,44212,19816,2760,255
2636,2636,38852,14464,4242,543
2637,2637,49782,8800,2465,719
2638,2638,8073,3549,955,177
2639,2639,30443,13583,3654,285
2640,2640,45503,11587,1538,897
2641,2641,19104,4638,279,343
2642,2642,23496,9404,759,584
2643,2643,38136,16796,4166,465
2644,2644,1546,463,102,25
2645,2645,10845,3328,407,205
2646,2646,11656,2810,343,291
2647,2647,2021,578,60,51
2648,2648,9089,1508,190,143
2649,2649,44270,17718,1106,373
2650,2650,19564,7543,1323,566
2651,2651,37749,7418,530,444
2652,2652,49041,10250,2012,344
2653,2653,15343,2449,693,172
2654,2654,45466,15509,2413,1326
2655,2655,7431,3105,869,148
2656,2656,12357,3944,866,161
2657,2657,38890,7457,1803,437
2658,2658,28283,8945,1120,201
2659,2659,38136,16327,2698,365
2660,2660,29632,5298,962,662
2661,2661,34018,14643,3340,568
2662,2662,29027,8416,2443,479
2663,2663,37628,5942,1436,271
2664,2664,10213,3416,429,113
2665,2665,34567,9054,1858,950
2666,2666,20224,3358,877,164
2667,2667,44914,6817,1716,1206
2668,2668,31161,12519,890,366
2669,2669,43590,7938,1576,1113
2670,2670,38056,11205,1488,248
2671,2671,49527,16115,2863,1135
2672,2672,46978,9936,854,1104
2673,2673,33460,6388,1748,702
2674,2674,11143,2677,341,331
2675,2675,1422,556,114,14
2676,2676,5400,810,162,43
2677,2677,7348,1647,125,41
2678,2678,34148,9668,617,274
2679,2679,27513,8119,779,299
2680,2680,36829,8400,1706,588
2681,2681,44133,14791,2338,922
2682,2682,13111,2523,595,144
2683,2683,34522,12859,2400,583
2684,2684,20007,4738,355,394
2685,2685,25073,8783,1298,562
2686,2686,8034,2323,588,69
2687,2687,19574,5620,1073,103
2688,2688,20841,3339,709,446
2689,2689,30129,4904,1357,875
2690,2690,31664,13131,2161,165
2691,2691,11375,2927,772,199
2692,2692,23861,10039,1819,425
2693,2693,12435,4312,594,285
2694,2694,23235,6688,1770,197
2695,2695,44151,10635,1579,1231
2696,2696,43279,12772,3712,871
2697,2697,12821,4138,1166,312
2698,2698,35434,8070,1811,698
2699,2699,39058,9937,2030,589
2700,2700,3944,626,145,42
2701,2701,44598,8110,2299,754
2702,2702,16173,7187,1812,377
2703,2703,16506,2997,809,383
2704,2704,26171,9859,1528,172
2705,2705,41101,9253,549,976
2706,2706,29936,11345,2287,778
2707,2707,12407,3056,686,179
2708,2708,42772,13778,1376,483
2709,2709,29672,10493,1116,698
2710,2710,29446,11606,2926,288
2711,2711,39149,6157,1785,289
2712,2712,3178,1248,341,44
2713,2713,27740,8890,2365,374
2714,2714,45719,16869,4685,962
2715,2715,33517,6939,706,861
2716,2716,33823,8646,1769,641
2717,2717,10035,3918,625,207
2718,2718,5644,1810,148,101
2719,2719,7613,1411,151,152
2720,2720,22687,3556,907,277
2721,2721,17474,4667,650,468
2722,2722,11345,4996,343,219
2723,2723,34931,15004,2625,523
2724,2724,4712,1478,403,92
2725,2725,18239,6310,366,283
2726,2726,14140,3540,853,119
2727,2727,36853,14557,1927,882
2728,2728,5084,1121,76,145
2729,2729,40977,14789,3569,241
2730,2730,5637,2451,489,114
2731,2731,6281,2614,443,51
2732,2732,48404,7866,463,856
2733,2733,43620,11126,1884,1070
2734,2734,15926,2491,159,387
2735,2735,13856,4298,1139,305
2736,2736,49360,7671,1308,724
2737,2737,25722,9224,1452,403
2738,2738,10028,1851,147,204
2739,2739,25098,6413,870,701
2740,2740,16608,3647,719,177
2741,2741,49986,18783,4732,920
2742,2742,4000,1789,96,91
2743,2743,4727,817,66,44
2744,2744,3865,943,189,105
2745,2745,20163,3809,569,432
2746,2746,44030,7619,857,818
2747,2747,33435,12089,3062,917
2748,2748,15436,4369,549,218
2749,2749,37136,8831,1884,674
2750,2750,18533,4552,843,141
2751,2751,23717,9964,2255,487
2752,2752,19335,3355,932,503
2753,2753,35143,7701,1813,360
2754,2754,25404,9335,2305,149
2755,2755,16407,5898,1253,268
2756,2756,8486,1327,343,99
2757,2757,39550,10490,2693,281
2758,2758,19290,7838,1144,105
2759,2759,26073,6919,422,264
2760,2760,13086,4553,833,281
2761,2761,3051,953,130,17
2762,2762,40894,15390,2063,1051
2763,2763,18205,7155,1414,435
2764,2764,23344,8584,1763,621
2765,2765,48790,20909,4978,1228
2766,2766,37260,9927,2286,817
2767,2767,36046,10419,2012,692
2768,2768,35007,7982,2315,584
2769,2769,16612,3149,169,415
2770,2770,18982,3334,375,352
2771,2771,23120,7429,443,274
2772,2772,18612,6472,1589,470
2773,2773,40845,6277,795,878
2774,2774,18335,7412,1192,99
2775,2775,1581,458,133,26
2776,2776,37477,8070,521,1067
2777,2777,19117,8012,1505,551
2778,2778,29864,6090,1470,355
2779,2779,33435,6291,1305,289
2780,2780,41497,14390,1556,886
2781,2781,13075,4645,1231,254
2782,2782,3749,1184,126,107
2783,2783,17977,7956,429,469
2784,2784,24156,7539,461,262
2785,2785,8154,1412,227,144
2786,2786,16530,3491,672,425
2787,2787,45631,12538,2638,1227
2788,2788,10376,1633,329,145
2789,2789,27747,11632,1671,792
2790,2790,20271,6822,614,123
2791,2791,10834,4588,258,219
2792,2792,21519,6525,1600,380
2793,2793,39108,14229,4055,565
2794,2794,39186,6261,1449,569
2795,2795,43546,7556,523,1236
2796,2796,15718,5023,1504,326
2797,2797,49100,13523,3154,1285
2798,2798,35587,13859,2796,764
2799,2799,35100,9908,1162,909
2800,2800,20206,8553,1130,504
2801,2801,24721,5420,697,724
2802,2802,46421,10320,2406,1253
2803,2803,24716,4298,817,170
2804,2804,24743,8561,1723,401
2805,2805,28449,6228,1600,844
2806,2806,36233,8097,2245,791
2807,2807,44640,8545,983,543
2808,2808,21568,3998,608,380
2809,2809,10725,3462,720,260
2810,2810,12790,5281,284,102
2811,2811,18260,6932,1579,305
2812,2812,7618,1431,83,120
2813,2813,46222,9248,631,826
2814,2814,35688,15188,4192,494
2815,2815,27366,9826,1084,337
2816,2816,23073,9672,2655,456
2817,2817,41411,7550,1740,283
2818,2818,24262,10553,2930,503
2819,2819,49542,19838,2426,838
2820,2820,9821,3634,839,193
2821,2821,34382,6021,1649,682
2822,2822,25240,8888,1452,328
2823,2823,12581,3807,750,360
2824,2824,7350,1614,279,45
2825,2825,34926,14640,2854,911
2826,2826,28963,6823,996,693
2827,2827,10384,1688,483,280
2828,2828,48905,10426,1874,947
2829,2829,41335,10098,1381,377
2830,2830,19864,4611,736,538
2831,2831,19905,8594,987,401
2832,2832,7954,3399,736,67
2833,2833,14555,4594,813,134
2834,2834,40216,16921,4906,743
2835,2835,13788,2095,540,77
2836,2836,14313,3357,963,224
2837,2837,30152,9234,2380,373
2838,2838,8183,2985,835,65
2839,2839,29328,8739,626,246
2840,2840,19248,7111,562,266
2841,2841,6181,2307,243,42
2842,2842,11271,3405,405,234
2843,2843,34609,12169,833,768
2844,2844,3513,983,278,87
2845,2845,21809,4517,856,565
2846,2846,42030,6753,1408,218
2847,2847,9970,3249,870,104
2848,2848,13823,3173,278,350
2849,2849,49074,14674,1217,1024
2850,2850,6813,2965,783,161
2851,2851,1209,338,58,24
2852,2852,47529,9669,1494,550
2853,2853,25922,8795,955,355
2854,2854,35764,12413,1179,447
2855,2855,16197,6681,1449,279
2856,2856,42289,11319,1576,719
2857,2857,7326,1580,459,200
2858,2858,19826,5469,884,221
2859,2859,28843,5328,885,374
2860,2860,8440,2146,320,69
2861,2861,32702,13147,3497,654
2862,2862,46037,10149,1245,814
2863,2863,27804,4677,1136,320
2864,2864,21815,5963,1504,340
2865,2865,18085,7662,897,419
2866,2866,23271,7932,487,376
2867,2867,15503,4988,457,157
2868,2868,41978,7685,2244,850
2869,2869,9468,3138,172,218
2870,2870,25850,4577,1035,718
2871,2871,37234,6294,392,382
2872,2872,36092,7562,674,663
2873,2873,48043,10511,2631,1333
2874,2874,22725,6227,1172,254
2875,2875,1893,304,16,53
2876,2876,7718,2318,574,46
2877,2877,19552,4701,505,475
2878,2878,17207,2755,654,435
2879,2879,25763,8929,739,605
2880,2880,18694,7638,528,329
2881,2881,47103,17838,2744,252
2882,2882,36500,12098,1064,853
2883,2883,26632,5547,1117,341
2884,2884,22215,6165,1454,278
2885,2885,31074,6550,760,665
2886,2886,31893,8387,1319,336
2887,2887,27629,8794,1502,765
2888,2888,35944,10854,1580,1072
2889,2889,48681,13051,1868,908
2890,2890,8097,2313,449,45
2891,2891,16211,4605,779,125
2892,2892,21356,5333,1346,627
2893,2893,7251,2307,235,207
2894,2894,39889,8974,765,814
2895,2895,32032,9834,2555,769
2896,2896,4862,1848,208,62
2897,2897,23142,9263,547,514
2898,2898,40238,10943,562,895
2899,2899,37858,14704,2740,485
2900,2900,43730,9652,1595,746
2901,2901,37359,15227,4540,262
2902,2902,7884,2189,151,64
2903,2903,1892,375,88,17
2904,2904,29678,12195,956,805
2905,2905,33452,6731,1688,574
2906,2906,36853,10150,530,292
2907,2907,20282,7422,2004,238
2908,2908,22127,7402,1057,470
2909,2909,10274,2435,538,257
2910,2910,47823,12499,2513,803
2911,2911,14803,6378,1797,340
2912,2912,9869,1966,449,166
2913,2913,21820,5998,525,145
2914,2914,1367,332,32,30
2915,2915,36240,10421,767,747
2916,2916,39958,7869,1082,758
2917,2917,15813,4008,214,155
2918,2918,19624,7775,2076,384
2919,2919,21037,5473,1323,596
2920,2920,37773,11796,2534,262
2921,2921,10989,1987,206,103
2922,2922,37940,6855,1708,746
2923,2923,26096,6499,1579,516
2924,2924,19169,8434,1976,390
2925,2925,32025,6814,345,345
2926,2926,15184,2693,675,131
2927,2927,11801,3453,172,81
2928,2928,4420,844,212,69
2929,2929,31912,7918,1386,253
2930,2930,37709,10105,2460,854
2931,2931,24264,5908,1066,443
2932,2932,40674,16377,4730,1164
2933,2933,19201,6977,1813,365
2934,2934,33118,11873,1337,265
2935,2935,29535,10208,964,787
2936,2936,31544,12025,1641,492
2937,2937,41434,13173,3944,1180
2938,2938,26064,6835,1936,778
2939,2939,13834,3909,709,71
2940,2940,21341,5303,1472,595
2941,2941,33951,14479,2920,198
2942,2942,19019,6514,974,568
2943,2943,47154,10652,2197,1380
2944,2944,2994,1224,345,89
2945,2945,42434,12150,1135,1007
2946,2946,43437,16296,4104,258
2947,2947,2889,964,220,65
2948,2948,12593,5179,429,195
2949,2949,8826,1472,308,57
2950,2950,7388,3009,359,194
2951,2951,43932,14682,795,1139
2952,2952,21740,9116,841,644
2953,2953,48325,20938,3749,1377
2954,2954,27422,7538,1635,179
2955,2955,13644,5423,951,316
2956,2956,6502,1311,80,131
2957,2957,46135,13916,1297,1092
2958,2958,1211,294,55,9
2959,2959,31556,10112,2265,604
2960,2960,31343,5530,1545,299
2961,2961,6663,1370,270,194
2962,2962,12097,4676,488,173
2963,2963,6326,2613,746,80
2964,2964,45622,15634,4305,446
2965,2965,49372,9371,593,1118
2966,2966,12665,2959,565,194
2967,2967,13336,3091,308,393
2968,2968,17997,6465,750,310
2969,2969,38925,10084,2451,703
2970,2970,42354,15082,1396,1217
2971,2971,39353,10456,1928,404
2972,2972,47018,13172,2785,1036
2973,2973,19919,4227,950,350
2974,2974,49701,19298,1402,1209
2975,2975,17922,3861,444,502
2976,2976,34884,12122,1171,296
2977,2977,39457,9741,1859,846
2978,2978,3218,793,60,44
2979,2979,1517,299,50,20
2980,2980,7567,1559,217,68
2981,2981,36833,7582,420,929
2982,2982,30913,10141,2267,719
2983,2983,32036,12821,1450,459
2984,2984,23143,6821,1025,138
2985,2985,16355,6197,1705,289
2986,2986,28589,7941,931,555
2987,2987,39867,6321,1125,1118
2988,2988,40115,17633,5037,399
2989,2989,38223,14354,1183,509
2990,2990,4525,1995,254,109
2991,2991,23682,6811,622,118
2992,2992,10665,2240,208,135
2993,2993,13097,2892,291,95
2994,2994,17038,3343,631,415
2995,2995,1324,388,52,22
2996,2996,46009,12340,1272,773
2997,2997,25660,10248,2321,617
2998,2998,7279,1938,251,206
2999,2999,27206,10392,2852,693
3000,3000,48865,20122,4009,896
3001,3001,23732,7036,1654,466
3002,3002,15528,6454,610,168
3003,3003,24742,6233,1594,501
3004,3004,27095,11498,2430,229
3005,3005,13318,2174,272,97
3006,3006,26170,9060,1417,317
3007,3007,26350,9290,1580,303
3008,3008,28638,5838,873,513
3009,3009,7975,2308,163,176
3010,3010,7645,2650,400,192
3011,3011,11543,2836,549,168
3012,3012,30798,4726,1008,670
3013,3013,28686,10941,1375,328
3014,3014,42557,7864,1980,1179
3015,3015,33903,8877,1494,453
3016,3016,36063,15922,1240,341
3017,3017,28791,8911,1299,629
3018,3018,10855,1650,473,246
3019,3019,17897,3745,948,415
3020,3020,30818,8643,1436,184
3021,3021,33087,9531,595,661
3022,3022,25202,5688,764,312
3023,3023,2542,795,75,35
3024,3024,2148,610,75,12
3025,3025,8319,2139,126,195
3026,3026,17294,3503,643,140
3027,3027,10479,3561,561,124
3028,3028,31017,11063,1228,795
3029,3029,49017,19417,3733,294
3030,3030,22403,5865,508,659
3031,3031,42799,16851,1268,762
3032,3032,48539,8427,2375,1151
3033,3033,28690,7752,744,679
3034,3034,48290,16701,4521,1251
3035,3035,29405,12924,3210,566
3036,3036,20870,6984,1290,518
3037,3037,46498,18119,2601,782
3038,3038,29635,6888,1530,285
3039,3039,33870,11902,2394,939
3040,3040,45447,10701,548,462
3041,3041,28153,9773,1159,466
3042,3042,42605,10457,1101,232
3043,3043,22273,4818,977,516
3044,3044,40932,16294,3209,854
3045,3045,22545,7043,1189,427
3046,3046,23475,5919,808,378
3047,3047,31274,12706,2220,572
3048,3048,12141,4272,486,70
3049,3049,38441,16926,3518,731
3050,3050,23629,4133,979,430
3051,3051,20925,4970,640,457
3052,3052,2937,577,113,60
3053,3053,38020,10625,3176,212
3054,3054,19604,6213,1072,213
3055,3055,36231,6866,1385,950
3056,3056,7355,1976,203,57
3057,3057,19962,4063,364,487
3058,3058,49133,21798,4087,678
3059,3059,15270,4206,840,198
3060,3060,24801,8409,1816,549
3061,3061,42492,16084,2081,781
3062,3062,26701,5808,876,638
3063,3063,19761,7861,1276,555
3064,3064,12640,3413,173,325
3065,3065,31410,10894,2405,234
3066,3066,39021,13498,3962,595
3067,3067,42708,6778,718,864
3068,3068,33988,15283,3054,792
3069,3069,2496,617,69,48
3070,3070,31927,11343,3266,177
3071,3071,40409,16771,3581,759
3072,3072,13650,5529,499,194
3073,3073,16683,3379,960,467
3074,3074,22150,4203,278,127
3075,3075,38853,11203,1246,780
3076,3076,16852,6555,1921,295
3077,3077,8284,3239,840,222
3078,3078,11437,2555,588,77
3079,3079,3118,1105,167,56
3080,3080,31815,13001,878,490
3081,3081,18041,7487,1380,413
3082,3082,40778,14032,2575,228
3083,3083,32510,12949,840,822
3084,3084,48523,18469,2601,1111
3085,3085,34525,11696,1871,852
3086,3086,7791,1509,174,199
3087,3087,8325,3051,432,178
3088,3088,10302,4366,1086,105
3089,3089,7365,1833,409,121
3090,3090,47470,14121,1570,545
3091,3091,20352,7260,963,330
3092,3092,17903,5737,1139,430
3093,3093,10700,3279,185,288
3094,3094,37932,9817,1205,1085
3095,3095,11374,3643,459,259
3096,3096,45123,10760,2538,1009
3097,3097,10602,3522,932,121
3098,3098,15936,2524,259,200
3099,3099,39288,6035,851,695
3100,3100,34870,9476,1938,322
3101,3101,23558,8084,1590,412
3102,3102,35297,9258,2465,604
3103,3103,12083,4968,847,206
3104,3104,25895,3994,1145,351
3105,3105,21270,4507,394,429
3106,3106,48760,18859,4007,678
3107,3107,31102,9978,2091,164
3108,3108,49906,20148,4951,903
3109,3109,15966,5945,837,92
3110,3110,42051,7554,999,280
3111,3111,37260,16338,4274,687
3112,3112,6206,2737,175,118
3113,3113,17251,3854,960,165
3114,3114,43651,17777,1903,1001
3115,3115,12628,2046,413,237
3116,3116,6987,2605,607,195
3117,3117,9686,2971,193,103
3118,3118,39382,14906,2523,293
3119,3119,4347,1067,222,43
3120,3120,8628,2438,412,64
3121,3121,39625,8499,1460,762
3122,3122,39123,10912,3014,899
3123,3123,30008,11499,1134,754
3124,3124,41266,15543,4632,466
3125,3125,27684,9146,1583,260
3126,3126,34245,10101,1221,723
3127,3127,18314,7512,843,217
3128,3128,37783,11369,2347,294
3129,3129,12939,3833,497,379
3130,3130,31835,9510,900,764
3131,3131,45104,10887,3062,725
3132,3132,42804,15241,3896,421
3133,3133,8124,3077,317,142
3134,3134,21972,8347,1402,485
3135,3135,40945,8724,1901,536
3136,3136,13576,5157,1270,357
3137,3137,40985,14294,1878,734
3138,3138,32049,11090,2741,785
3139,3139,18654,4078,471,528
3140,3140,20897,5459,690,484
3141,3141,49838,12190,1548,951
3142,3142,28336,4298,1224,180
3143,3143,27790,7116,1788,816
3144,3144,18970,2956,668,193
3145,3145,47967,10877,2807,268
3146,3146,29016,11237,1476,551
3147,3147,14071,5477,1119,225
3148,3148,18954,3450,382,249
3149,3149,32436,14026,2780,934
3150,3150,4014,1542,227,116
3151,3151,47300,14006,1681,953
3152,3152,25577,4291,274,347
3153,3153,36251,9455,2655,281
3154,3154,9800,4059,278,288
3155,3155,49001,13432,1181,429
3156,3156,20585,6633,1263,328
3157,3157,22485,7236,1741,258
3158,3158,35801,14148,3146,304
3159,3159,5456,2243,504,128
3160,3160,24673,10400,1679,668
3161,3161,13067,3219,344,183
3162,3162,14040,4960,1121,159
3163,3163,49998,21489,1828,1052
3164,3164,29005,7799,1338,179
3165,3165,35629,5988,1780,510
3166,3166,38074,10704,621,670
3167,3167,22434,8682,1502,434
3168,3168,42574,7243,498,310
3169,3169,37588,14440,2641,938
3170,3170,6749,2174,363,143
3171,3171,13510,5073,1226,213
3172,3172,19144,5546,1510,571
3173,3173,10974,3787,258,232
3174,3174,23269,6659,1633,546
3175,3175,29337,12228,1838,362
3176,3176,41874,16685,912,445
3177,3177,28993,5657,1492,568
3178,3178,22405,6939,1480,224
3179,3179,38646,16525,4516,883
3180,3180,38804,7597,1847,394
3181,3181,12900,2325,426,369
3182,3182,3585,1376,254,103
3183,3183,22460,9234,2605,481
3184,3184,14218,3424,534,167
3185,3185,15236,5815,330,410
3186,3186,29812,5572,1599,168
3187,3187,49755,20213,2064,309
3188,3188,29740,8022,813,431
3189,3189,9169,1630,152,255
3190,3190,48482,14784,1341,496
3191,3191,33054,12302,1717,987
3192,3192,28205,5846,1732,704
3193,3193,24583,7212,1277,703
3194,3194,2058,313,78,30
3195,3195,7557,1937,554,195
3196,3196,29452,12775,2721,316
3197,3197,46954,8232,1736,692
3198,3198,31891,4935,1436,741
3199,3199,22185,3629,950,209
3200,3200,1607,302,26,35
3201,3201,3555,598,149,94
3202,3202,44316,10543,2154,1133
3203,3203,28475,5744,1631,829
3204,3204,49625,19493,4233,701
3205,3205,8169,3152,181,82
3206,3206,27453,9267,2569,319
3207,3207,22041,3494,197,125
3208,3208,31834,5101,1367,886
3209,3209,4047,1262,303,93
3210,3210,12124,2393,128,332
3211,3211,7037,1941,129,205
3212,3212,31437,13989,3693,579
3213,3213,9808,3992,1007,49
3214,3214,32211,9368,2582,264
3215,3215,44016,13732,3971,955
3216,3216,7317,2146,508,192
3217,3217,13863,2602,464,348
3218,3218,10345,2251,158,76
3219,3219,27465,6445,1313,308
3220,3220,17427,3579,768,230
3221,3221,31287,10966,1973,607
3222,3222,18480,6984,579,287
3223,3223,44332,8581,2008,1164
3224,3224,26233,8907,2213,773
3225,3225,1938,373,21,48
3226,3226,11609,3123,165,197
3227,3227,23537,4856,1298,688
3228,3228,27585,7879,817,566
3229,3229,36774,10368,2449,786
3230,3230,34717,14829,1991,948
3231,3231,17730,4473,1198,430
3232,3232,30905,10785,2340,419
3233,3233,35017,8013,1967,548
3234,3234,2665,1171,95,28
3235,3235,30978,12360,989,706
3236,3236,9277,3822,484,147
3237,3237,6437,2831,829,61
3238,3238,34482,7188,1868,363
3239,3239,2095,439,103,38
3240,3240,10946,3490,637,67
3241,3241,35940,9301,1000,1030
3242,3242,35791,7159,642,787
3243,3243,42609,14499,2965,1111
3244,3244,47929,9375,2677,970
3245,3245,14251,3327,964,409
3246,3246,20431,5453,983,317
3247,3247,32230,9359,786,917
3248,3248,1023,176,39,22
3249,3249,14680,6267,1273,425
3250,3250,4881,1837,156,83
3251,3251,11502,4363,1098,330
3252,3252,16890,4515,405,261
3253,3253,39759,8270,2138,268
3254,3254,19102,3670,551,442
3255,3255,39399,17071,1501,633
3256,3256,45055,10481,1382,942
3257,3257,35119,8546,646,727
3258,3258,31874,7001,1117,814
3259,3259,36471,13599,2224,246
3260,3260,48186,12162,1435,1431
3261,3261,26002,10437,1188,537
3262,3262,28912,9410,2531,644
3263,3263,32935,12434,1319,249
3264,3264,48956,16204,3236,688
3265,3265,44575,13299,2997,704
3266,3266,4712,1608,428,56
3267,3267,48451,17913,4947,1017
3268,3268,22550,6221,1611,666
3269,3269,6445,991,226,110
3270,3270,39389,11757,2325,852
3271,3271,7813,3509,900,134
3272,3272,40756,16352,2353,732
3273,3273,44749,11848,2374,884
3274,3274,43118,18808,3646,342
3275,3275,16637,4295,936,459
3276,3276,28645,11302,2594,171
3277,3277,43407,16774,4412,839
3278,3278,35259,5683,850,886
3279,3279,49784,19081,4145,280
3280,3280,38154,7791,1617,504
3281,3281,20154,8589,2151,468
3282,3282,17614,4536,1001,243
3283,3283,17298,4030,991,226
3284,3284,46816,20940,2424,1162
3285,3285,14721,4674,1242,312
3286,3286,49542,13395,1836,1257
3287,3287,33757,13738,1833,688
3288,3288,49487,19376,5647,639
3289,3289,21043,3795,874,441
3290,3290,21507,7237,1518,514
3291,3291,14248,3268,741,196
3292,3292,29689,12431,2967,860
3293,3293,22152,3428,334,282
3294,3294,34169,12303,2339,817
3295,3295,36275,7377,1509,250
3296,3296,7118,1261,251,191
3297,3297,27518,11163,964,371
3298,3298,24186,6506,1823,183
3299,3299,49253,19424,5280,608
3300,3300,38362,16926,2216,407
3301,3301,3672,821,72,109
3302,3302,2727,813,210,80
3303,3303,17079,7045,1127,431
3304,3304,10527,1618,179,58
3305,3305,41122,12130,1937,777
3306,3306,38230,7939,766,686
3307,3307,27189,9194,2502,801
3308,3308,49941,11408,2842,704
3309,3309,18272,5105,720,514
3310,3310,16381,4030,561,474
3311,3311,9814,2419,621,221
3312,3312,36276,11742,870,1013
3313,3313,34256,12418,2282,261
3314,3314,40589,8862,1214,915
3315,3315,37311,14787,1567,437
3316,3316,4486,1292,206,88
3317,3317,5237,2283,211,99
3318,3318,37634,12986,3557,636
3319,3319,47288,9191,2026,313
3320,3320,48111,11201,1265,1318
3321,3321,2807,1021,176,63
3322,3322,9739,4342,450,158
3323,3323,36284,13031,1644,392
3324,3324,34289,14877,1280,634
3325,3325,45651,14885,3954,1336
3326,3326,4471,1625,226,35
3327,3327,5653,1888,344,131
3328,3328,49008,10212,3011,1193
3329,3329,12753,5110,293,359
3330,3330,48753,9060,654,1396
3331,3331,38617,13912,3079,970
3332,3332,25988,9327,789,352
3333,3333,7282,1772,167,114
3334,3334,17515,5252,504,263
3335,3335,15853,4048,857,111
3336,3336,30604,11493,2079,168
3337,3337,40725,6852,1296,898
3338,3338,7258,1455,423,132
3339,3339,1305,323,40,32
3340,3340,38229,12195,3229,1104
3341,3341,13352,4552,794,245
3342,3342,23626,4231,934,209
3343,3343,25521,8222,2243,578
3344,3344,12632,3817,967,203
3345,3345,41768,6751,1244,1209
3346,3346,8882,3483,445,109
3347,3347,23875,8473,1673,219
3348,3348,7535,2255,452,225
3349,3349,23111,9968,2812,432
3350,3350,26483,10201,2917,575
3351,3351,5290,1330,188,58
3352,3352,33162,6848,1034,462
3353,3353,32485,12775,3544,737
3354,3354,39740,7138,1284,857
3355,3355,22007,9321,1777,496
3356,3356,35188,9439,1761,352
3357,3357,21992,4192,1009,271
3358,3358,42047,11684,1855,296
3359,3359,2561,761,99,43
3360,3360,26480,6402,1908,642
3361,3361,45830,16483,2998,276
3362,3362,6844,1657,326,188
3363,3363,36572,7387,948,226
3364,3364,2832,464,58,27
3365,3365,36242,6006,1539,972
3366,3366,49400,14944,3919,875
3367,3367,45638,16418,4558,340
3368,3368,13170,5501,1254,89
3369,3369,14343,4282,825,291
3370,3370,3964,1691,171,88
3371,3371,20034,3033,333,507
3372,3372,22676,10098,2996,581
3373,3373,25365,10787,1623,225
3374,3374,40239,9007,1955,1088
3375,3375,28711,10167,2313,791
3376,3376,21299,4503,1214,498
3377,3377,18866,5145,270,482
3378,3378,25715,6002,1652,653
3379,3379,32995,7457,392,736
3380,3380,3739,1341,217,80
3381,3381,15612,2672,210,140
3382,3382,33016,5611,1033,303
3383,3383,49502,11234,2474,1399
3384,3384,27096,6379,775,715
3385,3385,18137,3310,264,463
3386,3386,14246,6197,1169,248
3387,3387,9330,2850,167,158
3388,3388,8301,1814,468,79
3389,3389,46456,18207,2010,946
3390,3390,29711,11037,1771,719
3391,3391,44442,19113,4619,432
3392,3392,14790,5434,331,79
3393,3393,11008,2778,798,308
3394,3394,23945,6910,1902,153
3395,3395,25905,5075,623,170
3396,3396,13056,4415,591,300
3397,3397,2658,1093,73,29
3398,3398,35639,8422,760,665
3399,3399,21811,3642,805,332
3400,3400,36014,5590,1286,831
3401,3401,22080,5765,495,167
3402,3402,16313,2475,125,105
3403,3403,26396,10046,802,280
3404,3404,42175,6771,1262,231
3405,3405,32223,13893,2934,388
3406,3406,41373,11006,3054,452
3407,3407,33149,11064,1507,984
3408,3408,30817,9052,2486,504
3409,3409,24601,5342,650,572
3410,3410,26457,11898,3218,375
3411,3411,2372,663,82,14
3412,3412,27894,10131,1878,297
3413,3413,27360,5130,1059,279
3414,3414,27594,7625,1177,643
3415,3415,30090,13110,2174,404
3416,3416,44605,12028,2776,452
3417,3417,15218,5535,1063,436
3418,3418,48795,16970,3474,1342
3419,3419,36927,15093,3743,530
3420,3420,21112,4519,385,162
3421,3421,43745,12497,3451,1263
3422,3422,41867,11456,1143,562
3423,3423,11270,3920,1114,178
3424,3424,30031,4719,479,576
3425,3425,12294,2852,674,234
3426,3426,11214,3839,743,280
3427,3427,10875,2973,496,290
3428,3428,9556,3619,621,193
3429,3429,41129,12716,2632,241
3430,3430,7361,2841,202,38
3431,3431,4457,1111,80,126
3432,3432,24376,5140,450,251
3433,3433,5326,1378,382,104
3434,3434,30269,8854,2000,370
3435,3435,7651,2989,268,206
3436,3436,11699,3212,588,239
3437,3437,11373,3622,750,255
3438,3438,19430,6936,1913,571
3439,3439,44507,19299,5351,330
3440,3440,3580,682,99,51
3441,3441,12171,4626,909,361
3442,3442,24749,10624,2084,236
3443,3443,2301,1014,290,44
3444,3444,23267,10385,2820,156
3445,3445,9843,3319,728,274
3446,3446,8272,3704,917,179
3447,3447,42564,10479,2387,1222
3448,3448,6444,1652,488,111
3449,3449,41754,17424,2690,385
3450,3450,17561,3645,437,316
3451,3451,2536,752,207,15
3452,3452,16650,5996,694,497
3453,3453,23119,3748,890,554
3454,3454,31021,10789,1437,179
3455,3455,41905,6419,1241,526
3456,3456,14083,5934,860,83
3457,3457,45033,10406,1496,638
3458,3458,34592,14047,3455,525
3459,3459,23421,4443,606,270
3460,3460,13642,4046,472,379
3461,3461,45027,7899,1710,583
3462,3462,34344,14381,801,282
3463,3463,8015,1786,168,53
3464,3464,38480,15024,3676,1023
3465,3465,1632,598,140,22
3466,3466,41465,7095,1388,1208
3467,3467,31196,10584,1404,674
3468,3468,41145,7677,1735,410
3469,3469,49894,21353,2058,1145
3470,3470,7002,1058,262,75
3471,3471,4276,1561,229,88
3472,3472,13624,3989,396,404
3473,3473,40679,14721,2462,947
3474,3474,39784,16291,1064,382
3475,3475,1413,245,71,16
3476,3476,36520,11782,1146,295
3477,3477,5966,1231,322,142
3478,3478,15923,3164,660,315
3479,3479,40423,11063,2324,422
3480,3480,17446,6932,1621,318
3481,3481,43915,18319,4046,528
3482,3482,11568,1959,128,157
3483,3483,49032,8243,1969,772
3484,3484,45173,17135,3924,239
3485,3485,49776,17538,2272,1208
3486,3486,24689,8873,1786,715
3487,3487,38303,8761,2277,623
3488,3488,49640,19522,2784,620
3489,3489,33052,8066,2417,322
3490,3490,39484,7942,1768,601
3491,3491,31254,7729,1925,894
3492,3492,27426,7928,2178,447
3493,3493,10311,3829,560,296
3494,3494,10137,3917,569,271
3495,3495,10790,2911,155,267
3496,3496,44369,18706,1641,1271
3497,3497,15220,2716,401,133
3498,3498,23106,4836,843,206
3499,3499,37000,8632,841,746
3500,3500,33711,9434,2705,303
3501,3501,44633,7495,2176,297
3502,3502,22186,8027,1621,189
3503,3503,34997,15153,3801,539
3504,3504,1849,808,167,24
3505,3505,21356,7586,1192,171
3506,3506,9482,2928,396,135
3507,3507,46122,18874,2687,1349
3508,3508,5136,797,113,57
3509,3509,22377,7977,2213,616
3510,3510,42541,18068,5296,1049
3511,3511,37372,9426,2341,839
3512,3512,9331,4102,1006,180
3513,3513,16002,5799,1173,405
3514,3514,17324,5137,860,95
3515,3515,34486,14284,2085,300
3516,3516,22079,3850,665,443
3517,3517,48698,11190,1816,1189
3518,3518,19101,6944,978,466
3519,3519,32047,7177,1494,422
3520,3520,41675,12284,1062,492
3521,3521,21973,6491,834,595
3522,3522,14111,5605,1185,408
3523,3523,40163,13315,1649,261
3524,3524,13775,4229,744,154
3525,3525,25642,7100,1807,135
3526,3526,18104,3824,474,103
3527,3527,43204,16361,1139,718
3528,3528,10674,3031,441,95
3529,3529,30107,11366,874,356
3530,3530,19084,3994,805,231
3531,3531,39435,7435,2148,319
3532,3532,22399,7072,1005,288
3533,3533,48218,12657,713,764
3534,3534,22226,5971,786,575
3535,3535,3263,1119,146,78
3536,3536,3580,1485,94,82
3537,3537,9642,2882,811,81
3538,3538,7701,2362,673,83
3539,3539,24613,10871,1462,376
3540,3540,5559,1655,308,100
3541,3541,43062,16661,3726,805
3542,3542,6863,2706,438,54
3543,3543,18088,3947,253,399
3544,3544,2587,428,111,27
3545,3545,3778,614,147,108
3546,3546,10022,3008,393,239
3547,3547,44926,12073,2143,549
3548,3548,2540,891,199,47
3549,3549,3629,762,44,38
3550,3550,33208,5052,1139,648
3551,3551,25124,7606,1956,375
3552,3552,10978,3412,951,259
3553,3553,19442,4465,641,286
3554,3554,14211,5346,609,140
3555,3555,18061,4836,1028,294
3556,3556,30199,9996,2127,537
3557,3557,27587,5831,455,405
3558,3558,7994,2980,800,79
3559,3559,38369,14223,1772,853
3560,3560,15047,6259,1592,211
3561,3561,4563,1571,168,124
3562,3562,17536,3770,210,93
3563,3563,12856,5246,532,368
3564,3564,26465,9685,1592,390
3565,3565,11830,5042,857,235
3566,3566,44714,18207,2041,912
3567,3567,1017,412,84,26
3568,3568,18972,8139,1024,275
3569,3569,38231,16759,1245,542
3570,3570,43321,8977,1398,1165
3571,3571,5987,1400,298,74
3572,3572,3293,1381,173,38
3573,3573,14412,2682,561,415
3574,3574,2990,1238,350,27
3575,3575,8378,1473,160,224
3576,3576,38996,13979,1653,216
3577,3577,37911,11142,2594,334
3578,3578,5270,1419,204,31
3579,3579,29343,11711,1793,860
3580,3580,38798,16264,3482,1124
3581,3581,19404,7043,1617,195
3582,3582,18516,2913,343,496
3583,3583,16389,5849,1477,489
3584,3584,3891,1603,414,61
3585,3585,47068,13958,1505,1233
3586,3586,4099,967,69,58
3587,3587,31964,10016,1435,880
3588,3588,48592,15321,1324,1136
3589,3589,23727,6456,1259,339
3590,3590,23769,9036,785,518
3591,3591,33408,11783,1790,969
3592,3592,6665,2203,597,88
3593,3593,24505,8420,1369,452
3594,3594,45586,9084,551,804
3595,3595,41964,8120,1099,873
3596,3596,49810,9853,2460,422
3597,3597,14488,5757,858,370
3598,3598,8332,3725,692,149
3599,3599,38713,5853,1660,836
3600,3600,11793,4385,969,291
3601,3601,33058,6118,1425,823
3602,3602,36943,15925,2878,941
3603,3603,15357,4961,1178,340
3604,3604,7974,1736,366,70
3605,3605,46478,19454,1888,233
3606,3606,34063,13283,2308,950
3607,3607,46543,20247,2236,705
3608,3608,14713,4599,341,373
3609,3609,2540,393,48,25
3610,3610,45596,7815,885,1312
3611,3611,28650,12418,2674,150
3612,3612,40161,9641,1416,410
3613,3613,29083,9765,2733,607
3614,3614,39884,6483,1120,230
3615,3615,21947,5606,638,369
3616,3616,26149,9828,2382,407
3617,3617,39477,13267,1827,1156
3618,3618,33132,14856,2153,963
3619,3619,6690,1956,363,47
3620,3620,48466,19347,4020,356
3621,3621,25893,9702,1070,766
3622,3622,3250,802,150,73
3623,3623,30569,6571,1003,160
3624,3624,9413,3087,675,53
3625,3625,34180,9684,1699,566
3626,3626,46687,14917,3734,858
3627,3627,48469,7978,1567,1088
3628,3628,33184,6708,1092,874
3629,3629,3609,855,113,27
3630,3630,11144,4909,339,190
3631,3631,17321,2627,640,435
3632,3632,12575,4800,292,120
3633,3633,23286,9539,1868,403
3634,3634,47781,13541,3049,1327
3635,3635,7654,1525,126,225
3636,3636,40662,12964,2068,576
3637,3637,46804,13057,2965,1284
3638,3638,25136,8557,655,423
3639,3639,19278,5414,1220,128
3640,3640,6717,1537,441,93
3641,3641,27301,8248,913,769
3642,3642,10012,1865,168,192
3643,3643,44557,9310,2001,830
3644,3644,37527,8590,572,928
3645,3645,13157,4271,337,78
3646,3646,14267,2770,230,321
3647,3647,1733,453,80,9
3648,3648,35377,12373,2429,184
3649,3649,9982,2454,272,169
3650,3650,14995,3097,522,254
3651,3651,7491,1511,284,154
3652,3652,5647,1094,89,100
3653,3653,5456,1600,475,37
3654,3654,11795,2643,629,306
3655,3655,24705,10654,2738,374
3656,3656,29303,4772,620,435
3657,3657,13622,4788,1353,201
3658,3658,40743,16334,1734,1128
3659,3659,32415,10841,2684,882
3660,3660,43338,17836,3724,478
3661,3661,35161,8308,2021,556
3662,3662,3025,832,158,68
3663,3663,10539,4024,241,125
3664,3664,19404,5614,1413,541
3665,3665,20889,8374,1685,584
3666,3666,31796,9647,1413,851
3667,3667,46118,15074,2864,1017
3668,3668,40278,14028,2714,673
3669,3669,6962,2488,730,127
3670,3670,41394,14049,1586,484
3671,3671,18776,7743,1537,200
3672,3672,22244,9390,1798,305
3673,3673,21076,4374,585,461
3674,3674,19253,4412,688,413
3675,3675,41177,17177,1456,998
3676,3676,20334,4208,932,463
3677,3677,37235,9172,2288,727
3678,3678,12364,2289,528,151
3679,3679,17189,3639,900,442
3680,3680,12998,5409,1365,186
3681,3681,26665,7874,926,512
3682,3682,36219,9142,1039,246
3683,3683,9154,4027,1019,270
3684,3684,1214,206,52,13
3685,3685,33443,9579,2851,655
3686,3686,19159,5811,901,223
3687,3687,29030,9824,1693,223
3688,3688,29650,7888,629,282
3689,3689,24680,9329,2785,148
3690,3690,5605,1307,244,65
3691,3691,7284,3115,690,73
3692,3692,44273,14166,743,595
3693,3693,41918,15336,1856,461
3694,3694,15446,5182,998,180
3695,3695,37216,9529,1039,207
3696,3696,39280,9624,1010,987
3697,3697,26118,5509,1124,753
3698,3698,6975,2241,456,204
3699,3699,32867,6158,686,498
3700,3700,16861,4853,443,157
3701,3701,15440,3610,183,336
3702,3702,29520,9561,1911,432
3703,3703,14984,3291,861,227
3704,3704,30106,8512,1998,439
3705,3705,41308,15499,864,996
3706,3706,14443,5987,1035,357
3707,3707,35336,8928,492,625
3708,3708,26421,10607,2138,378
3709,3709,47101,8158,2114,1040
3710,3710,12035,4650,473,154
3711,3711,27548,6397,1463,756
3712,3712,25867,8539,1429,145
3713,3713,37917,8463,1899,618
3714,3714,2433,648,88,35
3715,3715,33175,9318,1503,517
3716,3716,29662,6717,719,420
3717,3717,18030,5292,487,474
3718,3718,43271,13204,2412,428
3719,3719,3378,1498,211,81
3720,3720,6896,2497,223,140
3721,3721,37229,6143,428,1053
3722,3722,30694,5976,510,487
3723,3723,13191,2885,368,237
3724,3724,16192,6663,1367,312
3725,3725,49568,10051,1879,1415
3726,3726,12005,2651,667,118
3727,3727,47696,8256,2007,559
3728,3728,12713,3943,965,239
3729,3729,25178,9239,814,712
3730,3730,17098,6601,867,158
3731,3731,18847,5728,316,331
3732,3732,4725,1266,116,79
3733,3733,9669,2152,435,137
3734,3734,19302,5572,912,439
3735,3735,47755,10719,2251,1139
3736,3736,5395,2400,201,65
3737,3737,35661,13895,3048,530
3738,3738,36485,13421,3653,608
3739,3739,43424,18801,2603,874
3740,3740,48078,19293,2919,542
3741,3741,27717,5545,1466,226
3742,3742,3386,718,143,48
3743,3743,20558,3796,1047,299
3744,3744,20629,5406,695,205
3745,3745,2051,440,107,48
3746,3746,30487,12486,3091,723
3747,3747,43537,16897,2519,372
3748,3748,15881,6687,757,237
3749,3749,47719,13817,3738,791
3750,3750,28249,12369,1377,244
3751,3751,42944,18329,2270,271
3752,3752,31480,13310,3617,843
3753,3753,6119,2016,279,109
3754,3754,32267,5232,1545,844
3755,3755,5440,1391,136,152
3756,3756,11875,1820,137,280
3757,3757,37804,8728,490,395
3758,3758,35150,9187,1489,469
3759,3759,41168,11859,2436,499
3760,3760,4336,1692,332,117
3761,3761,32949,9226,1646,713
3762,3762,36913,13606,2606,246
3763,3763,11048,4749,686,237
3764,3764,29826,11018,2300,256
3765,3765,13866,2467,360,206
3766,3766,3745,611,32,31
3767,3767,28418,9116,1407,728
3768,3768,10938,3041,584,325
3769,3769,14802,2222,147,391
3770,3770,18400,6774,1671,192
3771,3771,11853,5066,878,82
3772,3772,31120,12245,1661,721
3773,3773,25387,10286,2971,290
3774,3774,37606,11822,3254,885
3775,3775,42387,14813,2691,919
3776,3776,47960,15679,3459,1206
3777,3777,17075,3719,206,291
3778,3778,22505,9721,1216,659
3779,3779,27523,4551,900,689
3780,3780,17884,3253,282,189
3781,3781,15349,6357,713,424
3782,3782,7461,2680,472,114
3783,3783,27204,7502,996,191
3784,3784,11646,3923,1126,251
3785,3785,21575,9230,592,326
3786,3786,29322,5753,968,169
3787,3787,25273,4687,510,681
3788,3788,33234,14235,2122,343
3789,3789,29187,11815,1436,591
3790,3790,11806,2961,590,234
3791,3791,6431,1158,81,150
3792,3792,10833,3381,585,79
3793,3793,46703,16084,4792,235
3794,3794,12637,2019,248,329
3795,3795,45481,16177,4152,633
3796,3796,38486,6783,619,490
3797,3797,7551,1220,238,224
3798,3798,41262,6191,1737,1020
3799,3799,26615,10573,1824,310
3800,3800,20099,6725,1220,518
3801,3801,19641,3762,622,516
3802,3802,11314,3881,873,83
3803,3803,40746,8847,1069,604
3804,3804,23194,8106,1813,585
3805,3805,24511,10674,1351,522
3806,3806,27286,7514,2123,678
3807,3807,21271,7442,763,351
3808,3808,47087,9255,646,927
3809,3809,8714,1693,507,71
3810,3810,48367,8320,2018,1073
3811,3811,38963,8641,1472,594
3812,3812,43225,15149,3301,1004
3813,3813,20827,8981,920,350
3814,3814,3217,834,123,43
3815,3815,4205,670,176,47
3816,3816,13226,5207,863,385
3817,3817,47474,19406,3151,1205
3818,3818,49842,21930,3412,641
3819,3819,38130,15650,1502,1019
3820,3820,11759,5130,789,201
3821,3821,22925,4457,1208,252
3822,3822,40578,12116,1447,408
3823,3823,12830,3532,857,266
3824,3824,47620,12042,2453,639
3825,3825,7854,2315,592,137
3826,3826,14832,2882,634,392
3827,3827,49762,15002,2741,1355
3828,3828,39698,13248,2690,630
3829,3829,48924,19084,3124,1124
3830,3830,36856,8737,2614,604
3831,3831,19644,4906,744,406
3832,3832,5115,1495,402,144
3833,3833,40895,13150,3692,1057
3834,3834,15607,4444,555,332
3835,3835,3536,1396,303,68
3836,3836,26874,6170,1127,161
3837,3837,30442,6748,341,188
3838,3838,5987,2339,276,151
3839,3839,36818,15904,860,983
3840,3840,49021,19039,3998,620
3841,3841,40337,14077,2451,786
3842,3842,36002,12542,1528,284
3843,3843,16390,7009,1032,379
3844,3844,12615,3955,395,279
3845,3845,6221,1546,172,105
3846,3846,7518,1420,337,86
3847,3847,44087,10479,1197,398
3848,3848,28947,6114,556,215
3849,3849,19925,4838,897,372
3850,3850,5495,949,84,44
3851,3851,1218,531,35,29
3852,3852,18698,8218,643,304
3853,3853,8958,2688,695,164
3854,3854,34474,6433,1395,412
3855,3855,6457,1658,121,60
3856,3856,13405,4203,473,73
3857,3857,41654,16299,4047,298
3858,3858,5157,1024,138,93
3859,3859,46189,14339,2432,1298
3860,3860,42390,10827,1462,624
3861,3861,29337,5312,946,742
3862,3862,14917,2987,613,254
3863,3863,39427,14758,984,1175
3864,3864,15860,6349,1799,388
3865,3865,37533,14309,2100,790
3866,3866,14049,5900,348,136
3867,3867,38417,9858,2926,1089
3868,3868,43514,10948,2599,225
3869,3869,21654,8847,630,564
3870,3870,39970,12236,2955,792
3871,3871,32026,9553,2856,741
3872,3872,23328,4337,1095,575
3873,3873,42817,10495,1343,1094
3874,3874,20231,3270,250,576
3875,3875,44569,19575,1648,510
3876,3876,25876,11638,1398,679
3877,3877,5875,2599,366,102
3878,3878,49406,11854,660,1459
3879,3879,22479,4617,338,189
3880,3880,35403,11713,3079,497
3881,3881,7236,3201,774,93
3882,3882,9108,1865,192,227
3883,3883,16172,2663,340,388
3884,3884,36475,15461,1080,832
3885,3885,38837,15965,2977,1074
3886,3886,44116,10555,2890,1050
3887,3887,3669,893,240,26
3888,3888,22840,5269,332,153
3889,3889,39555,5980,1631,239
3890,3890,24666,6704,514,221
3891,3891,37778,15810,1769,504
3892,3892,13132,4524,869,350
3893,3893,42342,16668,2793,983
3894,3894,9300,1867,540,247
3895,3895,34402,7622,1158,758
3896,3896,18911,6108,1419,492
3897,3897,33286,10460,678,342
3898,3898,44704,11915,3053,550
3899,3899,9926,2693,532,275
3900,3900,19852,4582,935,540
3901,3901,47327,13065,2770,825
3902,3902,8511,2312,226,96
3903,3903,9401,3036,769,183
3904,3904,44976,10103,2301,484
3905,3905,17383,6491,1511,384
3906,3906,9713,4269,508,75
3907,3907,1184,409,93,30
3908,3908,1901,520,70,30
3909,3909,10632,3905,962,284
3910,3910,22306,9885,1430,400
3911,3911,19026,5384,540,397
3912,3912,14551,3881,376,314
3913,3913,44404,9894,1704,526
3914,3914,4206,949,150,37
3915,3915,4905,1836,332,49
3916,3916,8236,3412,290,98
3917,3917,28928,11013,1853,696
3918,3918,5279,1720,235,111
3919,3919,30448,6402,1702,791
3920,3920,26598,6141,1044,424
3921,3921,9748,1512,164,167
3922,3922,15344,6842,1285,322
3923,3923,10482,1917,441,189
3924,3924,46213,8302,2204,827
3925,3925,21330,7975,439,409
3926,3926,8020,1783,215,202
3927,3927,44807,19240,5078,867
3928,3928,35728,15239,3152,1051
3929,3929,1220,237,13,29
3930,3930,37298,10291,1392,635
3931,3931,13279,2423,306,320
3932,3932,17460,6264,739,174
3933,3933,27342,9595,2784,523
3934,3934,24388,4361,732,241
3935,3935,17048,4217,1115,237
3936,3936,16805,5205,901,265
3937,3937,37859,5865,405,724
3938,3938,9978,2189,583,101
3939,3939,28024,8701,2041,212
3940,3940,36950,10434,875,866
3941,3941,15317,4001,236,81
3942,3942,39502,10773,3208,832
3943,3943,30480,12738,934,856
3944,3944,41093,7628,1917,1018
3945,3945,36185,13530,3850,399
3946,3946,32195,11483,2127,690
3947,3947,46604,17178,4836,803
3948,3948,15179,5900,1604,113
3949,3949,34010,11048,3106,406
3950,3950,28990,10404,2951,690
3951,3951,37456,13438,762,278
3952,3952,42104,13536,2934,413
3953,3953,11286,2485,152,107
3954,3954,14701,3076,380,96
3955,3955,30456,6629,554,242
3956,3956,48452,10235,2116,1308
3957,3957,20634,8262,1305,458
3958,3958,11424,3337,173,164
3959,3959,35932,7277,1897,557
3960,3960,6559,2487,256,58
3961,3961,8106,2272,511,74
3962,3962,47772,14621,2759,1047
3963,3963,39776,16693,4662,1177
3964,3964,30691,6052,1811,562
3965,3965,38178,8195,1329,355
3966,3966,30168,7051,811,312
3967,3967,49065,19110,4947,486
3968,3968,20368,5349,983,573
3969,3969,39102,7218,1614,1076
3970,3970,16056,5958,1092,424
3971,3971,37704,11077,3072,735
3972,3972,49340,19489,1231,468
3973,3973,16191,6309,694,101
3974,3974,40773,12766,875,753
3975,3975,6476,1630,300,74
3976,3976,22762,7162,1840,138
3977,3977,33145,13426,1360,831
3978,3978,15451,5556,401,134
3979,3979,29989,5141,1183,559
3980,3980,49348,18655,3082,1087
3981,3981,23130,3677,887,566
3982,3982,44573,15924,4231,1028
3983,3983,6481,1599,382,163
3984,3984,39393,6866,1524,670
3985,3985,7439,2095,573,157
3986,3986,4751,1835,435,95
3987,3987,48135,9383,1297,696
3988,3988,8546,3319,584,104
3989,3989,20145,4597,327,510
3990,3990,40344,14138,2615,491
3991,3991,35224,14902,1030,330
3992,3992,19938,5989,1479,256
3993,3993,31728,5143,816,179
3994,3994,40269,6630,1428,1093
3995,3995,25765,6534,884,361
3996,3996,34809,8093,708,502
3997,3997,9057,1999,174,106
3998,3998,15932,7124,1014,99
3999,3999,21324,8454,2082,306
4000,4000,3744,1182,70,62
4001,4001,27655,5873,895,730
4002,4002,37586,10825,1502,1126
4003,4003,41920,16079,4635,1106
4004,4004,35460,7284,481,414
4005,4005,4079,1747,465,46
4006,4006,35640,6674,1261,649
4007,4007,1325,302,70,38
4008,4008,43190,8777,2519,754
4009,4009,17319,5277,762,417
4010,4010,35624,12266,1839,393
4011,4011,45105,7652,1715,923
4012,4012,20343,7482,1349,429
4013,4013,44711,16505,2507,400
4014,4014,16906,6996,1672,139
4015,4015,48333,17765,3234,500
4016,4016,21288,9329,1053,352
4017,4017,3672,1456,178,108
4018,4018,26551,5230,1498,380
4019,4019,20045,8216,497,302
4020,4020,16012,5865,834,297
4021,4021,13252,3155,914,368
4022,4022,2524,884,148,32
4023,4023,19336,7906,1409,560
4024,4024,35757,10783,3013,868
4025,4025,48892,8932,985,1096
4026,4026,34996,7122,2105,465
4027,4027,9798,2838,732,64
4028,4028,46105,11617,1422,967
4029,4029,20095,4453,1242,205
4030,4030,24269,5055,917,477
4031,4031,47457,8858,2056,1194
4032,4032,7696,1362,310,125
4033,4033,31569,11566,2854,587
4034,4034,40744,18036,1988,296
4035,4035,45484,9524,992,687
4036,4036,22169,9972,596,336
4037,4037,3277,1202,347,91
4038,4038,41099,15552,2708,1193
4039,4039,26515,4735,1374,701
4040,4040,37211,13622,2467,193
4041,4041,13112,2787,157,331
4042,4042,39410,7173,1754,307
4043,4043,9382,3764,681,49
4044,4044,46114,12136,2039,1040
4045,4045,18294,6746,1725,364
4046,4046,48499,20485,5718,1312
4047,4047,45572,9757,1385,1130
4048,4048,9776,4064,280,196
4049,4049,9072,3730,782,175
4050,4050,8133,2535,269,121
4051,4051,32283,8163,461,273
4052,4052,27691,5771,1464,247
4053,4053,15128,5022,886,103
4054,4054,30575,7108,955,211
4055,4055,17721,7622,1706,468
4056,4056,20264,3830,704,577
4057,4057,3808,1518,315,93
4058,4058,23117,5115,1452,363
4059,4059,49742,8153,1821,393
4060,4060,9440,2623,686,268
4061,4061,13644,5627,359,370
4062,4062,24679,6593,1787,177
4063,4063,2787,741,163,18
4064,4064,49834,10657,3071,1205
4065,4065,17647,7398,1027,448
4066,4066,34362,10827,1722,265
4067,4067,42050,16997,2653,800
4068,4068,10345,3479,1029,266
4069,4069,20031,7509,451,221
4070,4070,37341,5656,1029,604
4071,4071,13718,3467,379,364
4072,4072,37063,13750,2504,562
4073,4073,14891,3277,470,343
4074,4074,4499,813,115,100
4075,4075,2183,724,44,31
4076,4076,37992,12319,815,464
4077,4077,38623,7899,426,1154
4078,4078,17727,5758,526,423
4079,4079,47279,15216,4346,733
4080,4080,41926,13492,1942,1027
4081,4081,20425,8151,1715,489
4082,4082,49891,18406,4041,1473
4083,4083,30897,5465,986,266
4084,4084,24998,8093,1693,480
4085,4085,10629,2647,200,58
4086,4086,33796,14065,2705,838
4087,4087,13743,5991,1633,105
4088,4088,15616,3721,317,456
4089,4089,27490,8774,2545,175
4090,4090,41777,15035,4472,702
4091,4091,27082,9263,1521,418
4092,4092,3000,1027,96,31
4093,4093,37808,16367,3782,680
4094,4094,15443,3825,824,427
4095,4095,43610,9733,2798,369
4096,4096,37775,14245,3689,1115
4097,4097,1201,503,145,32
4098,4098,8720,3875,1067,167
4099,4099,29452,7433,1392,772
4100,4100,10649,2895,697,198
4101,4101,10608,2972,346,260
4102,4102,26063,8389,1142,541
4103,4103,15197,2347,400,237
4104,4104,45040,17979,4864,1088
4105,4105,35636,8699,1167,1001
4106,4106,8876,2002,196,103
4107,4107,36485,7103,1398,887
4108,4108,34359,7956,2185,905
4109,4109,11763,3452,365,60
4110,4110,34678,9719,1435,940
4111,4111,5102,2293,181,150
4112,4112,26374,7943,546,572
4113,4113,41100,10293,3009,1083
4114,4114,4140,1795,258,26
4115,4115,43486,10165,1252,876
4116,4116,49347,12159,1985,1201
4117,4117,42257,12953,3470,1214
4118,4118,43078,11774,1011,1001
4119,4119,15451,5272,619,423
4120,4120,29878,8449,1017,270
4121,4121,47813,20697,5616,1106
4122,4122,27977,9831,1957,380
4123,4123,37402,14571,3445,647
4124,4124,41985,16701,4688,1178
4125,4125,11549,3691,1045,77
4126,4126,18271,2865,814,399
4127,4127,18222,3100,306,183
4128,4128,16211,2865,238,458
4129,4129,24453,8912,827,333
4130,4130,27300,4985,928,190
4131,4131,1697,358,107,46
4132,4132,45435,8200,1646,227
4133,4133,8380,1807,280,214
4134,4134,44885,11011,1838,837
4135,4135,23607,6203,605,382
4136,4136,44769,14037,1779,887
4137,4137,48578,21295,5667,635
4138,4138,10230,4186,516,62
4139,4139,7194,2009,243,45
4140,4140,30605,6471,728,230
4141,4141,31828,9874,2783,879
4142,4142,49556,19192,4161,458
4143,4143,13232,2283,590,277
4144,4144,33215,13893,2740,853
4145,4145,7706,2608,300,217
4146,4146,28516,5745,1071,666
4147,4147,33198,12791,2835,529
4148,4148,28919,11856,1279,739
4149,4149,16927,6990,1831,159
4150,4150,45664,20492,3116,614
4151,4151,38514,14445,4188,214
4152,4152,47059,15368,3531,739
4153,4153,45613,19528,1557,773
4154,4154,5003,1354,385,54
4155,4155,27547,8415,2119,730
4156,4156,2013,522,26,37
4157,4157,6528,2269,210,69
4158,4158,23891,5933,532,712
4159,4159,45482,18740,2651,1111
4160,4160,36328,16226,4612,805
4161,4161,27537,8834,2059,497
4162,4162,12417,2133,410,163
4163,4163,27078,11932,2848,781
4164,4164,37538,12282,2986,439
4165,4165,29177,9833,1823,717
4166,4166,2059,897,73,57
4167,4167,22684,8835,2543,505
4168,4168,16060,5600,1039,471
4169,4169,40205,14675,1653,1175
4170,4170,43491,8219,2224,584
4171,4171,49196,16378,3085,327
4172,4172,6505,1529,249,121
4173,4173,31007,13603,3234,182
4174,4174,43915,12402,1726,416
4175,4175,36649,9913,1463,362
4176,4176,44039,9073,2571,717
4177,4177,25933,9960,2897,170
4178,4178,42144,14712,2432,853
4179,4179,33274,8829,772,685
4180,4180,29604,8932,2051,261
4181,4181,9486,2333,453,164
4182,4182,3502,1355,248,77
4183,4183,1042,280,27,21
4184,4184,16563,4316,966,448
4185,4185,44487,18614,2607,1328
4186,4186,25965,9563,1271,426
4187,4187,3511,558,45,42
4188,4188,36505,7402,1751,960
4189,4189,18584,4188,1187,275
4190,4190,39901,10702,910,1023
4191,4191,41067,9784,2050,856
4192,4192,9722,3451,810,254
4193,4193,26649,10635,1122,759
4194,4194,36794,16121,4529,1043
4195,4195,23294,6323,728,515
4196,4196,22487,4631,1113,518
4197,4197,32673,6644,1901,481
4198,4198,38712,7802,2235,408
4199,4199,46521,10080,1838,1141
4200,4200,25251,4562,1209,719
4201,4201,7960,2531,374,112
4202,4202,43324,12862,1488,634
4203,4203,37613,9302,1883,898
4204,4204,45571,10763,1242,236
4205,4205,21094,7139,571,461
4206,4206,34574,13736,942,892
4207,4207,32537,10727,978,324
4208,4208,47182,11799,1286,1171
4209,4209,6636,2664,273,84
4210,4210,22315,5313,408,573
4211,4211,14257,2597,603,201
4212,4212,15055,5950,1005,393
4213,4213,35375,6339,1582,572
4214,4214,21795,3568,1034,253
4215,4215,10809,3881,818,83
4216,4216,6710,1077,149,110
4217,4217,41351,12767,3822,926
4218,4218,35322,10309,670,823
4219,4219,9626,3632,187,135
4220,4220,16401,6616,1202,433
4221,4221,23827,6448,1757,676
4222,4222,37530,14739,3719,589
4223,4223,4825,2106,560,94
4224,4224,28231,10944,1777,453
4225,4225,20572,8409,711,466
4226,4226,34437,8650,2034,748
4227,4227,36477,12389,2889,567
4228,4228,24836,9660,1249,566
4229,4229,41216,9743,1709,519
4230,4230,41264,17460,5096,1044
4231,4231,29056,12947,729,822
4232,4232,1410,584,35,35
4233,4233,25412,8684,1707,685
4234,4234,5767,2523,208,155
4235,4235,8584,3345,893,57
4236,4236,1365,337,57,24
4237,4237,42511,14449,2729,406
4238,4238,7577,1781,215,136
4239,4239,41429,10975,2157,1237
4240,4240,33153,6405,1862,737
4241,4241,15554,4307,1183,384
4242,4242,48144,20934,4412,420
4243,4243,1417,267,69,41
4244,4244,47116,9437,1342,481
4245,4245,5560,1711,430,51
4246,4246,36609,14362,1098,305
4247,4247,5123,962,193,138
4248,4248,43280,6583,830,316
4249,4249,25717,9553,2592,462
4250,4250,28221,6454,581,647
4251,4251,31355,7948,1455,757
4252,4252,27478,8397,602,450
4253,4253,12840,5392,916,167
4254,4254,49944,22074,4205,581
4255,4255,9891,2607,692,282
4256,4256,22327,4303,312,567
4257,4257,44894,16726,2435,962
4258,4258,16800,6196,917,314
4259,4259,12904,4716,1368,272
4260,4260,12504,2113,468,124
4261,4261,48002,17688,4978,1026
4262,4262,13199,5768,1623,173
4263,4263,12307,2419,698,341
4264,4264,15031,5596,1513,434
4265,4265,49025,13635,1796,1291
4266,4266,5938,2031,221,111
4267,4267,16496,6912,907,232
4268,4268,17024,6584,1737,315
4269,4269,21984,6964,884,339
4270,4270,33053,12144,2012,779
4271,4271,33315,7184,1810,407
4272,4272,2281,732,84,25
4273,4273,33644,11215,2593,320
4274,4274,30283,10026,2626,592
4275,4275,1176,242,22,7
4276,4276,4633,1155,250,92
4277,4277,35537,15039,3454,368
4278,4278,47394,19839,2613,923
4279,4279,37589,16303,2930,310
4280,4280,2840,1118,266,21
4281,4281,24875,6694,1657,661
4282,4282,36912,7623,452,225
4283,4283,37320,11072,2797,826
4284,4284,31513,9629,1699,605
4285,4285,23892,8483,1894,550
4286,4286,25392,8892,1239,277
4287,4287,36061,9675,631,935
4288,4288,3650,768,91,45
4289,4289,26418,9077,2302,696
4290,4290,38607,9505,1568,527
4291,4291,11682,5096,1365,225
4292,4292,7132,1118,97,138
4293,4293,48825,21119,5011,1054
4294,4294,7060,1700,288,150
4295,4295,49163,14916,957,1257
4296,4296,1321,426,126,9
4297,4297,46008,15092,1105,1342
4298,4298,10514,2831,589,244
4299,4299,8573,1818,144,190
4300,4300,46901,20544,3133,1117
4301,4301,10151,1685,339,240
4302,4302,6848,1265,184,52
4303,4303,12842,2087,426,74
4304,4304,9912,3636,783,278
4305,4305,29680,12754,1268,610
4306,4306,48820,10458,1290,478
4307,4307,25922,6511,1198,557
4308,4308,30841,10645,2302,386
4309,4309,35143,6364,1534,423
4310,4310,7583,1342,74,143
4311,4311,26872,9072,772,360
4312,4312,1572,507,66,13
4313,4313,40080,9459,777,1042
4314,4314,39758,8273,2165,1187
4315,4315,23935,8771,2279,159
4316,4316,49635,18404,925,1403
4317,4317,47902,16769,3337,393
4318,4318,46518,15120,3868,1135
4319,4319,15998,7049,561,190
4320,4320,28778,12390,2322,532
4321,4321,26386,6387,1794,271
4322,4322,2772,631,43,65
4323,4323,11234,1771,526,317
4324,4324,28686,5362,1091,487
4325,4325,37538,11203,729,749
4326,4326,5031,1423,327,35
4327,4327,28931,11820,657,309
4328,4328,9289,3789,692,265
4329,4329,8014,2025,233,213
4330,4330,45856,15569,807,1033
4331,4331,19707,3147,203,106
4332,4332,24801,10475,1585,431
4333,4333,42932,12254,1909,1059
4334,4334,41822,7087,1138,917
4335,4335,23808,6227,973,221
4336,4336,17128,3860,1005,144
4337,4337,17456,5036,255,106
4338,4338,4892,1862,464,87
4339,4339,3538,750,188,82
4340,4340,28038,8864,665,419
4341,4341,6896,2046,319,41
4342,4342,1860,567,143,40
4343,4343,30344,5529,1095,810
4344,4344,8089,3577,808,134
4345,4345,13811,4177,635,104
4346,4346,4531,1307,140,31
4347,4347,4132,1627,198,120
4348,4348,19058,5671,566,286
4349,4349,8484,3064,172,162
4350,4350,12909,3287,870,282
4351,4351,30282,8411,1323,343
4352,4352,2945,622,118,39
4353,4353,44977,17590,4296,907
4354,4354,11261,4468,1250,180
4355,4355,17660,7090,1931,281
4356,4356,10759,1868,366,194
4357,4357,10058,3619,610,58
4358,4358,18432,4993,780,235
4359,4359,22648,7656,430,151
4360,4360,8633,1425,280,187
4361,4361,9147,3879,230,217
4362,4362,18215,5932,1103,519
4363,4363,5452,2159,411,122
4364,4364,47367,16072,1886,240
4365,4365,17337,6073,1378,223
4366,4366,12280,1997,404,215
4367,4367,39643,9486,2442,1012
4368,4368,26886,10351,1886,465
4369,4369,15659,5393,537,309
4370,4370,45902,8541,1312,921
4371,4371,20176,3644,1009,582
4372,4372,10728,2305,280,66
4373,4373,32450,10426,1168,836
4374,4374,22123,6218,638,491
4375,4375,34776,12203,2425,680
4376,4376,8467,3799,613,45
4377,4377,47628,18897,2192,1290
4378,4378,44274,8494,879,277
4379,4379,31195,12351,2286,289
4380,4380,6834,1867,485,147
4381,4381,44205,6994,1754,914
4382,4382,7231,2927,806,134
4383,4383,6484,1430,316,154
4384,4384,38457,11686,2058,1147
4385,4385,39319,11189,969,306
4386,4386,30127,13218,3076,555
4387,4387,42022,13711,1678,905
4388,4388,3001,1184,311,87
4389,4389,27148,11354,1430,229
4390,4390,8880,2534,684,123
4391,4391,34629,12855,1391,1024
4392,4392,34216,8969,2539,632
4393,4393,5044,1985,228,31
4394,4394,32084,7894,1710,825
4395,4395,12785,5147,746,91
4396,4396,40038,10849,2616,868
4397,4397,11343,3439,601,288
4398,4398,18721,7253,1450,291
4399,4399,34075,6649,1539,504
4400,4400,44927,19276,3263,938
4401,4401,18506,3015,418,422
4402,4402,17950,7564,545,350
4403,4403,8372,2146,130,230
4404,4404,43095,9671,1662,941
4405,4405,46280,14622,1550,1067
4406,4406,24202,4407,1246,472
4407,4407,44164,15501,2318,544
4408,4408,3960,1645,463,89
4409,4409,19549,7829,1127,364
4410,4410,48209,11061,2244,271
4411,4411,30691,9315,818,494
4412,4412,11023,3508,265,94
4413,4413,24302,7873,872,504
4414,4414,19036,5954,483,334
4415,4415,38609,16912,4137,449
4416,4416,27222,8433,1479,554
4417,4417,29567,5654,648,502
4418,4418,35551,10080,1954,555
4419,4419,41844,16733,1209,286
4420,4420,8402,2738,654,194
4421,4421,24445,8515,2527,513
4422,4422,11698,5259,1410,267
4423,4423,8075,1774,299,122
4424,4424,1027,259,76,6
4425,4425,17679,4355,774,265
4426,4426,46896,7342,671,1297
4427,4427,19246,7220,1255,222
4428,4428,41388,7417,960,239
4429,4429,13664,4906,580,337
4430,4430,28288,7655,503,675
4431,4431,32735,13715,3879,217
4432,4432,34802,6543,750,642
4433,4433,36823,12488,2331,1064
4434,4434,48807,7362,1105,1260
4435,4435,10532,1885,131,123
4436,4436,34880,14103,1073,371
4437,4437,22394,7541,2109,462
4438,4438,18368,5763,1176,339
4439,4439,17316,6227,1217,388
4440,4440,37015,10442,2950,537
4441,4441,21470,7656,2041,283
4442,4442,39558,9033,1159,850
4443,4443,8251,1544,129,164
4444,4444,12834,2150,477,217
4445,4445,24679,5526,1559,671
4446,4446,3915,999,67,27
4447,4447,45745,16855,1799,910
4448,4448,37388,14665,1492,480
4449,4449,27921,12362,2619,209
4450,4450,38962,8882,1270,249
4451,4451,32818,4998,280,702
4452,4452,38512,9255,777,703
4453,4453,39034,8785,542,1093
4454,4454,25578,9073,1075,705
4455,4455,37487,12521,1976,572
4456,4456,22422,8671,1001,120
4457,4457,21364,5221,1390,368
4458,4458,30038,7568,2066,579
4459,4459,21219,8071,2350,208
4460,4460,34188,13387,766,282
4461,4461,25217,5735,866,366
4462,4462,9572,3888,373,148
4463,4463,46914,11107,856,976
4464,4464,40560,13485,1445,257
4465,4465,46533,19989,3125,1227
4466,4466,8760,1773,219,254
4467,4467,30617,8525,2304,684
4468,4468,32060,7796,651,413
4469,4469,5412,1445,109,50
4470,4470,47474,21128,1543,1318
4471,4471,33988,13411,1512,847
4472,4472,42904,11432,742,1030
4473,4473,36183,5590,942,647
4474,4474,26957,7935,1377,511
4475,4475,13837,5706,531,275
4476,4476,24485,6934,1708,130
4477,4477,18904,5365,1601,287
4478,4478,18243,7403,1552,285
4479,4479,10651,3931,1100,67
4480,4480,35652,8034,1878,966
4481,4481,23423,5115,697,461
4482,4482,26288,10775,1972,434
4483,4483,23960,10592,2212,340
4484,4484,18349,7970,746,150
4485,4485,45023,14283,3396,791
4486,4486,17594,4549,1083,505
4487,4487,4089,651,186,46
4488,4488,43783,11393,2427,589
4489,4489,10544,4333,1132,72
4490,4490,10171,4407,390,232
4491,4491,30324,7145,1316,731
4492,4492,48904,21671,4779,1003
4493,4493,6561,1871,515,98
4494,4494,14518,3235,399,305
4495,4495,49644,9924,917,486
4496,4496,37378,11649,2577,952
4497,4497,32112,8223,437,596
4498,4498,5408,1795,263,60
4499,4499,3733,845,193,36
4500,4500,26337,8761,2174,282
4501,4501,48132,15093,3885,561
4502,4502,16036,3997,429,202
4503,4503,3343,1361,361,82
4504,4504,49516,8969,603,1327
4505,4505,29871,8729,1061,825
4506,4506,28851,7316,680,327
4507,4507,44910,19610,2263,704
4508,4508,35847,7638,1403,503
4509,4509,5322,1556,318,86
4510,4510,37206,6776,1425,791
4511,4511,48580,17044,1878,966
4512,4512,10639,3308,959,189
4513,4513,17741,7313,1710,445
4514,4514,38217,12374,3675,695
4515,4515,11158,4635,1117,222
4516,4516,21058,9433,1213,409
4517,4517,9706,3894,296,252
4518,4518,45631,8727,1258,269
4519,4519,6868,2805,832,127
4520,4520,25991,9438,884,215
4521,4521,14351,5733,1216,284
4522,4522,11664,3574,391,289
4523,4523,10892,4822,1428,234
4524,4524,33765,5369,1503,301
4525,4525,38131,8122,756,1017
4526,4526,4235,1539,291,43
4527,4527,10548,1965,499,56
4528,4528,16074,3258,164,105
4529,4529,35211,9358,1483,276
4530,4530,2953,892,185,64
4531,4531,37576,16002,3507,859
4532,4532,8975,1376,97,111
4533,4533,25423,6740,493,166
4534,4534,48481,10693,2013,1367
4535,4535,43590,9728,2780,860
4536,4536,4104,1583,188,100
4537,4537,37066,12693,1253,471
4538,4538,39581,9694,2123,294
4539,4539,1239,259,63,6
4540,4540,27494,11679,594,699
4541,4541,19281,8349,2405,379
4542,4542,29674,11876,1577,818
4543,4543,4019,1128,330,87
4544,4544,28661,6609,452,791
4545,4545,26754,11366,1418,191
4546,4546,6917,2498,681,197
4547,4547,19493,2933,474,255
4548,4548,27137,9070,2545,536
4549,4549,41541,12081,2183,223
4550,4550,37811,14294,2250,707
4551,4551,20280,6412,926,469
4552,4552,38001,12789,1148,766
4553,4553,2010,619,114,38
4554,4554,35081,14709,2815,589
4555,4555,45703,15910,2725,930
4556,4556,24860,3957,992,390
4557,4557,24790,7091,491,405
4558,4558,25710,4036,801,209
4559,4559,6700,1271,343,161
4560,4560,24495,7014,2040,442
4561,4561,37639,15029,1453,202
4562,4562,6155,1944,100,175
4563,4563,38462,10021,849,262
4564,4564,31211,8063,1432,914
4565,4565,8718,2512,412,197
4566,4566,44972,16836,2896,657
4567,4567,13116,5052,374,286
4568,4568,43269,13648,1638,874
4569,4569,39811,10782,910,464
4570,4570,11663,2242,640,155
4571,4571,39511,6809,431,896
4572,4572,18323,6711,950,511
4573,4573,7896,3134,428,97
4574,4574,32857,13143,806,521
4575,4575,34147,6417,1676,291
4576,4576,25062,7495,374,485
4577,4577,49124,8102,1685,515
4578,4578,47145,19779,3016,1356
4579,4579,31104,6267,1609,372
4580,4580,31802,14233,2501,890
4581,4581,41044,10196,2347,1013
4582,4582,1331,222,38,28
4583,4583,34863,7141,1586,799
4584,4584,16752,2965,884,114
4585,4585,36536,15610,3882,523
4586,4586,32553,5526,1362,930
4587,4587,43040,15468,4442,313
4588,4588,38641,10106,507,365
4589,4589,31397,13054,1009,797
4590,4590,6647,1625,254,157
4591,4591,3858,1439,153,98
4592,4592,29874,4958,953,298
4593,4593,3151,909,229,62
4594,4594,45596,7040,2036,520
4595,4595,46918,18719,3994,1263
4596,4596,38617,14889,2835,508
4597,4597,20204,4406,931,503
4598,4598,35203,10226,2027,680
4599,4599,28009,7097,1410,335
4600,4600,31947,12133,1860,744
4601,4601,41921,16261,2905,357
4602,4602,32072,6756,862,592
4603,4603,14973,6296,1456,101
4604,4604,17896,4468,395,436
4605,4605,44515,14833,1564,426
4606,4606,31688,13236,1367,856
4607,4607,48734,12572,1433,1174
4608,4608,16856,4234,1183,261
4609,4609,4963,1348,159,92
4610,4610,3550,1326,214,69
4611,4611,15354,6861,2052,418
4612,4612,36516,10991,2053,1065
4613,4613,21835,8516,1240,644
4614,4614,42328,18654,2322,1179
4615,4615,36402,5978,798,587
4616,4616,30119,12894,2916,446
4617,4617,30424,10221,1411,429
4618,4618,27022,5345,1021,627
4619,4619,1637,537,99,21
4620,4620,22269,4056,703,500
4621,4621,48881,7736,2301,368
4622,4622,16307,2933,207,122
4623,4623,34260,14814,1091,1016
4624,4624,2251,433,108,50
4625,4625,30175,10699,679,680
4626,4626,12022,4089,619,246
4627,4627,16322,3991,1117,190
4628,4628,6449,2287,685,176
4629,4629,44703,8519,1358,574
4630,4630,38086,9795,2845,200
4631,4631,28373,10721,2411,177
4632,4632,21939,4021,416,504
4633,4633,12999,5484,749,324
4634,4634,45982,16365,1880,958
4635,4635,41477,10449,1666,252
4636,4636,33264,5986,962,325
4637,4637,9463,2735,513,267
4638,4638,47418,17684,3864,1000
4639,4639,16112,5638,1450,99
4640,4640,26734,6318,1386,278
4641,4641,20927,7991,423,465
4642,4642,38943,7226,862,317
4643,4643,3059,1264,198,54
4644,4644,46791,20667,2501,318
4645,4645,20653,6981,1936,596
4646,4646,43856,11009,2244,1197
4647,4647,36746,9471,2272,407
4648,4648,25497,9072,1225,156
4649,4649,26422,4523,293,768
4650,4650,38315,16558,881,209
4651,4651,38433,10705,2981,984
4652,4652,4852,835,122,77
4653,4653,18220,2973,665,201
4654,4654,32390,9726,2174,263
4655,4655,15274,5325,1025,186
4656,4656,39079,14055,4169,1037
4657,4657,2344,353,60,33
4658,4658,11300,2827,147,101
4659,4659,23802,9485,647,245
4660,4660,25869,6310,520,382
4661,4661,19734,3586,660,189
4662,4662,5007,1693,364,96
4663,4663,10794,2327,245,143
4664,4664,7242,1237,289,41
4665,4665,3610,1238,338,93
4666,4666,4040,1037,53,97
4667,4667,36455,11546,1772,413
4668,4668,1913,373,102,13
4669,4669,26728,7569,1881,545
4670,4670,1425,334,73,41
4671,4671,30919,7736,2081,589
4672,4672,36588,10440,2759,970
4673,4673,6749,1358,318,163
4674,4674,21426,4290,264,617
4675,4675,16746,4617,1158,158
4676,4676,1555,645,55,22
4677,4677,35122,7233,824,1038
4678,4678,2616,937,76,72
4679,4679,8506,1507,205,77
4680,4680,47772,17942,924,464
4681,4681,46902,20506,1532,1166
4682,4682,48550,16899,1130,1343
4683,4683,35369,13641,2463,981
4684,4684,48368,7317,1035,356
4685,4685,7974,3044,535,82
4686,4686,25341,6327,1187,589
4687,4687,21509,6897,1144,630
4688,4688,11975,4325,318,226
4689,4689,3913,1419,337,95
4690,4690,16488,4841,1168,370
4691,4691,15152,2578,759,306
4692,4692,11130,3367,658,305
4693,4693,34362,8000,2322,438
4694,4694,4500,1562,466,38
4695,4695,48342,18186,1648,306
4696,4696,37123,7948,982,303
4697,4697,15984,3046,872,103
4698,4698,6811,1588,272,81
4699,4699,14855,5486,1542,393
4700,4700,8189,1390,407,236
4701,4701,38832,12843,1272,204
4702,4702,9292,3444,804,76
4703,4703,42552,9036,566,1209
4704,4704,46605,9077,2388,385
4705,4705,29764,8911,2340,243
4706,4706,7765,1732,397,46
4707,4707,9561,2877,444,259
4708,4708,27683,6257,621,610
4709,4709,4764,1206,299,51
4710,4710,29833,8564,1190,822
4711,4711,7288,2429,257,176
4712,4712,45812,7186,650,914
4713,4713,28244,10020,2537,831
4714,4714,5851,1702,245,118
4715,4715,11428,3709,1071,119
4716,4716,2911,666,173,68
4717,4717,19081,3244,476,172
4718,4718,38190,6658,1778,1087
4719,4719,28511,8440,1479,404
4720,4720,37515,15585,4554,579
4721,4721,26772,7714,1838,730
4722,4722,26111,5748,853,230
4723,4723,38377,11652,1729,538
4724,4724,20870,6769,1656,512
4725,4725,20693,7176,1149,326
4726,4726,13867,4929,991,134
4727,4727,15727,5036,684,197
4728,4728,40617,10685,1745,334
4729,4729,12071,3206,508,312
4730,4730,6797,1622,140,70
4731,4731,27931,9765,2733,655
4732,4732,43896,13890,1807,958
4733,4733,7646,2704,709,159
4734,4734,3574,1108,191,105
4735,4735,46039,15437,3627,1300
4736,4736,10667,3646,842,295
4737,4737,47610,8350,1671,1050
4738,4738,18279,3951,750,459
4739,4739,9780,3579,1040,117
4740,4740,31207,13800,1333,441
4741,4741,4775,1238,134,53
4742,4742,14258,6199,363,317
4743,4743,6082,1055,272,159
4744,4744,35668,10695,609,1052
4745,4745,18503,4828,804,429
4746,4746,46208,14745,1727,613
4747,4747,30722,8307,1894,707
4748,4748,18580,6810,1945,518
4749,4749,22987,9978,1398,252
4750,4750,25295,8076,2404,297
4751,4751,26340,11309,2246,462
4752,4752,5166,1442,398,42
4753,4753,12605,3188,454,231
4754,4754,1519,488,137,43
4755,4755,21076,6373,1616,203
4756,4756,27155,8928,1167,773
4757,4757,38730,10239,1285,626
4758,4758,8395,3408,374,137
4759,4759,19099,3648,517,438
4760,4760,8776,2015,294,248
4761,4761,19737,3272,709,229
4762,4762,36681,11923,1334,1006
4763,4763,28227,11148,1396,364
4764,4764,21247,4547,1147,346
4765,4765,28043,6057,1469,298
4766,4766,45608,19205,1104,964
4767,4767,48898,9124,2600,1249
4768,4768,11945,2300,184,169
4769,4769,36978,10501,2930,699
4770,4770,21862,4305,605,639
4771,4771,19308,7177,675,525
4772,4772,34127,13284,1526,890
4773,4773,43630,18197,3175,340
4774,4774,13713,4701,427,290
4775,4775,45348,7146,1302,1129
4776,4776,49625,19656,2076,799
4777,4777,30685,5818,916,676
4778,4778,27655,5710,953,215
4779,4779,5059,1738,107,121
4780,4780,46892,12057,1062,749
4781,4781,36193,6111,1722,513
4782,4782,43537,13311,3940,257
4783,4783,10960,3234,713,254
4784,4784,5306,1288,167,114
4785,4785,13770,2560,144,172
4786,4786,38595,13805,1116,1079
4787,4787,27083,8361,1729,194
4788,4788,11779,4976,495,117
4789,4789,41791,10604,2410,750
4790,4790,26609,5396,1242,532
4791,4791,13221,4266,886,226
4792,4792,17130,4337,996,499
4793,4793,24084,9589,2540,531
4794,4794,16376,3185,279,365
4795,4795,30012,6544,1334,820
4796,4796,40543,13475,678,571
4797,4797,32043,11450,2943,786
4798,4798,15552,5980,636,165
4799,4799,28972,5102,701,170
4800,4800,27024,4796,298,794
4801,4801,3985,1209,178,69
4802,4802,8916,3382,851,229
4803,4803,14100,3727,278,243
4804,4804,11221,3017,418,293
4805,4805,37282,8078,2348,818
4806,4806,42426,18606,4214,1234
4807,4807,33308,11653,3035,528
4808,4808,47363,17932,3291,542
4809,4809,27380,8037,1053,652
4810,4810,9586,1855,547,278
4811,4811,46275,20580,1757,418
4812,4812,47666,14419,3009,1137
4813,4813,20138,4553,402,382
4814,4814,44932,18306,3505,1030
4815,4815,44581,19938,4143,428
4816,4816,49119,21489,3250,708
4817,4817,41496,18584,2497,592
4818,4818,4231,1777,196,116
4819,4819,48320,14188,3542,322
4820,4820,43451,8013,511,648
4821,4821,33229,7733,1986,171
4822,4822,44843,10967,2897,1288
4823,4823,8997,3112,407,48
4824,4824,44253,7590,1849,414
4825,4825,44325,7411,1824,957
4826,4826,16023,5147,1183,343
4827,4827,26304,4444,1033,651
4828,4828,3951,1021,115,26
4829,4829,12421,5353,1150,176
4830,4830,29057,12878,1505,201
4831,4831,45120,11400,1790,244
4832,4832,44943,7972,1835,890
4833,4833,14862,4864,791,258
4834,4834,13115,2204,552,331
4835,4835,2190,495,78,19
4836,4836,1977,338,90,34
4837,4837,9909,3653,264,125
4838,4838,14224,4572,1088,224
4839,4839,41652,11290,2066,882
4840,4840,27606,4441,1282,465
4841,4841,5862,1169,201,100
4842,4842,6236,2428,719,60
4843,4843,29694,10262,2244,169
4844,4844,23224,8328,2423,426
4845,4845,32139,11075,1717,351
4846,4846,42772,18425,5254,946
4847,4847,46762,16735,1686,938
4848,4848,42285,16110,2129,410
4849,4849,34586,12161,2996,723
4850,4850,12907,2838,244,115
4851,4851,39410,6730,1753,960
4852,4852,32869,12893,1522,396
4853,4853,42948,12318,3454,730
4854,4854,47593,7852,667,1389
4855,4855,31426,8443,1074,679
4856,4856,29525,8825,1098,478
4857,4857,30500,13023,3531,220
4858,4858,14192,3770,516,315
4859,4859,3213,729,96,17
4860,4860,17008,4352,978,284
4861,4861,3466,1132,165,40
4862,4862,28959,9699,2819,464
4863,4863,8203,3402,651,114
4864,4864,38310,13745,1452,388
4865,4865,46529,12157,2023,241
4866,4866,25117,6403,578,226
4867,4867,28100,9900,1550,305
4868,4868,6135,2490,506,171
4869,4869,41682,16880,4390,1003
4870,4870,41089,11013,3090,630
4871,4871,29483,6616,1939,702
4872,4872,20146,7526,954,230
4873,4873,5783,2240,282,46
4874,4874,38315,16414,3238,912
4875,4875,16889,6757,1933,193
4876,4876,38900,11096,1182,1051
4877,4877,27864,6384,1158,610
4878,4878,44082,15864,1472,467
4879,4879,39883,9909,1536,803
4880,4880,32262,11842,1239,625
4881,4881,35942,12319,3333,703
4882,4882,18669,3359,300,544
4883,4883,38421,10898,711,358
4884,4884,32374,12253,2079,405
4885,4885,34985,8897,1083,795
4886,4886,28053,7326,1231,550
4887,4887,9235,1488,78,115
4888,4888,38138,10672,1345,1076
4889,4889,10724,3936,416,68
4890,4890,2794,537,125,38
4891,4891,9936,3811,384,264
4892,4892,22844,9309,2476,416
4893,4893,39987,10695,1419,537
4894,4894,45403,18246,5308,857
4895,4895,29196,12882,898,564
4896,4896,15313,6635,764,214
4897,4897,20552,4249,951,306
4898,4898,15502,2718,287,287
4899,4899,25312,4161,420,689
4900,4900,13484,5375,480,293
4901,4901,9895,1583,177,126
4902,4902,20185,4136,627,431
4903,4903,2226,535,115,50
4904,4904,28242,8510,1900,706
4905,4905,26968,10367,1918,153
4906,4906,37186,14407,4280,791
4907,4907,47580,17240,1469,1261
4908,4908,25997,9774,2832,229
4909,4909,43848,7756,1672,753
4910,4910,19746,3343,387,589
4911,4911,20798,4416,572,184
4912,4912,36164,14038,3631,1037
4913,4913,11706,2324,441,334
4914,4914,28664,7660,729,681
4915,4915,48830,20100,5639,438
4916,4916,14175,2693,803,291
4917,4917,16320,2493,134,216
4918,4918,38592,17268,1793,1039
4919,4919,16055,2514,249,244
4920,4920,29899,5092,1135,650
4921,4921,29034,11177,1579,737
4922,4922,29674,12070,1031,503
4923,4923,40974,10416,2640,460
4924,4924,4713,952,200,48
4925,4925,6127,2649,247,65
4926,4926,39123,12395,1420,672
4927,4927,16400,2602,306,458
4928,4928,9638,1580,292,158
4929,4929,39110,15364,3830,1092
4930,4930,2073,367,84,59
4931,4931,44379,17268,2126,1199
4932,4932,4833,1361,367,74
4933,4933,17970,6256,1167,417
4934,4934,7657,3059,517,160
4935,4935,33452,8240,948,255
4936,4936,40368,17387,1664,467
4937,4937,26317,6787,1258,484
4938,4938,29882,5863,1286,619
4939,4939,23248,7014,1983,220
4940,4940,21752,7170,1797,426
4941,4941,46094,11660,1732,845
4942,4942,47701,10800,1909,1120
4943,4943,17213,5088,1052,280
4944,4944,6000,2329,174,42
4945,4945,4089,759,124,72
4946,4946,16447,5905,1745,309
4947,4947,49676,16604,3609,1354
4948,4948,5845,1673,104,149
4949,4949,20093,7194,1794,568
4950,4950,40207,7853,595,1177
4951,4951,41452,9349,1297,827
4952,4952,49183,20446,4929,853
4953,4953,12315,2495,689,352
4954,4954,17680,3976,753,168
4955,4955,2406,621,75,20
4956,4956,25620,5196,1141,566
4957,4957,18083,5919,1251,474
4958,4958,13606,5750,1351,68
4959,4959,36361,14360,1444,445
4960,4960,20794,5881,1624,113
4961,4961,33912,13638,2383,677
4962,4962,22665,3479,578,569
4963,4963,1676,683,138,24
4964,4964,34258,12172,825,827
4965,4965,21527,4452,981,375
4966,4966,41888,15104,1441,656
4967,4967,44118,9386,2692,879
4968,4968,21744,5962,697,354
4969,4969,33637,9830,2444,302
4970,4970,24507,7846,426,171
4971,4971,27172,6923,491,685
4972,4972,9770,1546,219,225
4973,4973,11332,2212,268,76
4974,4974,27903,6013,528,361
4975,4975,44570,16060,2417,708
4976,4976,31361,10992,2781,663
4977,4977,12295,4893,1128,265
4978,4978,12788,2082,300,171
4979,4979,17987,6062,344,390
4980,4980,23258,4166,421,178
4981,4981,43906,13676,3594,267
4982,4982,38610,11981,3147,872
4983,4983,11291,1911,402,106
4984,4984,10950,1952,502,268
4985,4985,25386,9513,1691,705
4986,4986,8382,3045,562,224
4987,4987,36614,10074,1761,550
4988,4988,1552,281,54,28
4989,4989,18179,5760,372,231
4990,4990,21027,7885,2044,459
4991,4991,3790,1471,138,106
4992,4992,33625,9504,1721,373
4993,4993,21557,6601,1610,625
4994,4994,42799,11577,3316,641
4995,4995,21368,8173,651,339
4996,4996,9473,2039,437,73
4997,4997,10234,3729,593,88
4998,4998,5921,1231,66,131
4999,4999,3980,936,189,72
5000,5000,8390,1966,336,149
5001,5001,38247,14600,3285,298
5002,5002,31871,13029,2105,816
5003,5003,27624,9017,1790,561
5004,5004,38707,13826,1024,349
5005,5005,46764,9808,2293,257
5006,5006,15374,6342,986,84
5007,5007,46101,17220,3901,302
5008,5008,23795,10252,2429,439
5009,5009,13674,4282,415,101
5010,5010,22087,7499,987,209
5011,5011,17008,7073,1943,318
5012,5012,1125,484,91,10
5013,5013,28389,11433,2332,610
5014,5014,37998,14446,947,618
5015,5015,35995,12931,1176,591
5016,5016,29583,12722,3364,279
5017,5017,37425,16762,1704,1003
5018,5018,40938,17107,3734,1108
5019,5019,14359,3077,525,394
5020,5020,6459,1948,406,174
5021,5021,36542,15490,3679,884
5022,5022,12602,3393,258,199
5023,5023,20969,9216,711,614
5024,5024,13443,2641,466,119
5025,5025,15785,5762,507,344
5026,5026,34298,12667,1342,941
5027,5027,31217,11586,2688,205
5028,5028,32252,7985,2271,754
5029,5029,46895,7312,2107,799
5030,5030,26273,4689,285,627
5031,5031,48405,12637,2470,249
5032,5032,36273,11128,2938,918
5033,5033,17211,6559,1346,287
5034,5034,30136,13168,1042,842
5035,5035,46533,8524,2493,720
5036,5036,35946,12328,2283,448
5037,5037,44302,13257,3096,239
5038,5038,47936,19010,1666,708
5039,5039,25159,9026,2306,461
5040,5040,12194,4066,563,313
5041,5041,10067,2487,251,205
5042,5042,39874,12745,3671,541
5043,5043,15648,5174,1126,324
5044,5044,1591,603,141,43
5045,5045,38967,15917,885,456
5046,5046,32141,6197,1266,500
5047,5047,20956,3539,564,428
5048,5048,32747,5124,261,803
5049,5049,30968,7497,1648,352
5050,5050,24064,8558,2247,291
5051,5051,19074,3291,583,478
5052,5052,34034,13752,1074,563
5053,5053,19938,8008,1439,413
5054,5054,14517,3913,764,365
5055,5055,8000,3593,442,156
5056,5056,2832,650,83,70
5057,5057,11922,4159,743,177
5058,5058,1649,408,37,42
5059,5059,3057,608,51,50
5060,5060,26998,7291,1372,743
5061,5061,2184,877,83,40
5062,5062,17558,4522,344,184
5063,5063,37456,15475,2991,365
5064,5064,44628,17465,2313,563
5065,5065,36445,11491,2352,853
5066,5066,18164,7266,1713,138
5067,5067,23782,6535,1740,127
5068,5068,30299,11710,3264,187
5069,5069,14949,2448,333,220
5070,5070,45487,12326,2441,1216
5071,5071,40088,10293,1037,1113
5072,5072,24424,6502,482,281
5073,5073,38049,7894,1259,705
5074,5074,20280,5670,1090,356
5075,5075,32447,13763,3827,692
5076,5076,35787,10436,1603,753
5077,5077,3288,524,108,33
5078,5078,25403,10582,854,273
5079,5079,20374,4908,1434,168
5080,5080,40013,17263,2560,474
5081,5081,23475,10244,1942,662
5082,5082,25525,5090,1450,368
5083,5083,9260,1713,475,187
5084,5084,29586,12179,1025,837
5085,5085,12682,2603,686,103
5086,5086,1518,378,39,31
5087,5087,44247,10551,2619,507
5088,5088,21139,6217,915,391
5089,5089,45874,17690,2531,484
5090,5090,29644,7348,544,758
5091,5091,16188,5023,643,278
5092,5092,6363,2805,341,147
5093,5093,15297,2760,622,406
5094,5094,40055,6685,1572,595
5095,5095,44149,9070,660,1179
5096,5096,47997,18418,2011,1174
5097,5097,10383,3530,585,92
5098,5098,18740,5824,1085,209
5099,5099,23708,7508,1712,308
5100,5100,22281,4484,879,281
5101,5101,45647,18373,1561,1208
5102,5102,7645,2078,611,100
5103,5103,25133,8406,1363,160
5104,5104,4422,1365,285,62
5105,5105,40274,7161,1160,510
5106,5106,31907,6990,989,330
5107,5107,10250,2452,658,238
5108,5108,48988,11695,3021,1278
5109,5109,8804,2261,282,221
5110,5110,38426,11060,1271,1006
5111,5111,40520,8547,1139,697
5112,5112,36016,5729,566,657
5113,5113,28609,5004,1235,635
5114,5114,16705,6642,1197,334
5115,5115,12941,3599,213,218
5116,5116,36058,15032,3803,682
5117,5117,24109,9362,1591,406
5118,5118,1631,384,72,15
5119,5119,45844,7737,737,739
5120,5120,21036,5733,1478,217
5121,5121,22458,8279,1412,564
5122,5122,34545,5699,1014,918
5123,5123,24346,6754,1145,299
5124,5124,26003,7774,1817,417
5125,5125,25831,11108,2200,385
5126,5126,5279,2354,249,133
5127,5127,9949,3246,629,270
5128,5128,42229,16391,1893,1167
5129,5129,4451,1481,286,110
5130,5130,46186,7439,461,918
5131,5131,23300,6848,1330,425
5132,5132,16332,6529,1442,220
5133,5133,7239,2615,483,110
5134,5134,35214,8351,1017,748
5135,5135,26550,6188,1760,648
5136,5136,20499,6883,1960,532
5137,5137,41309,15171,2969,658
5138,5138,37768,15985,2281,920
5139,5139,33130,8235,1873,454
5140,5140,35072,6590,1183,272
5141,5141,39819,6586,565,638
5142,5142,39260,11339,2094,844
5143,5143,44422,17933,4656,1132
5144,5144,20610,6361,616,416
5145,5145,30612,12845,2126,861
5146,5146,39050,12056,3363,451
5147,5147,22543,8865,2193,560
5148,5148,14507,4027,967,130
5149,5149,26638,11843,902,254
5150,5150,15263,5211,534,268
5151,5151,29469,11925,936,207
5152,5152,17106,5695,1688,442
5153,5153,6228,1448,404,120
5154,5154,2485,922,188,69
5155,5155,48194,15511,4055,1245
5156,5156,30182,8764,541,389
5157,5157,37718,15405,4331,740
5158,5158,15484,6146,881,320
5159,5159,44056,10746,1892,1047
5160,5160,48311,13981,3317,1170
5161,5161,44839,11009,898,666
5162,5162,49898,18628,1498,550
5163,5163,39305,6836,766,1039
5164,5164,9234,3747,1109,117
5165,5165,43357,17769,2441,480
5166,5166,28957,4710,305,529
5167,5167,36062,14038,3704,826
5168,5168,3799,892,58,31
5169,5169,14905,5431,552,100
5170,5170,23495,10098,2512,429
5171,5171,14476,3817,574,403
5172,5172,6168,1326,181,141
5173,5173,27276,8742,893,301
5174,5174,41545,6983,361,554
5175,5175,22086,9775,2875,575
5176,5176,29193,5170,1076,359
5177,5177,44624,9991,2124,1183
5178,5178,25613,5681,976,247
5179,5179,23722,9179,724,343
5180,5180,17128,4588,1008,103
5181,5181,9783,3927,1090,164
5182,5182,12908,3705,977,240
5183,5183,28644,12862,2733,436
5184,5184,23486,9963,1232,423
5185,5185,25753,10099,1152,654
5186,5186,45758,12522,735,348
5187,5187,46650,13460,3865,973
5188,5188,14417,3610,967,300
5189,5189,20635,5630,655,606
5190,5190,9155,1476,320,170
5191,5191,9871,2932,303,114
5192,5192,32890,9074,1411,932
5193,5193,34365,14148,1638,394
5194,5194,18733,5357,976,364
5195,5195,39795,9753,1003,220
5196,5196,27985,9026,552,486
5197,5197,18047,6470,1715,387
5198,5198,40768,13779,3072,207
5199,5199,12383,2500,460,327
5200,5200,41217,12478,3011,1103
5201,5201,23977,4401,997,618
5202,5202,22538,7015,1916,189
5203,5203,33175,6203,722,328
5204,5204,43061,18961,4768,1248
5205,5205,8852,3422,819,229
5206,5206,18759,7179,1733,110
5207,5207,20992,9113,1801,503
5208,5208,5260,1589,161,88
5209,5209,43722,16361,4752,461
5210,5210,16337,3501,423,275
5211,5211,1912,762,56,43
5212,5212,40652,6249,1739,1160
5213,5213,23879,4964,1273,640
5214,5214,2519,518,42,20
5215,5215,18334,7081,2070,515
5216,5216,5444,1886,174,145
5217,5217,6570,2190,505,91
5218,5218,31266,5946,696,374
5219,5219,2289,382,85,50
5220,5220,47147,10920,2088,423
5221,5221,25329,11381,1252,475
5222,5222,5933,995,169,121
5223,5223,7474,3261,916,64
5224,5224,19156,5999,998,377
5225,5225,49193,15614,1370,725
5226,5226,17761,7276,1408,179
5227,5227,12629,3308,985,328
5228,5228,10447,2148,114,269
5229,5229,46475,15973,1653,719
5230,5230,8070,2502,514,47
5231,5231,21019,5565,878,466
5232,5232,15097,2492,132,281
5233,5233,30402,10894,1007,862
5234,5234,10925,4192,242,146
5235,5235,16495,4408,1104,379
5236,5236,5592,1797,178,161
5237,5237,39233,6251,842,662
5238,5238,21512,3420,252,238
5239,5239,22858,9979,1903,121
5240,5240,31237,6711,1109,304
5241,5241,3268,1131,105,23
5242,5242,14382,4489,651,86
5243,5243,34378,10030,690,506
5244,5244,10341,2127,119,264
5245,5245,21723,8929,2031,260
5246,5246,27706,10741,3219,215
5247,5247,11956,3755,1119,80
5248,5248,1412,404,51,21
5249,5249,10483,4167,999,129
5250,5250,9634,1975,169,204
5251,5251,2009,388,36,55
5252,5252,18686,7037,601,435
5253,5253,44536,16439,3219,562
5254,5254,30234,11771,1984,287
5255,5255,41437,6496,1420,642
5256,5256,41993,10747,790,1178
5257,5257,31823,8677,1847,638
5258,5258,20667,7565,423,604
5259,5259,9777,2259,307,218
5260,5260,39295,12260,956,232
5261,5261,7931,1442,312,103
5262,5262,36194,11742,3057,335
5263,5263,29171,9105,1376,698
5264,5264,19712,7288,1826,534
5265,5265,17731,5207,817,478
5266,5266,34665,12213,998,575
5267,5267,4852,2049,358,56
5268,5268,30896,7033,1250,332
5269,5269,44080,13984,1008,842
5270,5270,38479,6147,755,1006
5271,5271,9560,1679,210,59
5272,5272,38439,14264,3437,1089
5273,5273,14212,3807,1105,293
5274,5274,13935,5373,1584,166
5275,5275,18630,5644,663,533
5276,5276,3560,1072,85,68
5277,5277,35588,9717,1152,344
5278,5278,47819,19448,1790,1432
5279,5279,14061,5245,906,400
5280,5280,10724,4395,614,141
5281,5281,14640,5539,279,80
5282,5282,36949,11295,1266,454
5283,5283,47813,21430,3500,948
5284,5284,41120,6227,1114,793
5285,5285,38232,17196,1381,305
5286,5286,1173,184,53,30
5287,5287,26197,8391,1974,230
5288,5288,16407,3144,545,465
5289,5289,49638,19830,4329,1420
5290,5290,38825,14288,3357,793
5291,5291,26441,4036,1004,354
5292,5292,36607,16352,4705,1045
5293,5293,36888,10239,3071,542
5294,5294,3662,604,169,93
5295,5295,39632,12068,2667,444
5296,5296,8781,3662,845,97
5297,5297,30207,5278,390,817
5298,5298,21862,3885,781,462
5299,5299,46501,10590,1856,1115
5300,5300,21253,4144,226,444
5301,5301,44563,6845,963,583
5302,5302,16674,3890,594,269
5303,5303,25580,11077,2235,288
5304,5304,39142,16328,1932,591
5305,5305,29941,5822,369,193
5306,5306,10040,2310,487,54
5307,5307,10127,3664,676,73
5308,5308,34226,6696,565,361
5309,5309,30277,9959,2407,884
5310,5310,10783,4726,698,62
5311,5311,23718,7121,480,273
5312,5312,22283,9391,1567,551
5313,5313,24495,8356,820,313
5314,5314,15566,3943,645,81
5315,5315,6714,1328,97,163
5316,5316,10141,3199,425,189
5317,5317,45998,12677,853,433
5318,5318,42389,18751,2559,230
5319,5319,44618,18288,2732,1208
5320,5320,4986,1442,134,31
5321,5321,28949,7889,500,237
5322,5322,16879,5176,851,96
5323,5323,48409,20026,5544,484
5324,5324,9333,2989,889,192
5325,5325,5498,1403,114,117
5326,5326,18333,7955,1820,96
5327,5327,49197,13716,3262,521
5328,5328,48874,20724,4942,625
5329,5329,48540,7950,2137,1037
5330,5330,10458,4638,717,109
5331,5331,42550,10210,2616,239
5332,5332,41765,7368,804,590
5333,5333,48132,17955,3707,487
5334,5334,48965,11885,3105,562
5335,5335,23919,7594,1180,413
5336,5336,27858,8647,785,360
5337,5337,7655,2869,233,126
5338,5338,13010,3490,1035,230
5339,5339,28414,10259,1506,391
5340,5340,46795,18013,5190,1235
5341,5341,19091,8496,2456,392
5342,5342,29962,12439,1893,558
5343,5343,34465,14023,1646,709
5344,5344,32018,9289,651,287
5345,5345,4938,1687,236,29
5346,5346,8133,3187,401,155
5347,5347,20748,9171,746,266
5348,5348,18817,7404,939,238
5349,5349,28477,11778,2808,532
5350,5350,8239,1608,215,172
5351,5351,17566,5821,1384,159
5352,5352,17828,5748,534,521
5353,5353,44248,15809,3956,932
5354,5354,6763,2569,193,153
5355,5355,33313,12733,2376,233
5356,5356,10617,3069,155,230
5357,5357,16302,3945,529,320
5358,5358,19841,5954,1583,499
5359,5359,48449,8208,1470,952
5360,5360,28510,8868,2645,431
5361,5361,2198,558,41,16
5362,5362,3866,790,71,104
5363,5363,21381,4464,1059,150
5364,5364,48592,10007,2659,386
5365,5365,27309,4513,915,785
5366,5366,28779,4353,1247,501
5367,5367,7585,2761,581,133
5368,5368,4464,1991,200,29
5369,5369,46800,9851,1957,878
5370,5370,39812,13411,3729,248
5371,5371,6863,2692,156,36
5372,5372,20517,8733,1473,162
5373,5373,8008,3003,522,59
5374,5374,31581,11955,2255,193
5375,5375,7878,3272,783,213
5376,5376,11196,4233,1206,247
5377,5377,41425,18364,5466,954
5378,5378,17932,3219,682,468
5379,5379,42689,12379,2240,1139
5380,5380,1617,547,37,46
5381,5381,23329,5063,924,528
5382,5382,2483,724,66,45
5383,5383,30074,9225,469,253
5384,5384,31669,10438,668,337
5385,5385,8336,3614,276,47
5386,5386,46236,14037,3436,774
5387,5387,11133,2103,211,221
5388,5388,39540,13448,1964,673
5389,5389,8904,2765,473,230
5390,5390,3642,1035,160,96
5391,5391,1457,298,36,7
5392,5392,48369,17649,2498,667
5393,5393,33800,5389,498,386
5394,5394,20212,4209,1018,208
5395,5395,26903,11815,1070,688
5396,5396,26605,8660,2141,388
5397,5397,44836,16993,3192,1173
5398,5398,18011,4854,815,265
5399,5399,29998,10639,1480,477
5400,5400,46225,8575,1667,1366
5401,5401,24899,8941,2547,711
5402,5402,6861,1691,395,178
5403,5403,20542,8155,1199,104
5404,5404,1632,351,49,48
5405,5405,43518,13351,1528,1068
5406,5406,19485,7882,1778,435
5407,5407,41632,12966,1368,350
5408,5408,36509,14843,2610,383
5409,5409,1669,401,30,26
5410,5410,5888,2321,299,63
5411,5411,10657,1921,533,153
5412,5412,48165,12494,3147,903
5413,5413,26436,9503,1435,657
5414,5414,16144,5655,1605,428
5415,5415,16248,3947,286,82
5416,5416,2119,839,226,25
5417,5417,33680,9301,2252,299
5418,5418,34132,13518,2653,532
5419,5419,9013,2217,247,120
5420,5420,49788,18893,5026,419
5421,5421,6004,2532,701,79
5422,5422,7454,1417,280,179
5423,5423,33620,10153,1374,386
5424,5424,25666,10426,2188,617
5425,5425,40227,11607,1239,586
5426,5426,11060,2639,325,264
5427,5427,25235,9627,1499,418
5428,5428,10263,1652,109,77
5429,5429,31191,6583,1690,517
5430,5430,24701,6552,759,526
5431,5431,35836,16071,3827,610
5432,5432,48360,8141,605,626
5433,5433,15959,4931,1203,434
5434,5434,20431,8098,2106,359
5435,5435,22254,8049,1754,324
5436,5436,11616,3703,492,281
5437,5437,26849,9546,1438,233
5438,5438,30548,6286,1125,382
5439,5439,3994,1136,178,33
5440,5440,30184,10437,1506,307
5441,5441,32341,14025,3715,732
5442,5442,23168,4922,921,649
5443,5443,32187,8860,749,646
5444,5444,15279,6385,1007,268
5445,5445,32141,10677,1618,700
5446,5446,2979,1159,207,84
5447,5447,26780,8767,950,172
5448,5448,22928,8805,2151,263
5449,5449,23731,9171,2034,678
5450,5450,40582,15486,2610,789
5451,5451,49641,8694,2401,988
5452,5452,30450,8487,970,158
5453,5453,13573,4812,1128,207
5454,5454,4786,1775,310,129
5455,5455,33755,12259,1668,302
5456,5456,6044,1970,523,66
5457,5457,35535,8098,2115,601
5458,5458,27374,10261,847,635
5459,5459,12813,2151,202,366
5460,5460,10648,3137,240,73
5461,5461,31460,12553,2671,542
5462,5462,40763,7590,1312,634
5463,5463,4749,1822,162,128
5464,5464,25376,4674,547,477
5465,5465,38822,12269,712,364
5466,5466,7787,3119,900,40
5467,5467,39306,15995,1516,225
5468,5468,12808,4791,1431,379
5469,5469,37018,5707,1707,1009
5470,5470,13083,4625,541,336
5471,5471,4968,1374,77,33
5472,5472,31444,13051,3130,881
5473,5473,6268,1692,166,170
5474,5474,3578,1490,329,102
5475,5475,20084,6527,666,307
5476,5476,31070,6371,1778,447
5477,5477,15671,6359,1689,250
5478,5478,37909,8855,1424,1117
5479,5479,37386,5667,598,712
5480,5480,49590,13355,3771,570
5481,5481,11241,4657,949,228
5482,5482,37047,9169,2060,388
5483,5483,40630,8835,1462,363
5484,5484,33326,6800,1804,299
5485,5485,38525,7141,1049,527
5486,5486,4129,989,240,104
5487,5487,4899,919,144,75
5488,5488,26895,9245,2366,439
5489,5489,11892,3756,472,349
5490,5490,39542,11735,2415,817
5491,5491,25486,4001,923,449
5492,5492,36791,10318,2620,569
5493,5493,33450,14989,3573,875
5494,5494,2422,486,90,52
5495,5495,7768,2481,646,72
5496,5496,4044,807,196,111
5497,5497,20614,8547,936,119
5498,5498,17976,5620,1564,352
5499,5499,12360,5186,711,121
5500,5500,14519,2932,848,161
5501,5501,5406,876,221,149
5502,5502,22717,5752,1687,178
5503,5503,48801,10632,1429,644
5504,5504,48049,17051,994,1267
5505,5505,39069,11771,2219,742
5506,5506,46556,17924,3691,1111
5507,5507,17095,3552,321,448
5508,5508,26828,11421,2261,222
5509,5509,36219,5722,1093,851
5510,5510,43277,9484,773,1261
5511,5511,18659,7012,509,503
5512,5512,4770,1351,180,95
5513,5513,21516,9086,1843,438
5514,5514,4698,870,96,81
5515,5515,13981,2412,397,275
5516,5516,19209,3803,1051,280
5517,5517,40013,15303,1791,293
5518,5518,14313,6018,815,424
5519,5519,7408,2413,229,119
5520,5520,47071,10295,1754,508
5521,5521,27265,5137,800,784
5522,5522,32028,7864,1706,567
5523,5523,27125,6118,463,749
5524,5524,46955,7401,1518,376
5525,5525,15979,2523,486,143
5526,5526,49616,20531,5658,639
5527,5527,10006,2312,226,226
5528,5528,5115,1310,140,68
5529,5529,1650,404,47,37
5530,5530,10147,1827,383,126
5531,5531,44659,17970,3223,716
5532,5532,39750,11459,973,661
5533,5533,9313,2442,574,246
5534,5534,11048,4874,855,120
5535,5535,17670,5981,1308,397
5536,5536,36369,14088,2784,850
5537,5537,1486,357,66,25
5538,5538,29273,8717,1268,566
5539,5539,14695,6086,1456,289
5540,5540,37581,10485,773,1007
5541,5541,4746,948,158,88
5542,5542,19994,8757,1039,541
5543,5543,22859,7794,1920,319
5544,5544,35556,10991,2828,659
5545,5545,22013,7921,1803,373
5546,5546,27511,10634,579,486
5547,5547,27076,7978,1712,662
5548,5548,24751,5978,622,606
5549,5549,21898,8127,569,430
5550,5550,12060,3818,355,322
5551,5551,1565,589,107,21
5552,5552,44495,19139,2898,1064
5553,5553,20652,5868,1103,200
5554,5554,17511,7253,1534,127
5555,5555,12110,4697,523,143
5556,5556,19839,6366,596,104
5557,5557,1881,623,133,27
5558,5558,46457,13148,1099,695
5559,5559,18188,7740,2112,467
5560,5560,4448,1952,273,43
5561,5561,5374,1575,190,32
5562,5562,48000,10535,723,1124
5563,5563,6531,2106,234,157
5564,5564,36307,12190,1019,451
5565,5565,31387,5589,1606,331
5566,5566,1379,494,76,7
5567,5567,35660,6884,1180,211
5568,5568,27212,6375,495,602
5569,5569,28393,11336,722,834
5570,5570,9506,2540,265,172
5571,5571,24198,3704,715,259
5572,5572,12368,2596,404,199
5573,5573,28892,10046,2655,630
5574,5574,14473,6439,1748,356
5575,5575,8514,1308,371,173
5576,5576,19554,7113,2071,244
5577,5577,14110,5144,757,167
5578,5578,19855,3671,870,327
5579,5579,31403,9137,2500,567
5580,5580,32235,14032,3838,767
5581,5581,28655,11679,1192,323
5582,5582,20157,4112,1207,513
5583,5583,29086,11420,1922,769
5584,5584,7559,2293,367,226
5585,5585,33401,11219,2144,310
5586,5586,46700,9565,2587,568
5587,5587,15365,4357,508,179
5588,5588,33519,6719,787,526
5589,5589,22970,8931,1565,338
5590,5590,17746,5050,1213,93
5591,5591,24523,10109,2458,349
5592,5592,15771,4156,998,243
5593,5593,38212,6207,1378,356
5594,5594,34798,9749,2208,228
5595,5595,1792,795,40,24
5596,5596,33824,13946,2879,433
5597,5597,49622,21490,2011,732
5598,5598,19253,4242,1039,386
5599,5599,3130,1015,106,57
5600,5600,18160,6384,398,312
5601,5601,43437,14791,3464,536
5602,5602,30858,9305,2574,356
5603,5603,14911,4281,638,214
5604,5604,36535,13727,3580,1062
5605,5605,24029,9936,1133,368
5606,5606,31628,5990,1612,755
5607,5607,27485,8686,2191,800
5608,5608,5400,1405,174,120
5609,5609,35043,9175,1645,708
5610,5610,3199,1380,120,54
5611,5611,46598,9323,2431,245
5612,5612,34883,8456,509,570
5613,5613,37837,10046,1230,412
5614,5614,27994,10522,1653,376
5615,5615,3392,740,82,39
5616,5616,28840,9449,1052,163
5617,5617,32656,11213,2427,181
5618,5618,27512,8014,1986,759
5619,5619,36913,15869,1519,353
5620,5620,27890,11612,1960,540
5621,5621,19429,7438,1514,471
5622,5622,30630,9263,1637,405
5623,5623,33924,12822,2808,855
5624,5624,4059,1080,256,78
5625,5625,14392,3474,879,322
5626,5626,46455,15579,4080,1110
5627,5627,27201,4276,1115,679
5628,5628,42791,10560,585,931
5629,5629,20836,6694,567,165
5630,5630,30845,5169,1095,586
5631,5631,46885,17790,3313,705
5632,5632,48401,13689,2077,491
5633,5633,5010,1897,285,45
5634,5634,45313,18981,1019,443
5635,5635,39025,12659,3059,691
5636,5636,41351,7196,2150,1050
5637,5637,11468,3407,648,177
5638,5638,22158,9743,2361,538
5639,5639,16294,4710,774,453
5640,5640,1398,433,110,17
5641,5641,18197,3666,721,162
5642,5642,14516,5303,1049,321
5643,5643,44572,9820,2661,974
5644,5644,16558,7240,909,492
5645,5645,40420,14458,1131,564
5646,5646,38065,12681,1960,215
5647,5647,25928,8547,563,350
5648,5648,36298,10227,516,416
5649,5649,40797,12612,3653,480
5650,5650,37792,16013,3773,451
5651,5651,17079,6720,1507,419
5652,5652,46464,16424,3861,773
5653,5653,36309,6662,1118,962
5654,5654,1365,362,52,28
5655,5655,44471,9629,755,1204
5656,5656,35583,11527,2753,981
5657,5657,4395,794,168,49
5658,5658,39071,16656,3573,1075
5659,5659,43863,13303,1757,438
5660,5660,30410,11629,914,193
5661,5661,40261,17843,2731,501
5662,5662,30246,12520,1263,539
5663,5663,36351,5795,1217,968
5664,5664,5298,1516,228,96
5665,5665,40363,17507,3283,859
5666,5666,20397,8156,2125,268
5667,5667,2978,1036,56,25
5668,5668,34268,11922,3475,986
5669,5669,13048,4468,744,155
5670,5670,5932,1635,82,168
5671,5671,45919,8435,1686,1256
5672,5672,8220,1655,278,121
5673,5673,2019,640,116,52
5674,5674,16735,5647,926,349
5675,5675,12483,5595,869,272
5676,5676,18338,4294,449,459
5677,5677,26001,8816,846,294
5678,5678,35204,12467,3350,968
5679,5679,6323,1287,301,78
5680,5680,44379,19044,1631,401
5681,5681,25506,5470,1089,500
5682,5682,11237,4911,808,126
5683,5683,12969,4090,476,211
5684,5684,47151,7904,1600,1000
5685,5685,30416,4569,1277,375
5686,5686,25604,6285,1641,698
5687,5687,21207,3448,478,476
5688,5688,28847,6541,1559,648
5689,5689,29810,11534,2822,356
5690,5690,2066,911,244,53
5691,5691,18824,7569,2079,351
5692,5692,8789,2247,515,143
5693,5693,33663,7561,1076,958
5694,5694,27218,7439,2229,789
5695,5695,16127,4489,652,405
5696,5696,40604,15536,4544,616
5697,5697,39358,6773,969,502
5698,5698,32758,14424,3805,709
5699,5699,12415,2364,148,141
5700,5700,40638,12489,1200,1179
5701,5701,37941,12746,672,585
5702,5702,5762,2534,727,110
5703,5703,27750,5635,1539,400
5704,5704,39666,16763,4810,850
5705,5705,11113,3627,849,275
5706,5706,49104,15440,1603,1168
5707,5707,49156,14414,4225,929
5708,5708,31408,11402,1855,304
5709,5709,29431,4523,363,334
5710,5710,12315,2027,581,310
5711,5711,40846,16090,1189,408
5712,5712,35595,13305,3911,711
5713,5713,11142,4983,750,63
5714,5714,5358,1269,79,157
5715,5715,46770,13559,2030,1216
5716,5716,48472,18133,1211,1202
5717,5717,49574,17133,1828,289
5718,5718,19628,7249,1384,204
5719,5719,8746,1355,242,169
5720,5720,22063,4317,901,410
5721,5721,9676,1547,314,153
5722,5722,22445,8974,1309,201
5723,5723,44720,19316,1619,1239
5724,5724,22594,7598,1727,198
5725,5725,34986,7164,961,377
5726,5726,38370,16489,4919,602
5727,5727,7704,2594,298,212
5728,5728,27258,5111,1453,776
5729,5729,36730,15660,4615,214
5730,5730,25249,6834,566,128
5731,5731,32054,11144,1242,909
5732,5732,30397,10174,1549,863
5733,5733,29220,9396,2767,257
5734,5734,43705,18557,3906,1061
5735,5735,1440,349,86,18
5736,5736,17883,3329,302,190
5737,5737,5754,1996,340,117
5738,5738,27522,4928,310,474
5739,5739,13874,4754,324,412
5740,5740,23912,4032,623,572
5741,5741,44466,9062,555,994
5742,5742,41764,15588,3054,962
5743,5743,39717,8320,1423,407
5744,5744,3642,753,175,91
5745,5745,21349,4964,804,400
5746,5746,1005,385,66,5
5747,5747,36031,9901,813,383
5748,5748,5304,2264,614,118
5749,5749,31830,8723,602,761
5750,5750,5672,2188,453,166
5751,5751,46092,14620,3586,642
5752,5752,32674,11714,3400,299
5753,5753,36272,11894,827,500
5754,5754,13621,6013,356,345
5755,5755,37591,14601,2587,511
5756,5756,36691,13670,3174,924
5757,5757,22034,9222,1502,259
5758,5758,41576,11130,1574,833
5759,5759,8665,3696,228,149
5760,5760,31985,4823,584,629
5761,5761,1825,666,86,23
5762,5762,36361,8468,462,873
5763,5763,40597,17332,3951,354
5764,5764,6336,2479,138,64
5765,5765,26075,6990,629,742
5766,5766,48932,7925,1414,1364
5767,5767,36650,11596,2564,438
5768,5768,46440,17327,3725,852
5769,5769,1815,354,46,36
5770,5770,23147,4100,1128,279
5771,5771,29660,10760,1093,299
5772,5772,16514,4174,644,165
5773,5773,13443,4455,744,155
5774,5774,2354,708,125,14
5775,5775,29311,8682,1531,853
5776,5776,37594,11086,3239,748
5777,5777,3688,1636,374,73
5778,5778,41313,7345,1908,1055
5779,5779,42235,17557,2116,445
5780,5780,7021,1473,388,60
5781,5781,26545,6996,518,489
5782,5782,37277,9377,579,338
5783,5783,27171,6039,1295,211
5784,5784,44004,11924,1476,720
5785,5785,45809,16109,1445,249
5786,5786,15803,5217,874,81
5787,5787,32287,14063,1980,386
5788,5788,32473,11947,3460,208
5789,5789,35853,12680,2786,302
5790,5790,42980,17992,1259,1021
5791,5791,19957,5330,364,407
5792,5792,23213,8559,1661,360
5793,5793,32845,12848,3847,272
5794,5794,27702,5649,743,664
5795,5795,25636,10942,1540,753
5796,5796,10035,3760,257,184
5797,5797,2077,392,67,39
5798,5798,30387,4612,1276,544
5799,5799,4173,1039,263,61
5800,5800,3721,1000,109,95
5801,5801,25311,4130,961,687
5802,5802,6749,2322,365,175
5803,5803,41884,13130,1052,1109
5804,5804,39446,6435,512,359
5805,5805,49547,10958,626,699
5806,5806,2527,840,113,56
5807,5807,31151,11746,2256,697
5808,5808,25029,5490,428,531
5809,5809,13233,5832,352,272
5810,5810,35959,10036,835,1049
5811,5811,23860,10144,2910,676
5812,5812,44357,10934,2764,1310
5813,5813,39701,17291,1054,482
5814,5814,37492,16451,1980,454
5815,5815,22586,4913,356,427
5816,5816,42328,13473,3093,841
5817,5817,23797,8061,1469,287
5818,5818,19546,7400,1106,296
5819,5819,12001,3949,874,104
5820,5820,33330,11164,704,749
5821,5821,25896,3978,1163,393
5822,5822,28525,11470,1461,444
5823,5823,30336,4645,753,637
5824,5824,28629,12039,1824,236
5825,5825,24155,9418,618,425
5826,5826,2780,476,137,61
5827,5827,5446,1537,337,113
5828,5828,6909,1913,482,89
5829,5829,4536,1152,184,29
5830,5830,9450,1925,241,96
5831,5831,39714,9845,1580,462
5832,5832,47507,12475,1447,1122
5833,5833,15011,2688,679,335
5834,5834,31640,10284,1335,522
5835,5835,38530,16570,1159,812
5836,5836,35387,12072,2207,561
5837,5837,49732,21435,5613,751
5838,5838,15077,4205,618,121
5839,5839,16404,3419,446,331
5840,5840,18291,6185,1174,272
5841,5841,1453,381,63,35
5842,5842,16917,7581,1694,443
5843,5843,48909,8637,1004,1290
5844,5844,43099,7761,748,243
5845,5845,24585,6877,759,239
5846,5846,10414,3718,747,176
5847,5847,45735,8688,1662,1212
5848,5848,19946,4542,438,379
5849,5849,9740,2402,578,247
5850,5850,31158,8188,2168,664
5851,5851,17927,3578,602,195
5852,5852,47472,9391,2162,1266
5853,5853,43710,8401,707,968
5854,5854,2421,780,88,72
5855,5855,5276,1461,142,126
5856,5856,12481,3805,469,128
5857,5857,20459,6104,412,404
5858,5858,10787,4496,235,235
5859,5859,22718,8995,2388,300
5860,5860,18611,6644,542,274
5861,5861,30003,7413,1424,607
5862,5862,5550,1168,338,44
5863,5863,1247,455,67,15
5864,5864,17112,3662,324,416
5865,5865,29344,13142,3038,257
5866,5866,9407,2801,467,98
5867,5867,5943,1629,377,133
5868,5868,3213,1402,210,40
5869,5869,32335,5124,1284,164
5870,5870,37602,9718,1064,937
5871,5871,22958,7675,708,403
5872,5872,20938,3990,486,485
5873,5873,3463,1184,293,43
5874,5874,4515,856,148,24
5875,5875,43467,17845,3003,1041
5876,5876,34183,6840,1117,288
5877,5877,38301,16385,4267,602
5878,5878,11479,1769,106,260
5879,5879,13511,5288,1140,188
5880,5880,27446,11387,2833,786
5881,5881,48771,8354,1615,569
5882,5882,39994,11826,2324,304
5883,5883,15259,6779,1523,294
5884,5884,32745,12265,3184,743
5885,5885,40200,15552,1779,1119
5886,5886,34166,9504,1875,700
5887,5887,21643,8530,456,260
5888,5888,47019,18343,1868,1203
5889,5889,29607,7075,579,699
5890,5890,39697,9018,1309,328
5891,5891,11285,4125,810,320
5892,5892,35974,14090,967,959
5893,5893,7837,1950,238,221
5894,5894,15940,3593,183,108
5895,5895,45895,13085,3079,1362
5896,5896,11705,2238,219,231
5897,5897,35803,12923,1628,624
5898,5898,12313,4900,1383,111
5899,5899,27063,9865,2334,606
5900,5900,5208,2104,512,94
5901,5901,9438,1996,362,176
5902,5902,32659,5465,1171,957
5903,5903,20013,3406,614,292
5904,5904,6048,2698,269,139
5905,5905,38718,13269,1993,646
5906,5906,38680,12758,3739,1129
5907,5907,26651,4193,921,476
5908,5908,46003,13025,1528,1121
5909,5909,26350,5476,1202,290
5910,5910,1242,505,133,20
5911,5911,14194,3810,304,368
5912,5912,4889,1575,134,34
5913,5913,27265,5172,386,356
5914,5914,21883,8090,1788,331
5915,5915,19204,4784,1035,346
5916,5916,27122,6692,1592,378
5917,5917,33344,8523,2538,310
5918,5918,31818,8886,457,200
5919,5919,35326,10029,1807,891
5920,5920,35796,14560,1787,230
5921,5921,5672,1556,215,74
5922,5922,11086,2245,256,139
5923,5923,5503,2096,413,92
5924,5924,20405,3090,773,527
5925,5925,14211,4388,1220,425
5926,5926,2113,641,69,27
5927,5927,31798,13042,3032,518
5928,5928,17066,4649,285,350
5929,5929,18549,3638,374,390
5930,5930,4982,1006,250,66
5931,5931,4179,1304,305,44
5932,5932,40892,15663,1871,275
5933,5933,18636,6529,346,451
5934,5934,42810,7271,1467,852
5935,5935,38739,16010,1340,457
5936,5936,11017,3487,269,154
5937,5937,40937,9460,504,529
5938,5938,3768,1089,150,91
5939,5939,46305,13782,4092,1358
5940,5940,1928,620,108,40
5941,5941,15599,5021,1100,424
5942,5942,39304,15663,3764,240
5943,5943,44113,19620,986,1011
5944,5944,17447,4031,857,439
5945,5945,3902,1523,445,54
5946,5946,35763,11806,2841,475
5947,5947,19374,6454,1728,323
5948,5948,21458,4207,449,409
5949,5949,29837,10427,1749,546
5950,5950,31164,8064,1139,894
5951,5951,44011,10678,1904,688
5952,5952,18518,8296,1839,426
5953,5953,14203,2146,387,328
5954,5954,40739,10021,2107,1093
5955,5955,46634,14190,4035,356
5956,5956,28543,5644,1194,299
5957,5957,29138,4642,978,672
5958,5958,25690,9375,2242,234
5959,5959,28524,11455,1410,510
5960,5960,7465,3021,485,167
5961,5961,26162,7086,1848,270
5962,5962,43089,18288,1309,314
5963,5963,35709,15247,3804,259
5964,5964,36447,10941,1353,315
5965,5965,26000,10321,2636,496
5966,5966,28152,9483,1881,157
5967,5967,28551,12229,1331,471
5968,5968,10464,2260,380,170
5969,5969,33937,14720,835,298
5970,5970,12223,2669,586,236
5971,5971,3353,1215,302,98
5972,5972,21732,8631,2315,496
5973,5973,42136,14382,919,1146
5974,5974,19387,7618,2255,378
5975,5975,47089,10729,2218,759
5976,5976,33532,8188,823,607
5977,5977,36693,11456,2536,956
5978,5978,14771,4266,284,289
5979,5979,21998,6560,423,429
5980,5980,25221,7641,1544,575
5981,5981,26598,5327,1367,272
5982,5982,18273,5758,926,185
5983,5983,2497,1019,295,55
5984,5984,27122,4713,515,406
5985,5985,8128,1659,471,200
5986,5986,40493,6412,1682,949
5987,5987,36860,15243,2845,326
5988,5988,38163,13132,2429,804
5989,5989,43969,16938,1263,1062
5990,5990,2740,944,162,76
5991,5991,26429,9635,2528,525
5992,5992,8760,1437,282,91
5993,5993,10616,3469,298,199
5994,5994,16136,3504,968,286
5995,5995,29616,10318,2082,484
5996,5996,4029,897,115,62
5997,5997,22489,6478,1318,597
5998,5998,48815,19990,5979,477
5999,5999,24220,8650,461,415
6000,6000,16474,6127,1479,428
6001,6001,44135,18520,1935,576
6002,6002,23299,7913,1743,563
6003,6003,29834,10526,612,243
6004,6004,7135,2193,448,156
6005,6005,49440,10718,1269,1263
6006,6006,18262,2984,423,323
6007,6007,14712,2668,184,97
6008,6008,32679,14224,3027,736
6009,6009,10986,4733,1393,272
6010,6010,4225,885,162,68
6011,6011,22253,7528,1117,631
6012,6012,35984,11893,2805,704
6013,6013,29698,12280,1996,479
6014,6014,4502,1855,158,94
6015,6015,20828,8149,1685,290
6016,6016,34579,8215,1256,581
6017,6017,20231,3184,765,218
6018,6018,28738,10566,1656,357
6019,6019,2418,410,42,20
6020,6020,21925,6444,1543,386
6021,6021,14651,6015,834,419
6022,6022,24989,7144,1994,500
6023,6023,47091,16519,3562,510
6024,6024,34360,9210,1748,810
6025,6025,47574,7674,1467,343
6026,6026,37648,9806,2219,474
6027,6027,11726,5262,561,109
6028,6028,6929,1820,542,99
6029,6029,37044,9412,2209,683
6030,6030,39212,10973,1615,1124
6031,6031,14585,3499,870,381
6032,6032,47466,10745,1011,382
6033,6033,49693,16878,2349,600
6034,6034,6395,2727,468,150
6035,6035,40961,7556,498,207
6036,6036,1860,808,221,12
6037,6037,44542,7937,1517,302
6038,6038,19787,8258,617,488
6039,6039,20651,8287,1797,302
6040,6040,4838,1749,199,92
6041,6041,46481,13760,2235,262
6042,6042,9418,3083,708,76
6043,6043,27546,6516,1363,303
6044,6044,14191,5409,309,124
6045,6045,42577,10830,3067,244
6046,6046,48579,16698,2439,1237
6047,6047,8639,2741,266,124
6048,6048,31125,5818,1376,925
6049,6049,28122,7892,548,238
6050,6050,21542,8056,2246,257
6051,6051,3101,590,154,25
6052,6052,45567,16389,1721,926
6053,6053,36665,5935,1631,374
6054,6054,29686,13108,2469,809
6055,6055,32996,8493,1996,242
6056,6056,30644,10243,1350,640
6057,6057,19093,7527,602,235
6058,6058,41421,8253,918,1095
6059,6059,5106,1467,385,141
6060,6060,29461,12211,1038,743
6061,6061,4443,813,118,76
6062,6062,9404,2481,165,184
6063,6063,24376,9031,1902,666
6064,6064,42530,10651,2083,380
6065,6065,12973,3837,612,340
6066,6066,18216,7169,893,111
6067,6067,15177,6498,1898,424
6068,6068,36885,9111,2671,869
6069,6069,22923,5799,1346,675
6070,6070,18765,7202,2026,213
6071,6071,37000,9982,850,678
6072,6072,36123,7896,396,603
6073,6073,16807,7344,488,472
6074,6074,19087,5027,1180,135
6075,6075,45999,13554,2643,457
6076,6076,24435,4345,500,599
6077,6077,31014,9545,1590,793
6078,6078,15002,2536,681,78
6079,6079,1915,622,75,30
6080,6080,43639,12246,902,430
6081,6081,46768,14427,2070,294
6082,6082,7547,2769,509,219
6083,6083,6621,1612,315,86
6084,6084,5254,1182,187,96
6085,6085,12195,4138,1184,65
6086,6086,36946,6402,1050,226
6087,6087,45000,12222,2213,701
6088,6088,9445,2353,384,59
6089,6089,43094,13547,3514,369
6090,6090,29037,11515,2465,322
6091,6091,48283,8286,2365,457
6092,6092,49696,10379,1567,314
6093,6093,13795,2293,664,217
6094,6094,22970,10176,2267,307
6095,6095,46572,7249,954,1200
6096,6096,12023,2843,210,147
6097,6097,11053,1748,266,65
6098,6098,21646,3736,485,426
6099,6099,10284,1601,473,154
6100,6100,17374,3678,864,147
6101,6101,9892,4014,479,57
6102,6102,21939,4818,1418,181
6103,6103,44570,9040,1293,378
6104,6104,2804,501,108,57
6105,6105,4038,1635,128,41
6106,6106,36008,8714,922,270
6107,6107,15930,5456,768,285
6108,6108,8650,3364,301,201
6109,6109,17656,4425,1172,388
6110,6110,22840,4290,540,400
6111,6111,20556,7847,976,330
6112,6112,1326,267,52,20
6113,6113,13669,3147,743,317
6114,6114,39229,17073,1910,932
6115,6115,42723,14996,3093,1139
6116,6116,16892,3936,760,353
6117,6117,24627,5004,840,266
6118,6118,27526,11022,804,611
6119,6119,26142,11621,1755,662
6120,6120,37878,15307,1789,912
6121,6121,26564,11638,1657,296
6122,6122,42915,13014,2666,661
6123,6123,20670,3753,631,616
6124,6124,15363,3453,905,344
6125,6125,11436,2705,433,340
6126,6126,18746,8007,1188,431
6127,6127,44707,9835,1004,872
6128,6128,46180,16620,2525,1110
6129,6129,38787,12234,1648,436
6130,6130,19981,4211,1169,477
6131,6131,26444,7884,1561,329
6132,6132,23200,6784,604,381
6133,6133,43261,15545,2403,428
6134,6134,41979,13186,1399,494
6135,6135,44211,10433,1952,773
6136,6136,29125,6521,1267,446
6137,6137,7636,2046,377,94
6138,6138,31827,10409,1135,643
6139,6139,36807,14214,984,272
6140,6140,15719,5535,968,118
6141,6141,34768,12055,2696,250
6142,6142,17046,2675,673,287
6143,6143,25873,4338,966,630
6144,6144,1266,548,64,25
6145,6145,32586,14262,3935,178
6146,6146,10170,2705,321,103
6147,6147,9638,4276,1260,144
6148,6148,13875,4546,565,337
6149,6149,27008,5541,1166,701
6150,6150,38889,17400,3622,572
6151,6151,47041,11240,2671,476
6152,6152,13534,4457,735,320
6153,6153,39343,16058,3165,1081
6154,6154,1743,373,95,20
6155,6155,44577,7755,1682,425
6156,6156,28106,10139,1478,345
6157,6157,31157,5500,838,926
6158,6158,2676,731,199,28
6159,6159,22537,4872,378,171
6160,6160,26534,4835,664,645
6161,6161,2804,516,125,31
6162,6162,40428,9364,1837,971
6163,6163,6328,1318,142,185
6164,6164,15119,4427,958,390
6165,6165,44043,17178,4968,521
6166,6166,7579,1776,455,141
6167,6167,46308,10631,2467,1337
6168,6168,29453,8779,914,201
6169,6169,17452,7375,536,261
6170,6170,19541,6321,1438,421
6171,6171,6441,2457,152,82
6172,6172,11587,4844,289,211
6173,6173,28343,11506,3238,428
6174,6174,36670,16493,3908,249
6175,6175,41687,13784,1538,358
6176,6176,14144,3215,880,401
6177,6177,20815,6578,1789,622
6178,6178,14731,3620,248,96
6179,6179,32329,10333,2250,554
6180,6180,39776,7155,2004,578
6181,6181,6232,1540,262,164
6182,6182,6662,2579,203,179
6183,6183,47230,8469,1867,1329
6184,6184,2063,926,116,34
6185,6185,1282,254,71,24
6186,6186,43939,7754,566,365
6187,6187,35971,10352,2153,465
6188,6188,32757,14090,968,924
6189,6189,14967,6599,1115,265
6190,6190,33168,8761,2322,321
6191,6191,5702,1263,312,39
6192,6192,42756,12818,2610,332
6193,6193,25834,4821,937,314
6194,6194,17351,5941,473,209
6195,6195,4138,715,78,115
6196,6196,15273,3809,581,329
6197,6197,44377,9126,607,829
6198,6198,23570,5919,1773,221
6199,6199,43990,13155,1683,302
6200,6200,10104,3434,414,232
6201,6201,5260,2263,377,97
6202,6202,47188,15764,2839,1315
6203,6203,24520,6811,1369,433
6204,6204,40182,8690,561,571
6205,6205,39721,17760,3999,536
6206,6206,30584,7779,1679,460
6207,6207,24961,6470,1140,678
6208,6208,13073,3718,859,214
6209,6209,26540,7199,1728,372
6210,6210,25048,3951,575,130
6211,6211,2478,864,61,65
6212,6212,43854,18694,1454,463
6213,6213,25777,7804,2254,400
6214,6214,12798,2920,720,227
6215,6215,7724,3190,162,161
6216,6216,27991,7634,1525,610
6217,6217,7572,2239,412,39
6218,6218,27715,5558,974,215
6219,6219,24014,9871,2121,204
6220,6220,10360,3270,311,195
6221,6221,19606,3018,360,258
6222,6222,11193,3445,480,225
6223,6223,40026,9572,481,292
6224,6224,48598,18243,2134,978
6225,6225,8590,1876,511,64
6226,6226,8566,3690,504,49
6227,6227,21605,4499,1312,617
6228,6228,10543,2102,443,208
6229,6229,1501,581,92,11
6230,6230,46888,20199,2824,808
6231,6231,3682,1213,201,40
6232,6232,9364,4007,217,63
6233,6233,20667,3734,455,551
6234,6234,22589,5032,348,300
6235,6235,9273,3579,635,256
6236,6236,43977,10061,1684,670
6237,6237,30762,7270,1969,252
6238,6238,3386,685,144,73
6239,6239,40992,8894,1301,979
6240,6240,33618,14939,2835,765
6241,6241,2634,927,99,49
6242,6242,8563,2999,222,219
6243,6243,41669,15318,3518,469
6244,6244,16699,6622,997,323
6245,6245,21901,8635,1624,633
6246,6246,33308,12832,2541,421
6247,6247,2366,741,88,45
6248,6248,49271,7400,1145,1434
6249,6249,38122,13010,2893,533
6250,6250,11041,3377,845,173
6251,6251,25724,4373,271,341
6252,6252,31126,6915,1127,368
6253,6253,30101,12585,890,390
6254,6254,30108,8258,2325,465
6255,6255,37709,6438,1267,708
6256,6256,10175,2618,546,181
6257,6257,13743,4035,603,279
6258,6258,42952,14339,2142,503
6259,6259,31135,11898,2078,863
6260,6260,22175,8666,2191,405
6261,6261,45257,9289,2192,1245
6262,6262,12410,2652,472,299
6263,6263,18950,3297,749,240
6264,6264,48195,12014,1341,1292
6265,6265,40344,7358,1351,519
6266,6266,19467,7859,1542,111
6267,6267,12410,4966,947,179
6268,6268,11626,2711,385,75
6269,6269,14952,3236,278,371
6270,6270,45279,14939,2087,1280
6271,6271,6411,1581,291,161
6272,6272,35430,9426,579,195
6273,6273,10163,3369,498,280
6274,6274,46230,15494,1125,413
6275,6275,32809,7829,698,277
6276,6276,9586,1513,108,159
6277,6277,12588,5306,741,138
6278,6278,12540,5266,766,128
6279,6279,1324,355,105,33
6280,6280,3163,1395,111,34
6281,6281,11282,3384,424,276
6282,6282,24481,3727,327,378
6283,6283,45002,14648,1121,494
6284,6284,16959,3620,741,292
6285,6285,32930,5776,378,212
6286,6286,2420,496,96,32
6287,6287,7517,1977,189,101
6288,6288,47893,17499,2103,828
6289,6289,34693,12905,1787,693
6290,6290,1161,427,83,23
6291,6291,10347,2256,273,253
6292,6292,48641,19025,1984,1146
6293,6293,6429,2820,599,107
6294,6294,36027,13708,1661,519
6295,6295,29907,11070,2872,481
6296,6296,49502,9181,1137,1184
6297,6297,13832,4886,1098,105
6298,6298,6261,2197,644,98
6299,6299,28572,10384,1401,389
6300,6300,44177,12867,3526,682
6301,6301,9193,1452,281,173
6302,6302,46894,16150,2732,298
6303,6303,44396,7647,1761,288
6304,6304,9653,2160,472,142
6305,6305,42029,13202,3720,235
6306,6306,42235,16799,3496,427
6307,6307,17126,3264,325,293
6308,6308,36333,9327,828,971
6309,6309,25808,10210,1829,312
6310,6310,34595,9004,946,603
6311,6311,6447,1520,133,82
6312,6312,2413,390,111,26
6313,6313,23062,8806,981,549
6314,6314,38001,16050,1398,421
6315,6315,46697,8029,688,744
6316,6316,40284,14003,2458,584
6317,6317,41147,8748,2560,982
6318,6318,36086,13138,996,775
6319,6319,14218,5551,967,192
6320,6320,5690,2359,318,58
6321,6321,35327,6777,498,864
6322,6322,44732,18395,4665,1122
6323,6323,11726,4222,625,112
6324,6324,30171,12362,3327,808
6325,6325,25169,4255,366,241
6326,6326,19327,4730,644,561
6327,6327,17312,5136,1328,377
6328,6328,21579,9259,1356,361
6329,6329,27917,6366,1020,344
6330,6330,28909,5721,684,724
6331,6331,19872,7202,1855,110
6332,6332,27659,9338,1202,801
6333,6333,38918,7350,1410,512
6334,6334,35985,15424,4082,308
6335,6335,45051,7490,1164,367
6336,6336,30314,12511,2849,287
6337,6337,16166,6012,1355,328
6338,6338,39293,15060,1722,1058
6339,6339,10075,1731,335,126
6340,6340,44040,11510,588,382
6341,6341,13837,3290,570,259
6342,6342,46191,19884,4470,1073
6343,6343,1409,332,45,24
6344,6344,38174,11035,2971,547
6345,6345,35062,8323,1779,577
6346,6346,14343,3141,636,119
6347,6347,20176,5767,1269,578
6348,6348,10438,3989,391,220
6349,6349,11227,4019,1131,252
6350,6350,18676,4575,1049,277
6351,6351,27227,10340,1668,405
6352,6352,27672,9381,2042,725
6353,6353,35093,9752,498,234
6354,6354,10064,4176,1070,57
6355,6355,4211,1757,404,75
6356,6356,33989,14459,1180,864
6357,6357,36595,7723,2303,377
6358,6358,30580,10785,1566,876
6359,6359,34391,6875,2023,636
6360,6360,27572,8261,1941,196
6361,6361,14555,3847,1011,305
6362,6362,17593,5840,709,279
6363,6363,40281,7650,1457,574
6364,6364,28479,6663,1524,179
6365,6365,13307,2577,529,320
6366,6366,7132,3012,851,102
6367,6367,43800,19304,5186,303
6368,6368,22744,5402,418,309
6369,6369,35773,13043,3569,753
6370,6370,36447,15064,1569,659
6371,6371,34395,11113,2659,804
6372,6372,19732,4470,299,237
6373,6373,18821,4189,574,275
6374,6374,34355,8656,1919,887
6375,6375,13512,4144,885,160
6376,6376,43318,9320,1188,562
6377,6377,34140,5632,340,716
6378,6378,7757,3309,592,100
6379,6379,19470,5533,950,494
6380,6380,36973,8454,615,1041
6381,6381,3438,675,111,95
6382,6382,7731,2098,422,172
6383,6383,43325,15639,2673,328
6384,6384,7121,1296,231,104
6385,6385,34905,15474,1210,670
6386,6386,31803,12656,1852,442
6387,6387,49224,17909,1799,491
6388,6388,28120,4772,1276,646
6389,6389,2840,709,208,28
6390,6390,13425,3043,641,89
6391,6391,23791,6580,1052,208
6392,6392,25223,5651,1627,748
6393,6393,38912,13496,3274,689
6394,6394,19500,3856,578,166
6395,6395,31679,13356,3006,423
6396,6396,3838,652,86,97
6397,6397,28873,8036,1375,771
6398,6398,1281,505,123,6
6399,6399,34779,8774,784,891
6400,6400,12715,3734,545,251
6401,6401,43424,9405,1214,909
6402,6402,49408,17936,1634,402
6403,6403,34938,9125,1140,267
6404,6404,16633,2516,468,423
6405,6405,1501,466,89,25
6406,6406,48320,19458,4080,1166
6407,6407,15664,4960,1134,143
6408,6408,32705,12689,2122,915
6409,6409,8599,1601,384,105
6410,6410,21908,4129,962,466
6411,6411,26554,5563,1363,173
6412,6412,30005,12668,1097,186
6413,6413,10277,3750,448,101
6414,6414,45245,10726,1117,992
6415,6415,4396,1119,240,115
6416,6416,46333,16154,4787,340
6417,6417,41569,16638,4091,1146
6418,6418,8884,3139,614,149
6419,6419,25654,6655,1347,352
6420,6420,27133,7347,1203,336
6421,6421,40797,13578,2991,738
6422,6422,16370,3412,835,88
6423,6423,41304,15035,1324,1173
6424,6424,19451,8431,2500,281
6425,6425,47703,12372,3032,982
6426,6426,46518,9521,2470,906
6427,6427,17932,4001,823,95
6428,6428,2392,618,74,52
6429,6429,28612,4721,370,495
6430,6430,42978,14011,989,1229
6431,6431,3434,1282,94,23
6432,6432,47454,18917,1661,247
6433,6433,34024,5437,817,646
6434,6434,48039,10216,1179,803
6435,6435,23037,7587,2017,644
6436,6436,14323,3096,378,250
6437,6437,14567,3750,1026,291
6438,6438,8064,1895,285,155
6439,6439,17524,4649,1360,399
6440,6440,28077,12507,1836,339
6441,6441,16732,6587,367,170
6442,6442,33430,11961,3041,507
6443,6443,24911,4829,867,317
6444,6444,36305,9073,2400,719
6445,6445,11908,5317,927,97
6446,6446,1171,189,11,31
6447,6447,45256,15719,867,668
6448,6448,4252,747,161,61
6449,6449,2144,527,103,40
6450,6450,23145,5414,1385,402
6451,6451,8506,2298,489,197
6452,6452,43268,15525,1545,469
6453,6453,28578,11531,3198,415
6454,6454,47711,18072,4955,1206
6455,6455,6859,2895,185,40
6456,6456,4435,1365,271,48
6457,6457,37244,10540,827,189
6458,6458,21297,8648,1581,130
6459,6459,35519,12186,3498,475
6460,6460,19263,3262,606,550
6461,6461,12777,4312,270,300
6462,6462,4235,1808,409,88
6463,6463,28338,7861,869,437
6464,6464,12166,3773,794,216
6465,6465,6396,1228,103,133
6466,6466,35073,5963,1569,934
6467,6467,38491,9273,1527,863
6468,6468,17805,6778,1773,477
6469,6469,48042,10381,3097,1276
6470,6470,6785,1091,149,126
6471,6471,14899,5248,1235,77
6472,6472,41165,11517,3253,828
6473,6473,41549,12512,3687,306
6474,6474,39307,17539,4152,334
6475,6475,28668,9515,1604,435
6476,6476,24329,8376,2004,184
6477,6477,32838,9133,2032,244
6478,6478,33456,9823,2626,272
6479,6479,35784,11193,3240,544
6480,6480,16478,4609,836,356
6481,6481,24431,3844,892,364
6482,6482,42935,8520,2394,399
6483,6483,11414,2342,370,183
6484,6484,46293,14094,2712,1027
6485,6485,30330,10405,742,451
6486,6486,22290,4473,839,468
6487,6487,45300,18917,3489,916
6488,6488,31395,7454,1460,791
6489,6489,38067,11825,992,515
6490,6490,32235,9479,834,421
6491,6491,40535,16245,2356,227
6492,6492,13318,5642,803,313
6493,6493,2614,640,179,73
6494,6494,20064,3760,602,547
6495,6495,26397,6570,1234,256
6496,6496,5585,2435,206,161
6497,6497,24100,9886,1361,176
6498,6498,35922,10145,2151,935
6499,6499,21209,6525,390,568
6500,6500,24662,9424,481,495
6501,6501,18163,4194,947,172
6502,6502,30308,9648,2626,416
6503,6503,31346,14034,2899,660
6504,6504,10259,3353,182,77
6505,6505,10825,2727,145,228
6506,6506,26652,10679,630,316
6507,6507,38461,14471,806,828
6508,6508,40369,10229,3057,365
6509,6509,13388,3647,374,106
6510,6510,37752,5840,537,228
6511,6511,33668,11503,632,282
6512,6512,18149,6999,1932,386
6513,6513,28752,5510,1242,556
6514,6514,24821,5504,1575,580
6515,6515,19892,8916,2000,261
6516,6516,46244,8213,1728,551
6517,6517,26626,11550,3352,377
6518,6518,27739,9805,2716,316
6519,6519,48209,12733,3511,1191
6520,6520,24716,8496,962,353
6521,6521,17671,4401,292,256
6522,6522,29123,12199,3584,628
6523,6523,28448,7287,1956,283
6524,6524,49990,20584,3636,1232
6525,6525,37802,14078,1508,1077
6526,6526,24145,8365,2393,500
6527,6527,28295,11307,1175,833
6528,6528,20642,6301,693,118
6529,6529,44450,17487,2941,805
6530,6530,1299,555,152,15
6531,6531,11424,4363,927,277
6532,6532,40982,13042,2793,869
6533,6533,20711,4621,1357,326
6534,6534,40129,14332,3821,232
6535,6535,2558,969,239,33
6536,6536,4904,1266,291,97
6537,6537,35865,8275,1372,836
6538,6538,1536,253,25,14
6539,6539,40551,15309,2936,909
6540,6540,30283,6607,1549,838
6541,6541,39685,9699,2024,1113
6542,6542,44709,15141,3352,493
6543,6543,2872,485,40,54
6544,6544,24013,4393,261,199
6545,6545,46691,15912,1988,634
6546,6546,44118,9066,1727,564
6547,6547,23506,5126,339,651
6548,6548,40100,9200,2032,874
6549,6549,16239,6451,1533,333
6550,6550,22666,4678,1166,524
6551,6551,7590,1392,152,104
6552,6552,2913,677,180,43
6553,6553,13101,5443,1384,114
6554,6554,29451,11843,1718,282
6555,6555,44767,11334,2527,809
6556,6556,33499,7270,713,766
6557,6557,23943,6095,826,167
6558,6558,42413,15988,4703,1058
6559,6559,42013,7320,790,308
6560,6560,32236,11271,3164,438
6561,6561,24427,5955,1316,542
6562,6562,46779,7455,1798,392
6563,6563,13220,4139,318,216
6564,6564,17216,4866,711,515
6565,6565,10201,4118,893,262
6566,6566,25546,11214,2576,614
6567,6567,49966,9994,1562,1352
6568,6568,12390,4658,266,141
6569,6569,8767,2659,653,140
6570,6570,11471,1769,363,74
6571,6571,38422,8461,1699,606
6572,6572,2322,898,97,47
6573,6573,23021,10012,1591,399
6574,6574,4887,1188,69,64
6575,6575,41340,16389,3031,1155
6576,6576,9194,3901,881,142
6577,6577,15913,5617,421,148
6578,6578,15110,3537,379,368
6579,6579,37441,11575,690,657
6580,6580,6927,2405,511,44
6581,6581,25202,8375,926,313
6582,6582,4027,1641,141,37
6583,6583,48340,10695,1193,401
6584,6584,24711,9393,1506,411
6585,6585,40739,13561,1051,541
6586,6586,39697,6243,757,455
6587,6587,6575,2014,456,139
6588,6588,17300,4857,989,183
6589,6589,6541,2720,602,172
6590,6590,44546,19796,3384,354
6591,6591,43107,7852,423,374
6592,6592,39308,7248,1582,656
6593,6593,9290,2479,608,125
6594,6594,5209,2202,227,47
6595,6595,8310,3345,285,169
6596,6596,49735,8259,1452,532
6597,6597,41537,8169,608,778
6598,6598,27022,8651,595,352
6599,6599,15275,5404,858,261
6600,6600,2763,712,136,60
6601,6601,32937,4950,1043,449
6602,6602,39984,14879,3870,280
6603,6603,13877,2316,274,87
6604,6604,12637,1917,467,182
6605,6605,35127,7840,1360,713
6606,6606,14962,5587,711,204
6607,6607,4623,929,119,69
6608,6608,26991,4431,940,167
6609,6609,1557,515,118,15
6610,6610,27744,9861,1625,380
6611,6611,41988,7164,1631,363
6612,6612,28784,8995,666,198
6613,6613,16963,6768,1463,274
6614,6614,5697,937,222,42
6615,6615,17027,3988,259,317
6616,6616,11464,2231,166,210
6617,6617,36841,7394,1841,344
6618,6618,37056,13787,3050,256
6619,6619,45047,11983,963,1103
6620,6620,27940,6054,1575,305
6621,6621,38050,13432,2955,807
6622,6622,46967,13792,1536,681
6623,6623,1827,529,93,41
6624,6624,43468,12859,2192,267
6625,6625,2516,644,45,56
6626,6626,7535,2894,843,209
6627,6627,30933,5699,628,588
6628,6628,2807,1090,237,72
6629,6629,22013,3990,415,113
6630,6630,25334,4415,342,621
6631,6631,6275,2112,527,79
6632,6632,18009,7751,1202,302
6633,6633,41424,11127,1497,1059
6634,6634,40324,8299,1302,280
6635,6635,29782,8453,1868,235
6636,6636,45284,13599,2091,386
6637,6637,28895,6419,889,221
6638,6638,49639,13428,3454,1394
6639,6639,29876,9356,2666,427
6640,6640,33402,7089,528,621
6641,6641,35390,10381,1262,1055
6642,6642,11870,4378,456,253
6643,6643,48014,18169,2219,697
6644,6644,5511,1325,327,149
6645,6645,12528,3736,378,131
6646,6646,20454,8906,691,514
6647,6647,28269,10847,2397,264
6648,6648,44970,8125,783,799
6649,6649,8385,2769,824,196
6650,6650,14579,6067,933,247
6651,6651,17400,4636,668,511
6652,6652,26395,8656,2385,743
6653,6653,15185,3997,758,440
6654,6654,1195,189,35,20
6655,6655,40541,17276,1847,941
6656,6656,46226,18623,4495,897
6657,6657,12870,4813,415,371
6658,6658,39919,7348,1550,681
6659,6659,4778,1266,252,57
6660,6660,3862,1631,101,91
6661,6661,45930,8889,653,853
6662,6662,12163,2292,204,206
6663,6663,34986,7269,522,274
6664,6664,46647,15161,4506,700
6665,6665,4501,1820,309,98
6666,6666,35460,11838,2930,821
6667,6667,44002,9927,1927,1203
6668,6668,39118,13076,2694,251
6669,6669,11566,4961,415,199
6670,6670,8233,1924,506,203
6671,6671,28361,7282,1707,533
6672,6672,36031,12570,3754,983
6673,6673,1616,452,78,33
6674,6674,45873,18635,4962,588
6675,6675,16941,3022,459,435
6676,6676,12020,3953,1167,170
6677,6677,24094,6856,647,642
6678,6678,28159,5096,1014,569
6679,6679,15281,4529,861,103
6680,6680,38614,15513,1594,1016
6681,6681,47565,15553,3035,933
6682,6682,26687,8249,2366,598
6683,6683,8459,3206,675,45
6684,6684,6037,1677,290,58
6685,6685,45778,16419,1292,482
6686,6686,46288,9643,2702,1159
6687,6687,16864,2918,593,306
6688,6688,18547,6000,1431,113
6689,6689,46170,15264,977,780
6690,6690,11704,3867,918,167
6691,6691,22817,6869,930,354
6692,6692,16362,5792,1617,306
6693,6693,9104,1783,468,272
6694,6694,15275,5057,447,424
6695,6695,23414,4255,1073,157
6696,6696,40334,14527,1395,763
6697,6697,5375,1821,474,148
6698,6698,17650,7053,1882,484
6699,6699,7966,3151,938,180
6700,6700,27595,10853,872,511
6701,6701,16287,5235,603,186
6702,6702,14625,5367,1012,189
6703,6703,7148,1745,182,45
6704,6704,16883,2576,625,282
6705,6705,27210,8337,1952,663
6706,6706,41747,6839,1345,934
6707,6707,21044,5444,1345,388
6708,6708,9887,3350,933,57
6709,6709,41060,13615,1279,315
6710,6710,32683,11138,3040,431
6711,6711,7091,1954,345,47
6712,6712,14513,3116,640,142
6713,6713,29101,8318,1410,244
6714,6714,32380,11237,2546,950
6715,6715,47291,20144,2546,1005
6716,6716,43358,8724,2292,509
6717,6717,46111,15448,4169,1198
6718,6718,16042,6308,412,350
6719,6719,17097,3512,381,219
6720,6720,1944,346,64,41
6721,6721,21316,5053,465,511
6722,6722,37224,15328,1803,809
6723,6723,44788,7132,1592,497
6724,6724,25107,3821,765,401
6725,6725,24005,8652,2461,190
6726,6726,49223,14984,3211,1451
6727,6727,28297,12646,657,709
6728,6728,19678,3560,618,193
6729,6729,36333,12208,808,356
6730,6730,3551,873,224,29
6731,6731,22285,9962,2202,458
6732,6732,34329,14513,1375,909
6733,6733,44738,18814,4608,254
6734,6734,14083,3457,448,164
6735,6735,38873,12753,1196,810
6736,6736,12436,2767,402,180
6737,6737,39213,13692,4104,784
6738,6738,12002,3852,417,221
6739,6739,7112,2280,166,47
6740,6740,36505,14044,1375,800
6741,6741,41705,16177,3977,527
6742,6742,19379,6707,1775,239
6743,6743,25808,7158,675,609
6744,6744,18705,5107,512,233
6745,6745,34907,10878,1169,382
6746,6746,14676,4282,323,424
6747,6747,35525,9391,2588,403
6748,6748,3443,1040,253,48
6749,6749,19872,4028,452,378
6750,6750,26147,11325,3240,493
6751,6751,23513,3673,430,317
6752,6752,2422,782,107,71
6753,6753,37663,12808,3637,948
6754,6754,25459,8468,2284,713
6755,6755,42389,17366,1948,664
6756,6756,40652,16752,2604,535
6757,6757,22149,7315,1900,371
6758,6758,22504,3678,604,564
6759,6759,35277,7423,440,698
6760,6760,39581,9977,839,701
6761,6761,30840,6589,782,373
6762,6762,48823,16265,2447,704
6763,6763,29418,8204,1618,596
6764,6764,17922,5145,782,137
6765,6765,46893,19038,4009,1256
6766,6766,29392,9560,681,338
6767,6767,29856,12612,885,868
6768,6768,15083,5875,676,434
6769,6769,47912,20587,3335,642
6770,6770,32485,12954,2004,753
6771,6771,1003,346,23,23
6772,6772,28680,12421,2751,418
6773,6773,44397,10555,2013,1024
6774,6774,12842,2713,606,375
6775,6775,25113,8367,1756,398
6776,6776,34890,8663,2345,1039
6777,6777,19234,4755,1318,406
6778,6778,27801,7577,1718,688
6779,6779,16029,4734,604,134
6780,6780,47657,17862,2073,450
6781,6781,37765,10588,1777,852
6782,6782,39523,7918,1051,638
6783,6783,20704,9061,2366,274
6784,6784,45727,18646,3444,1224
6785,6785,33145,9225,858,477
6786,6786,20716,6302,1559,429
6787,6787,17342,5292,644,192
6788,6788,27686,11291,3015,602
6789,6789,13836,3416,470,75
6790,6790,6543,1024,71,157
6791,6791,29788,9376,1353,397
6792,6792,41002,14127,711,506
6793,6793,34011,13872,1204,908
6794,6794,47406,14075,1936,682
6795,6795,32119,5287,550,423
6796,6796,10612,1756,173,165
6797,6797,17628,4252,511,365
6798,6798,17919,4854,1190,258
6799,6799,49414,18066,1953,910
6800,6800,45188,19833,1964,644
6801,6801,45540,12591,2130,1186
6802,6802,4133,1176,123,33
6803,6803,30261,7275,1939,500
6804,6804,29049,5865,899,243
6805,6805,17056,7384,1189,218
6806,6806,3696,1119,308,69
6807,6807,40679,12061,2098,1000
6808,6808,25532,8527,1884,542
6809,6809,19694,7912,1805,166
6810,6810,24209,9793,1581,399
6811,6811,17629,7288,1948,512
6812,6812,16730,4899,815,316
6813,6813,19441,3062,820,108
6814,6814,32458,8970,1243,412
6815,6815,30173,7700,958,208
6816,6816,31879,12112,2579,325
6817,6817,41762,13635,3370,880
6818,6818,4048,1300,155,23
6819,6819,27806,7279,1013,490
6820,6820,16870,6300,1452,229
6821,6821,35428,15763,3942,757
6822,6822,28699,7451,1009,272
6823,6823,14125,5783,477,215
6824,6824,3090,1048,292,67
6825,6825,1883,769,45,31
6826,6826,38396,14247,962,898
6827,6827,21163,6888,1641,297
6828,6828,28617,4960,992,690
6829,6829,33890,10855,2538,875
6830,6830,6265,1102,83,170
6831,6831,33924,7277,2113,837
6832,6832,19132,5175,357,444
6833,6833,31827,9058,2543,565
6834,6834,43461,11843,2033,217
6835,6835,48221,13910,2724,723
6836,6836,43657,17792,4598,815
6837,6837,10650,3860,208,152
6838,6838,9727,2535,344,194
6839,6839,25571,3964,834,171
6840,6840,48076,9577,1035,518
6841,6841,48840,9970,2254,850
6842,6842,19728,8021,1033,512
6843,6843,45591,10148,1864,427
6844,6844,11195,1904,121,74
6845,6845,6782,2099,302,86
6846,6846,21154,6035,669,397
6847,6847,6917,1563,364,121
6848,6848,11987,2737,341,150
6849,6849,9401,1417,186,108
6850,6850,7757,1202,329,208
6851,6851,11910,5060,538,209
6852,6852,43279,9421,1312,305
6853,6853,45692,16444,4355,700
6854,6854,33564,9858,728,243
6855,6855,14340,6103,421,313
6856,6856,1567,301,53,15
6857,6857,28420,10848,1991,197
6858,6858,14765,6426,1824,360
6859,6859,24899,8498,1898,428
6860,6860,40473,10051,2705,1018
6861,6861,4793,1881,339,108
6862,6862,45395,17617,1215,420
6863,6863,37306,16554,2194,939
6864,6864,8248,2169,295,169
6865,6865,15098,4701,1342,112
6866,6866,15440,3756,903,297
6867,6867,36896,15402,3717,859
6868,6868,13850,6068,402,158
6869,6869,26243,5425,443,529
6870,6870,12340,3005,268,274
6871,6871,25246,8136,1921,279
6872,6872,4409,1772,414,33
6873,6873,5149,1567,138,142
6874,6874,20345,3605,258,469
6875,6875,6775,1415,100,183
6876,6876,24354,6301,1652,701
6877,6877,22019,4778,465,555
6878,6878,20453,3130,501,147
6879,6879,47675,8578,530,1430
6880,6880,49522,13478,2742,622
6881,6881,21503,5288,802,558
6882,6882,29321,6486,1621,385
6883,6883,20895,3884,736,613
6884,6884,40166,13146,1121,1143
6885,6885,40187,9245,815,619
6886,6886,45855,8006,1637,1070
6887,6887,7748,1215,355,216
6888,6888,26063,11589,1681,531
6889,6889,2131,357,85,55
6890,6890,47027,17306,3618,423
6891,6891,17387,3306,776,262
6892,6892,10266,2825,496,83
6893,6893,46024,8059,2036,639
6894,6894,42814,11586,2463,621
6895,6895,41519,13308,1934,359
6896,6896,35673,7422,873,689
6897,6897,47426,8342,425,646
6898,6898,16099,3086,771,335
6899,6899,42520,10864,894,353
6900,6900,42110,12075,2727,376
6901,6901,2999,491,103,49
6902,6902,18519,5882,1199,432
6903,6903,17651,6910,1306,502
6904,6904,10486,3492,251,140
6905,6905,48003,18885,2507,1435
6906,6906,43108,6764,1910,1200
6907,6907,34817,9394,2362,212
6908,6908,37203,5900,1462,959
6909,6909,18180,2796,687,475
6910,6910,32267,7390,2133,483
6911,6911,40779,17935,1083,794
6912,6912,17854,7341,1531,523
6913,6913,39300,11849,1882,1142
6914,6914,18012,3805,279,265
6915,6915,42091,16933,2672,352
6916,6916,34739,11035,2016,978
6917,6917,30019,11059,1606,469
6918,6918,41196,13884,1519,418
6919,6919,44188,19340,2981,362
6920,6920,10047,4048,225,72
6921,6921,7402,2885,770,139
6922,6922,1597,681,116,31
6923,6923,44608,16771,4622,311
6924,6924,38841,12996,1346,210
6925,6925,22579,4208,968,257
6926,6926,35147,11459,3409,459
6927,6927,17114,5442,1565,329
6928,6928,21187,3644,830,170
6929,6929,31120,12219,2844,900
6930,6930,16293,3947,323,178
6931,6931,24488,10157,2938,372
6932,6932,15093,5160,1315,200
6933,6933,15487,2908,676,268
6934,6934,37476,8497,1509,671
6935,6935,42077,12985,3149,1088
6936,6936,22740,6003,1291,450
6937,6937,11931,3105,670,257
6938,6938,44486,9149,2483,806
6939,6939,11797,4306,1185,283
6940,6940,8260,2544,225,118
6941,6941,3735,1049,186,50
6942,6942,36073,13283,2927,930
6943,6943,32782,13833,2901,575
6944,6944,41030,17836,2133,1027
6945,6945,15339,4507,528,184
6946,6946,22328,8915,1504,193
6947,6947,16142,4152,415,459
6948,6948,22127,9274,2048,502
6949,6949,40301,13644,3833,906
6950,6950,33017,7671,1742,961
6951,6951,6700,2948,194,140
6952,6952,35508,9435,2564,1001
6953,6953,29084,8234,1977,755
6954,6954,43723,8103,1655,757
6955,6955,17854,4470,523,270
6956,6956,21859,3750,523,459
6957,6957,21360,8886,1802,342
6958,6958,40246,11189,3175,209
6959,6959,4265,1363,138,99
6960,6960,13038,2194,170,320
6961,6961,3466,609,142,67
6962,6962,43743,14950,1392,525
6963,6963,9274,2849,683,229
6964,6964,15088,3645,786,138
6965,6965,26006,7101,441,538
6966,6966,17648,4954,1107,509
6967,6967,42534,17535,5132,504
6968,6968,14368,3002,375,73
6969,6969,22865,9400,1500,252
6970,6970,35536,9585,2843,609
6971,6971,23670,5867,693,639
6972,6972,23613,5277,467,350
6973,6973,41308,17232,2949,482
6974,6974,27404,9314,786,230
6975,6975,42230,10550,1071,1187
6976,6976,20589,6942,456,411
6977,6977,11037,4008,1023,151
6978,6978,30127,11197,3150,266
6979,6979,33853,8779,532,999
6980,6980,24423,10769,2484,640
6981,6981,43533,17479,1824,485
6982,6982,2285,804,131,61
6983,6983,36980,7086,1973,542
6984,6984,28314,6454,1843,404
6985,6985,32306,11061,1291,765
6986,6986,1165,330,66,30
6987,6987,32489,12964,914,797
6988,6988,37869,13598,3869,764
6989,6989,5238,1502,215,35
6990,6990,38525,13609,1624,285
6991,6991,21107,6990,638,214
6992,6992,7573,2111,250,140
6993,6993,35079,13252,3180,629
6994,6994,43211,10841,2087,510
6995,6995,30159,8453,1224,391
6996,6996,3405,1002,140,42
6997,6997,41157,9424,2341,422
6998,6998,21048,4563,1101,387
6999,6999,44073,13124,1759,672
7000,7000,37941,7679,654,192
7001,7001,39159,8994,1826,1074
7002,7002,32907,8933,2567,362
7003,7003,8376,2125,297,139
7004,7004,9191,4119,889,71
7005,7005,22825,7829,1296,604
7006,7006,19857,6639,768,428
7007,7007,44205,10110,1861,368
7008,7008,24094,10427,1742,421
7009,7009,27298,6179,653,320
7010,7010,48921,16641,2117,725
7011,7011,22548,9304,1335,233
7012,7012,44593,10890,1191,384
7013,7013,25033,11015,1513,136
7014,7014,45181,16941,4174,1170
7015,7015,32849,12287,1540,564
7016,7016,33871,6073,924,206
7017,7017,35793,13673,1580,751
7018,7018,13675,3735,409,321
7019,7019,43939,16966,3554,707
7020,7020,20699,3218,242,310
7021,7021,39856,17900,2884,913
7022,7022,17677,6520,1129,349
7023,7023,48209,18936,4831,536
7024,7024,20060,3758,516,260
7025,7025,23285,10441,1874,242
7026,7026,19572,5125,1238,116
7027,7027,31243,4924,995,459
7028,7028,2264,392,53,49
7029,7029,44191,17849,4274,705
7030,7030,3311,1430,235,81
7031,7031,18675,6020,1036,295
7032,7032,40150,8167,1488,515
7033,7033,7413,1996,450,57
7034,7034,24931,8064,1976,538
7035,7035,39363,10914,1642,442
7036,7036,13972,5409,928,153
7037,7037,45158,17551,3963,896
7038,7038,3980,1180,193,33
7039,7039,36280,7775,1903,1058
7040,7040,16104,6284,1602,383
7041,7041,41114,6257,738,254
7042,7042,31677,13406,1708,548
7043,7043,21300,9428,1005,322
7044,7044,45064,19236,2470,1027
7045,7045,48656,15586,2500,1240
7046,7046,5099,2219,259,148
7047,7047,13846,4999,1317,377
7048,7048,1721,601,167,37
7049,7049,15963,6247,1521,254
7050,7050,24904,7924,700,637
7051,7051,34663,7009,1839,330
7052,7052,44869,12317,3377,752
7053,7053,39751,17243,3912,993
7054,7054,10272,4272,1136,185
7055,7055,29125,12573,954,735
7056,7056,45054,8493,841,1128
7057,7057,5951,1363,292,77
7058,7058,11424,4472,315,88
7059,7059,33062,12792,2387,831
7060,7060,10617,4277,1079,282
7061,7061,26841,11891,2850,437
7062,7062,18308,6201,733,510
7063,7063,46879,10052,1444,1194
7064,7064,19360,4567,315,348
7065,7065,46058,14264,3744,1272
7066,7066,23453,4118,599,381
7067,7067,34502,15177,3366,297
7068,7068,14505,4580,971,268
7069,7069,46220,15157,2442,1330
7070,7070,29104,8844,2167,536
7071,7071,19314,7891,2247,222
7072,7072,44958,8558,487,308
7073,7073,44376,13608,1355,580
7074,7074,4910,2061,160,78
7075,7075,36501,7742,1140,360
7076,7076,34302,10102,2469,960
7077,7077,31717,13396,824,612
7078,7078,28642,9979,1704,220
7079,7079,36616,8098,1346,315
7080,7080,40564,10625,1814,866
7081,7081,46157,18532,3875,444
7082,7082,7147,2141,129,133
7083,7083,34826,9348,582,435
7084,7084,33833,9032,1748,206
7085,7085,44993,8933,2333,960
7086,7086,27254,6186,973,339
7087,7087,39589,13217,1986,517
7088,7088,45871,17239,3487,252
7089,7089,17395,6763,1300,506
7090,7090,48141,17470,2998,259
7091,7091,20553,3888,985,615
7092,7092,47213,20698,3366,298
7093,7093,37196,6351,1688,705
7094,7094,7543,1556,464,64
7095,7095,26641,7708,406,317
7096,7096,8724,3823,1072,58
7097,7097,17316,5909,883,146
7098,7098,23343,10172,1529,118
7099,7099,12418,2283,440,350
7100,7100,2643,832,147,37
7101,7101,19110,5815,496,498
7102,7102,40549,8903,2164,575
7103,7103,16125,6075,1560,158
7104,7104,41734,14257,728,586
7105,7105,16683,6933,912,118
7106,7106,21414,5383,610,414
7107,7107,46237,16728,1347,1243
7108,7108,49129,8570,529,1237
7109,7109,6795,1326,246,66
7110,7110,38444,9577,1707,802
7111,7111,47303,13938,2711,1338
7112,7112,23208,9107,2418,379
7113,7113,33294,14272,1004,570
7114,7114,2758,572,77,48
7115,7115,4734,1978,248,39
7116,7116,46786,12379,1640,1360
7117,7117,17604,5497,593,367
7118,7118,37390,12233,1250,605
7119,7119,37609,8562,2046,614
7120,7120,27457,7887,2101,436
7121,7121,4974,760,91,63
7122,7122,43995,17722,5011,1098
7123,7123,30821,10876,2360,333
7124,7124,6244,2133,358,68
7125,7125,15919,3466,402,394
7126,7126,48353,17773,2369,1154
7127,7127,33759,14139,1640,901
7128,7128,8622,3309,415,103
7129,7129,35952,14655,2882,809
7130,7130,29756,10938,1140,235
7131,7131,7077,3165,464,186
7132,7132,19973,3967,249,396
7133,7133,39251,16379,2292,765
7134,7134,20588,8046,1234,163
7135,7135,8045,1330,383,156
7136,7136,26703,6462,1049,327
7137,7137,49705,12691,1717,434
7138,7138,38045,14726,1294,558
7139,7139,38789,8263,1460,454
7140,7140,45584,7175,723,239
7141,7141,34257,7788,1723,623
7142,7142,23863,8888,469,378
7143,7143,48419,15834,3156,1358
7144,7144,43595,15927,2419,456
7145,7145,9664,4150,1018,163
7146,7146,41946,15950,2563,671
7147,7147,30898,8704,1250,186
7148,7148,43877,9281,1774,1124
7149,7149,10457,2748,478,206
7150,7150,49852,19560,5490,336
7151,7151,6596,1098,175,72
7152,7152,24435,4568,860,378
7153,7153,13283,4625,268,245
7154,7154,43805,18612,2267,398
7155,7155,13621,4839,1181,85
7156,7156,10378,2228,439,111
7157,7157,19345,5101,1259,490
7158,7158,2804,1122,323,40
7159,7159,17946,6502,1430,90
7160,7160,41106,10405,859,555
7161,7161,36237,15001,1961,308
7162,7162,21022,3723,656,232
7163,7163,47884,19172,1116,697
7164,7164,18360,4151,1126,346
7165,7165,19826,6136,1503,267
7166,7166,7988,1477,287,190
7167,7167,35097,13512,1540,493
7168,7168,21382,9009,1642,110
7169,7169,17225,7619,1162,513
7170,7170,9651,2504,626,163
7171,7171,28805,9079,1901,465
7172,7172,27010,4273,406,289
7173,7173,39672,17268,1592,445
7174,7174,5925,2518,147,162
7175,7175,41726,18386,5072,792
7176,7176,28178,12024,3461,687
7177,7177,44373,8409,2125,849
7178,7178,32721,6473,1756,570
7179,7179,46853,8100,2027,1177
7180,7180,38184,9877,1503,741
7181,7181,8412,2457,532,124
7182,7182,20688,3816,198,204
7183,7183,12976,4055,716,217
7184,7184,2270,561,126,21
7185,7185,32959,8030,1776,288
7186,7186,2389,463,41,53
7187,7187,1237,216,58,17
7188,7188,25023,10863,724,297
7189,7189,33655,11303,2426,754
7190,7190,4640,1904,223,71
7191,7191,31570,7761,1823,773
7192,7192,24298,4892,1077,468
7193,7193,17571,4089,1048,188
7194,7194,48271,13007,2215,1337
7195,7195,23390,5559,1032,665
7196,7196,13362,2812,543,191
7197,7197,33336,6418,702,629
7198,7198,27076,8406,1774,423
7199,7199,6762,2767,370,199
7200,7200,11061,2419,363,76
7201,7201,49596,17313,2346,1120
7202,7202,41695,14187,734,588
7203,7203,48341,8800,1391,978
7204,7204,32679,11463,652,268
7205,7205,5824,1872,115,152
7206,7206,11140,3508,807,90
7207,7207,15866,5735,1676,257
7208,7208,1245,497,96,32
7209,7209,32235,10497,1851,639
7210,7210,7759,1963,571,161
7211,7211,25376,10768,2720,175
7212,7212,14828,5792,1224,105
7213,7213,40422,8062,442,997
7214,7214,22905,9142,1507,513
7215,7215,8254,3701,1076,230
7216,7216,20597,6557,1094,225
7217,7217,28003,5531,456,560
7218,7218,34890,14922,1632,235
7219,7219,20685,7155,2061,603
7220,7220,31790,11707,1274,893
7221,7221,29458,10678,1764,273
7222,7222,17900,4280,893,177
7223,7223,23453,9568,1967,388
7224,7224,33467,6674,1959,482
7225,7225,32231,5901,1628,767
7226,7226,21144,4584,823,463
7227,7227,3818,1529,310,73
7228,7228,15836,3659,671,86
7229,7229,20452,3836,643,544
7230,7230,4313,1457,335,82
7231,7231,1621,535,82,22
7232,7232,15945,4677,382,430
7233,7233,27575,7295,1785,616
7234,7234,10071,1891,218,89
7235,7235,3166,684,167,34
7236,7236,40022,15134,3472,468
7237,7237,42256,18692,5198,928
7238,7238,10719,3108,239,244
7239,7239,31154,6396,611,397
7240,7240,5314,1209,350,70
7241,7241,38458,16956,901,203
7242,7242,5310,1627,132,107
7243,7243,15599,3357,444,283
7244,7244,49297,11430,2860,448
7245,7245,38696,12058,1333,961
7246,7246,43426,16440,3355,960
7247,7247,46451,13674,2313,1317
7248,7248,24128,5422,1077,596
7249,7249,11889,3321,923,279
7250,7250,31472,11599,1265,412
7251,7251,3798,1389,119,72
7252,7252,38660,6238,1826,247
7253,7253,20701,8336,1264,550
7254,7254,43265,10536,910,760
7255,7255,17345,6983,1581,224
7256,7256,44165,19057,4356,534
7257,7257,43028,9663,1450,745
7258,7258,10411,3823,907,243
7259,7259,30024,13063,3303,351
7260,7260,38414,8350,827,1110
7261,7261,45820,14771,2907,546
7262,7262,14894,5537,1206,396
7263,7263,46147,11722,2090,874
7264,7264,15577,3899,388,400
7265,7265,34485,6192,652,189
7266,7266,32549,7152,966,674
7267,7267,45512,9669,920,489
7268,7268,21330,3848,364,262
7269,7269,32172,13834,766,619
7270,7270,25530,5291,1347,228
7271,7271,16841,3688,225,469
7272,7272,27198,4472,501,225
7273,7273,7280,2880,494,52
7274,7274,24363,6024,1595,154
7275,7275,39519,17262,2014,1183
7276,7276,4429,1027,90,93
7277,7277,46028,16226,4649,682
7278,7278,5666,983,201,80
7279,7279,25396,10329,856,274
7280,7280,3332,1440,349,22
7281,7281,6972,2812,718,162
7282,7282,23626,9947,1365,556
7283,7283,48790,17397,3528,553
7284,7284,5481,1835,492,42
7285,7285,46351,13866,3315,646
7286,7286,8947,3742,554,223
7287,7287,12382,5418,1126,102
7288,7288,19197,5238,284,472
7289,7289,8885,3318,277,233
7290,7290,44997,15788,2906,635
7291,7291,47931,13409,1729,250
7292,7292,1050,301,85,13
7293,7293,19950,3913,503,380
7294,7294,26258,7885,1100,559
7295,7295,40036,11354,3057,506
7296,7296,45947,9866,2871,257
7297,7297,34107,5546,1338,202
7298,7298,3892,675,81,92
7299,7299,49020,8765,547,510
7300,7300,10751,3178,566,188
7301,7301,7433,2314,235,89
7302,7302,26607,9230,1351,294
7303,7303,35275,6496,1895,593
7304,7304,36104,13364,964,918
7305,7305,24148,10378,2934,148
7306,7306,23971,8109,1745,348
7307,7307,27231,10283,1892,245
7308,7308,32367,6564,384,549
7309,7309,11229,4091,364,56
7310,7310,42832,19062,1488,930
7311,7311,20030,5693,1184,329
7312,7312,24049,6637,361,430
7313,7313,48654,17872,4383,1410
7314,7314,15545,2563,384,250
7315,7315,35106,13272,2601,1043
7316,7316,25328,4583,521,745
7317,7317,40817,12840,1963,1113
7318,7318,18053,4806,556,106
7319,7319,29493,7776,1390,455
7320,7320,25417,4333,824,611
7321,7321,7617,1334,168,120
7322,7322,24009,8418,2095,612
7323,7323,14580,6547,734,346
7324,7324,34015,5600,1156,543
7325,7325,39572,17000,919,229
7326,7326,23904,7381,2142,375
7327,7327,15019,3335,558,254
7328,7328,16856,2621,262,243
7329,7329,46056,14607,1125,1131
7330,7330,28242,5149,621,480
7331,7331,11072,1702,129,128
7332,7332,4773,914,131,121
7333,7333,23086,5687,1220,690
7334,7334,20384,6664,385,608
7335,7335,48180,7754,1480,1347
7336,7336,14682,4704,818,305
7337,7337,16525,5058,857,210
7338,7338,7382,1974,105,184
7339,7339,19487,4377,459,424
7340,7340,2802,445,31,29
7341,7341,11314,3784,774,120
7342,7342,2163,643,188,25
7343,7343,29683,13282,2544,626
7344,7344,21584,9650,1479,317
7345,7345,34553,11601,2590,483
7346,7346,35201,11675,1685,303
7347,7347,11171,3191,420,168
7348,7348,1273,254,28,10
7349,7349,19806,3202,466,330
7350,7350,7690,1579,110,109
7351,7351,37953,14079,3611,286
7352,7352,34854,14124,1292,925
7353,7353,1784,447,68,28
7354,7354,47506,14854,1168,450
7355,7355,38952,7327,1332,480
7356,7356,19049,5634,1146,373
7357,7357,26009,10140,1562,342
7358,7358,32040,8563,1119,602
7359,7359,19471,4689,416,167
7360,7360,18008,6450,563,331
7361,7361,26748,5548,375,714
7362,7362,16381,4727,591,98
7363,7363,5828,2338,626,162
7364,7364,3068,1100,159,44
7365,7365,39480,15541,4351,975
7366,7366,40602,15374,3342,617
7367,7367,26115,4585,531,738
7368,7368,7063,2910,558,166
7369,7369,7680,3028,760,156
7370,7370,49079,12004,3445,1418
7371,7371,45337,14950,4067,1049
7372,7372,27817,8847,1922,286
7373,7373,5154,2271,238,35
7374,7374,7110,1488,100,53
7375,7375,37855,12872,1647,1087
7376,7376,23400,9979,2238,252
7377,7377,21634,7374,1188,425
7378,7378,1145,278,45,20
7379,7379,28136,4231,999,698
7380,7380,26322,7527,933,669
7381,7381,31066,9567,643,309
7382,7382,18214,7154,990,505
7383,7383,18810,4597,373,453
7384,7384,30997,7700,2265,619
7385,7385,4581,1312,153,48
7386,7386,30473,6998,1431,594
7387,7387,35423,10093,2029,380
7388,7388,40875,7437,797,968
7389,7389,41296,9773,942,856
7390,7390,20690,3543,915,112
7391,7391,11998,3335,841,165
7392,7392,5283,1906,360,72
7393,7393,26990,6003,1328,159
7394,7394,2753,1235,247,58
7395,7395,20354,5538,407,265
7396,7396,26963,4347,1229,149
7397,7397,19408,5477,1575,291
7398,7398,40285,9672,1841,981
7399,7399,42690,13881,2494,503
7400,7400,17536,5348,892,481
7401,7401,17151,4657,356,509
7402,7402,30884,12025,613,209
7403,7403,32869,14294,3449,346
7404,7404,32488,7925,2194,646
7405,7405,14237,5620,1593,229
7406,7406,7767,1422,385,124
7407,7407,38600,13936,2170,243
7408,7408,3392,791,44,95
7409,7409,18566,4381,313,543
7410,7410,24374,6099,1207,394
7411,7411,15906,3494,756,285
7412,7412,44489,14209,2156,1002
7413,7413,23442,6146,555,449
7414,7414,8136,2392,526,207
7415,7415,48637,10711,1188,244
7416,7416,4630,1126,251,90
7417,7417,12803,3398,513,175
7418,7418,48142,12794,996,1130
7419,7419,32301,11120,1824,245
7420,7420,30781,6615,1269,387
7421,7421,29021,10399,922,512
7422,7422,48032,17619,4973,475
7423,7423,49906,19639,5021,1304
7424,7424,25649,10448,3055,284
7425,7425,41745,8183,1389,1056
7426,7426,37268,10657,779,839
7427,7427,16822,3903,391,136
7428,7428,32562,13846,2044,925
7429,7429,29208,4432,624,614
7430,7430,32305,13303,3408,535
7431,7431,9211,1708,391,135
7432,7432,23216,3653,819,457
7433,7433,41131,8489,2285,976
7434,7434,26765,6441,657,530
7435,7435,46479,15281,823,1323
7436,7436,44425,19687,4163,622
7437,7437,1321,533,57,30
7438,7438,17419,6069,1024,452
7439,7439,7491,2751,815,111
7440,7440,49979,16241,1424,652
7441,7441,40605,16247,3446,537
7442,7442,41706,17815,2625,264
7443,7443,4139,1448,356,103
7444,7444,8280,2899,688,58
7445,7445,22410,6212,955,586
7446,7446,31125,6466,740,352
7447,7447,49954,16836,3006,423
7448,7448,6748,2743,137,147
7449,7449,37440,11366,2429,368
7450,7450,20854,7294,1049,402
7451,7451,4357,1652,366,118
7452,7452,47457,18791,4945,804
7453,7453,13887,4890,511,90
7454,7454,44601,10201,828,977
7455,7455,31553,13713,1525,940
7456,7456,24776,10921,2524,167
7457,7457,10076,1893,128,300
7458,7458,36844,7032,597,562
7459,7459,6348,1954,578,162
7460,7460,8966,2637,173,185
7461,7461,48040,10424,596,467
7462,7462,18157,6888,1533,288
7463,7463,16645,4611,448,463
7464,7464,40943,13401,2056,678
7465,7465,18951,2927,324,201
7466,7466,38840,13591,3102,907
7467,7467,44161,9004,1222,1091
7468,7468,35973,7005,1903,903
7469,7469,30767,13028,1220,836
7470,7470,16754,4830,555,437
7471,7471,38202,9407,2493,1085
7472,7472,21514,4421,900,517
7473,7473,17917,4306,775,430
7474,7474,17273,6743,1596,271
7475,7475,47102,17375,2758,368
7476,7476,8611,1483,364,90
7477,7477,4036,1121,62,91
7478,7478,2607,641,112,18
7479,7479,22885,5610,768,500
7480,7480,46498,7752,1628,684
7481,7481,11937,4583,837,336
7482,7482,4416,889,123,32
7483,7483,10957,1695,393,316
7484,7484,16425,4769,377,155
7485,7485,48479,21330,3174,269
7486,7486,10552,2185,387,71
7487,7487,1439,291,37,30
7488,7488,39629,12694,2188,960
7489,7489,48283,13838,3864,930
7490,7490,40429,16138,4747,1064
7491,7491,21699,8225,549,630
7492,7492,10571,2393,389,233
7493,7493,5816,984,215,172
7494,7494,30887,4742,1079,483
7495,7495,24274,6502,1386,644
7496,7496,7820,1415,199,147
7497,7497,48859,19790,2005,281
7498,7498,1944,608,85,56
7499,7499,3101,1156,204,26
7500,7500,11887,4023,1201,225
7501,7501,34507,10003,2904,895
7502,7502,12225,4765,285,205
7503,7503,47931,14691,1479,445
7504,7504,29926,6549,1026,413
7505,7505,20045,6282,548,101
7506,7506,9764,1483,302,255
7507,7507,37071,8840,1645,420
7508,7508,45133,7709,1699,406
7509,7509,41178,14801,3559,421
7510,7510,26923,6673,595,626
7511,7511,22445,5746,418,510
7512,7512,2200,961,260,12
7513,7513,8525,2860,635,206
7514,7514,47530,8967,1410,443
7515,7515,46225,7594,778,243
7516,7516,30608,5827,641,182
7517,7517,49878,17270,1860,1128
7518,7518,13478,4729,1043,362
7519,7519,42926,9975,2981,569
7520,7520,14415,4645,1370,348
7521,7521,10276,4159,790,273
7522,7522,8330,3426,778,87
7523,7523,28657,11522,2836,581
7524,7524,37579,10949,2397,196
7525,7525,14522,5916,671,173
7526,7526,17562,2972,162,131
7527,7527,26622,6100,1013,153
7528,7528,36821,8697,2149,489
7529,7529,2800,503,116,20
7530,7530,27687,6639,1294,424
7531,7531,46435,9332,474,382
7532,7532,7284,1352,69,185
7533,7533,43873,14607,3673,894
7534,7534,47208,12968,3017,1148
7535,7535,9006,2242,203,119
7536,7536,11472,4123,923,95
7537,7537,37220,16028,2101,965
7538,7538,13655,6079,1288,285
7539,7539,16401,4181,492,105
7540,7540,46838,18981,2401,1399
7541,7541,12426,5362,1268,272
7542,7542,40047,10381,2521,287
7543,7543,22601,8653,2200,293
7544,7544,45946,12893,1229,741
7545,7545,36605,11554,1089,219
7546,7546,6403,2849,339,126
7547,7547,16594,2588,717,231
7548,7548,35973,15010,2654,815
7549,7549,39863,11610,3009,629
7550,7550,21283,8471,701,430
7551,7551,15430,4017,906,447
7552,7552,20334,7080,999,548
7553,7553,3961,981,243,75
7554,7554,30029,7397,1286,606
7555,7555,6784,1235,119,110
7556,7556,39824,15501,1641,904
7557,7557,22715,6594,1931,364
7558,7558,17391,4304,1149,132
7559,7559,26497,3979,765,723
7560,7560,24373,10733,2067,677
7561,7561,3554,1383,106,48
7562,7562,12002,2453,598,120
7563,7563,47485,14554,3554,309
7564,7564,34686,7239,1191,763
7565,7565,5610,1060,187,109
7566,7566,34830,11355,2615,180
7567,7567,33495,7845,2162,787
7568,7568,17149,6330,1222,409
7569,7569,32402,10472,2775,643
7570,7570,31575,5732,1585,417
7571,7571,26817,11545,3210,708
7572,7572,15439,3294,722,365
7573,7573,35016,12360,3344,302
7574,7574,24953,9236,2685,474
7575,7575,41289,12536,2233,314
7576,7576,17921,6859,2004,299
7577,7577,46657,10395,2369,1279
7578,7578,1560,535,89,27
7579,7579,19649,6575,1939,515
7580,7580,48710,16855,2095,580
7581,7581,31313,11122,2342,354
7582,7582,21296,4964,1303,129
7583,7583,27410,8893,2286,646
7584,7584,9876,2623,636,134
7585,7585,43873,9637,2333,1130
7586,7586,38227,6985,1032,1086
7587,7587,49078,11176,1511,1045
7588,7588,34776,7399,1500,460
7589,7589,42069,14347,3809,989
7590,7590,31281,12315,2783,603
7591,7591,29127,7548,1990,473
7592,7592,15612,6659,1160,240
7593,7593,37186,6381,1079,473
7594,7594,15292,6840,1499,263
7595,7595,46444,9899,2959,989
7596,7596,7413,2905,755,123
7597,7597,26423,4707,1319,552
7598,7598,13668,3347,188,282
7599,7599,33239,10050,1050,651
7600,7600,10739,2225,509,188
7601,7601,19515,3007,830,297
7602,7602,39526,13091,1079,745
7603,7603,45703,17355,4026,484
7604,7604,10059,4314,952,149
7605,7605,13816,2729,298,308
7606,7606,47591,11864,945,979
7607,7607,11215,2565,570,108
7608,7608,9385,2099,357,64
7609,7609,28779,11156,1477,167
7610,7610,16926,6145,789,230
7611,7611,30588,13642,825,903
7612,7612,3408,553,43,38
7613,7613,13750,3787,482,390
7614,7614,24622,7856,1962,615
7615,7615,8284,3146,242,158
7616,7616,44428,14622,4227,385
7617,7617,45367,16773,4133,1182
7618,7618,22294,3542,827,169
7619,7619,11080,2223,194,326
7620,7620,43539,9624,2189,246
7621,7621,26310,6283,972,588
7622,7622,17274,6069,1724,246
7623,7623,22223,8742,1180,296
7624,7624,9262,4083,420,123
7625,7625,1433,429,73,26
7626,7626,45050,10968,2724,486
7627,7627,9971,2955,781,97
7628,7628,48393,15978,1848,1238
7629,7629,3317,526,49,78
7630,7630,17003,4592,662,365
7631,7631,10313,4480,698,291
7632,7632,2138,438,96,18
7633,7633,37977,10756,3089,832
7634,7634,27241,4937,1201,161
7635,7635,43160,18626,3083,1205
7636,7636,5399,2358,517,50
7637,7637,4658,988,258,52
7638,7638,41081,6570,1045,693
7639,7639,11721,4966,723,271
7640,7640,37125,12797,2834,886
7641,7641,16152,5272,1100,419
7642,7642,49538,16292,3168,715
7643,7643,43519,14483,1131,1142
7644,7644,15701,2472,176,146
7645,7645,28387,4616,295,538
7646,7646,10523,3191,679,169
7647,7647,19332,3954,968,249
7648,7648,41661,13243,2287,772
7649,7649,30157,11664,3180,854
7650,7650,5072,1369,120,113
7651,7651,34983,13964,3306,197
7652,7652,6187,2748,252,181
7653,7653,37268,6182,759,573
7654,7654,28465,7392,1440,240
7655,7655,18743,5572,296,359
7656,7656,46390,18397,3894,1259
7657,7657,18384,5184,1159,210
7658,7658,23455,4762,786,382
7659,7659,31525,11300,1890,589
7660,7660,36149,8251,1323,913
7661,7661,46814,15532,2394,794
7662,7662,31025,11871,750,491
7663,7663,10324,4351,776,208
7664,7664,11037,3462,307,199
7665,7665,40238,7681,1913,348
7666,7666,27283,9715,658,575
7667,7667,25750,5849,932,129
7668,7668,13836,5668,389,247
7669,7669,28803,4607,676,660
7670,7670,36569,11138,2770,250
7671,7671,43025,11635,1470,722
7672,7672,38829,15587,3257,334
7673,7673,39183,12033,3301,1058
7674,7674,18203,3459,765,199
7675,7675,25450,8950,1051,660
7676,7676,2180,382,76,64
7677,7677,37462,13271,2508,676
7678,7678,1181,506,40,5
7679,7679,34714,13324,2948,595
7680,7680,7735,2011,120,129
7681,7681,7780,2858,182,199
7682,7682,4815,1133,120,141
7683,7683,38944,10199,1638,564
7684,7684,46835,9156,2545,716
7685,7685,44888,7456,2189,327
7686,7686,38398,16416,1031,642
7687,7687,7955,2377,556,45
7688,7688,12574,1930,119,172
7689,7689,19943,6373,579,479
7690,7690,42072,9209,2032,395
7691,7691,6367,977,213,130
7692,7692,31845,8258,1701,639
7693,7693,18631,6418,1403,397
7694,7694,22873,7822,2088,355
7695,7695,39994,16402,4870,948
7696,7696,17672,7058,647,155
7697,7697,44457,15713,3203,1046
7698,7698,44840,15448,989,317
7699,7699,19626,3609,882,201
7700,7700,20118,3255,808,442
7701,7701,25011,4448,1221,242
7702,7702,31053,13390,3961,750
7703,7703,30107,11646,2900,448
7704,7704,38580,14715,3262,624
7705,7705,35968,6638,1453,518
7706,7706,1314,527,68,22
7707,7707,6793,2666,438,135
7708,7708,4042,1576,284,82
7709,7709,26623,8116,565,314
7710,7710,41126,6598,426,1188
7711,7711,23112,6956,645,539
7712,7712,45160,11590,1319,599
7713,7713,38023,12743,2414,388
7714,7714,17936,4702,521,154
7715,7715,29925,11101,858,823
7716,7716,6932,2477,158,156
7717,7717,25375,9901,2627,737
7718,7718,17402,4752,741,309
7719,7719,37300,13073,3029,742
7720,7720,11875,2053,285,230
7721,7721,8719,2615,267,222
7722,7722,30750,11284,1124,365
7723,7723,35856,5467,1311,972
7724,7724,10686,3707,573,94
7725,7725,41383,18222,3167,1171
7726,7726,1567,392,52,29
7727,7727,11745,4660,835,318
7728,7728,32737,13959,2610,247
7729,7729,40961,7875,520,981
7730,7730,19475,5670,1251,393
7731,7731,36378,8512,1074,186
7732,7732,12436,4043,1147,360
7733,7733,32573,11932,3337,718
7734,7734,12812,2231,351,210
7735,7735,33704,8452,522,397
7736,7736,10440,3512,963,162
7737,7737,29040,9754,1715,616
7738,7738,30818,10074,1868,509
7739,7739,31843,7935,949,567
7740,7740,30616,11558,3370,333
7741,7741,1279,236,47,38
7742,7742,48319,20810,6196,1429
7743,7743,28259,12671,3538,629
7744,7744,40457,11347,2539,538
7745,7745,5194,2318,452,58
7746,7746,17331,5282,300,153
7747,7747,19271,7755,1411,475
7748,7748,32360,10718,1666,799
7749,7749,23903,6504,1822,161
7750,7750,24602,6713,1683,206
7751,7751,9671,3485,383,265
7752,7752,31496,4991,772,640
7753,7753,34977,5564,717,377
7754,7754,25822,4145,939,419
7755,7755,20628,4587,289,534
7756,7756,45249,9180,2489,962
7757,7757,33247,5659,868,705
7758,7758,19629,4700,1259,270
7759,7759,13324,5442,1360,101
7760,7760,41995,7263,1350,225
7761,7761,36686,14829,2808,631
7762,7762,4112,1734,267,53
7763,7763,20582,5228,1387,273
7764,7764,27302,7180,993,359
7765,7765,20428,3553,1003,186
7766,7766,37108,13143,1235,314
7767,7767,12229,5190,938,226
7768,7768,29363,9548,2652,378
7769,7769,41203,9548,1884,942
7770,7770,35470,13420,1260,622
7771,7771,11244,5037,1310,334
7772,7772,30426,12627,1667,185
7773,7773,6193,2173,564,56
7774,7774,41428,12930,3449,683
7775,7775,49076,18471,1697,1160
7776,7776,2099,445,70,30
7777,7777,29605,13146,1073,475
7778,7778,32492,10187,856,929
7779,7779,47034,16415,2207,789
7780,7780,35680,10305,1490,204
7781,7781,16938,3300,582,471
7782,7782,30414,9681,2495,484
7783,7783,6242,2727,141,59
7784,7784,36189,7898,832,757
7785,7785,23738,9352,2231,699
7786,7786,42720,15433,2624,578
7787,7787,28871,5833,1682,237
7788,7788,30682,9201,2102,181
7789,7789,17691,4408,594,246
7790,7790,39273,11426,745,319
7791,7791,31296,6765,1413,801
7792,7792,12155,3831,972,306
7793,7793,2484,605,54,28
7794,7794,48632,21460,2849,653
7795,7795,27905,8549,1980,628
7796,7796,15610,6936,1726,426
7797,7797,31025,10696,1318,235
7798,7798,32239,14227,2622,930
7799,7799,24572,9499,1475,604
7800,7800,19709,5319,1123,213
7801,7801,26622,10713,3177,361
7802,7802,40893,6258,1820,489
7803,7803,44987,19264,2237,979
7804,7804,33732,12610,1283,768
7805,7805,41868,16933,4931,379
7806,7806,36675,12127,1674,609
7807,7807,46185,12992,683,1211
7808,7808,11595,2571,523,330
7809,7809,39186,15756,3456,469
7810,7810,11463,3169,183,175
7811,7811,42692,13514,1767,276
7812,7812,9439,4089,252,250
7813,7813,17052,5503,314,135
7814,7814,48273,20931,3656,1287
7815,7815,25636,4951,524,356
7816,7816,37026,12491,1625,1006
7817,7817,5960,962,210,170
7818,7818,24984,9883,1004,299
7819,7819,13958,3459,569,114
7820,7820,43987,12534,1145,1063
7821,7821,5645,2536,713,79
7822,7822,29278,10189,1447,656
7823,7823,39100,13698,1697,1134
7824,7824,23323,7475,1516,332
7825,7825,25107,3957,536,688
7826,7826,16728,5963,874,319
7827,7827,42388,7413,583,756
7828,7828,19758,8283,1572,407
7829,7829,11515,4109,340,303
7830,7830,25049,4835,1369,715
7831,7831,44826,17127,3619,785
7832,7832,5869,1574,201,157
7833,7833,40993,13886,1336,511
7834,7834,25527,7592,1728,331
7835,7835,4934,1929,115,124
7836,7836,9880,2885,422,203
7837,7837,18175,5252,296,422
7838,7838,36843,7090,2040,357
7839,7839,48761,12615,3337,453
7840,7840,7000,2700,633,84
7841,7841,19725,3015,680,385
7842,7842,29606,6515,1374,735
7843,7843,2445,789,57,60
7844,7844,6803,2699,743,95
7845,7845,44256,8825,1496,571
7846,7846,38236,6436,365,1075
7847,7847,32355,10752,1217,272
7848,7848,43952,9713,859,552
7849,7849,1534,269,73,11
7850,7850,8461,1786,224,246
7851,7851,16284,3722,653,230
7852,7852,5499,1158,231,121
7853,7853,29338,10490,2865,460
7854,7854,28263,4978,863,346
7855,7855,9416,1740,137,53
7856,7856,11841,3975,1076,268
7857,7857,33931,5940,629,247
7858,7858,39801,16230,3085,360
7859,7859,35448,15428,967,660
7860,7860,35622,12945,2519,781
7861,7861,20793,8168,730,164
7862,7862,38504,7019,1361,760
7863,7863,34628,6794,1478,339
7864,7864,26726,11739,2720,598
7865,7865,7166,2025,177,172
7866,7866,42027,11330,718,525
7867,7867,47630,19718,5868,1323
7868,7868,6575,1008,215,146
7869,7869,37908,6735,530,669
7870,7870,32400,7684,1000,864
7871,7871,8340,1849,187,74
7872,7872,17319,4013,1002,343
7873,7873,29171,4619,800,332
7874,7874,35028,10243,1512,225
7875,7875,47894,14309,1955,1081
7876,7876,24468,8863,1890,215
7877,7877,5931,2358,563,60
7878,7878,26845,4236,419,468
7879,7879,43106,12981,898,918
7880,7880,45029,16809,4072,580
7881,7881,46221,17402,5118,1353
7882,7882,13318,5032,972,192
7883,7883,14485,2435,364,239
7884,7884,1895,480,96,28
7885,7885,40137,16407,4790,599
7886,7886,40622,9085,2079,1205
7887,7887,17241,3714,613,98
7888,7888,8084,3012,390,205
7889,7889,2731,884,235,18
7890,7890,43989,7239,1123,494
7891,7891,15169,3632,948,378
7892,7892,27622,6941,1274,477
7893,7893,19698,8164,1513,357
7894,7894,13628,4591,976,151
7895,7895,22958,7574,388,446
7896,7896,13222,2547,669,173
7897,7897,36503,14657,1250,523
7898,7898,23129,8622,1198,693
7899,7899,8377,1788,433,229
7900,7900,28579,10989,3197,799
7901,7901,35038,14315,3501,381
7902,7902,33480,10472,2903,625
7903,7903,33049,6895,1858,860
7904,7904,13616,2636,290,73
7905,7905,17914,6421,981,286
7906,7906,35005,8518,1322,874
7907,7907,34899,9744,1655,795
7908,7908,7439,1992,344,53
7909,7909,3529,953,72,47
7910,7910,12053,3887,661,71
7911,7911,18049,4647,583,321
7912,7912,8268,3098,363,206
7913,7913,25239,7112,1322,572
7914,7914,47618,10202,1477,319
7915,7915,28136,8770,697,356
7916,7916,3034,1237,333,20
7917,7917,34842,11577,1735,826
7918,7918,22813,5760,1309,267
7919,7919,23979,10141,951,358
7920,7920,17174,4532,1079,482
7921,7921,16169,4849,350,188
7922,7922,2789,584,157,61
7923,7923,42411,15089,1813,570
7924,7924,38132,9771,1490,594
7925,7925,1581,346,17,11
7926,7926,40385,17631,3718,340
7927,7927,33541,12833,3710,979
7928,7928,25668,10009,1680,299
7929,7929,9238,3299,702,214
7930,7930,30164,11254,2821,445
7931,7931,35758,7849,1113,881
7932,7932,4627,2002,262,101
7933,7933,30555,4780,1183,300
7934,7934,2925,1123,225,20
7935,7935,45759,19475,2729,850
7936,7936,5563,1149,288,137
7937,7937,2262,502,127,46
7938,7938,37829,8761,2347,1098
7939,7939,31369,5024,1119,292
7940,7940,32916,14100,1870,708
7941,7941,22979,9487,768,580
7942,7942,39922,17421,1982,811
7943,7943,26375,7340,971,222
7944,7944,6540,2905,691,110
7945,7945,46568,16738,2317,739
7946,7946,32106,8117,1421,936
7947,7947,8356,2293,647,227
7948,7948,48084,19680,4173,777
7949,7949,18753,4534,884,460
7950,7950,46686,17524,3439,506
7951,7951,45181,8370,1274,466
7952,7952,15939,6327,984,442
7953,7953,34710,11517,2644,769
7954,7954,45794,18577,1175,738
7955,7955,31482,9975,2857,256
7956,7956,47668,16058,3357,640
7957,7957,27544,11998,2812,302
7958,7958,18732,7721,1888,533
7959,7959,20774,6602,478,582
7960,7960,19901,4022,910,416
7961,7961,17070,4165,573,149
7962,7962,36508,7688,794,336
7963,7963,36053,14165,3232,954
7964,7964,44151,13138,3920,358
7965,7965,14639,2407,203,397
7966,7966,25796,5989,982,587
7967,7967,7282,2901,392,138
7968,7968,48760,17977,1189,883
7969,7969,31719,13890,3038,572
7970,7970,39962,9322,2638,1134
7971,7971,32958,12138,973,979
7972,7972,8815,1523,431,100
7973,7973,26023,9466,666,197
7974,7974,39176,15939,1757,938
7975,7975,30981,8023,1009,721
7976,7976,20790,8564,1476,602
7977,7977,44942,13700,2557,956
7978,7978,23051,10165,977,401
7979,7979,48291,16937,4956,917
7980,7980,48710,14548,744,814
7981,7981,37733,15704,3268,509
7982,7982,12310,3081,227,88
7983,7983,43585,16044,3028,251
7984,7984,11710,4408,668,225
7985,7985,39374,6619,1007,596
7986,7986,48711,7592,1406,682
7987,7987,48115,19394,3633,499
7988,7988,38427,13217,1853,252
7989,7989,21148,5725,1467,385
7990,7990,8105,3084,155,43
7991,7991,45752,20492,3444,1180
7992,7992,39910,16077,888,246
7993,7993,17119,5071,1238,311
7994,7994,34562,12979,2001,789
7995,7995,29484,11069,3152,313
7996,7996,3397,1017,264,80
7997,7997,3301,1060,288,58
7998,7998,18888,5692,1129,411
7999,7999,46322,12996,2997,857
8000,8000,27828,11970,1125,424
8001,8001,4884,1981,494,106
8002,8002,18630,7333,1090,298
8003,8003,28988,8443,1182,345
8004,8004,40195,12177,2137,649
8005,8005,39402,9118,1542,541
8006,8006,3644,758,101,30
8007,8007,10775,1813,288,102
8008,8008,41072,18380,1956,427
8009,8009,49705,13255,3817,566
8010,8010,12261,5344,763,197
8011,8011,16828,2575,714,403
8012,8012,31241,11748,2995,761
8013,8013,3570,1319,140,25
8014,8014,34747,8785,1860,409
8015,8015,27195,10154,1442,221
8016,8016,47405,15046,2566,987
8017,8017,39899,17756,1162,996
8018,8018,14758,3982,1119,224
8019,8019,14688,3058,529,158
8020,8020,17899,3380,619,248
8021,8021,27230,5386,1543,489
8022,8022,31497,6045,1490,830
8023,8023,15359,4595,432,206
8024,8024,38993,8280,487,984
8025,8025,48019,13995,3382,1079
8026,8026,4486,682,152,57
8027,8027,43924,9324,2647,256
8028,8028,49697,14100,1646,485
8029,8029,13887,4927,1025,256
8030,8030,34727,7402,889,519
8031,8031,6406,1206,254,174
8032,8032,42021,17925,2103,440
8033,8033,7620,2497,624,160
8034,8034,25358,9530,2113,198
8035,8035,28588,9188,1345,154
8036,8036,43765,14807,1835,1142
8037,8037,24366,5900,1368,542
8038,8038,7282,1895,410,134
8039,8039,15578,4503,977,247
8040,8040,2973,734,167,61
8041,8041,30511,6391,1868,891
8042,8042,29093,8923,1255,293
8043,8043,48567,21294,3865,918
8044,8044,42658,16672,992,856
8045,8045,41213,17435,2914,1150
8046,8046,45048,13756,1436,463
8047,8047,46441,12153,1330,342
8048,8048,34410,9023,1763,752
8049,8049,23639,9204,2253,520
8050,8050,48676,7737,1028,725
8051,8051,29468,12172,2849,533
8052,8052,42805,15038,890,905
8053,8053,15624,6986,1212,262
8054,8054,20519,8179,1588,375
8055,8055,17162,3307,647,396
8056,8056,6834,2850,143,124
8057,8057,13137,3193,843,190
8058,8058,11007,1991,274,263
8059,8059,16860,7119,1142,171
8060,8060,45345,20211,2161,911
8061,8061,41310,10370,2064,214
8062,8062,37459,11944,1553,884
8063,8063,28181,7290,1783,600
8064,8064,14001,2413,155,241
8065,8065,3052,506,118,22
8066,8066,44397,8610,2166,741
8067,8067,14370,3794,546,317
8068,8068,11993,3061,451,298
8069,8069,14427,5279,1355,133
8070,8070,48822,10318,2884,795
8071,8071,37980,8133,2398,594
8072,8072,26653,4038,298,215
8073,8073,40531,6205,1161,639
8074,8074,48185,21252,1184,773
8075,8075,49882,9790,1247,1401
8076,8076,30312,11581,2193,584
8077,8077,46275,9685,1619,644
8078,8078,24793,8405,1007,424
8079,8079,29229,11355,2801,596
8080,8080,2521,831,144,70
8081,8081,20178,8567,2079,432
8082,8082,24969,8528,1618,133
8083,8083,23942,8987,2279,548
8084,8084,28424,7975,1544,355
8085,8085,33358,12937,2874,974
8086,8086,36360,10258,1921,233
8087,8087,47631,11796,2067,919
8088,8088,44200,11029,1755,1235
8089,8089,6759,2135,342,168
8090,8090,20853,7758,1246,413
8091,8091,36372,10938,3217,430
8092,8092,18303,4693,945,276
8093,8093,21900,7351,1292,325
8094,8094,49949,12337,1078,306
8095,8095,38398,13188,3391,566
8096,8096,26774,10459,3012,244
8097,8097,15568,3727,1001,217
8098,8098,35628,9680,1282,1065
8099,8099,13233,5241,1160,194
8100,8100,16409,4944,325,295
8101,8101,3949,840,224,61
8102,8102,20053,5304,266,250
8103,8103,4840,1033,155,77
8104,8104,31117,8684,2418,250
8105,8105,49606,20556,3217,479
8106,8106,8588,3381,206,204
8107,8107,48646,15681,3452,1093
8108,8108,24012,7572,1152,421
8109,8109,47000,8038,1533,985
8110,8110,3779,1460,183,48
8111,8111,40464,8759,912,334
8112,8112,36639,10068,2303,550
8113,8113,7580,2990,534,97
8114,8114,1021,387,21,20
8115,8115,32583,6774,1217,249
8116,8116,3042,518,136,76
8117,8117,31519,5623,1043,875
8118,8118,37630,6263,1483,803
8119,8119,6938,2284,461,168
8120,8120,8597,1778,267,211
8121,8121,25489,4100,570,204
8122,8122,7218,2537,596,143
8123,8123,38774,10606,1691,680
8124,8124,44271,13181,2250,814
8125,8125,43074,10482,3008,858
8126,8126,14369,5203,1237,412
8127,8127,37601,15873,4580,984
8128,8128,24962,3873,1082,562
8129,8129,40332,11162,986,797
8130,8130,14601,5750,394,144
8131,8131,38780,9923,2881,234
8132,8132,18379,2984,188,547
8133,8133,14972,4392,962,425
8134,8134,31879,9525,1719,437
8135,8135,11125,4059,461,57
8136,8136,27176,4942,1100,744
8137,8137,12882,5430,1342,302
8138,8138,48239,7710,827,313
8139,8139,26449,8663,2231,755
8140,8140,29136,7149,1561,268
8141,8141,8725,2759,171,183
8142,8142,36523,6375,512,849
8143,8143,44789,16264,3984,1203
8144,8144,41277,16639,4684,408
8145,8145,12934,3199,626,305
8146,8146,33461,10849,3024,217
8147,8147,10872,2352,582,276
8148,8148,23337,7701,1453,517
8149,8149,46948,15567,4071,358
8150,8150,2321,961,217,48
8151,8151,38402,14548,3855,238
8152,8152,19887,5126,696,143
8153,8153,10239,3853,1004,254
8154,8154,1385,423,63,16
8155,8155,7764,3357,914,188
8156,8156,17591,3984,992,266
8157,8157,3785,1562,352,84
8158,8158,33739,14241,1625,847
8159,8159,37163,14948,1768,709
8160,8160,18276,4279,1150,105
8161,8161,27472,4216,927,720
8162,8162,22785,9081,2523,133
8163,8163,9631,3444,565,130
8164,8164,29324,9625,1011,599
8165,8165,36807,15619,2141,785
8166,8166,32923,7485,1512,390
8167,8167,20991,4049,828,113
8168,8168,41651,10734,3032,1246
8169,8169,30036,12684,1202,786
8170,8170,45202,17101,3136,739
8171,8171,26594,8814,2375,669
8172,8172,13795,2255,333,364
8173,8173,19723,5889,1066,409
8174,8174,9091,2643,326,207
8175,8175,34996,8610,2382,292
8176,8176,45982,12241,2474,742
8177,8177,26433,4637,1111,387
8178,8178,48130,15018,2385,1164
8179,8179,21214,6980,571,534
8180,8180,27215,11235,2231,565
8181,8181,45244,12393,2634,367
8182,8182,25220,6646,1726,596
8183,8183,45814,10931,978,1256
8184,8184,33587,14628,1485,769
8185,8185,10667,2631,311,309
8186,8186,23295,4552,1169,343
8187,8187,3218,483,62,83
8188,8188,41586,10091,1489,272
8189,8189,12780,2331,673,81
8190,8190,10843,1653,231,252
8191,8191,15920,3966,959,154
8192,8192,8800,2679,382,135
8193,8193,22586,7538,1939,242
8194,8194,44508,8671,757,1029
8195,8195,47603,8905,1791,1289
8196,8196,38922,9001,1030,918
8197,8197,48548,8869,2249,1345
8198,8198,42987,16749,2014,248
8199,8199,36274,15520,2659,383
8200,8200,46525,19637,5194,1024
8201,8201,42626,12347,3193,843
8202,8202,36651,7159,1921,224
8203,8203,10737,1921,151,303
8204,8204,10651,2326,242,219
8205,8205,38083,15600,4294,682
8206,8206,33915,6196,333,205
8207,8207,45634,14605,1280,582
8208,8208,27764,7028,1165,674
8209,8209,29522,11608,2551,414
8210,8210,32029,9144,1102,916
8211,8211,23729,9730,1500,573
8212,8212,20694,6222,1789,177
8213,8213,33374,13255,1156,426
8214,8214,13168,2481,323,173
8215,8215,5430,2279,666,119
8216,8216,13226,4180,555,391
8217,8217,17499,4390,472,409
8218,8218,13234,4013,673,68
8219,8219,18170,5131,863,263
8220,8220,25829,9365,1714,478
8221,8221,33449,8020,1818,859
8222,8222,30277,5259,1137,193
8223,8223,31974,7802,531,832
8224,8224,15099,5511,812,211
8225,8225,13424,2427,592,305
8226,8226,26960,5082,1088,158
8227,8227,20368,7405,2111,232
8228,8228,18257,3942,823,146
8229,8229,26407,4607,1292,366
8230,8230,39723,15354,3061,1123
8231,8231,24103,8733,1117,681
8232,8232,14994,2560,637,393
8233,8233,7336,2884,637,103
8234,8234,15882,6283,1707,391
8235,8235,30551,6091,962,622
8236,8236,2867,509,120,67
8237,8237,42496,10231,1264,849
8238,8238,33527,8693,1980,755
8239,8239,37146,13561,2803,867
8240,8240,35307,10661,2766,596
8241,8241,27441,4558,1037,775
8242,8242,9574,1768,341,84
8243,8243,40780,9238,1515,1200
8244,8244,15391,4686,809,187
8245,8245,3951,1721,176,31
8246,8246,11969,2463,659,156
8247,8247,37487,6083,1642,200
8248,8248,30521,6471,513,390
8249,8249,49352,20400,3699,1230
8250,8250,37410,10811,1783,863
8251,8251,33530,7602,1252,353
8252,8252,26231,7169,2147,631
8253,8253,27359,4206,917,444
8254,8254,47992,9203,2426,899
8255,8255,11135,2071,604,274
8256,8256,43271,13484,1081,1113
8257,8257,14928,6084,1069,397
8258,8258,36204,7223,1364,417
8259,8259,29859,5676,654,739
8260,8260,40236,8521,2237,1112
8261,8261,48311,18540,3911,1447
8262,8262,29238,9384,2022,173
8263,8263,27364,7395,2156,159
8264,8264,18902,5914,1757,139
8265,8265,14263,3219,896,144
8266,8266,23285,7132,1652,453
8267,8267,37858,6718,1959,811
8268,8268,29376,7503,664,338
8269,8269,8756,1389,204,95
8270,8270,37525,13308,2241,851
8271,8271,21114,6708,1552,224
8272,8272,25658,5791,1664,189
8273,8273,46173,12615,1696,634
8274,8274,24686,9169,2338,621
8275,8275,47514,12433,3518,435
8276,8276,41806,9365,1811,415
8277,8277,7842,1666,438,77
8278,8278,46177,12382,2402,435
8279,8279,27197,7842,1410,459
8280,8280,24993,8007,1122,474
8281,8281,5712,1214,296,41
8282,8282,17832,8015,546,243
8283,8283,37398,5873,1097,695
8284,8284,20515,4179,1030,541
8285,8285,13582,2854,575,298
8286,8286,33113,13406,1055,882
8287,8287,3173,565,39,64
8288,8288,22909,5552,1619,290
8289,8289,13021,4880,747,146
8290,8290,41532,8177,561,1238
8291,8291,40564,6239,315,939
8292,8292,26806,4802,1361,654
8293,8293,17389,6914,1562,95
8294,8294,42211,18751,4025,813
8295,8295,6869,1736,479,72
8296,8296,44350,18921,2750,901
8297,8297,38505,10175,2203,565
8298,8298,12895,5716,1120,191
8299,8299,3952,1542,370,65
8300,8300,29334,7089,1550,188
8301,8301,34352,13381,2567,548
8302,8302,11369,4760,1322,233
8303,8303,31734,5745,1499,670
8304,8304,24718,10492,1689,244
8305,8305,33040,9583,763,727
8306,8306,21201,7491,554,617
8307,8307,45297,13577,2801,433
8308,8308,28112,4255,1240,438
8309,8309,23303,6335,1190,428
8310,8310,42998,15307,2372,282
8311,8311,35324,8933,1797,353
8312,8312,23725,7124,2112,402
8313,8313,39742,9458,975,891
8314,8314,13749,6157,940,162
8315,8315,33517,5540,807,293
8316,8316,26926,10821,2320,730
8317,8317,23980,7874,1985,598
8318,8318,49192,12319,1984,1157
8319,8319,26232,8806,2243,546
8320,8320,30007,11203,1537,781
8321,8321,49383,10942,2882,1366
8322,8322,21952,7558,1732,180
8323,8323,2541,971,107,44
8324,8324,40355,13891,2636,477
8325,8325,35355,11785,1516,377
8326,8326,41877,9531,2567,457
8327,8327,23898,5589,1490,138
8328,8328,32590,10021,1439,596
8329,8329,14023,5171,739,211
8330,8330,13352,2749,554,149
8331,8331,40376,10656,3132,731
8332,8332,46654,19857,5020,267
8333,8333,15510,4460,284,388
8334,8334,19011,3349,168,513
8335,8335,15314,3108,924,175
8336,8336,2921,713,43,68
8337,8337,10250,2790,499,274
8338,8338,30619,10394,1641,307
8339,8339,20094,8587,1432,425
8340,8340,18463,6600,1976,532
8341,8341,26827,10975,2594,300
8342,8342,9945,4187,415,244
8343,8343,41588,12158,946,826
8344,8344,4518,1638,392,54
8345,8345,5575,925,66,52
8346,8346,33062,9285,1585,606
8347,8347,45699,18835,2485,676
8348,8348,34931,7989,2159,590
8349,8349,42539,12370,2221,1271
8350,8350,2423,673,77,25
8351,8351,22065,6269,1340,259
8352,8352,32002,9870,1012,433
8353,8353,23540,8253,1998,521
8354,8354,27862,4444,1067,159
8355,8355,27442,11202,1877,434
8356,8356,31831,5352,381,832
8357,8357,46848,14641,4181,1336
8358,8358,40302,8249,2233,603
8359,8359,7216,2949,567,59
8360,8360,33242,9590,1351,701
8361,8361,35138,15447,4479,265
8362,8362,49261,21665,6007,552
8363,8363,27950,12033,1943,373
8364,8364,46444,14003,4128,800
8365,8365,5334,2013,416,127
8366,8366,43020,11142,3026,1095
8367,8367,18519,3004,177,303
8368,8368,14433,5461,1202,180
8369,8369,35793,13215,2353,354
8370,8370,1696,370,66,41
8371,8371,31306,6696,1891,413
8372,8372,19661,7019,363,241
8373,8373,18191,6113,1038,324
8374,8374,41261,6311,501,672
8375,8375,34164,7634,1647,503
8376,8376,17798,3981,1142,279
8377,8377,49772,15219,3599,874
8378,8378,18496,8035,2398,503
8379,8379,37098,11819,2282,478
8380,8380,49656,16202,907,1484
8381,8381,42000,6724,1389,600
8382,8382,1332,537,137,11
8383,8383,41587,14035,891,980
8384,8384,11417,2420,672,67
8385,8385,9541,3168,632,196
8386,8386,25975,5422,300,519
8387,8387,11822,5001,697,344
8388,8388,24109,5531,280,268
8389,8389,29846,9824,1948,748
8390,8390,19034,7452,1940,477
8391,8391,45736,13211,3713,258
8392,8392,10566,4331,896,147
8393,8393,7122,2261,633,36
8394,8394,20150,3796,264,577
8395,8395,10177,3663,877,227
8396,8396,26199,11265,918,726
8397,8397,20723,6393,518,462
8398,8398,38133,8437,2462,1057
8399,8399,23714,5672,691,384
8400,8400,34830,8974,2145,596
8401,8401,30299,12589,2476,549
8402,8402,10854,2510,575,227
8403,8403,22457,4963,1277,322
8404,8404,6547,2034,348,173
8405,8405,13307,5048,1350,211
8406,8406,18988,7701,1514,507
8407,8407,7453,2245,215,104
8408,8408,43370,12582,1946,789
8409,8409,35468,12357,862,980
8410,8410,39780,6456,409,709
8411,8411,38695,10717,2482,996
8412,8412,22518,9085,1048,395
8413,8413,26407,4779,1193,141
8414,8414,47439,17963,3199,571
8415,8415,49460,9127,2083,649
8416,8416,2995,907,76,34
8417,8417,27687,10065,606,773
8418,8418,2753,779,204,54
8419,8419,24665,6264,864,553
8420,8420,14784,3850,512,262
8421,8421,5063,1530,348,109
8422,8422,30270,8523,1128,489
8423,8423,30623,10359,2936,360
8424,8424,38645,15928,2269,1042
8425,8425,8698,1633,291,75
8426,8426,19904,7384,1868,223
8427,8427,40068,11659,695,694
8428,8428,47576,11204,1487,671
8429,8429,19625,6166,786,435
8430,8430,28266,8156,948,649
8431,8431,7915,2223,184,173
8432,8432,23342,9019,1936,401
8433,8433,11095,2762,542,150
8434,8434,2957,1268,309,46
8435,8435,18269,6160,1526,262
8436,8436,9121,3508,974,270
8437,8437,33166,6442,1099,464
8438,8438,5112,2211,562,146
8439,8439,46444,15711,1870,808
8440,8440,42744,16915,1082,516
8441,8441,24890,6245,687,304
8442,8442,24307,8185,1097,626
8443,8443,29517,11524,3336,460
8444,8444,37585,16420,3544,379
8445,8445,44124,13020,3810,1063
8446,8446,28181,8530,1621,692
8447,8447,24338,9189,1152,610
8448,8448,39045,6930,1217,936
8449,8449,4330,1031,72,31
8450,8450,22602,8004,1519,545
8451,8451,7126,2406,468,139
8452,8452,15618,4174,609,96
8453,8453,41374,14666,1622,277
8454,8454,45562,12578,2275,1316
8455,8455,34924,15541,2899,738
8456,8456,2601,1154,67,37
8457,8457,37167,7770,540,286
8458,8458,14409,2910,263,174
8459,8459,3161,1053,102,69
8460,8460,16555,5997,1709,262
8461,8461,33753,11011,1059,170
8462,8462,44850,18695,3474,937
8463,8463,34997,7029,1502,1007
8464,8464,37673,11666,1199,468
8465,8465,30477,9323,2220,466
8466,8466,30675,8579,961,829
8467,8467,9854,3663,681,122
8468,8468,46833,8327,1028,1103
8469,8469,27526,7720,1313,240
8470,8470,28068,6794,1780,321
8471,8471,43483,13812,3337,1049
8472,8472,33434,11025,1747,367
8473,8473,39920,15387,2028,292
8474,8474,46420,14617,2351,1224
8475,8475,18866,6278,578,277
8476,8476,30220,10550,1334,868
8477,8477,26167,10326,1077,649
8478,8478,41409,14946,1678,1045
8479,8479,22645,8886,1340,483
8480,8480,13844,4631,243,122
8481,8481,25828,10012,1960,136
8482,8482,37406,16145,4057,437
8483,8483,39610,10559,1632,1184
8484,8484,35036,5926,1625,754
8485,8485,36243,7415,628,889
8486,8486,10561,2354,572,219
8487,8487,43310,8268,1206,747
8488,8488,13172,5545,591,134
8489,8489,32848,11894,2894,207
8490,8490,26349,9291,613,470
8491,8491,33239,14158,3209,988
8492,8492,22415,6696,744,632
8493,8493,22607,5614,821,565
8494,8494,22335,7878,1278,334
8495,8495,44652,18968,5599,1144
8496,8496,31171,9373,1784,157
8497,8497,24105,6055,1589,199
8498,8498,26925,9185,1559,420
8499,8499,42887,9719,1947,444
8500,8500,28147,11952,1092,166
8501,8501,27940,5090,1478,387
8502,8502,17469,6811,642,114
8503,8503,10891,1920,424,171
8504,8504,17387,4986,373,247
8505,8505,4323,972,68,83
8506,8506,38463,16973,2323,1100
8507,8507,2422,947,144,50
8508,8508,16429,3567,962,306
8509,8509,4254,1331,274,126
8510,8510,13165,5264,1196,230
8511,8511,32181,13506,2062,961
8512,8512,13200,5362,1168,294
8513,8513,4120,1581,129,41
8514,8514,7277,1094,65,214
8515,8515,34122,11419,791,873
8516,8516,3832,618,54,76
8517,8517,35651,8206,1352,925
8518,8518,20364,6600,1594,286
8519,8519,40229,6286,1645,676
8520,8520,47090,9609,1961,740
8521,8521,8409,3283,341,231
8522,8522,34017,13487,825,971
8523,8523,1408,476,80,38
8524,8524,48156,12514,1316,756
8525,8525,1710,561,49,46
8526,8526,10170,1857,348,166
8527,8527,23226,9083,910,383
8528,8528,19514,8771,963,504
8529,8529,3865,908,64,31
8530,8530,19481,4376,313,298
8531,8531,27950,7138,1884,262
8532,8532,14188,3838,1059,414
8533,8533,23266,7050,1090,200
8534,8534,30732,7614,1024,477
8535,8535,10099,4224,923,152
8536,8536,32003,11976,1029,739
8537,8537,8388,1277,347,116
8538,8538,45904,19600,3674,277
8539,8539,38948,5874,972,268
8540,8540,5652,2495,176,102
8541,8541,26104,7468,1658,262
8542,8542,12811,5656,798,318
8543,8543,38640,15109,3627,1080
8544,8544,2094,709,101,38
8545,8545,49108,15951,2072,346
8546,8546,28433,7087,1803,779
8547,8547,39121,9351,807,301
8548,8548,35603,7767,675,335
8549,8549,45787,10509,2495,1126
8550,8550,42161,18072,2398,327
8551,8551,2608,502,29,17
8552,8552,43758,18456,2413,552
8553,8553,34057,5443,702,212
8554,8554,15506,3211,474,219
8555,8555,17240,3745,577,415
8556,8556,1426,348,79,20
8557,8557,20834,4334,975,131
8558,8558,38856,15382,4228,310
8559,8559,18271,4019,1134,106
8560,8560,43386,8417,2075,228
8561,8561,49935,11528,753,1271
8562,8562,23348,8431,2263,215
8563,8563,45561,18242,1933,469
8564,8564,42129,16680,3940,308
8565,8565,43070,17321,3200,625
8566,8566,8106,2319,466,116
8567,8567,24239,8030,1392,569
8568,8568,46181,17653,1937,1112
8569,8569,5534,2458,544,127
8570,8570,39644,6945,1004,960
8571,8571,13399,3004,638,230
8572,8572,14885,6676,960,313
8573,8573,2830,865,197,32
8574,8574,20659,3366,463,473
8575,8575,42253,10090,3008,586
8576,8576,10780,4783,638,108
8577,8577,25157,7298,1576,661
8578,8578,26047,10666,551,300
8579,8579,12791,5254,878,345
8580,8580,21993,6105,1301,506
8581,8581,30502,5587,1203,274
8582,8582,2708,1023,301,69
8583,8583,44099,11682,2744,1278
8584,8584,8948,2848,507,238
8585,8585,49464,9163,2725,1343
8586,8586,15436,4334,220,327
8587,8587,39637,9255,1785,1005
8588,8588,5406,1871,116,144
8589,8589,9908,2971,450,91
8590,8590,2580,653,170,56
8591,8591,46240,14203,2361,798
8592,8592,33490,12909,918,729
8593,8593,31418,5976,875,258
8594,8594,7590,1377,184,160
8595,8595,49185,16229,2439,779
8596,8596,33168,9448,1974,963
8597,8597,24725,6604,1647,547
8598,8598,39852,15750,1375,552
8599,8599,8872,3915,556,97
8600,8600,48797,19527,5534,1052
8601,8601,19501,7199,1768,394
8602,8602,24049,3931,683,183
8603,8603,31603,11822,3189,728
8604,8604,28267,9658,939,523
8605,8605,37110,7021,549,859
8606,8606,18179,5506,1574,219
8607,8607,30565,10152,1456,905
8608,8608,41825,14638,4190,893
8609,8609,21112,4535,493,309
8610,8610,38924,12731,3029,367
8611,8611,10476,4000,1042,212
8612,8612,5035,1808,493,78
8613,8613,38875,7266,1056,671
8614,8614,38835,6862,1064,762
8615,8615,13396,2856,313,79
8616,8616,42098,7278,1755,713
8617,8617,15204,2461,517,277
8618,8618,34790,13545,3127,589
8619,8619,16213,3577,932,153
8620,8620,46190,9307,781,1011
8621,8621,36970,16149,1831,650
8622,8622,8453,1740,155,167
8623,8623,44545,14555,1784,632
8624,8624,30626,6714,1969,766
8625,8625,10007,3239,228,211
8626,8626,34468,9632,2662,179
8627,8627,17010,5448,649,391
8628,8628,29795,7807,1869,631
8629,8629,21726,5381,917,467
8630,8630,48498,14295,3734,338
8631,8631,20703,4371,1218,449
8632,8632,14872,3577,464,204
8633,8633,33958,14516,1003,755
8634,8634,33437,8543,2257,284
8635,8635,31109,6140,1257,556
8636,8636,49042,18938,2748,1105
8637,8637,25455,7260,1002,393
8638,8638,41095,9327,931,308
8639,8639,36116,9508,2440,596
8640,8640,1312,514,94,17
8641,8641,27197,8751,1033,662
8642,8642,38959,13361,1578,975
8643,8643,4961,1913,127,61
8644,8644,32901,12629,2503,378
8645,8645,13645,3474,904,119
8646,8646,1091,198,35,7
8647,8647,36762,15189,3094,745
8648,8648,41792,14311,1481,371
8649,8649,42134,13730,1955,1233
8650,8650,22034,4694,594,387
8651,8651,42560,7374,533,975
8652,8652,3463,1407,175,49
8653,8653,4487,1538,411,116
8654,8654,19762,7953,2144,178
8655,8655,13279,3194,910,368
8656,8656,19601,5387,488,544
8657,8657,9089,3627,491,102
8658,8658,26518,8933,2000,228
8659,8659,17381,5577,284,450
8660,8660,6463,2425,270,79
8661,8661,19100,5070,1410,534
8662,8662,41909,17927,4630,481
8663,8663,45903,7568,1630,708
8664,8664,17373,7433,1348,514
8665,8665,4373,1235,369,60
8666,8666,26636,5512,459,306
8667,8667,49374,8671,817,1373
8668,8668,11843,2810,215,159
8669,8669,5415,1434,86,109
8670,8670,29581,6683,1720,538
8671,8671,23005,5312,520,502
8672,8672,29491,7892,1836,156
8673,8673,34940,8810,2511,873
8674,8674,5413,1345,212,129
8675,8675,21938,6923,1106,445
8676,8676,44711,11712,1971,414
8677,8677,4902,1770,167,122
8678,8678,39839,8106,578,781
8679,8679,8611,2953,223,104
8680,8680,38383,12469,2517,675
8681,8681,20018,3664,189,142
8682,8682,34635,15185,3391,516
8683,8683,38830,12593,2457,470
8684,8684,12036,3293,291,332
8685,8685,11635,4610,265,189
8686,8686,3815,746,152,67
8687,8687,20839,7513,1194,614
8688,8688,34652,15181,2243,488
8689,8689,20483,6413,1428,177
8690,8690,13230,5713,1142,147
8691,8691,26269,7542,1636,754
8692,8692,7670,3251,416,90
8693,8693,42894,13855,4143,1251
8694,8694,13542,5264,1209,257
8695,8695,2667,1114,83,17
8696,8696,21620,8967,936,302
8697,8697,35971,13678,3717,391
8698,8698,12995,4066,1152,381
8699,8699,48662,9129,2468,1309
8700,8700,17501,4696,1341,296
8701,8701,6352,2152,645,56
8702,8702,10138,2473,703,295
8703,8703,17589,3476,640,281
8704,8704,3579,1410,237,20
8705,8705,9822,3297,767,209
8706,8706,42581,18313,3940,1012
8707,8707,33341,11400,3163,522
8708,8708,26895,11376,1428,787
8709,8709,46927,19378,5160,805
8710,8710,9787,1688,273,131
8711,8711,20143,8114,510,222
8712,8712,15330,5514,1492,218
8713,8713,5786,900,196,145
8714,8714,40213,14653,2538,1123
8715,8715,19589,7629,1915,165
8716,8716,19121,3917,535,518
8717,8717,29630,11066,2396,542
8718,8718,44968,9542,901,1346
8719,8719,29468,11072,3192,670
8720,8720,16331,5295,687,157
8721,8721,37408,12990,3263,345
8722,8722,34507,11144,3086,731
8723,8723,44949,15191,3710,741
8724,8724,43658,12134,671,1183
8725,8725,49338,20997,2489,1049
8726,8726,16220,4147,1155,394
8727,8727,16137,2803,570,228
8728,8728,16418,2811,197,257
8729,8729,38918,12763,2790,827
8730,8730,21889,4921,1115,503
8731,8731,23687,3601,602,624
8732,8732,43955,6636,1127,226
8733,8733,37607,11864,2889,467
8734,8734,19517,6783,1372,484
8735,8735,27181,5690,777,392
8736,8736,28272,10214,1569,684
8737,8737,16576,5205,275,217
8738,8738,38932,10025,2032,995
8739,8739,37205,8700,1215,881
8740,8740,11674,4903,959,156
8741,8741,13854,5474,1401,314
8742,8742,49660,12326,823,613
8743,8743,39131,10723,2303,542
8744,8744,49998,18059,5041,282
8745,8745,27917,8357,1133,608
8746,8746,29107,6369,1522,679
8747,8747,1643,711,95,9
8748,8748,5252,1561,271,147
8749,8749,10329,1985,228,160
8750,8750,47010,13917,2443,1186
8751,8751,3591,1608,160,103
8752,8752,45461,9171,1910,846
8753,8753,10170,3099,496,276
8754,8754,35493,14012,2991,683
8755,8755,16077,4115,1091,351
8756,8756,49609,17591,4174,1336
8757,8757,8864,1517,136,210
8758,8758,39098,10827,2591,682
8759,8759,15251,2609,329,397
8760,8760,14490,3210,953,397
8761,8761,36064,10861,982,397
8762,8762,29310,10833,1447,858
8763,8763,18001,6336,358,195
8764,8764,35901,6413,1605,398
8765,8765,28360,6788,1954,648
8766,8766,45401,7320,447,303
8767,8767,11031,2662,603,61
8768,8768,6717,1909,159,77
8769,8769,28699,4844,1010,481
8770,8770,30203,10343,2152,289
8771,8771,5209,1221,246,88
8772,8772,1704,362,29,9
8773,8773,13301,4565,986,151
8774,8774,48463,10248,1294,368
8775,8775,27958,7223,1933,702
8776,8776,20282,8174,412,107
8777,8777,20155,3691,297,270
8778,8778,22886,10024,1641,288
8779,8779,4101,1501,360,122
8780,8780,45868,16250,3570,913
8781,8781,24418,6763,1793,544
8782,8782,9550,3314,570,237
8783,8783,6030,2190,547,120
8784,8784,37654,16277,3069,861
8785,8785,30750,9142,1545,490
8786,8786,25318,10365,1082,430
8787,8787,44010,7610,1883,887
8788,8788,6506,2016,389,132
8789,8789,43154,14705,1326,515
8790,8790,32231,7008,832,255
8791,8791,17574,4318,1013,267
8792,8792,34410,13507,960,805
8793,8793,30900,12313,1303,242
8794,8794,37406,15697,905,1086
8795,8795,38928,13515,3307,903
8796,8796,3624,813,169,27
8797,8797,32749,12819,2275,671
8798,8798,38272,6958,2060,801
8799,8799,16625,5793,1332,96
8800,8800,19279,7676,1537,466
8801,8801,39242,8037,564,749
8802,8802,17492,2786,425,313
8803,8803,28556,11962,623,840
8804,8804,49423,14356,2996,1195
8805,8805,13924,4004,857,134
8806,8806,46009,19259,2691,976
8807,8807,48119,12076,1265,625
8808,8808,19508,8409,2206,317
8809,8809,34826,12623,2769,571
8810,8810,46779,20597,5533,863
8811,8811,39523,16921,1542,904
8812,8812,48835,9309,2730,373
8813,8813,3050,1134,185,25
8814,8814,44652,6820,813,1081
8815,8815,41537,10097,2422,278
8816,8816,9178,3530,436,70
8817,8817,30071,7822,1352,671
8818,8818,19316,3446,937,556
8819,8819,21357,6739,1025,150
8820,8820,28422,6455,763,824
8821,8821,9262,3527,441,265
8822,8822,33608,5639,646,628
8823,8823,31803,5554,1395,937
8824,8824,33904,9796,2396,365
8825,8825,11291,2798,683,252
8826,8826,44228,10531,2595,253
8827,8827,17008,3238,841,365
8828,8828,35741,11433,2325,610
8829,8829,17801,5878,1485,115
8830,8830,15010,5129,329,374
8831,8831,15914,4838,364,264
8832,8832,41915,13766,3237,1187
8833,8833,38579,7438,1123,746
8834,8834,19587,5682,685,356
8835,8835,7899,3386,744,51
8836,8836,34531,9592,2823,384
8837,8837,17217,3015,349,239
8838,8838,25835,10196,756,637
8839,8839,11882,3435,682,326
8840,8840,32105,5363,597,354
8841,8841,31165,7206,1673,276
8842,8842,25991,10183,1703,148
8843,8843,46142,11497,1666,594
8844,8844,43559,15312,1552,297
8845,8845,23056,5241,1096,180
8846,8846,2770,947,53,14
8847,8847,7714,1730,260,151
8848,8848,4457,1716,240,36
8849,8849,5940,2633,335,54
8850,8850,28776,11086,1767,853
8851,8851,17013,6371,900,170
8852,8852,18400,6457,832,287
8853,8853,9106,3640,280,201
8854,8854,44782,16987,3273,908
8855,8855,18703,6926,1061,421
8856,8856,35992,8370,2149,463
8857,8857,29743,11271,3372,384
8858,8858,11107,3003,245,233
8859,8859,25166,4228,323,661
8860,8860,39045,15427,3304,1139
8861,8861,12991,5062,422,177
8862,8862,25277,8289,2125,449
8863,8863,46459,9843,2140,1315
8864,8864,22840,9427,875,409
8865,8865,23024,3647,917,297
8866,8866,33576,12249,2169,659
8867,8867,42317,16773,4228,593
8868,8868,20312,8604,1200,243
8869,8869,46955,13711,2360,531
8870,8870,18922,6048,702,372
8871,8871,3223,779,93,20
8872,8872,29492,4500,864,791
8873,8873,9894,2642,492,80
8874,8874,49609,17436,2459,700
8875,8875,14624,4373,867,360
8876,8876,37862,9673,2059,464
8877,8877,25893,4044,303,207
8878,8878,17656,2777,247,247
8879,8879,24214,8943,1795,147
8880,8880,29451,4951,1279,599
8881,8881,15585,2998,623,176
8882,8882,3036,856,73,87
8883,8883,24630,8633,2358,187
8884,8884,32255,7708,625,479
8885,8885,4720,1016,145,100
8886,8886,16147,6052,1783,394
8887,8887,20473,4585,956,362
8888,8888,35810,8150,952,317
8889,8889,37491,12070,1072,1054
8890,8890,29008,5141,1351,574
8891,8891,18340,5886,1362,245
8892,8892,21073,6982,1655,292
8893,8893,41840,10719,1759,739
8894,8894,8600,1737,401,199
8895,8895,33310,12087,1474,772
8896,8896,44171,17240,2756,338
8897,8897,15980,3033,261,352
8898,8898,2551,506,101,26
8899,8899,44624,18932,3198,337
8900,8900,27781,11819,1390,160
8901,8901,44667,10408,625,1036
8902,8902,26522,6654,942,186
8903,8903,37204,9797,1725,1076
8904,8904,2042,520,147,46
8905,8905,9602,2972,596,57
8906,8906,43588,10355,2165,858
8907,8907,12121,4702,1330,356
8908,8908,9836,2780,786,152
8909,8909,32556,12643,1209,671
8910,8910,21863,7865,819,520
8911,8911,42861,19220,3155,998
8912,8912,9728,3547,638,101
8913,8913,28409,10821,2105,198
8914,8914,23591,4385,232,341
8915,8915,33094,9342,852,378
8916,8916,42158,14249,4109,945
8917,8917,26255,11471,2206,648
8918,8918,23496,5051,879,329
8919,8919,24361,7135,555,137
8920,8920,12895,1950,374,127
8921,8921,37445,10707,616,945
8922,8922,24681,4085,840,642
8923,8923,31610,9002,2317,338
8924,8924,9531,3180,945,259
8925,8925,19032,8229,1938,341
8926,8926,4386,1833,443,96
8927,8927,30744,10789,3230,619
8928,8928,46660,7374,644,868
8929,8929,2214,332,21,19
8930,8930,2803,892,184,19
8931,8931,11264,4878,391,220
8932,8932,19302,4905,546,577
8933,8933,46853,11572,1774,278
8934,8934,16373,3486,882,413
8935,8935,41883,12767,2121,576
8936,8936,31162,8047,1990,178
8937,8937,11967,2500,636,224
8938,8938,36286,6059,960,184
8939,8939,40649,9548,637,544
8940,8940,12095,5278,1232,97
8941,8941,15485,6655,411,276
8942,8942,36799,10191,2164,658
8943,8943,32758,8103,1788,440
8944,8944,1320,430,83,9
8945,8945,22971,3742,765,636
8946,8946,12532,5268,778,257
8947,8947,45378,12161,1961,796
8948,8948,23224,4210,1169,283
8949,8949,46206,8793,1117,1348
8950,8950,15808,5459,641,340
8951,8951,4013,1422,315,111
8952,8952,10583,1924,517,121
8953,8953,13673,5861,1179,137
8954,8954,38617,16268,1247,950
8955,8955,47849,17974,2595,545
8956,8956,3196,902,246,60
8957,8957,46545,12838,2281,1203
8958,8958,46644,19567,5610,854
8959,8959,30263,6997,481,719
8960,8960,4578,1229,310,72
8961,8961,43015,8403,1320,1236
8962,8962,34030,9674,1054,662
8963,8963,36256,12085,1562,593
8964,8964,4433,761,68,85
8965,8965,8177,2284,266,179
8966,8966,40166,12309,1068,1098
8967,8967,17177,7660,1222,92
8968,8968,29861,4503,269,618
8969,8969,14166,3777,253,251
8970,8970,30298,7937,1957,286
8971,8971,29318,12312,3394,248
8972,8972,4288,1715,417,122
8973,8973,15455,5416,1555,138
8974,8974,14653,6435,1570,116
8975,8975,24868,6635,1134,239
8976,8976,5742,1127,126,32
8977,8977,23374,6716,1185,453
8978,8978,39468,7283,790,893
8979,8979,12903,3253,478,70
8980,8980,39032,12173,2811,195
8981,8981,22865,9719,2456,235
8982,8982,43818,14535,3262,444
8983,8983,14250,5993,702,363
8984,8984,17114,6786,1027,365
8985,8985,9192,3001,392,214
8986,8986,36134,8314,2265,724
8987,8987,30085,12326,3089,764
8988,8988,2809,1041,260,43
8989,8989,2631,788,224,19
8990,8990,19218,7421,830,309
8991,8991,4334,1669,389,30
8992,8992,44284,13128,1670,1273
8993,8993,13908,3703,590,299
8994,8994,42741,17001,4688,468
8995,8995,47041,13525,1306,328
8996,8996,24447,10209,2317,611
8997,8997,1407,523,59,20
8998,8998,33872,9522,766,295
8999,8999,36337,13347,1693,430
9000,9000,33049,9973,2698,683
9001,9001,17429,3183,743,306
9002,9002,31810,6423,653,364
9003,9003,38483,7758,1615,323
9004,9004,47776,10302,2754,1235
9005,9005,35350,14815,3767,317
9006,9006,21581,6883,385,356
9007,9007,9055,1933,565,195
9008,9008,1440,341,40,25
9009,9009,24010,6626,1861,409
9010,9010,24814,9901,2145,192
9011,9011,31451,10849,1572,162
9012,9012,21686,5970,1177,233
9013,9013,6539,2730,410,166
9014,9014,21323,5569,1187,368
9015,9015,44736,19407,4618,670
9016,9016,25408,10034,2306,371
9017,9017,17495,5146,764,333
9018,9018,9239,1409,306,260
9019,9019,42992,8250,1311,569
9020,9020,22014,9421,637,310
9021,9021,19842,6388,1177,344
9022,9022,9805,3215,563,293
9023,9023,31672,8177,1922,270
9024,9024,1324,369,81,24
9025,9025,46373,7520,2049,429
9026,9026,36141,10488,2305,763
9027,9027,29298,11295,1343,191
9028,9028,32388,6215,955,939
9029,9029,14249,4634,516,356
9030,9030,6748,1532,97,48
9031,9031,46632,9651,1849,1279
9032,9032,16847,6675,1830,129
9033,9033,8342,3255,576,181
9034,9034,27246,6977,1224,356
9035,9035,35279,10564,1509,790
9036,9036,24296,4763,705,330
9037,9037,19119,3974,803,543
9038,9038,23704,6789,1958,243
9039,9039,5774,2489,720,155
9040,9040,14088,4861,797,396
9041,9041,44039,9796,1344,657
9042,9042,28801,12216,1930,775
9043,9043,44060,19655,4952,817
9044,9044,38694,9929,2693,713
9045,9045,44535,10024,1663,817
9046,9046,10231,2538,559,282
9047,9047,46383,8664,1764,908
9048,9048,8264,3160,881,130
9049,9049,18284,7463,2116,231
9050,9050,31836,8795,2526,630
9051,9051,26777,10456,2310,493
9052,9052,10003,2795,740,259
9053,9053,32801,14426,2371,519
9054,9054,38000,13986,2818,1127
9055,9055,6928,2728,139,148
9056,9056,33404,13159,2653,215
9057,9057,41642,10154,2336,912
9058,9058,9336,3743,362,269
9059,9059,30766,6081,1695,249
9060,9060,24942,8507,1642,519
9061,9061,24058,8884,1294,617
9062,9062,48390,11187,2485,424
9063,9063,7150,1910,298,74
9064,9064,16454,5437,1611,227
9065,9065,35204,6924,672,291
9066,9066,9403,2321,506,68
9067,9067,19121,2951,187,331
9068,9068,21536,9331,1855,391
9069,9069,19600,3325,393,176
9070,9070,10249,4255,775,99
9071,9071,23709,3906,468,127
9072,9072,49865,16459,3857,556
9073,9073,13064,3979,1049,274
9074,9074,38028,12641,2103,322
9075,9075,18683,2824,796,187
9076,9076,2576,1087,57,44
9077,9077,44861,14228,1549,592
9078,9078,46184,10273,2898,1104
9079,9079,33044,9662,2036,569
9080,9080,24238,6130,982,160
9081,9081,9341,2644,446,99
9082,9082,22003,5346,1505,268
9083,9083,7378,1504,221,115
9084,9084,23255,9706,1084,242
9085,9085,38820,14498,1187,452
9086,9086,31321,11348,2928,909
9087,9087,23658,3966,834,241
9088,9088,17690,7060,745,198
9089,9089,4312,1211,203,113
9090,9090,36362,16062,3389,482
9091,9091,12857,5367,1358,216
9092,9092,15104,5459,1408,101
9093,9093,9624,3184,639,58
9094,9094,30486,12977,2883,235
9095,9095,29940,7604,841,671
9096,9096,24765,6055,1313,178
9097,9097,19862,7758,551,466
9098,9098,28618,12366,1196,269
9099,9099,47281,12646,2698,1031
9100,9100,40193,7100,361,478
9101,9101,17477,3615,407,181
9102,9102,18501,4385,449,166
9103,9103,37924,14885,2301,277
9104,9104,10657,2098,503,299
9105,9105,1488,505,83,13
9106,9106,29929,8062,1411,388
9107,9107,31265,9460,2476,552
9108,9108,30231,12894,1674,515
9109,9109,4694,1551,162,86
9110,9110,25388,5468,292,500
9111,9111,4931,1724,177,144
9112,9112,23420,7127,1889,494
9113,9113,32184,13824,3748,389
9114,9114,25227,7958,637,230
9115,9115,44127,10710,1773,251
9116,9116,19959,4635,719,207
9117,9117,13046,4742,1209,180
9118,9118,44919,12304,3272,544
9119,9119,5263,1317,312,123
9120,9120,22816,4251,544,230
9121,9121,5455,2156,385,42
9122,9122,48781,19655,3438,937
9123,9123,26336,6786,1725,369
9124,9124,39005,10629,2628,207
9125,9125,42980,18329,5124,460
9126,9126,15347,4363,561,146
9127,9127,26897,9979,1785,563
9128,9128,6785,1035,93,198
9129,9129,9380,2324,541,126
9130,9130,32454,13804,2877,843
9131,9131,13973,3995,330,239
9132,9132,28080,4591,309,241
9133,9133,29157,7057,454,596
9134,9134,31924,5231,362,790
9135,9135,11174,2275,432,89
9136,9136,41627,15974,2243,996
9137,9137,21407,8942,1947,431
9138,9138,11891,3950,562,85
9139,9139,45152,15808,4486,866
9140,9140,9721,3082,173,244
9141,9141,45359,15600,3087,599
9142,9142,40548,6744,1257,748
9143,9143,14921,5189,1110,354
9144,9144,27402,7874,1621,171
9145,9145,29724,8968,1144,445
9146,9146,26698,7026,893,508
9147,9147,29274,12552,3199,644
9148,9148,38032,12936,1327,578
9149,9149,11405,4717,1112,315
9150,9150,2074,640,85,19
9151,9151,42498,11820,2277,1054
9152,9152,25707,6789,1613,222
9153,9153,10355,2570,600,92
9154,9154,17059,5793,730,438
9155,9155,28057,11967,3051,565
9156,9156,11855,3462,220,261
9157,9157,31639,6424,1575,696
9158,9158,17601,6009,1615,518
9159,9159,28275,7615,468,212
9160,9160,20546,6777,1598,147
9161,9161,4158,1846,493,61
9162,9162,33909,13364,1958,795
9163,9163,35075,12578,3634,1001
9164,9164,41375,18208,2147,466
9165,9165,17699,7377,1759,389
9166,9166,43599,15379,3163,308
9167,9167,28999,9757,1278,724
9168,9168,16043,5617,664,421
9169,9169,36404,7949,1700,972
9170,9170,36681,8226,468,545
9171,9171,49575,10271,1717,973
9172,9172,9861,3388,838,99
9173,9173,33363,11034,2717,693
9174,9174,40971,12918,653,999
9175,9175,11338,2244,560,78
9176,9176,15094,2697,650,143
9177,9177,1386,468,51,10
9178,9178,10955,2353,663,121
9179,9179,26885,9171,2030,590
9180,9180,20076,7637,1515,189
9181,9181,12007,3548,340,96
9182,9182,39981,16973,2901,234
9183,9183,8366,1714,234,45
9184,9184,17048,3056,743,292
9185,9185,21984,5928,1148,488
9186,9186,1511,543,120,32
9187,9187,42867,19260,4567,1233
9188,9188,25655,10535,2746,694
9189,9189,12414,5359,1406,226
9190,9190,17854,7987,1965,317
9191,9191,32520,5987,1666,416
9192,9192,48106,14328,2275,379
9193,9193,31487,13945,901,720
9194,9194,37205,10627,885,316
9195,9195,13214,5574,1454,83
9196,9196,41844,9256,2756,961
9197,9197,1633,666,124,37
9198,9198,19548,6609,1268,153
9199,9199,14428,2890,419,317
9200,9200,2638,692,138,60
9201,9201,12662,2907,200,137
9202,9202,45776,16974,2335,1043
9203,9203,26190,5187,450,699
9204,9204,11749,2073,161,187
9205,9205,37962,9638,1180,691
9206,9206,49831,10690,2914,864
9207,9207,2741,494,118,41
9208,9208,34130,6254,1568,1012
9209,9209,31689,12307,2898,484
9210,9210,9893,4312,223,128
9211,9211,22829,4717,703,260
9212,9212,12094,3382,366,65
9213,9213,12214,1981,383,86
9214,9214,45942,18012,5146,469
9215,9215,2517,591,129,35
9216,9216,13935,2414,435,341
9217,9217,4974,1738,98,64
9218,9218,21953,3310,380,285
9219,9219,36897,8758,2472,596
9220,9220,16249,6247,1099,258
9221,9221,40975,12195,2847,777
9222,9222,48584,10599,592,788
9223,9223,18865,6564,1691,254
9224,9224,34419,7561,997,942
9225,9225,6518,1950,177,59
9226,9226,43024,14132,2270,1215
9227,9227,10014,3149,602,79
9228,9228,46193,14511,1582,243
9229,9229,8073,1428,127,207
9230,9230,17752,2810,769,465
9231,9231,36006,5736,1557,717
9232,9232,24847,3946,496,373
9233,9233,5208,884,147,118
9234,9234,18902,7688,1296,131
9235,9235,6814,1964,426,80
9236,9236,24045,10381,2745,460
9237,9237,34437,10911,3142,715
9238,9238,6869,1367,394,170
9239,9239,4670,1327,285,26
9240,9240,42597,10194,2254,1214
9241,9241,36547,16256,2931,710
9242,9242,9145,1645,391,238
9243,9243,22972,8260,1445,514
9244,9244,31456,8860,2441,616
9245,9245,23172,4374,835,543
9246,9246,7319,2160,414,181
9247,9247,30481,8432,1119,862
9248,9248,32665,13425,2237,815
9249,9249,9449,3924,849,178
9250,9250,17487,6316,868,187
9251,9251,30629,9232,835,505
9252,9252,9911,2445,238,86
9253,9253,41453,17626,3684,875
9254,9254,12965,4014,726,244
9255,9255,16448,4247,745,154
9256,9256,31053,13576,2781,835
9257,9257,13463,2887,667,303
9258,9258,45856,15504,1408,1262
9259,9259,2966,1240,251,57
9260,9260,27272,9539,943,549
9261,9261,35636,8641,1261,653
9262,9262,18469,3520,576,362
9263,9263,16238,3990,956,404
9264,9264,23728,4490,493,164
9265,9265,49040,15489,3335,742
9266,9266,11192,3268,435,330
9267,9267,15794,6303,1665,432
9268,9268,26587,9019,578,202
9269,9269,28795,5998,705,186
9270,9270,18157,6488,540,260
9271,9271,46201,9650,2610,1368
9272,9272,12603,5566,856,189
9273,9273,35614,11288,1077,371
9274,9274,24883,7161,865,290
9275,9275,24794,9663,766,686
9276,9276,43756,18945,1910,1171
9277,9277,10653,1866,142,143
9278,9278,38739,8890,2648,515
9279,9279,43044,10186,2458,302
9280,9280,37320,11548,1441,985
9281,9281,20677,5449,961,568
9282,9282,5888,1168,90,173
9283,9283,27730,6431,1111,561
9284,9284,17493,6090,743,344
9285,9285,33840,15133,1413,542
9286,9286,14388,3553,756,295
9287,9287,35623,14770,2121,752
9288,9288,8749,2257,594,57
9289,9289,21714,8530,983,641
9290,9290,43658,7534,1373,1153
9291,9291,32464,13473,1271,720
9292,9292,16375,2695,780,414
9293,9293,37549,7564,991,372
9294,9294,5995,945,166,51
9295,9295,27509,12211,3370,301
9296,9296,32352,10046,2211,953
9297,9297,12009,2912,687,356
9298,9298,42660,7307,856,656
9299,9299,28903,7983,1882,425
9300,9300,48539,7666,1933,964
9301,9301,28080,6253,1009,357
9302,9302,7713,3195,277,204
9303,9303,5185,1584,273,149
9304,9304,42210,6799,914,659
9305,9305,18449,5190,713,96
9306,9306,8043,3379,437,68
9307,9307,13518,2357,143,375
9308,9308,4453,918,271,40
9309,9309,41696,13023,3220,1211
9310,9310,34517,15138,3174,269
9311,9311,12314,2069,305,86
9312,9312,49990,18026,3370,426
9313,9313,3404,1379,282,81
9314,9314,41493,13748,2875,1208
9315,9315,34112,14072,1280,964
9316,9316,43423,7392,526,1126
9317,9317,9940,2258,120,167
9318,9318,33003,6629,1500,604
9319,9319,28730,4893,1443,559
9320,9320,12118,3703,1042,158
9321,9321,40254,14596,2917,661
9322,9322,22211,7727,1733,229
9323,9323,33098,11938,2413,306
9324,9324,16048,2545,327,271
9325,9325,31751,11050,2212,583
9326,9326,14695,3923,622,245
9327,9327,48178,16270,977,947
9328,9328,40665,9425,2056,308
9329,9329,1291,492,125,13
9330,9330,4648,2057,278,117
9331,9331,49632,7823,651,689
9332,9332,37145,12621,2584,1080
9333,9333,28887,10543,2779,447
9334,9334,24411,5911,987,681
9335,9335,2120,894,117,14
9336,9336,12233,2154,155,150
9337,9337,26521,5292,445,338
9338,9338,43952,10360,786,245
9339,9339,9562,3885,529,117
9340,9340,33880,8629,2127,705
9341,9341,22079,5996,660,197
9342,9342,19115,6542,1096,312
9343,9343,48834,21172,2809,1248
9344,9344,48365,20233,5671,1362
9345,9345,22151,6371,674,595
9346,9346,17515,5570,1322,405
9347,9347,48672,20741,1839,335
9348,9348,12176,5271,1499,287
9349,9349,20034,5525,1371,523
9350,9350,4367,762,131,57
9351,9351,12134,4921,1294,239
9352,9352,42584,17984,3691,811
9353,9353,29056,7215,653,716
9354,9354,27044,8083,1775,530
9355,9355,37945,12710,1087,967
9356,9356,44566,13597,1594,710
9357,9357,4856,1544,370,65
9358,9358,47825,8352,686,410
9359,9359,37977,14125,2365,493
9360,9360,46529,14563,980,1387
9361,9361,45283,19583,5242,651
9362,9362,17230,4309,877,265
9363,9363,21466,4062,644,197
9364,9364,18768,3150,436,104
9365,9365,17126,3619,981,118
9366,9366,35551,11719,2125,345
9367,9367,10432,3196,679,287
9368,9368,40533,16939,1645,424
9369,9369,34265,5561,420,988
9370,9370,5322,1566,393,133
9371,9371,4163,1863,187,107
9372,9372,45392,9960,1754,651
9373,9373,19439,3422,727,218
9374,9374,43774,17128,2697,946
9375,9375,45366,7021,1412,452
9376,9376,15582,4540,855,96
9377,9377,11377,4041,269,221
9378,9378,28230,8346,2454,798
9379,9379,33680,14545,3574,551
9380,9380,28265,7140,2060,408
9381,9381,24401,6211,824,662
9382,9382,14633,3293,957,113
9383,9383,22680,8885,1989,227
9384,9384,49436,18122,1394,309
9385,9385,26022,8776,1698,371
9386,9386,16403,6508,1199,382
9387,9387,9866,2048,230,210
9388,9388,6390,1352,297,189
9389,9389,21403,9463,1703,286
9390,9390,2867,829,71,32
9391,9391,29322,5617,1398,157
9392,9392,29836,6994,535,620
9393,9393,9080,3395,421,230
9394,9394,32294,9077,697,917
9395,9395,28529,12488,2380,317
9396,9396,17710,6167,1007,477
9397,9397,38938,11139,708,762
9398,9398,4517,1269,167,76
9399,9399,12067,3058,662,107
9400,9400,49531,19281,5580,875
9401,9401,14516,4154,1005,130
9402,9402,36795,7514,872,1091
9403,9403,37656,12455,886,818
9404,9404,48076,15713,4560,1238
9405,9405,24477,10659,1556,566
9406,9406,41956,13623,3232,944
9407,9407,19107,4663,1184,409
9408,9408,20215,9087,1437,488
9409,9409,10462,2317,454,60
9410,9410,5754,2534,234,154
9411,9411,49327,15187,2640,697
9412,9412,17754,5292,276,119
9413,9413,39530,11502,1978,877
9414,9414,3952,740,163,56
9415,9415,3850,1442,294,91
9416,9416,28755,8541,2047,828
9417,9417,3913,1459,403,87
9418,9418,4754,1850,235,32
9419,9419,32690,13732,798,682
9420,9420,16814,3883,1019,102
9421,9421,17265,3137,233,372
9422,9422,1824,682,134,14
9423,9423,45907,17156,2510,537
9424,9424,32551,8042,758,443
9425,9425,43440,8851,1555,1218
9426,9426,14187,5827,1398,338
9427,9427,33105,11791,2069,927
9428,9428,24269,8591,1337,658
9429,9429,35148,15136,1022,490
9430,9430,31677,5795,760,820
9431,9431,45390,12478,3305,697
9432,9432,39159,16346,4823,749
9433,9433,28562,12289,1348,321
9434,9434,42892,6615,1271,611
9435,9435,8826,3165,250,244
9436,9436,15357,3257,434,454
9437,9437,13279,2516,695,375
9438,9438,34473,6707,997,520
9439,9439,39892,7523,2160,838
9440,9440,29157,12276,1998,684
9441,9441,21440,6805,1632,577
9442,9442,38993,11535,1453,664
9443,9443,34257,11587,3448,804
9444,9444,6588,2118,598,42
9445,9445,11619,3467,217,263
9446,9446,26472,8503,2191,253
9447,9447,23776,9370,2182,369
9448,9448,9725,2144,611,81
9449,9449,19452,5283,1474,469
9450,9450,8248,2444,246,63
9451,9451,40710,7211,1848,1081
9452,9452,16972,4922,1085,92
9453,9453,35351,9150,1248,894
9454,9454,1290,356,31,12
9455,9455,28081,5800,894,285
9456,9456,49293,12610,2064,729
9457,9457,48933,11587,2799,881
9458,9458,5252,790,98,27
9459,9459,47526,7632,2013,426
9460,9460,14319,2227,530,182
9461,9461,35325,7143,1150,940
9462,9462,25965,5507,1368,212
9463,9463,48489,10608,1436,743
9464,9464,8597,2725,606,75
9465,9465,16914,6773,1253,374
9466,9466,29132,11859,2587,669
9467,9467,22595,6816,2019,658
9468,9468,44340,7543,1008,1239
9469,9469,44556,18374,4180,327
9470,9470,11720,3524,245,200
9471,9471,40511,6441,1834,848
9472,9472,28780,7640,818,612
9473,9473,41414,9985,936,283
9474,9474,17139,3385,974,225
9475,9475,34778,8136,427,348
9476,9476,45818,13626,849,427
9477,9477,44517,14706,4367,256
9478,9478,15740,4677,489,327
9479,9479,13971,4888,375,140
9480,9480,47562,10714,1454,1243
9481,9481,30374,13238,1754,494
9482,9482,7431,2412,327,188
9483,9483,48944,11005,1565,858
9484,9484,37401,6301,1559,304
9485,9485,27084,6741,815,713
9486,9486,20143,7828,1572,352
9487,9487,11484,4476,894,202
9488,9488,34271,10309,951,174
9489,9489,47729,8216,658,939
9490,9490,29948,8954,1048,216
9491,9491,27211,10007,1521,375
9492,9492,28127,11299,953,775
9493,9493,11913,5213,1177,299
9494,9494,26344,4809,922,347
9495,9495,18622,6751,1288,472
9496,9496,9587,3056,582,111
9497,9497,20431,4227,1112,518
9498,9498,49519,20179,3319,1279
9499,9499,27822,11380,787,752
9500,9500,36542,11357,1808,753
9501,9501,2078,796,230,57
9502,9502,47336,19807,5203,1062
9503,9503,39950,10147,1522,642
9504,9504,13288,2557,260,297
9505,9505,49578,19101,2696,1407
9506,9506,39741,14981,2185,213
9507,9507,8669,2806,340,76
9508,9508,31125,4955,722,592
9509,9509,22442,7886,1202,508
9510,9510,33291,10335,3088,531
9511,9511,1046,366,20,27
9512,9512,15646,6695,1526,293
9513,9513,36987,6659,443,195
9514,9514,38869,13034,1942,657
9515,9515,15407,4358,1246,153
9516,9516,30084,6530,1590,528
9517,9517,25597,6616,1129,422
9518,9518,7595,2459,551,103
9519,9519,44211,17999,3106,538
9520,9520,13700,4475,770,80
9521,9521,18081,4833,786,362
9522,9522,5973,1599,370,30
9523,9523,49673,22271,2619,777
9524,9524,37028,12816,2227,1080
9525,9525,48099,16754,4000,862
9526,9526,33939,9456,767,890
9527,9527,22660,4842,356,661
9528,9528,12540,3470,938,102
9529,9529,18833,8386,2049,515
9530,9530,45985,7348,969,289
9531,9531,1925,779,190,28
9532,9532,21675,7207,1201,505
9533,9533,3679,580,161,80
9534,9534,3288,937,168,93
9535,9535,17884,4788,1337,406
9536,9536,42340,10276,1788,469
9537,9537,27337,10277,1109,528
9538,9538,3125,988,117,32
9539,9539,38642,11953,3425,558
9540,9540,5435,1669,143,54
9541,9541,1869,476,38,40
9542,9542,42772,9663,2398,401
9543,9543,42304,7205,516,1166
9544,9544,44005,7153,1709,881
9545,9545,1943,628,57,37
9546,9546,5132,2041,262,83
9547,9547,41950,15584,3076,973
9548,9548,15959,6034,512,302
9549,9549,47511,13507,2089,793
9550,9550,29193,4696,977,752
9551,9551,48704,14955,4254,1334
9552,9552,5655,2365,580,145
9553,9553,2094,720,137,53
9554,9554,31827,10026,1839,387
9555,9555,44851,16142,1591,816
9556,9556,34458,7200,789,767
9557,9557,38255,13364,2785,1025
9558,9558,30341,10974,1043,722
9559,9559,16883,5114,1377,283
9560,9560,23822,10243,1944,447
9561,9561,8682,1881,481,66
9562,9562,31795,9627,617,506
9563,9563,30430,8270,1348,206
9564,9564,9951,4440,1090,251
9565,9565,37613,11878,994,219
9566,9566,15920,2670,237,465
9567,9567,30092,7398,1179,175
9568,9568,33996,11465,3176,372
9569,9569,1847,392,20,29
9570,9570,35725,10526,2091,753
9571,9571,18451,6972,1171,520
9572,9572,25772,6367,1513,428
9573,9573,13408,5725,689,349
9574,9574,32236,14003,3143,237
9575,9575,49830,12096,1296,693
9576,9576,12645,3245,745,370
9577,9577,20475,7235,2078,367
9578,9578,10582,4708,615,243
9579,9579,43906,17698,3555,1281
9580,9580,47346,8699,1567,1359
9581,9581,7751,3066,394,122
9582,9582,17361,6704,1246,236
9583,9583,21956,6322,769,340
9584,9584,3429,1181,76,52
9585,9585,35868,5479,1107,360
9586,9586,49184,10469,700,962
9587,9587,17985,5038,1136,169
9588,9588,32776,8063,2324,206
9589,9589,41999,10069,2380,571
9590,9590,14287,5092,1341,349
9591,9591,38885,7591,950,1138
9592,9592,24564,4704,1139,400
9593,9593,23216,4019,1068,623
9594,9594,48347,14076,2570,1393
9595,9595,9747,2638,485,50
9596,9596,42932,9048,828,503
9597,9597,45383,16868,4672,753
9598,9598,25742,4711,854,560
9599,9599,11531,4203,933,319
9600,9600,25761,8346,1382,602
9601,9601,32549,8963,2252,937
9602,9602,15129,5140,288,334
9603,9603,23579,8145,975,448
9604,9604,30091,11303,2529,461
9605,9605,7290,2341,624,203
9606,9606,41023,8061,1861,1180
9607,9607,6916,2638,601,64
9608,9608,46986,10190,1809,1053
9609,9609,26674,5484,604,519
9610,9610,48994,8742,1533,581
9611,9611,25120,5864,1529,510
9612,9612,21859,6811,1242,613
9613,9613,16665,2927,706,104
9614,9614,16220,4122,437,163
9615,9615,11388,3433,541,111
9616,9616,44760,10779,2189,568
9617,9617,30279,9806,2341,871
9618,9618,24611,6962,1090,611
9619,9619,39287,14305,3054,287
9620,9620,10683,4100,1018,69
9621,9621,28382,5727,1059,785
9622,9622,21560,5730,1662,221
9623,9623,29721,7905,1749,537
9624,9624,36275,7343,404,335
9625,9625,24691,7735,729,492
9626,9626,43668,14932,2221,1236
9627,9627,44540,9533,975,664
9628,9628,16996,2633,496,249
9629,9629,7758,2255,532,226
9630,9630,10977,3339,178,314
9631,9631,46940,19581,2504,292
9632,9632,19611,7547,1636,235
9633,9633,6291,2135,337,188
9634,9634,17654,7166,1625,467
9635,9635,45552,7305,2087,297
9636,9636,46198,8286,1267,1118
9637,9637,29280,5963,1418,251
9638,9638,18964,4908,635,129
9639,9639,1174,363,48,23
9640,9640,25796,5047,1381,355
9641,9641,7821,2660,473,142
9642,9642,6229,1002,233,151
9643,9643,49985,8153,1752,325
9644,9644,26524,11068,1372,524
9645,9645,42755,7745,894,919
9646,9646,14058,4264,889,107
9647,9647,48124,12700,3240,1325
9648,9648,19183,3295,184,282
9649,9649,33217,10420,1270,985
9650,9650,15473,6258,543,106
9651,9651,23881,3983,376,527
9652,9652,11018,4617,1124,212
9653,9653,23711,5449,618,613
9654,9654,31206,5394,360,877
9655,9655,46024,13310,1236,823
9656,9656,2571,515,110,14
9657,9657,23679,8088,1918,615
9658,9658,29424,8337,943,397
9659,9659,15573,5405,1319,272
9660,9660,6280,1421,275,81
9661,9661,17742,6576,437,338
9662,9662,37202,13336,1642,891
9663,9663,12650,2491,635,120
9664,9664,45005,18908,1286,1109
9665,9665,12861,2112,415,385
9666,9666,24213,4639,1211,649
9667,9667,36883,5572,1632,330
9668,9668,40798,11384,1520,250
9669,9669,22470,8488,1437,240
9670,9670,47691,9097,2160,953
9671,9671,16183,6735,834,102
9672,9672,46088,17288,2443,1085
9673,9673,12035,3561,712,305
9674,9674,16709,5319,938,201
9675,9675,4098,1547,437,120
9676,9676,45510,18292,3118,674
9677,9677,17835,3801,745,207
9678,9678,48929,15590,2168,886
9679,9679,13522,2940,166,206
9680,9680,17689,7010,854,270
9681,9681,17108,6823,1348,105
9682,9682,21927,8631,1149,141
9683,9683,18850,8128,1445,327
9684,9684,7934,1986,113,102
9685,9685,37509,7035,723,645
9686,9686,7866,1319,83,89
9687,9687,17852,5197,1157,342
9688,9688,46338,7947,645,1320
9689,9689,47809,7313,732,545
9690,9690,26852,8280,2255,595
9691,9691,35731,9605,2099,613
9692,9692,14638,4298,1053,292
9693,9693,27532,7243,371,230
9694,9694,26805,7064,455,329
9695,9695,31799,7281,633,602
9696,9696,36601,5507,876,726
9697,9697,33838,11566,1606,894
9698,9698,35962,12713,2496,433
9699,9699,21062,4523,505,297
9700,9700,27355,4252,633,666
9701,9701,22535,6646,1065,187
9702,9702,29217,8052,985,554
9703,9703,4363,938,220,68
9704,9704,27239,7925,533,350
9705,9705,18145,7262,1367,203
9706,9706,16997,5035,1367,151
9707,9707,34760,7612,1547,183
9708,9708,41902,15875,2214,837
9709,9709,9889,3680,995,147
9710,9710,35204,12181,3598,341
9711,9711,40327,15797,4094,1088
9712,9712,20023,7237,416,142
9713,9713,41593,16342,2814,956
9714,9714,30838,13676,1614,531
9715,9715,45037,18502,3004,746
9716,9716,19052,7206,2076,114
9717,9717,28329,8148,545,361
9718,9718,26517,11746,1575,450
9719,9719,30538,6715,981,748
9720,9720,3052,1065,259,34
9721,9721,23486,6835,1894,353
9722,9722,48795,15817,4438,876
9723,9723,49877,7783,1965,1129
9724,9724,33565,14765,1896,692
9725,9725,19213,8014,464,506
9726,9726,11587,4536,1244,203
9727,9727,34177,9805,1602,229
9728,9728,48114,13342,3746,948
9729,9729,26375,6490,1075,284
9730,9730,17203,4171,281,99
9731,9731,36260,14783,2364,685
9732,9732,47784,13182,3733,370
9733,9733,10528,2795,705,235
9734,9734,36993,14781,2783,317
9735,9735,39459,15863,1452,681
9736,9736,37845,12758,3342,670
9737,9737,43501,8673,1685,950
9738,9738,5193,1751,264,108
9739,9739,20149,3626,811,441
9740,9740,37717,14465,3889,370
9741,9741,47744,10411,2358,570
9742,9742,30866,12956,1305,563
9743,9743,25144,8037,2352,139
9744,9744,9077,2546,523,103
9745,9745,36876,13385,3504,434
9746,9746,21016,3166,205,490
9747,9747,3373,1299,184,20
9748,9748,16626,6355,1898,104
9749,9749,28709,6996,1706,462
9750,9750,40797,12071,2366,738
9751,9751,11572,2348,447,249
9752,9752,22639,8483,1072,369
9753,9753,14509,5408,620,286
9754,9754,32812,10588,2490,286
9755,9755,25565,4716,1241,715
9756,9756,32486,11594,2934,493
9757,9757,22083,9882,1594,629
9758,9758,34340,14436,2387,652
9759,9759,44712,19684,2181,968
9760,9760,5386,2278,591,70
9761,9761,39467,14739,1263,836
9762,9762,39672,6607,1040,998
9763,9763,31119,5791,758,711
9764,9764,1132,430,32,13
9765,9765,15706,5657,646,456
9766,9766,11341,2892,834,73
9767,9767,20235,3769,1036,308
9768,9768,27007,10911,1813,234
9769,9769,1039,292,86,28
9770,9770,38726,17344,4054,647
9771,9771,29775,8306,1954,391
9772,9772,27898,11494,2761,263
9773,9773,46632,13409,2579,941
9774,9774,2541,905,92,47
9775,9775,7598,2249,516,125
9776,9776,9879,4246,390,267
9777,9777,3270,631,86,36
9778,9778,5709,1535,454,61
9779,9779,5374,1319,167,83
9780,9780,32620,6127,947,836
9781,9781,26162,10257,3048,465
9782,9782,43819,7161,723,898
9783,9783,26610,9529,732,605
9784,9784,47067,12015,2592,452
9785,9785,5238,1158,66,107
9786,9786,31884,6948,1850,282
9787,9787,45041,7505,1902,711
9788,9788,29773,8355,2444,362
9789,9789,1278,316,73,12
9790,9790,11274,3812,811,251
9791,9791,27992,12410,1481,374
9792,9792,46958,9391,2738,1109
9793,9793,5802,1682,363,82
9794,9794,5442,1207,352,31
9795,9795,22818,6524,630,241
9796,9796,30070,12243,2929,836
9797,9797,37706,10009,1393,972
9798,9798,9741,2655,342,56
9799,9799,1729,774,105,24
9800,9800,33618,5127,1491,299
9801,9801,25476,4097,612,441
9802,9802,18493,4378,357,180
9803,9803,45147,14718,3817,1317
9804,9804,36793,12023,2572,1041
9805,9805,21838,6953,1384,586
9806,9806,17155,4187,235,249
9807,9807,13260,3320,453,187
9808,9808,32625,12727,3663,874
9809,9809,30277,10852,1528,806
9810,9810,14156,4139,746,278
9811,9811,15278,2598,765,249
9812,9812,13968,3214,858,351
9813,9813,22904,7077,389,152
9814,9814,33277,9215,828,330
9815,9815,18618,5121,370,222
9816,9816,25687,4445,387,577
9817,9817,29280,11155,1250,741
9818,9818,9356,3780,936,257
9819,9819,30468,4927,1079,224
9820,9820,1158,210,38,8
9821,9821,39198,14352,977,743
9822,9822,18856,3074,799,377
9823,9823,44142,9946,1609,1093
9824,9824,20794,6573,1584,553
9825,9825,48671,19255,5207,1228
9826,9826,27335,8326,1431,769
9827,9827,17366,2648,141,456
9828,9828,22209,6762,1701,448
9829,9829,1781,443,94,52
9830,9830,3739,1173,137,36
9831,9831,19521,7100,399,582
9832,9832,37232,14954,1167,857
9833,9833,4160,1047,309,94
9834,9834,23365,10214,1833,597
9835,9835,29319,11525,2279,174
9836,9836,13083,5735,1402,392
9837,9837,7370,2014,309,92
9838,9838,2444,1018,295,16
9839,9839,20045,8453,2457,515
9840,9840,17926,3464,272,405
9841,9841,48453,17838,3415,1288
9842,9842,26987,10341,650,686
9843,9843,18529,6236,1595,455
9844,9844,18266,5944,1322,237
9845,9845,5905,2386,351,156
9846,9846,10740,1612,170,248
9847,9847,18020,6730,958,526
9848,9848,24196,7225,1989,193
9849,9849,28496,7614,1315,755
9850,9850,34573,11738,1206,419
9851,9851,38663,13032,3418,486
9852,9852,33853,10864,2590,415
9853,9853,7581,2042,281,138
9854,9854,10448,4311,976,199
9855,9855,22165,4588,1247,536
9856,9856,15818,2481,741,471
9857,9857,48675,21596,4063,838
9858,9858,17690,3152,304,132
9859,9859,15258,5353,1028,387
9860,9860,24792,7363,958,369
9861,9861,34029,12718,2822,897
9862,9862,14112,4557,583,410
9863,9863,34952,7541,888,887
9864,9864,19301,7761,1698,325
9865,9865,35760,9149,1705,634
9866,9866,39634,7990,1265,577
9867,9867,25962,8670,818,560
9868,9868,40184,11027,943,661
9869,9869,46111,9174,1009,851
9870,9870,6433,2520,422,69
9871,9871,17666,3300,334,414
9872,9872,47118,17705,2409,635
9873,9873,31821,12744,3253,778
9874,9874,3144,623,180,88
9875,9875,9795,4096,222,259
9876,9876,33580,5849,1715,520
9877,9877,37964,9068,2420,206
9878,9878,26334,9168,1768,307
9879,9879,15628,5986,1297,186
9880,9880,43109,10111,1129,294
9881,9881,49692,10688,3072,1162
9882,9882,9106,3625,572,196
9883,9883,28980,12748,3367,606
9884,9884,28823,7972,1367,680
9885,9885,31847,9382,1957,757
9886,9886,47689,20411,1426,1278
9887,9887,20351,3062,329,229
9888,9888,49606,14409,2729,736
9889,9889,6566,2250,363,149
9890,9890,41689,15670,3307,404
9891,9891,49953,21466,1837,655
9892,9892,39762,8659,1766,331
9893,9893,9398,2424,584,159
9894,9894,12892,3697,417,208
9895,9895,23221,3816,1140,498
9896,9896,35155,10815,1471,257
9897,9897,19479,5997,947,114
9898,9898,47594,12542,2292,930
9899,9899,26967,9801,1799,500
9900,9900,34128,14059,1322,839
9901,9901,44722,10536,1399,992
9902,9902,46347,19249,4676,517
9903,9903,44475,13382,2656,719
9904,9904,32116,5356,781,723
9905,9905,48334,19276,4252,456
9906,9906,23304,5182,1094,148
9907,9907,21790,5298,372,337
9908,9908,44592,16107,2714,1282
9909,9909,27968,10455,1686,456
9910,9910,44549,17281,3109,1071
9911,9911,34867,13466,1397,535
9912,9912,6139,2528,676,80
9913,9913,48097,11407,2387,1416
9914,9914,39389,7504,2199,309
9915,9915,37718,9451,1507,405
9916,9916,42455,10599,2200,305
9917,9917,19401,5591,970,373
9918,9918,10020,2708,268,279
9919,9919,39234,10346,2665,482
9920,9920,37878,16404,4420,832
9921,9921,38368,6743,1144,793
9922,9922,11072,4351,1081,60
9923,9923,37054,13540,1094,916
9924,9924,7384,2752,259,187
9925,9925,44765,12304,792,427
9926,9926,6623,1632,213,89
9927,9927,17604,7219,1745,423
9928,9928,38031,13683,2207,791
9929,9929,44954,20106,1075,799
9930,9930,1102,401,83,15
9931,9931,46523,13730,1315,414
9932,9932,12435,3669,801,261
9933,9933,48231,17251,4996,751
9934,9934,47122,16387,3355,1197
9935,9935,14000,5684,1633,190
9936,9936,30926,5792,962,729
9937,9937,5190,1058,110,144
9938,9938,14478,5467,594,156
9939,9939,29312,8470,1853,644
9940,9940,33617,9523,1072,775
9941,9941,9524,2537,655,127
9942,9942,32595,8044,818,219
9943,9943,20631,7481,1478,412
9944,9944,17827,2679,745,122
9945,9945,45939,15542,4147,263
9946,9946,28062,4927,1059,544
9947,9947,3308,973,112,49
9948,9948,47398,21035,4229,826
9949,9949,44811,10390,913,1170
9950,9950,6904,1987,472,63
9951,9951,16090,4191,652,344
9952,9952,17055,6562,1534,178
9953,9953,23823,8984,1318,708
9954,9954,38540,10078,867,541
9955,9955,35866,10173,2380,519
9956,9956,14558,3582,188,425
9957,9957,7135,2667,574,67
9958,9958,46126,10018,1992,1166
9959,9959,26297,6059,1402,624
9960,9960,5717,1172,169,65
9961,9961,46722,15965,3222,1000
9962,9962,44920,19298,1482,868
9963,9963,12537,5117,1428,167
9964,9964,46746,11192,1183,1247
9965,9965,3506,1139,75,70
9966,9966,23078,6184,1843,240
9967,9967,2081,350,51,30
9968,9968,47596,20355,5050,302
9969,9969,45487,7876,903,733
9970,9970,31298,12864,3746,790
9971,9971,43465,7243,906,1205
9972,9972,8084,1431,336,113
9973,9973,13806,5689,1262,233
9974,9974,42405,19000,3947,852
9975,9975,24913,10695,1825,516
9976,9976,11694,4439,883,228
9977,9977,36659,9816,1621,822
9978,9978,22930,5919,1060,449
9979,9979,3420,999,296,76
9980,9980,40659,10784,2603,1149
9981,9981,22342,5311,994,655
9982,9982,32343,4943,1058,625
9983,9983,15214,5823,1492,156
9984,9984,9433,2521,486,158
9985,9985,18158,5015,447,204
9986,9986,36718,14808,1803,513
9987,9987,32590,5705,478,657
9988,9988,5417,1667,155,111
9989,9989,25537,4314,852,636
9990,9990,6568,1917,415,181
9991,9991,23019,7306,651,241
9992,9992,25156,6501,535,469
9993,9993,37462,11128,628,1112
9994,9994,29650,6181,1520,260
9995,9995,10688,3356,897,100
9996,9996,15601,6072,845,134
9997,9997,29759,9170,1599,427
9998,9998,13706,3498,966,290
9999,9999,20681,6107,544,375
10000,10000,21303,8630,1507,326
